n,pv_share,setpoint_mode,lam,ell,k_in,err,v_min,q_max,tol_eff,dq_max,eps_med,eps_max,eps_cf_med
40,0.1,calibrated,0.2,1,3,0.004993350767654947,0.9995033213434921,0.0,1e-06,0.08585448531142845,0.0025269330876491448,0.005005476152276066,0.004893360822219221
40,0.1,calibrated,0.2,2,3,2.4157352543907606e-05,1.0013198471282378,0.08585448531142845,1e-06,0.0004163851248354488,8.828007390200088e-06,2.4036565221850526e-05,1.7620743825044988e-05
40,0.1,calibrated,0.2,3,2,2.398539657999521e-07,1.0013242312713584,0.0862708704362639,1e-06,0.0,,,
40,0.1,calibrated,0.47692307692307695,1,3,0.0049841363726186305,0.9937152930868444,0.0,1e-06,0.08566776342352715,0.002591330271892022,0.004997851566333624,0.004760164359587312
40,0.1,calibrated,0.47692307692307695,2,3,2.3340859088616384e-05,0.9983250853953219,0.08566776342352715,1e-06,0.00040217756756258643,4.618270184411628e-06,2.3231883458777104e-05,9.31576735508306e-06
40,0.1,calibrated,0.47692307692307695,3,2,2.2796003484870653e-07,0.9983343434614341,0.08606994099108974,1e-06,0.0,,,
40,0.1,calibrated,0.7538461538461538,1,4,0.00497491289021712,0.985716058441634,0.0,1e-06,0.08548092639823116,0.0026577589824732504,0.004990216628885056,0.004622542758878187
40,0.1,calibrated,0.7538461538461538,2,3,2.251741670389329e-05,0.9901059197616171,0.08548092639823116,1e-06,0.0003878594145724939,1.0403966442555817e-06,2.2419763628128396e-05,1.4372625082190683e-06
40,0.1,calibrated,0.7538461538461538,3,2,2.1629413748947002e-07,0.9901073548138098,0.08586878581280365,1e-06,0.0,,,
40,0.1,calibrated,1.0307692307692309,1,4,0.004965680227489999,0.9775908250046182,0.0,1e-06,0.08529397275658808,0.002726327369524377,0.004982571242173445,0.004480155771856146
40,0.1,calibrated,1.0307692307692309,2,4,2.16893455682321e-05,0.9817548065758657,0.08529397275658808,1e-06,0.00037347076679864085,6.207215515132409e-06,2.1602507551291388e-05,6.838643330479725e-06
40,0.1,calibrated,1.0307692307692309,3,2,2.025259298044091e-07,0.9817490252636978,0.08566744352338672,1e-06,0.0,,,
40,0.1,calibrated,1.3076923076923077,1,4,0.004956438299923316,0.9693337074765993,0.0,1e-06,0.08510690116583149,0.002797153575148117,0.004974915316919549,0.004332624788128915
40,0.1,calibrated,1.3076923076923077,2,4,2.0851982694525262e-05,0.9732653356946541,0.08510690116583149,1e-06,0.0003589314702237088,1.1560223599252249e-05,2.077546232230751e-05,1.402954321240076e-05
40,0.1,calibrated,1.3076923076923077,3,2,1.912320024555214e-07,0.9732530866173997,0.0854658326360552,1e-06,0.0,,,
40,0.1,calibrated,1.5846153846153845,1,5,0.004947187021675958,0.9609382926486291,0.0,1e-06,0.08491971027178719,0.002870362965081175,0.004967248762449647,0.004179565188424568
40,0.1,calibrated,1.5846153846153845,2,4,2.2210659547550193e-05,0.9646306070271952,0.08491971027178719,1e-06,0.00034428066348418494,1.394363485284154e-05,2.62520542320907e-05,1.9241637608990096e-05
40,0.1,calibrated,1.5846153846153845,3,2,1.8012833336022993e-07,0.9646127544077939,0.08526399093527137,1e-06,0.0,,,
40,0.1,calibrated,1.8615384615384616,1,5,0.0049379263012756525,0.9523977371664549,0.0,1e-06,0.08473239862522917,0.0029460962650251863,0.004959571482338956,0.004020471975604055
40,0.1,calibrated,1.8615384615384616,2,4,2.8466478846911336e-05,0.9558430224112334,0.08473239862522917,1e-06,0.0003295177299062046,1.5241892591772584e-05,3.4303181177581076e-05,2.330950827492418e-05
40,0.1,calibrated,1.8615384615384616,3,2,1.6922075696257366e-07,0.9558206681813262,0.08506191635513538,1e-06,0.0,,,
40,0.1,calibrated,2.138461538461539,1,5,0.0049286560494284926,0.943704533987762,0.0,1e-06,0.08454496481566365,0.0030245036092135117,0.00495188338230768,0.003854830840556994
40,0.1,calibrated,2.138461538461539,2,4,3.3869992487445266e-05,0.9468943650244802,0.08454496481566365,1e-06,0.00031464198712953675,1.6970558647843475e-05,4.191784696890885e-05,2.686863102455756e-05
40,0.1,calibrated,2.138461538461539,3,2,1.5851513057718591e-07,0.9468688191680387,0.08485960680279318,1e-06,0.0,,,
40,0.1,calibrated,2.4153846153846157,1,5,0.004919376174710055,0.9348505314865367,0.0,1e-06,0.08435740739756599,0.003105749999841828,0.004944184365863182,0.0036820428480561947
40,0.1,calibrated,2.4153846153846157,2,4,3.825878425089968e-05,0.9377756231777912,0.08435740739756599,1e-06,0.000299652759720731,1.9204400161219293e-05,4.8977606987175666e-05,2.885497592571515e-05
40,0.1,calibrated,2.4153846153846157,3,2,1.4801737058256492e-07,0.9377484682037746,0.08465706015728672,1e-06,0.0,,,
40,0.1,calibrated,2.6923076923076925,1,6,0.004910086584918649,0.925826685746299,0.0,1e-06,0.08416972491355433,0.0031900069051506805,0.004936474335666577,0.0035015284309408176
40,0.1,calibrated,2.6923076923076925,2,4,4.150999714624959e-05,0.9284770372090696,0.08416972491355433,1e-06,0.00028454935568337277,2.1995925514074107e-05,5.536803461641325e-05,2.904869147005976e-05
40,0.1,calibrated,2.6923076923076925,3,2,2.45780033769627e-07,0.9284500453642874,0.0844542742692377,1e-06,0.0,,,
40,0.1,calibrated,2.9692307692307693,1,6,0.004900787185561084,0.9166233902389416,0.0,1e-06,0.0839819158685408,0.0032774820263344493,0.004928753191999289,0.0033124033079708457
40,0.1,calibrated,2.9692307692307693,2,4,4.3321494412440487e-05,0.9189875649672338,0.0839819158685408,1e-06,0.00026933109160050684,2.5490726551210642e-05,6.088802151246651e-05,2.6860121473136627e-05
40,0.1,calibrated,2.9692307692307693,3,2,4.3771323943175844e-07,0.9189630447886569,0.0842512469601413,1e-06,0.0,,,
40,0.1,calibrated,3.2461538461538466,1,6,0.004891477881709627,0.9072298301807982,0.0,1e-06,0.08379397876150842,0.0033683879218586593,0.004921020834641101,0.0031138381752719487
40,0.1,calibrated,3.2461538461538466,2,4,4.3463580343905406e-05,0.909295230810252,0.08379397876150842,1e-06,0.00025536824466326476,2.9794451327362103e-05,6.53467109734603e-05,2.18392738931198e-05
40,0.1,calibrated,3.2461538461538466,3,2,7.508256797406077e-07,0.9092758784100486,0.0840479760220948,1e-06,0.0,,,
40,0.1,calibrated,3.5230769230769234,1,7,0.0048821585769242,0.8976340398277877,0.0,1e-06,0.08360591206711274,0.0034629575313251714,0.0049132771617780065,0.002904895974471252
40,0.1,calibrated,3.5230769230769234,2,5,4.180341264947707e-05,0.8993870348874661,0.08360591206711274,1e-06,0.0002650844147679357,3.495876345043712e-05,6.857312649353247e-05,1.4196956469287542e-05
40,0.1,calibrated,3.5230769230769234,3,2,9.52254392005969e-07,0.8993754557842265,0.08384445789333357,1e-06,0.0,,,
40,0.1,calibrated,3.8000000000000003,1,7,0.004872829173362181,0.8878229746834898,0.0,1e-06,0.08341771423758577,0.003561462065062751,0.004905522070111402,0.002684325157702369
40,0.1,calibrated,3.8000000000000003,2,5,3.768701699835564e-05,0.8892474897729644,0.08341771423758577,1e-06,0.00026816279624143196,4.1309132667807845e-05,7.014770579134954e-05,7.653464377198868e-06
40,0.1,calibrated,3.8000000000000003,3,2,1.5565615172352665e-06,0.8892479572068656,0.0836406925845467,1e-06,2.646461560282695e-06,9.002256962329132e-08,1.709978983367147e-06,1.1617520299484598e-06
40,0.1,calibrated,3.8000000000000003,4,2,2.0810439715912565e-07,0.8892461978111836,0.08364239072713558,1e-06,0.0,,,
40,0.1,calibrated,4.0769230769230775,1,7,0.004863489571888535,0.8777819232671832,0.0,1e-06,0.08322938370465627,0.0036641909406716668,0.004897755454968668,0.002450807173823675
40,0.1,calibrated,4.0769230769230775,2,5,3.078047762339331e-05,0.8788601138248735,0.08322938370465627,1e-06,0.00026359950117972364,4.0915394061578606e-05,8.591886561169711e-05,1.648497732050574e-05
40,0.1,calibrated,4.0769230769230775,3,2,2.4378608266539814e-06,0.878877271194362,0.08343667675220795,1e-06,3.4476780052554946e-06,2.259605716568029e-07,2.2743573703037955e-06,1.9864331545702534e-06
40,0.1,calibrated,4.0769230769230775,4,2,5.2800530725427564e-08,0.8788748096997482,0.08343821825238854,1e-06,0.0,,,
40,0.1,calibrated,4.353846153846154,1,7,0.004854139671971347,0.8674944800105417,0.0,1e-06,0.08304091887779319,0.0037714696507868363,0.004889977210195628,0.002202750074141142
40,0.1,calibrated,4.353846153846154,2,5,3.72467723850356e-05,0.8682060358788299,0.08304091887779319,1e-06,0.00024992986576385245,3.915417177683135e-05,0.00010543093167748882,3.010946615409892e-05
40,0.1,calibrated,4.353846153846154,3,3,4.173391769168866e-06,0.86824602267331,0.08323240805023309,1e-06,4.816767436771954e-06,6.397769498965229e-07,3.2465048883970832e-06,3.5697422696101854e-06
40,0.1,calibrated,4.353846153846154,4,2,1.5832068078758255e-07,0.8682417043825226,0.0832337749238384,1e-06,0.0,,,
40,0.1,calibrated,4.630769230769231,1,8,0.004844779371676267,0.8569419924420419,0.0,1e-06,0.08285231814414006,0.0038836479146842117,0.00488218722814915,0.001938418869413885
40,0.1,calibrated,4.630769230769231,2,5,6.478051292946319e-05,0.8572640320722013,0.08285231814414006,1e-06,0.00022553225065192242,3.751811220351007e-05,0.00012872813168902426,3.961026792554629e-05
40,0.1,calibrated,4.630769230769231,3,4,6.687597194021677e-06,0.8573338326611426,0.08302788409880275,1e-06,9.250640967747826e-06,1.3312032255891874e-06,4.564348557600824e-06,5.922707074219694e-06
40,0.1,calibrated,4.630769230769231,4,2,2.984673991290876e-07,0.8573268662270849,0.08302910351745826,1e-06,0.0,,,
40,0.1,calibrated,4.907692307692308,1,8,0.004835408567623878,0.8461038208840085,0.0,1e-06,0.0826635798678276,0.004001149471599163,0.004874385399652784,0.0016566567363890691
40,0.1,calibrated,4.907692307692308,2,5,0.0001002135138403748,0.8460093748638801,0.0826635798678276,1e-06,0.00022223612703446135,3.429227286344174e-05,0.0001567883611259775,6.153105761845352e-05
40,0.1,calibrated,4.907692307692308,3,4,1.0313006484796716e-05,0.8461179686681976,0.08282310248374544,1e-06,1.6500985019928618e-05,2.3785349461439305e-06,6.365837658333831e-06,9.378516060851893e-06
40,0.1,calibrated,4.907692307692308,4,2,4.672218406609474e-07,0.8461072223140631,0.08282417924938557,1e-06,0.0,,,
40,0.1,calibrated,5.184615384615385,1,8,0.004826027154984036,0.834956057258842,0.0,1e-06,0.08247470238990427,0.0041244226953787225,0.0048665716139889926,0.0018243961674447237
40,0.1,calibrated,5.184615384615385,2,5,0.00014521597798045072,0.8344139863155131,0.08247470238990427,1e-06,0.00026371318987136413,2.9071903978883197e-05,0.00019061309521269394,0.00010123560616196244
40,0.1,calibrated,5.184615384615385,3,4,1.552096579748863e-05,0.8345724983040976,0.08261806075589304,1e-06,2.7137014855207262e-05,3.936168567931241e-06,8.85565323611873e-06,1.4413039703949083e-05
40,0.1,calibrated,5.184615384615385,4,3,1.1634768632973191e-06,0.8345558120056575,0.08261900002487943,1e-06,3.046178095036413e-06,2.2976586063253246e-07,8.470847742632808e-07,1.1737975041871406e-06
40,0.1,calibrated,5.184615384615385,5,2,2.6729372604172852e-08,0.8345569808327484,0.08261900617666686,1e-06,0.0,,,
40,0.1,calibrated,5.461538461538462,1,9,0.004816635027433902,0.8234711923127092,0.0,1e-06,0.08228568402765842,0.004253970753402933,0.00485874575885515,0.002007923138599556
40,0.1,calibrated,5.461538461538462,2,4,0.0002017640562708145,0.8224454262814451,0.08228568402765842,1e-06,0.000312139833900393,2.132534636228328e-05,0.00023139929326898432,0.00015228764143920232
40,0.1,calibrated,5.461538461538462,3,4,2.2819257573303275e-05,0.8226674751455376,0.0824127627520498,1e-06,4.23432387249025e-05,6.175011769164468e-06,1.2241091641467295e-05,2.157893101645828e-05
40,0.1,calibrated,5.461538461538462,4,3,1.8372657076826115e-06,0.8226428033047429,0.08241356357486328,1e-06,4.926422814412937e-06,3.613036328220033e-07,1.3885584087008105e-06,1.884372565462441e-06
40,0.1,calibrated,5.461538461538462,5,2,4.068585990335549e-08,0.8226446388785627,0.0824135686565745,1e-06,0.0,,,
40,0.1,calibrated,5.7384615384615385,1,9,0.004807232077130297,0.8116179010524639,0.0,1e-06,0.08209652307418318,0.004390386625596392,0.004850907720333853,0.0022099215830934053
40,0.1,calibrated,5.7384615384615385,2,5,0.00027335128716610146,0.8100647575776638,0.08209652307418318,1e-06,0.0003694089460568109,2.028113555125108e-05,0.0002812125635906852,0.0002181800649042334
40,0.1,calibrated,5.7384615384615385,3,5,3.388397319670222e-05,0.8103691295645662,0.08220718698606046,1e-06,6.452490068182263e-05,9.07406396446547e-06,1.8442646079196975e-05,3.242633300265624e-05
40,0.1,calibrated,5.7384615384615385,4,4,3.571260536516796e-06,0.8103316558813959,0.08220786742674305,1e-06,8.478403336145174e-06,6.716379845916362e-07,2.4234516210871054e-06,3.5620572327113442e-06
40,0.1,calibrated,5.7384615384615385,5,2,1.6302190697370378e-07,0.8103353531926516,0.08220787161484437,1e-06,0.0,,,
40,0.1,calibrated,6.015384615384616,1,9,0.004797818194682502,0.7993592134855693,0.0,1e-06,0.08190721779794527,0.004534320471054071,0.00484305738286335,0.0024335984604240838
40,0.1,calibrated,6.015384615384616,2,6,0.0003636888910445446,0.7972266177810053,0.08190721779794527,1e-06,0.00043730086223723566,4.208762382898443e-05,0.00034229943283461517,0.0003028678423427423
40,0.1,calibrated,6.015384615384616,3,5,4.932646424760101e-05,0.7976364153105675,0.08200134990873925,1e-06,9.583163344423253e-05,1.2788021318135235e-05,2.7792706454490133e-05,4.7798379830107625e-05
40,0.1,calibrated,6.015384615384616,4,4,5.76695004306238e-06,0.7975812850954861,0.08200190934672148,1e-06,1.3602239109695832e-05,1.0760170094293948e-06,3.945197217967711e-06,5.802809750872344e-06
40,0.1,calibrated,6.015384615384616,5,2,2.7922901668642197e-07,0.7975872537692712,0.08200191267473488,1e-06,0.0,,,
40,0.1,calibrated,6.292307692307693,1,10,0.0047883932691199504,0.7866513148602977,0.0,1e-06,0.0817177664422728,0.004637600463030791,0.004932979260374098,0.0028399991478549264
40,0.1,calibrated,6.292307692307693,2,6,0.00047754494857399354,0.7838767124318134,0.0817177664422728,1e-06,0.0005180181790817129,7.067305768144254e-05,0.0004175681893532202,0.000411496960964374
40,0.1,calibrated,6.292307692307693,3,6,7.141869916937882e-05,0.7844221169162089,0.08179524251595034,1e-06,0.00014014477642730367,1.8098873708796997e-05,4.126654250915838e-05,6.999709548044404e-05
40,0.1,calibrated,6.292307692307693,4,4,9.442262376979649e-06,0.7843411864073948,0.08179568687600193,1e-06,2.1834607507997305e-05,1.7978269399264092e-06,6.430139911804883e-06,9.555424415801647e-06
40,0.1,calibrated,6.292307692307693,5,3,8.805907903974841e-07,0.7843515235659364,0.08179568942670698,1e-06,0.0,,,
40,0.1,calibrated,6.56923076923077,1,10,0.0047789571878605885,0.7734428149479536,0.0,1e-06,0.08152816722485735,0.004670834738922066,0.0053434227472752395,0.003599411986770151
40,0.1,calibrated,6.56923076923077,2,6,0.0006226764632972781,0.7699476997740692,0.08152816722485735,1e-06,0.0006153624837387643,0.00010835185055339267,0.0005117050305697665,0.0005522096215774708
40,0.1,calibrated,6.56923076923077,3,6,0.00010309879967385083,0.770669587417689,0.0815888622140314,1e-06,0.00020305544070165876,2.569642380037964e-05,6.074906839559196e-05,0.0001021629580571556
40,0.1,calibrated,6.56923076923077,4,4,1.519500678570651e-05,0.7705511589449143,0.08158919757192701,1e-06,3.470504822934439e-05,2.898573200722658e-06,1.0384773708941137e-05,1.5511866375584617e-05
40,0.1,calibrated,6.56923076923077,5,4,1.6437242040812095e-06,0.7705680357164714,0.08158919942616598,1e-06,4.784498765510978e-06,3.204444773372377e-07,1.4316230166836162e-06,1.8039933669090466e-06
40,0.1,calibrated,6.56923076923077,6,2,7.789749034703419e-08,0.7705663494970477,0.08158919943636479,1e-06,0.0,,,
40,0.1,calibrated,6.846153846153847,1,11,0.004769509836679453,0.7596704987000142,0.0,1e-06,0.08133841833725326,0.004881961210633331,0.0057913044731527415,0.004142641498460426
40,0.1,calibrated,6.846153846153847,2,8,0.000810074480245282,0.755355691157575,0.08133841833725326,1e-06,0.0008097904076512347,0.00015842184243926625,0.0006314287634737923,0.0007365980578671015
40,0.1,calibrated,6.846153846153847,3,6,0.00015081613931366977,0.7563124077397892,0.08138220631634932,1e-06,0.000294505661000193,3.758199580883753e-05,8.959089461500873e-05,0.00015076920945095924
40,0.1,calibrated,6.846153846153847,4,5,2.5790750450171984e-05,0.7561355911000461,0.08138243895667237,1e-06,5.648925558734817e-05,5.25260555442878e-06,1.7189161645362224e-05,2.635687319159816e-05
40,0.1,calibrated,6.846153846153847,5,4,4.044471069719613e-06,0.7561654867622017,0.0813824401932512,1e-06,9.509628626771926e-06,7.199797455004202e-07,2.8935523589176534e-06,4.208726393570839e-06
40,0.1,calibrated,6.846153846153847,6,2,2.2351513795371147e-07,0.7561613319623861,0.08138244019982382,1e-06,0.0,,,
40,0.1,calibrated,7.1230769230769235,1,11,0.004910240915537711,0.7452577643640126,0.0,1e-06,0.08114851794433778,0.005120993811032334,0.006283769876136244,0.004571502262998647
40,0.1,calibrated,7.1230769230769235,2,8,0.0010531050486405347,0.7399967557034429,0.08114851794433778,1e-06,0.0011671046731604917,0.00022487018936914816,0.0007850207347845247,0.0009795465034913918
40,0.1,calibrated,7.1230769230769235,3,7,0.00022102987981487132,0.7412665845847022,0.08117527212958506,1e-06,0.0004266922696115013,5.522679195336466e-05,0.00013210453827589274,0.00022300897019103316
40,0.1,calibrated,7.1230769230769235,4,6,4.367813578465274e-05,0.7410015063194659,0.08117540851686196,1e-06,9.217461749655522e-05,9.360025709358338e-06,2.8549079101133742e-05,4.479612480013913e-05
40,0.1,calibrated,7.1230769230769235,5,4,7.92922496128945e-06,0.7410531929775661,0.08117540921234746,1e-06,1.791619118551562e-05,1.4611568925880261e-06,5.548689366044361e-06,8.278172181511327e-06
40,0.1,calibrated,7.1230769230769235,6,3,9.135039515939525e-07,0.7410443359059242,0.08117540921589368,1e-06,0.0,,,
40,0.1,calibrated,7.4,1,12,0.005742781441213429,0.7301075665058039,0.0,1e-06,0.0809584641838075,0.0053949370996626495,0.006829736203258805,0.005067574417405164
40,0.1,calibrated,7.4,2,8,0.0013737760420018397,0.723733708478785,0.0809584641838075,1e-06,0.0016375728703126678,0.0003142873421901905,0.0009861766687582446,0.0013051033152840549
40,0.1,calibrated,7.4,3,8,0.00032672419739621095,0.7254300429349799,0.0809680568886813,1e-06,0.000621448959415817,8.214528907810422e-05,0.0001960127033110302,0.0003328120102180081
40,0.1,calibrated,7.4,4,6,7.371485991736204e-05,0.7250289272634357,0.08096810370259137,1e-06,0.00015125997491661418,1.6265512489122098e-05,4.773881703223294e-05,7.615984266397701e-05
40,0.1,calibrated,7.4,5,5,1.589552042635667e-05,0.7251187117475708,0.08096810393107898,1e-06,3.388015304555006e-05,3.2413911646037987e-06,1.0691309766191306e-05,1.657147831603162e-05
40,0.1,calibrated,7.4,6,4,3.092938021587166e-06,0.7250996670304307,0.08096810393219378,1e-06,7.061878246757566e-06,5.896789892486977e-07,2.2285337571306572e-06,3.2875000004749113e-06
40,0.1,calibrated,7.4,7,2,1.821699707749147e-07,0.7251028100636293,0.0809681039322014,1e-06,0.0,,,
40,0.1,calibrated,7.676923076923077,1,13,0.006692982780043044,0.7140968411077624,0.0,1e-06,0.08076825516559007,0.005714033572913869,0.0074415907838016,0.005651664849612519
40,0.1,calibrated,7.676923076923077,2,10,0.0018082059494102243,0.7063803198692633,0.08076825516559007,1e-06,0.0022691571874552544,0.00043754303527569245,0.0012575400039464585,0.0017527378590575912
40,0.1,calibrated,7.676923076923077,3,8,0.0004926159334113223,0.7086776044084446,0.08076055779629074,1e-06,0.0009174720603765238,0.00012563928338714538,0.00029516030649255674,0.0005064135069937841
40,0.1,calibrated,7.676923076923077,4,8,0.00012850339082748352,0.7080552558610103,0.08076052192692613,1e-06,0.0002545235327102119,2.9537001583983018e-05,8.196128745066848e-05,0.0001336543485044126
40,0.1,calibrated,7.676923076923077,5,6,3.304147447680261e-05,0.7082171500216988,0.08076052175979137,1e-06,6.661130608497296e-05,7.340927090189488e-06,2.144460568478814e-05,3.4482915616445354e-05
40,0.1,calibrated,7.676923076923077,6,4,7.566128812031003e-06,0.7081764584553275,0.08076052175901453,1e-06,1.6461981789946827e-05,1.5124457929218245e-06,5.300056070092027e-06,8.0698456473412e-06
40,0.1,calibrated,7.676923076923077,7,3,9.933366856840209e-07,0.7081850315696916,0.08076052175901073,1e-06,0.0,,,
40,0.1,calibrated,7.953846153846155,1,13,0.007800715322965779,0.6970635475624702,0.0,1e-06,0.08057788897130996,0.006093302505813301,0.008136409948939315,0.006354648334747294
40,0.1,calibrated,7.953846153846155,2,10,0.0024116141186821816,0.6876793752810787,0.08057788897130996,1e-06,0.00313613070466071,0.0006111778565998016,0.0016342742131342642,0.0023844568399684803
40,0.1,calibrated,7.953846153846155,3,10,0.000760408423564285,0.6908495142588797,0.08055277201253994,1e-06,0.0013805038802872827,0.0001977190233369488,0.0004536118486815735,0.0007890902632166118
40,0.1,calibrated,7.953846153846155,4,8,0.00023122532863795175,0.689855544993373,0.08055266056512764,1e-06,0.00044091625354880453,5.544356026881171e-05,0.00014509864070549495,0.00024232968501497706
40,0.1,calibrated,7.953846153846155,5,6,6.882139814679e-05,0.6901563134303531,0.08055266007078246,1e-06,0.00013395695047456582,1.587293212449331e-05,4.4062461585037254e-05,7.2429563874694e-05
40,0.1,calibrated,7.953846153846155,6,6,1.9555874595789113e-05,0.6900676879108723,0.08055266006858809,1e-06,3.9260005212793196e-05,4.23077895708409e-06,1.2915598693541058e-05,2.0756273463416177e-05
40,0.1,calibrated,7.953846153846155,7,4,5.034884397736583e-06,0.6900923749896618,0.08055266006858047,1e-06,1.0824191056279142e-05,1.0499871712209835e-06,3.5607576016163445e-06,5.447769546283214e-06
40,0.1,calibrated,7.953846153846155,8,2,3.1311454717908305e-07,0.690087345062789,0.08055266006858047,1e-06,0.0,,,
40,0.1,calibrated,8.23076923076923,1,15,0.009126730763151403,0.6787855702685645,0.0,1e-06,0.08038736365369459,0.006555581562819639,0.008938381973448676,0.007224043927703084
40,0.1,calibrated,8.23076923076923,2,12,0.003283706133939246,0.667247772311528,0.08038736365369459,1e-06,0.004367303180627906,0.0008651348103196378,0.0021807883541216117,0.0033125964662040295
40,0.1,calibrated,8.23076923076923,3,10,0.001215522766258914,0.6717488114133093,0.08034469665399754,1e-06,0.0021395614197010286,0.0003240921058451463,0.0007192007796439935,0.0012735263934092861
40,0.1,calibrated,8.23076923076923,4,10,0.00043589951354583434,0.6700927407975552,0.08034451695392873,1e-06,0.0007974375620677804,0.00010929118473180981,0.0002687289135404739,0.00046085285050012637
40,0.1,calibrated,8.23076923076923,5,8,0.0001557902695882296,0.6706861442668359,0.08034451619753782,1e-06,0.0002875831550580602,3.843348213025962e-05,9.682427946873211e-05,0.00016482183317648345
40,0.1,calibrated,8.23076923076923,6,6,5.409763012365065e-05,0.6704756558616765,0.08034451619435241,1e-06,0.00010155474677459467,1.2928537010002869e-05,3.420287138632488e-05,5.751080758535063e-05
40,0.1,calibrated,8.23076923076923,7,6,1.7794960247674574e-05,0.6705477934420083,0.08034451619433909,1e-06,3.4618072549425085e-05,3.952528289628994e-06,1.1657789552640245e-05,1.9098552361423913e-05
40,0.1,calibrated,8.23076923076923,8,4,5.185806981389263e-06,0.6705247057066833,0.08034451619433909,1e-06,1.094348931224753e-05,1.1475433990090385e-06,3.6854047546087405e-06,5.694975548011105e-06
40,0.1,calibrated,8.23076923076923,9,2,3.198372687807094e-07,0.6705298046708569,0.08034451619433909,1e-06,0.0,,,
40,0.1,calibrated,8.507692307692308,1,16,0.010775978668944752,0.6589497412707593,0.0,1e-06,0.08019667723598209,0.007139690084114693,0.009885522148805836,0.008341640678225876
40,0.1,calibrated,8.507692307692308,2,12,0.004615479350348672,0.6444750637310654,0.08019667723598209,1e-06,0.006205000445655442,0.0012567349950819364,0.003022685757886524,0.00475553893328634
40,0.1,calibrated,8.507692307692308,3,12,0.0020453615754177923,0.6511458775138196,0.08013632879287645,1e-06,0.0034687026165797887,0.0005627041757382672,0.00119503348602611,0.002163899356332524
40,0.1,calibrated,8.507692307692308,4,10,0.0008814201877443972,0.6482091671046433,0.08013608839075125,1e-06,0.0015381371091927145,0.00023231186159306652,0.0005322621822825434,0.0009413421940429668
40,0.1,calibrated,8.507692307692308,5,10,0.0003797144516338724,0.6494746658339313,0.08013608743394447,1e-06,0.0006674651854269751,9.8773691799982e-05,0.00023052835834621108,0.00040520561562062507
40,0.1,calibrated,8.507692307692308,6,8,0.0001622913315630914,0.6489307686405986,0.08013608743013455,1e-06,0.00028621497818566227,4.198657075307703e-05,9.89345099771035e-05,0.00017348816929378728
40,0.1,calibrated,8.507692307692308,7,8,6.855755043977396e-05,0.6491624410132312,0.08013608743012027,1e-06,0.00012186122817835855,1.748302636396398e-05,4.21082717334256e-05,7.340806026750724e-05
40,0.1,calibrated,8.507692307692308,8,6,2.819676746279587e-05,0.6490653217872592,0.08013608743012027,1e-06,5.092563225925384e-05,6.978758780255384e-06,1.7599608192498654e-05,3.0324146986740267e-05
40,0.1,calibrated,8.507692307692308,9,6,1.085152568258696e-05,0.6491045336079578,0.08013608743012027,1e-06,2.041931803068143e-05,2.4695769195283748e-06,7.056370559554537e-06,1.179941821843531e-05
40,0.1,calibrated,8.507692307692308,10,4,3.594449598631755e-06,0.6490900074847187,0.08013608743012027,1e-06,7.4578615472765086e-06,8.523341527692714e-07,2.5772973260438476e-06,4.017776276065449e-06
40,0.1,calibrated,8.507692307692308,11,2,2.1280449424843084e-07,0.6490934602134686,0.08013608743012027,1e-06,0.0,,,
40,0.1,calibrated,8.784615384615384,1,17,0.012940093056112656,0.6370813337533702,0.0,1e-06,0.0800058277113187,0.007901929773855489,0.011067831749514201,0.009857473243304101
40,0.1,calibrated,8.784615384615384,2,14,0.006827192606316701,0.6182706244320088,0.0800058277113187,1e-06,0.009164780659727825,0.0019123309908689878,0.004443336701405348,0.007200690959114564
40,0.1,calibrated,8.784615384615384,3,14,0.0037281313141979133,0.6288549163725041,0.07992766545611697,1e-06,0.006041659399698824,0.0010661062084632556,0.002137639514106364,0.003981202941231181
40,0.1,calibrated,8.784615384615384,4,12,0.001989298760637692,0.6231138751148041,0.07992737213293659,1e-06,0.0032827443403271117,0.0005560434853700627,0.001171419686988972,0.0021508661070651102
40,0.1,calibrated,8.784615384615384,5,12,0.0010648854772993266,0.6261808867669961,0.07992737103351867,1e-06,0.001768288963213706,0.0002940011929537159,0.0006281162239891562,0.0011466250092381249
40,0.1,calibrated,8.784615384615384,6,12,0.0005680475895090131,0.624541092738746,0.07992737102939744,1e-06,0.000942332645517976,0.00015728274126995616,0.0003355487070299841,0.0006132375475942254
40,0.1,calibrated,8.784615384615384,7,10,0.00030283092213190255,0.6254156278596784,0.0799273710293822,1e-06,0.0005033967088387552,8.350612157211739e-05,0.00017901679959448293,0.0003265890610013899
40,0.1,calibrated,8.784615384615384,8,10,0.00016058147807263,0.6249502590805905,0.0799273710293822,1e-06,0.00026748562435864777,4.4139024880458986e-05,9.518890531778784e-05,0.000173413358023289
40,0.1,calibrated,8.784615384615384,9,8,8.439778913715834e-05,0.6251962854679202,0.0799273710293822,1e-06,0.0001413571769224586,2.2975868903911474e-05,5.0285593003910764e-05,9.123065413093932e-05
40,0.1,calibrated,8.784615384615384,10,8,4.355266563516036e-05,0.6250677728756029,0.0799273710293822,1e-06,7.368952365125089e-05,1.1647220787718222e-05,2.6218957259155256e-05,4.72125539189454e-05
40,0.1,calibrated,8.784615384615384,11,6,2.1622772903517884e-05,0.6251332494345423,0.0799273710293822,1e-06,3.740947917658216e-05,5.549117849060087e-06,1.330908668217508e-05,2.3573830894000155e-05
40,0.1,calibrated,8.784615384615384,12,6,9.887635774696868e-06,0.6251015756949752,0.0799273710293822,1e-06,1.795812596279736e-05,2.352511460916135e-06,6.389233480172676e-06,1.0921317342132708e-05
40,0.1,calibrated,8.784615384615384,13,4,3.741093503206727e-06,0.625115295166301,0.0799273710293822,1e-06,7.654148686574864e-06,9.645689005468029e-07,2.723172547083428e-06,4.273859334855423e-06
40,0.1,calibrated,8.784615384615384,14,2,3.0651370530598854e-07,0.6251118280694105,0.0799273710293822,1e-06,0.0,,,
40,0.1,calibrated,9.061538461538461,1,20,0.016027068230178854,0.6123996419980428,0.0,1e-06,0.07981481304213993,0.008636383972541774,0.013306589386871374,0.012294617073506436
40,0.1,calibrated,9.061538461538461,2,18,0.011036534873972603,0.5863151615752047,0.07981481304213993,1e-06,0.014572590176090843,0.0031684478262792746,0.007223958384831728,0.01197465974716271
40,0.1,calibrated,9.061538461538461,3,16,0.00775779399231058,0.605189424544735,0.07971870362446817,1e-06,0.011889394690731938,0.0023215777394693642,0.004326303786196727,0.00834421546617276
40,0.1,calibrated,9.061538461538461,4,16,0.005396247369936269,0.5919677669373365,0.0797183653969662,1e-06,0.008309233066449333,0.001622967692077815,0.0030822839536409474,0.005940083691109309
40,0.1,calibrated,9.061538461538461,5,16,0.0037564370628145882,0.6011683890117604,0.07971836420859399,1e-06,0.0058382843924314,0.0011053724283286372,0.0021367871931456763,0.004076300203099841
40,0.1,calibrated,9.061538461538461,6,14,0.0026097224212883186,0.5947692627933557,0.07971836420441755,1e-06,0.004036660893961262,0.0007777210478699906,0.0014912846469199328,0.0028609702714779816
40,0.1,calibrated,9.061538461538461,7,14,0.001813397257319882,0.5992154783093425,0.07971836420440613,1e-06,0.002816405286011099,0.0005350328561453163,0.0010337390609459888,0.0019742583005184925
40,0.1,calibrated,9.061538461538461,8,14,0.0012592978304178937,0.5961267764939582,0.07971836420440613,1e-06,0.0019509240970367742,0.00037394295668264813,0.0007193121835365506,0.0013777141780171075
40,0.1,calibrated,9.061538461538461,9,12,0.0008734612309921896,0.5982706631204433,0.07971836420440613,1e-06,0.0013566437595387676,0.00025787658336960505,0.0004986334796154312,0.0009525559453839259
40,0.1,calibrated,9.061538461538461,10,12,0.0006041912302197083,0.5967852955865562,0.07971836420440613,1e-06,0.0009384298060901297,0.00017857705582001177,0.0003456695892455709,0.0006606535615953505
40,0.1,calibrated,9.061538461538461,11,12,0.0004179981320774351,0.5978128756682823,0.07971836420440613,1e-06,0.000649915253937933,0.00012324120497905538,0.0002390358331861327,0.00045633543558249053
40,0.1,calibrated,9.061538461538461,12,12,0.00028914447379746466,0.5971020061590945,0.07971836420440613,1e-06,0.00044930857016870407,8.537719431081995e-05,0.00016542564241115796,0.00031601811451464933
40,0.1,calibrated,9.061538461538461,13,10,0.00019897200906882073,0.5975926820752891,0.07971836420440613,1e-06,0.00031009397185882015,5.844912635721275e-05,0.00011408785101446108,0.00021743694433630183
40,0.1,calibrated,9.061538461538461,14,10,0.00013584498180763127,0.5972560925496992,0.07971836420440613,1e-06,0.00021251038864547443,3.966916975631972e-05,7.822410997679215e-05,0.00014868062230838456
40,0.1,calibrated,9.061538461538461,15,10,9.273825235400768e-05,0.5974859196699975,0.07971836420440613,1e-06,0.00014519133091612905,2.704267052353841e-05,5.342623796469291e-05,0.00010147471642589967
40,0.1,calibrated,9.061538461538461,16,8,6.222130226307687e-05,0.5973301310462954,0.07971836420440613,1e-06,9.821642674692031e-05,1.7897432541145426e-05,3.614910728806589e-05,6.82459361855828e-05
40,0.1,calibrated,9.061538461538461,17,8,4.066173229555492e-05,0.5974335833942762,0.07971836420440613,1e-06,6.508993218480324e-05,1.1416351345693115e-05,2.395305028939446e-05,4.474874022329971e-05
40,0.1,calibrated,9.061538461538461,18,8,2.6548159389072623e-05,0.5973659668234679,0.07971836420440613,1e-06,4.259412810692057e-05,7.425901499562465e-06,1.567618378643716e-05,2.9232264372802778e-05
40,0.1,calibrated,9.061538461538461,19,6,1.6348314310521417e-05,0.5974091112333136,0.07971836420440613,1e-06,2.7009908150486986e-05,4.331268958840108e-06,9.93998455622483e-06,1.8139372085133792e-05
40,0.1,calibrated,9.061538461538461,20,6,9.084981532736514e-06,0.5973835119847496,0.07971836420440613,1e-06,1.5898280338434537e-05,2.3417927935568587e-06,5.850994629650545e-06,1.0235804009444892e-05
40,0.1,calibrated,9.061538461538461,21,4,3.946294472645384e-06,0.5973966489212503,0.07971836420440613,1e-06,8.009815014994306e-06,1.1326113172927988e-06,2.947765669224656e-06,4.638574815499471e-06
40,0.1,calibrated,9.061538461538461,22,2,5.47277280493752e-07,0.5973932040070686,0.07971836420440613,1e-06,0.0,,,
40,0.1,calibrated,9.338461538461539,1,23,0.0211476061060476,0.5834460578677929,0.0,1e-06,0.07962363115951376,0.009662325599944163,0.017007324573878414,0.017584306408300023
40,0.1,calibrated,9.338461538461539,2,26,0.021671172417427886,0.541552174235768,0.07962363115951376,1e-06,0.027425742930300444,0.006368784025380728,0.01465368655696179,0.024530600568126205
40,0.1,calibrated,9.338461538461539,3,20,0.020974975611316782,0.5844632450902383,0.0795094402314731,1e-06,0.030024847588319935,0.006288443078644041,0.01172286527764014,0.022453798536229516
40,0.1,calibrated,9.338461538461539,4,26,0.021795698109533745,0.5414025905301256,0.07950906535760474,1e-06,0.0303069375861375,0.006807358388214141,0.013173241553879337,0.02503664201940234
40,0.1,calibrated,9.338461538461539,5,20,0.02099378888490555,0.5844824036075568,0.07950906412946923,1e-06,0.03033141740365581,0.006343993951491912,0.011571484656775655,0.02250172688791039
40,0.1,calibrated,9.338461538461539,6,26,0.021802012131466375,0.5413962582888691,0.07950906412544512,1e-06,0.030337475838040764,0.006813953762291976,0.013162277996358593,0.025046577776748957
40,0.1,calibrated,9.338461538461539,7,20,0.020998697467858873,0.5844873357805038,0.07950906412542988,1e-06,0.030340765286300468,0.006345868854746353,0.01157278161855567,0.022507019425716028
40,0.1,calibrated,9.338461538461539,8,26,0.021807248427391346,0.5413909808759865,0.07950906412543368,1e-06,0.030344769156108745,0.006815651903850801,0.013165484575883615,0.025052827827496696
40,0.1,calibrated,9.338461538461539,9,20,0.021003588828341413,0.5844922549174744,0.07950906412543368,1e-06,0.030347961093893788,0.006347323820872984,0.011575358173266487,0.022512088318978316
40,0.1,calibrated,9.338461538461539,10,26,0.021812581515804785,0.5413856054943288,0.07950906412543368,1e-06,0.030352029787391765,0.006817345394849245,0.013168866492360137,0.0250591754101872
40,0.1,calibrated,9.338461538461539,11,20,0.021008578337263772,0.5844972727968447,0.07950906412543368,1e-06,0.03035528505095062,0.006348804764082426,0.011577996297903253,0.02251725727443994
40,0.1,calibrated,9.338461538461539,12,26,0.02181802265280497,0.5413801212023196,0.07950906412543368,1e-06,0.0303594361776894,0.006819072937511008,0.01317231788612727,0.025065651573873693
40,0.1,calibrated,9.338461538461539,13,20,0.021013668928617557,0.5845023923324271,0.07950906412543368,1e-06,0.030362757314086566,0.006350315672103461,0.011580687891856704,0.022522530850645383
40,0.1,calibrated,9.338461538461539,14,26,0.0218235741812991,0.5413745256415324,0.07950906412543368,1e-06,0.030366992733201342,0.0068208355405070704,0.013175839400533584,0.025072259246017112
40,0.1,calibrated,9.338461538461539,15,20,0.021018862733456767,0.5845076156670365,0.07950906412543368,1e-06,0.03037038113322138,0.0063518571999840465,0.011583434006519193,0.022527911261466544
40,0.1,calibrated,9.338461538461539,16,26,0.02182923842813389,0.5413688164665844,0.07950906412543368,1e-06,0.030374702624909704,0.006822633945401665,0.013179432510781311,0.025079001204371964
40,0.1,calibrated,9.338461538461539,17,20,0.021024161924226403,0.5845129449853875,0.07950906412543368,1e-06,0.03037815970140155,0.00635342999182219,0.011586235786772635,0.022533400752080615
40,0.1,calibrated,9.338461538461539,18,26,0.021835017772191545,0.5413629912796148,0.07950906412543368,1e-06,0.030382569085280094,0.006824468908360197,0.013183098731651587,0.025085880288002415
40,0.1,calibrated,9.338461538461539,19,20,0.021029568722279013,0.5845183825213782,0.07950906412543368,1e-06,0.030386096282742317,0.006355034706016698,0.011589094403736518,0.022539001617979934
40,0.1,calibrated,9.338461538461539,20,26,0.02184091464621729,0.5413570476284686,0.07950906412543368,1e-06,0.030390595419748596,0.0068263412026770744,0.01318683961242483,0.02509289940044715
40,0.1,calibrated,9.338461538461539,21,20,0.021035085399156772,0.584523930559378,0.07950906412543368,1e-06,0.030394194215195708,0.006356672015817054,0.011592011054906193,0.02254471620637276
40,0.1,calibrated,9.338461538461539,22,26,0.021846931538191727,0.5413509830053106,0.07950906412543368,1e-06,0.030398785008644305,0.0068282516192261535,0.013190656737721046,0.02510006151137802
40,0.1,calibrated,9.338461538461539,23,20,0.021040714277861694,0.5845295914355041,0.07950906412543368,1e-06,0.030402456912420953,0.006358342609700598,0.01159498696481383,0.02255054691748551
40,0.1,calibrated,9.338461538461539,24,26,0.021853070992738477,0.5413447948452076,0.07950906412543368,1e-06,0.030407141309095907,0.006830200966912829,0.013194551728399641,0.02510736965829318
40,0.1,calibrated,9.338461538461539,25,20,0.02104645773416247,0.5845353675389362,0.07950906412543368,1e-06,0.030410887865720222,0.006360047191755669,0.011598023385713464,0.022556496205905406
40,0.1,calibrated,9.338461538461539,26,26,0.021859335612575914,0.5413384805246648,0.07950906412543368,1e-06,0.03041566785698894,0.0068321900731328844,0.01319852624250363,0.025114826948264418
40,0.1,calibrated,9.338461538461539,27,20,0.021052318197943842,0.5845412613132722,0.07950906412543368,1e-06,0.03041949064602569,0.006361786482085577,0.011601121598276172,0.022562566581961874
40,0.1,calibrated,9.338461538461539,28,26,0.02186572806001197,0.5413320373601195,0.07950906412543368,1e-06,0.030424368268990323,0.006834219784256438,0.013202581976209417,0.025122436559734722
40,0.1,calibrated,9.338461538461539,29,20,0.021058298154590593,0.5845472752579222,0.07950906412543368,1e-06,0.030428268905929326,0.006363561217208015,0.011604282912332446,0.022568760613147117
40,0.1,calibrated,9.338461538461539,30,26,0.021872251058481007,0.5413254626063896,0.07950906412543368,1e-06,0.03043324624462139,0.006836290966108246,0.013206720664835985,0.025130201744371118
40,0.1,calibrated,9.338461538461539,31,20,0.021064400146417972,0.5845534119295442,0.07950906412543368,1e-06,0.03043722638181092,0.0063653721504854256,0.011607508667599242,0.022575080925582535
40,0.1,calibrated,9.338461538461539,32,26,0.021878907394132563,0.5413187534550739,0.07950906412543368,1e-06,0.030442305568403598,0.006838404504482962,0.013210944083855055,0.025138125828974373
40,0.1,calibrated,9.338461538461539,33,20,0.021070626774144063,0.5845596739435256,0.07950906412543368,1e-06,0.030446366895994337,0.006367220052557527,0.011610800234456672,0.022581530205526442
40,0.1,calibrated,9.338461538461539,34,26,0.02188569991746614,0.5413119070329044,0.07950906412543368,1e-06,0.030451550112075808,0.006840561305666689,0.013215254049942721,0.02514621221744914
40,0.1,calibrated,9.338461538461539,35,20,0.021076980698405356,0.584566063975508,0.07950906412543368,1e-06,0.030455694358988247,0.006369105711783885,0.011614159014745211,0.022588111200929375
40,0.1,calibrated,9.338461538461539,36,26,0.021892631545012975,0.5413049204000483,0.07950906412543368,1e-06,0.030460983836853535,0.006842762296964361,0.0132196524220844,0.025154464392830672
40,0.1,calibrated,9.338461538461539,37,20,0.021083464641319827,0.5845725847629578,0.07950906412543368,1e-06,0.030465212771792198,0.006371029934711347,0.011617586442570998,0.022594826723033982
40,0.1,calibrated,9.338461538461539,38,26,0.02189970526107632,0.5412977905483567,0.07950906412543368,1e-06,0.03047061079578224,0.006845008427268344,0.013224141102674641,0.02516288591937723
40,0.1,calibrated,9.338461538461539,39,20,0.02109008138809998,0.5845792391067882,0.07950906412543368,1e-06,0.030474926228265094,0.0063729935465454786,0.011621083985157448,0.022601679648026965
40,0.1,calibrated,9.338461538461539,40,26,0.02190692411952133,0.5412905143995572,0.07950906412543368,1e-06,0.030480435136156822,0.006847300667616479,0.013228722038693646,0.025171480444731446
40,0.1,calibrated,9.338461538461539,41,20,0.02109683378871241,0.5845860298730288,0.07950906412543368,1e-06,0.03048483891759224,0.0063749973916420195,0.011624653143703183,0.02260867291874156
40,0.1,calibrated,9.338461538461539,42,26,0.02191429124562172,0.5412830888033947,0.07950906412543368,1e-06,0.030490461102021832,0.006849640011792564,0.01323339722287878,0.0251802517021434
40,0.1,calibrated,9.338461538461539,43,20,0.021103724759590436,0.5845929599945466,0.07950906412543368,1e-06,0.030494955126797507,0.006377042334010283,0.011628295454281774,0.0226158095464095
40,0.1,calibrated,9.338461538461539,44,26,0.021921809837964767,0.5412755105357097,0.07950906412543368,1e-06,0.03050069303672561,0.006852027476929189,0.013238168694970114,0.02518920351276549
40,0.1,calibrated,9.338461538461539,45,20,0.021110757285402015,0.5846000324728242,0.07950906412543368,1e-06,0.03050527924334647,0.006379129257836373,0.011632012488762094,0.022623092612469833
40,0.1,calibrated,9.338461538461539,46,26,0.021929483170417208,0.5412677762964552,0.07950906412543368,1e-06,0.03051113538558596,0.006854464104132146,0.013243038542981452,0.02519833978802566
40,0.1,calibrated,9.338461538461539,47,20,0.021117934420870732,0.5846072503797907,0.07950906412543368,1e-06,0.03051581575785372,0.00638125906802069,0.011635805855751446,0.022630525270436255
40,0.1,calibrated,9.338461538461539,48,26,0.021937314594152824,0.5412598827076556,0.07950906412543368,1e-06,0.030521792698628147,0.006856950959135647,0.01324800890449683,0.02520766453206984
40,0.1,calibrated,9.338461538461539,49,20,0.02112525929265552,0.5846146168597126,0.07950906412543368,1e-06,0.03052656926683637,0.006383432690726053,0.011639677201590917,0.022638110747819566
40,0.1,calibrated,9.338461538461539,50,26,0.02194530753974544,0.5412518263112935,0.07950906412543368,1e-06,0.030532669633400795,0.0068594891329642,0.013253081968037424,0.02521718184428709
40,0.1,calibrated,9.338461538461539,51,20,0.021132735101291877,0.5846221351311436,0.07950906412543368,1e-06,0.030537544475585973,0.006385651073960778,0.011643628211346993,0.022645852348112054
40,0.1,calibrated,9.338461538461539,52,26,0.02195346551932853,0.541243603567134,0.07950906412543368,1e-06,0.0305437709578976,0.006862079742625985,0.013258259974448895,0.025226895921914856
40,0.1,calibrated,9.338461538461539,53,20,0.021140365123191174,0.5846298084889368,0.07950906412543368,1e-06,0.030548746201121274,0.006387915188158206,0.01164766060986931,0.02265375345283639
40,0.1,calibrated,9.338461538461539,54,26,0.021961792128825874,0.5412352108504764,0.07950906412543368,1e-06,0.03055510155355809,0.006864723931820394,0.013263545218355216,0.025236811062730444
40,0.1,calibrated,9.338461538461539,55,20,0.021148152712709756,0.5846376403063248,0.07950906412543368,1e-06,0.030560179375236855,0.006390226026789474,0.011651776162865023,0.02266181752366038
40,0.1,calibrated,9.338461538461539,56,26,0.021970291050255497,0.5412266444498305,0.07950906412543368,1e-06,0.03056666641838357,0.006867422871681167,0.013268940049634411,0.02524693166783069
40,0.1,calibrated,9.338461538461539,57,20,0.021156101304281694,0.5846456340370636,0.07950906412543368,1e-06,0.030571849047653123,0.006392584606995463,0.011655976678003355,0.022670048104577598
40,0.1,calibrated,9.338461538461539,58,26,0.02197896605410632,0.5412179005645196,0.07950906412543368,1e-06,0.03057847067013754,0.006870177761525871,0.013274446874974706,0.02525726224450298
40,0.1,calibrated,9.338461538461539,59,20,0.021164214414621574,0.5846537932176478,0.07950906412543368,1e-06,0.030583760389266364,0.006394991970227864,0.01166026400607645,0.02267844882416174
40,0.1,calibrated,9.338461538461539,60,26,0.02198782100179808,0.541208975302203,0.07950906412543368,1e-06,0.03059051954966277,0.00687298982965284,0.013280068159447843,0.025267807409191385
40,0.1,calibrated,9.615384615384615,1,30,0.03342612396222566,0.5467546918282112,0.0,1e-06,0.07943227996249036,0.011836600072946457,0.025648095404520788,0.03050123026506564
40,0.1,calibrated,9.615384615384615,2,300,0.11836163040666925,0.3951631085734141,0.07943227996249036,1e-06,0.14530853758033707,0.04104338702309757,0.10667125418307846,0.17446139750554512
40,0.1,calibrated,9.615384615384615,3,20,0.13503778644793163,0.6512893166505025,0.13126022114628744,1e-06,0.20964639243909539,0.0341000280273295,0.07011418497504347,0.12751473783282946
40,0.1,calibrated,9.615384615384615,4,300,0.04739482688230301,0.4921007341327009,0.07929946914708891,1e-06,0.18898114999621224,0.044862353081145015,0.12793357717982473,0.06208444656085896
40,0.1,calibrated,9.615384615384615,5,300,0.04989971819797423,0.4704912419592079,0.11059497870340429,1e-06,0.06092083217816627,0.03726866745509165,0.11101537960485669,0.029952954094183394
40,0.1,calibrated,9.615384615384615,6,36,0.017524405068202964,0.5313198056574647,0.07929946791985494,1e-06,0.057615375945817636,0.014628003662846055,0.028424952591259274,0.023338549568154468
40,0.1,calibrated,9.615384615384615,7,56,0.03414717761623881,0.47973505852811116,0.07929946791984162,1e-06,0.04624025349103161,0.010933909731932376,0.020451786475788686,0.041918669933169284
40,0.1,calibrated,9.615384615384615,8,24,0.05234770638278463,0.5671231860913598,0.07929946791984162,1e-06,0.06908710696427257,0.0150491927468145,0.029559248503720218,0.05464923084897867
40,0.1,calibrated,9.615384615384615,9,300,0.0579713225040237,0.45698929291999313,0.07929946791984162,1e-06,0.10726638441164858,0.03412221217525419,0.048364191967952594,0.08468129372607677
40,0.1,calibrated,9.615384615384615,10,25,0.05140629138815145,0.5682978425273494,0.07929946791984162,1e-06,0.11048909790752569,0.02206751756373998,0.04106061255341865,0.06139663832639537
40,0.1,calibrated,9.615384615384615,11,300,0.022063301474106622,0.5176710221289212,0.07929946791984162,1e-06,0.10570622781238828,0.029212129545305894,0.0773045777833604,0.010450616410575906
40,0.1,calibrated,9.615384615384615,12,300,0.05880124269761078,0.46158971745957134,0.07929946791984162,1e-06,0.028557240199397788,0.02980895359160259,0.07881128959746671,0.05104596908548227
40,0.1,calibrated,9.615384615384615,13,21,0.05390949358500052,0.5701222105537435,0.07929946791984162,1e-06,0.09354260195283734,0.021444585906207597,0.0349771421706031,0.06066555994403079
40,0.1,calibrated,9.615384615384615,14,300,0.08123966847230513,0.4360179682937775,0.07929946791984162,1e-06,0.16973328876452828,0.06571380704993689,0.08077727121147801,0.13221936761977013
40,0.1,calibrated,9.615384615384615,15,21,0.0798834460588026,0.5978684811789353,0.13541998104857567,1e-06,0.18872562752012517,0.03804938123691037,0.06626315322448827,0.09248091501810315
40,0.1,calibrated,9.615384615384615,16,300,0.0622607623755449,0.46134247521453553,0.07929946791984162,1e-06,0.17456697396301313,0.053956947222639426,0.09305218080142445,0.1007005003787691
40,0.1,calibrated,9.615384615384615,17,36,0.031893582292530254,0.5372532378022669,0.12126132749146362,1e-06,0.13700454501934461,0.028109366093467775,0.07392783150125833,0.03526623588782479
40,0.1,calibrated,9.615384615384615,18,50,0.026836101886373642,0.48692649863855136,0.07929946791984162,1e-06,0.048686211006879906,0.0051452089983600475,0.020745161124325364,0.03452950180172169
40,0.1,calibrated,9.615384615384615,19,26,0.04223918838140772,0.5569525772531202,0.07929946791984162,1e-06,0.05676355554427938,0.012491735606776475,0.02344030872897011,0.044964795049954646
40,0.1,calibrated,9.615384615384615,20,300,0.10371858055194544,0.4114737829187525,0.07929946791984162,1e-06,0.17417180262508203,0.07323519287908686,0.08546594256600198,0.16584223854240204
40,0.1,calibrated,9.615384615384615,21,19,0.11449238793233074,0.632770914652819,0.15035124055980156,1e-06,0.22117679847868588,0.039858164328426676,0.07464125310259753,0.11810470564343795
40,0.1,calibrated,9.615384615384615,22,300,0.050070060619645584,0.47890281954192376,0.07929946791984162,1e-06,0.1791586346425282,0.04721070972041721,0.10936790054638296,0.07699525651715339
40,0.1,calibrated,9.615384615384615,23,300,0.0678502325218534,0.4525407276353287,0.1083330767236439,1e-06,0.05261144272399583,0.045606137014245166,0.128449660976388,0.049367601459302815
40,0.1,calibrated,9.615384615384615,24,23,0.08093886485515389,0.5961520907850684,0.07929946791984162,1e-06,0.10504516330112432,0.02047386942211407,0.04825716893058325,0.08088654882629315
40,0.1,calibrated,9.615384615384615,25,300,0.05979857620699791,0.46447925551420033,0.07929946791984162,1e-06,0.16483534892901636,0.053380968144658716,0.09243874974548873,0.09494937094148934
40,0.1,calibrated,9.615384615384615,26,40,0.02537889854697195,0.523470054978059,0.1155118196275401,1e-06,0.12158612188699869,0.02973583464797639,0.08140329498373519,0.01538999968528339
40,0.1,calibrated,9.615384615384615,27,31,0.003183100073445577,0.517255049503434,0.07929946791984162,1e-06,0.013614512503818312,0.00489542606640094,0.011302614212838413,0.0030435900087005486
40,0.1,calibrated,9.615384615384615,28,30,0.007035481447000391,0.5072580109538547,0.07929946791984162,1e-06,0.006663039585236872,0.0017293381086083486,0.005992363535840517,0.007826464486539014
40,0.1,calibrated,9.615384615384615,29,28,0.012791651030307327,0.5272672691214982,0.07929946791984162,1e-06,0.01588417330833244,0.0037140672352824846,0.008120010549789485,0.014183382368519251
40,0.1,calibrated,9.615384615384615,30,50,0.02941110620523657,0.4846251721169025,0.07929946791984162,1e-06,0.03521657351155706,0.00889152184312232,0.020332849949239964,0.03503062949087189
40,0.1,calibrated,9.615384615384615,31,26,0.0462147861732769,0.5609485854632295,0.07929946791984162,1e-06,0.06005132171154873,0.013244001699527958,0.026791650064852787,0.04864957832482492
40,0.1,calibrated,9.615384615384615,32,300,0.04458230041802036,0.48223762595692443,0.07929946791984162,1e-06,0.1471503963920907,0.042811861682850685,0.09255010914047192,0.06660572624324164
40,0.1,calibrated,9.615384615384615,33,38,0.028568304206661455,0.5283766094005361,0.1206347247133632,1e-06,0.13074612112589573,0.028785738973841037,0.08421493965856947,0.024011043781999215
40,0.1,calibrated,9.615384615384615,34,36,0.006232359439123258,0.5082642559146624,0.07929946791984162,1e-06,0.02504881752952553,0.00488922724727169,0.010380873744172877,0.00932198481029732
40,0.1,calibrated,9.615384615384615,35,28,0.009762684794453746,0.5242188325999216,0.07929946791984162,1e-06,0.014376405002896175,0.002720466122122534,0.0057771032707685825,0.01114597053975939
40,0.1,calibrated,9.615384615384615,36,42,0.020963487901640765,0.49317217410463826,0.07929946791984162,1e-06,0.025609741024384035,0.00635381830962151,0.013993388758162754,0.024644081563699176
40,0.1,calibrated,9.615384615384615,37,26,0.03436812484775831,0.5490184774748152,0.07929946791984162,1e-06,0.044217506876683736,0.009945290547569308,0.020396663384548725,0.036868465913028704
40,0.1,calibrated,9.615384615384615,38,300,0.03528978358083834,0.47929108408758686,0.07929946791984162,1e-06,0.06234310312188013,0.01705650981289822,0.026954699989793364,0.04780897618319371
40,0.1,calibrated,9.615384615384615,39,29,0.03140288179648443,0.5470967118312704,0.07929946791984162,1e-06,0.06249982235863316,0.012575869965703949,0.024126730432138477,0.03804928055752925
40,0.1,calibrated,9.615384615384615,40,300,0.055276465469612845,0.5729311385853231,0.07929946791984162,1e-06,0.04399480461454075,0.030853295216310778,0.07337580084161342,0.034756881659355435
40,0.1,calibrated,9.615384615384615,41,300,0.03326488152359458,0.48712607863358753,0.07929946791984162,1e-06,0.04292074326473184,0.012068338189240333,0.028135020483997592,0.04184801482351122
40,0.1,calibrated,9.615384615384615,42,300,0.05089970125779991,0.4694912588993822,0.07929946791984162,1e-06,0.02162243138842962,0.021697067630414745,0.07086686168709413,0.04337232514668369
40,0.1,calibrated,9.615384615384615,43,38,0.015139273295866618,0.5247438190776699,0.07929946791984162,1e-06,0.06501796603363112,0.013740232196452788,0.03850136528121717,0.016488461735639736
40,0.1,calibrated,9.615384615384615,44,38,0.01335399512139035,0.5007394228824869,0.07929946791984162,1e-06,0.024285058266003055,0.002314051415665699,0.010118844659125823,0.016692056632794012
40,0.1,calibrated,9.615384615384615,45,28,0.02261735734192294,0.5371788282023413,0.07929946791984162,1e-06,0.029707158485458587,0.006769091458763135,0.013165279885678628,0.024828622987349502
40,0.1,calibrated,9.615384615384615,46,300,0.07961190560698528,0.4337304757213605,0.07929946791984162,1e-06,0.08997268524212548,0.024646742485226362,0.06306096414173734,0.10383692875121234
40,0.1,calibrated,9.615384615384615,47,20,0.10522748554411376,0.6203049083963543,0.08063251499010644,1e-06,0.1436154872688079,0.028593132120740626,0.05477438369226709,0.10131570275247387
40,0.1,calibrated,9.615384615384615,48,300,0.044060812389603576,0.48834840474371627,0.07929946791984162,1e-06,0.16986856305302667,0.04310203924028917,0.11150857010220847,0.06307519059498075
40,0.1,calibrated,9.615384615384615,49,300,0.04901868386670016,0.47137227629048195,0.1068855907743252,1e-06,0.06289102698783436,0.036613562507400166,0.11323117360009022,0.02925764281786765
40,0.1,calibrated,9.615384615384615,50,27,0.04393354994443155,0.559596737584831,0.07929946791984162,1e-06,0.07061935280618763,0.016955175250373315,0.02689894587318062,0.0494044950747195
40,0.1,calibrated,9.615384615384615,51,300,0.052353946964090625,0.4622688393196914,0.07929946791984162,1e-06,0.09181816017669968,0.0266548751598344,0.04085500519536272,0.07360434809933321
40,0.1,calibrated,9.615384615384615,52,27,0.050649117146496,0.566919595786845,0.07929946791984162,1e-06,0.09769039544623345,0.018926203997865487,0.03655676724017085,0.058545174834972985
40,0.1,calibrated,9.615384615384615,53,300,0.042098489977862585,0.4849862058567583,0.07929946791984162,1e-06,0.148872984013044,0.04025700368408686,0.09238445802820243,0.06291269638637194
40,0.1,calibrated,9.615384615384615,54,42,0.021791305761127533,0.5136830677098885,0.11637595972381344,1e-06,0.11569659514950989,0.03215536224197107,0.09064399537177324,0.012453125177983151
40,0.1,calibrated,9.615384615384615,55,22,0.0204355183306153,0.5346319354068174,0.07929946791984162,1e-06,0.014435239623851306,0.00425590538542351,0.022042831465985523,0.019688004806301906
40,0.1,calibrated,9.615384615384615,56,202,0.06867236692537759,0.44482361378476665,0.07929946791984162,1e-06,0.07572096303643173,0.02088987182381449,0.0547186492369781,0.08721981891876615
40,0.1,calibrated,9.615384615384615,57,20,0.09437278652807979,0.6093596687543821,0.07929946791984162,1e-06,0.12667085207384185,0.025917160627852133,0.05028888051449786,0.09218355031992272
40,0.1,calibrated,9.615384615384615,58,300,0.05515329180810813,0.46956670350376634,0.07929946791984162,1e-06,0.16080766236068728,0.04920362418509028,0.0904346178718809,0.08660444539698159
40,0.1,calibrated,9.615384615384615,59,68,0.036614682480432814,0.4837762776767493,0.10384269158842299,1e-06,0.07903314869032851,0.0382744258086761,0.09962151081780478,0.02315706326828956
40,0.1,calibrated,9.615384615384615,60,22,0.061300736430749625,0.575798945194048,0.07929946791984162,1e-06,0.06024839793560814,0.01548975351800412,0.0435864648541882,0.060515317114541514
40,0.1,fixed,0.2,1,3,0.0022663228243482436,0.9995033213434921,0.0,1e-06,0.0030088859881012425,8.007796940213659e-05,0.0022705146462494896,0.00110497867322311
40,0.1,fixed,0.2,2,3,9.053139339076921e-06,0.9992232943031317,0.0030088859881012425,1e-06,1.1916543120401554e-05,2.334318406011622e-06,4.38459955876415e-06,6.890690414538186e-06
40,0.1,fixed,0.2,3,2,4.044358159482897e-08,0.9992299095130066,0.0030063937712335015,1e-06,0.0,,,
40,0.1,fixed,0.47692307692307695,1,3,0.005513556688073407,0.9937152930868444,0.0,1e-06,0.008090894606604584,0.0010794116443036488,0.0036331645489394077,0.004534005181127571
40,0.1,fixed,0.47692307692307695,2,3,9.013157864501409e-07,0.9981629548987937,0.008090894606604584,1e-06,0.0,,,
40,0.1,fixed,0.7538461538461538,1,4,0.01341227314264326,0.985716058441634,0.0,1e-06,0.015962655345524407,0.0030816715098145953,0.007468825943754496,0.0103634855288824
40,0.1,fixed,0.7538461538461538,2,4,4.107620099502718e-05,0.9970552517013618,0.015962655345524407,1e-06,9.947166709340724e-05,8.938065653767831e-06,2.3202131333281733e-05,3.60016388286341e-05
40,0.1,fixed,0.7538461538461538,3,2,4.96661227922246e-07,0.997089900709461,0.016062127012617815,1e-06,0.0,,,
40,0.1,fixed,1.0307692307692309,1,4,0.02143520152195655,0.9775908250046182,0.0,1e-06,0.0239911152425593,0.005279146053321637,0.011440982807512753,0.01639501719585787
40,0.1,fixed,1.0307692307692309,2,4,0.00012875301123593808,0.9959006181752899,0.0239911152425593,1e-06,0.0003058855486640561,2.8707450404041867e-05,7.13582482974421e-05,0.00011206706585959083
40,0.1,fixed,1.0307692307692309,3,3,2.505040944345005e-06,0.9960075943599075,0.024297000791223357,1e-06,7.988549404843812e-06,3.2089918720862256e-07,1.8632506520045828e-06,2.3262525313361378e-06
40,0.1,fixed,1.0307692307692309,4,2,5.021364746227164e-08,0.9960098467678887,0.024304989340628202,1e-06,0.0,,,
40,0.1,fixed,1.3076923076923077,1,4,0.02958813498331425,0.9693337074765993,0.0,1e-06,0.03218294293824962,0.007556271364445706,0.015558438890620625,0.022641206179530825
40,0.1,fixed,1.3076923076923077,2,5,0.00026300135432366645,0.9946995250203935,0.03218294293824962,1e-06,0.0006190443989872914,5.932159075911205e-05,0.00014444199809902336,0.00022821864040497338
40,0.1,fixed,1.3076923076923077,3,3,7.129611757417109e-06,0.9949155912821591,0.03280198733723692,1e-06,2.260204251578742e-05,9.289655697748521e-07,5.2717459420062476e-06,6.610067453447749e-06
40,0.1,fixed,1.3076923076923077,4,2,2.0526833865996963e-07,0.9949219399276351,0.0328245893797527,1e-06,0.0,,,
40,0.1,fixed,1.5846153846153845,1,5,0.037877384743114306,0.9609382926486291,0.0,1e-06,0.040545368657716935,0.0099180436913048,0.01983087243331664,0.02911588030382775
40,0.1,fixed,1.5846153846153845,2,5,0.0004428513925929245,0.9934524754483732,0.040545368657716935,1e-06,0.001037601338774625,0.00010046007569581174,0.00024216864289002975,0.00038373326551842835
40,0.1,fixed,1.5846153846153845,3,4,1.5370740110376424e-05,0.9938128323528941,0.04158296999649156,1e-06,4.8626762839314176e-05,2.014539916508829e-06,1.1341963636629168e-05,1.4241379724988259e-05
40,0.1,fixed,1.5846153846153845,4,2,5.352517199463946e-07,0.9938264280892652,0.041631596759330876,1e-06,0.0,,,
40,0.1,fixed,1.8615384615384616,1,5,0.04630968740679253,0.9523977371664549,0.0,1e-06,0.049086124843282536,0.012369906942175664,0.024268863651090523,0.035834128506037836
40,0.1,fixed,1.8615384615384616,2,5,0.0006673230355787041,0.9921599761404463,0.049086124843282536,1e-06,0.0015601691519249008,0.00015180426249829633,0.0003642532908197515,0.0005778887406132651
40,0.1,fixed,1.8615384615384616,3,4,2.8154548335157514e-05,0.9926983043732789,0.05064629399520744,1e-06,8.916492852732223e-05,3.678905906836024e-06,2.0797754630253208e-05,2.609157189478813e-05
40,0.1,fixed,1.8615384615384616,4,3,1.1029161760545136e-06,0.9927230965237942,0.05073545892373476,1e-06,4.0692843620651055e-06,8.23695557254534e-08,9.491184457247333e-07,1.0592013381174205e-06
40,0.1,fixed,1.8615384615384616,5,2,5.114831336250347e-08,0.9927241087076846,0.050739528208096824,1e-06,0.0,,,
40,0.1,fixed,2.138461538461539,1,5,0.0548924303804279,0.943704533987762,0.0,1e-06,0.057813647393380935,0.014917855980702898,0.028884115112453482,0.04281260145066324
40,0.1,fixed,2.138461538461539,2,6,0.0009353746742540858,0.9908225791047018,0.057813647393380935,1e-06,0.002185243183698022,0.0002130203425220191,0.0005103923515595956,0.0008099234067133366
40,0.1,fixed,2.138461538461539,3,4,4.632922546310425e-05,0.9915710460704543,0.05999889057707895,1e-06,0.00014720798271225248,5.997297361889187e-06,3.4337390737931086e-05,4.297145442858825e-05
40,0.1,fixed,2.138461538461539,4,3,2.121024074597244e-06,0.991611624816319,0.06014609855979121,1e-06,7.905363415463673e-06,1.5333357600218636e-07,1.8438476694135558e-06,2.0413549307063944e-06
40,0.1,fixed,2.138461538461539,5,2,1.196135633874107e-07,0.9916135614016862,0.060154003923206675,1e-06,0.0,,,
40,0.1,fixed,2.4153846153846157,1,5,0.06363363532552535,0.9348505314865367,0.0,1e-06,0.06673708215607257,0.0175684856608185,0.03368955217092046,0.05006964995431795
40,0.1,fixed,2.4153846153846157,2,6,0.0012457542189309168,0.9894409722780013,0.06673708215607257,1e-06,0.002911116144204219,0.00028369434744555087,0.0006802429280973553,0.0010789311635483487
40,0.1,fixed,2.4153846153846157,3,4,7.080529763914267e-05,0.9904300572188715,0.0696481983002768,1e-06,0.0002256944036184063,9.082292672639573e-06,5.264716584246238e-05,6.572567946770317e-05
40,0.1,fixed,2.4153846153846157,4,3,3.696855174317726e-06,0.9904917450775893,0.0698738927038952,1e-06,1.3932378599599472e-05,2.5786222352978086e-07,3.249598857016846e-06,3.5664090012975358e-06
40,0.1,fixed,2.4153846153846157,5,2,2.47570843936451e-07,0.9904951030898247,0.0698878250824948,1e-06,0.0,,,
40,0.1,fixed,2.6923076923076925,1,6,0.07254219959981356,0.925826685746299,0.0,1e-06,0.07586649802634576,0.020329121184842522,0.03869959437055094,0.05762569660346462
40,0.1,fixed,2.6923076923076925,2,6,0.0015970815467869492,0.9880159375933709,0.07586649802634576,1e-06,0.0037358803870173665,0.0003633727072945969,0.0008734225708025636,0.0013839134761668985
40,0.1,fixed,2.6923076923076925,3,5,0.00010221778246433111,0.9892745136614551,0.07960237841336312,1e-06,0.0003273209449411731,1.293688909801283e-05,7.635747656167848e-05,9.500030801376771e-05
40,0.1,fixed,2.6923076923076925,4,3,6.072561799741472e-06,0.9893630863554941,0.0799296993583043,1e-06,2.2859328066880024e-05,4.1135844104717625e-07,5.3317511112823454e-06,5.85937841310503e-06
40,0.1,fixed,2.6923076923076925,5,2,4.7539406922147975e-07,0.989368549142214,0.07995255868637118,1e-06,0.0,,,
40,0.1,fixed,2.9692307692307693,1,6,0.08162757709389779,0.9166233902389416,0.0,1e-06,0.08521267435682872,0.02320779566183019,0.04393011744688006,0.06550318131389263
40,0.1,fixed,2.9692307692307693,2,6,0.00198805853585593,0.9865482111293508,0.08521267435682872,1e-06,0.004657572006983898,0.00045165032147693324,0.0010895423341991258,0.0017239220759183494
40,0.1,fixed,2.9692307692307693,3,5,0.00014140865433331928,0.9881034648093207,0.08987024636381262,1e-06,0.00045483176110926946,1.766202892096706e-05,0.00010611042130460545,0.0001315769121868508
40,0.1,fixed,2.9692307692307693,4,4,9.462867678333708e-06,0.9882252891801219,0.0903250781249219,1e-06,3.547447033690944e-05,6.229637885191616e-07,8.274181745595152e-06,9.127578706332417e-06
40,0.1,fixed,2.9692307692307693,5,3,5.719281320759606e-07,0.9882338822157453,0.09036055259525881,1e-06,0.0,,,
40,0.1,fixed,3.2461538461538466,1,6,0.09090040653819298,0.9072298301807982,0.0,1e-06,0.09478762008904629,0.026213517985290282,0.04939900878090168,0.07372732148584257
40,0.1,fixed,3.2461538461538466,2,7,0.0024168515124336487,0.9850388848846539,0.09478762008904629,1e-06,0.00567373485589414,0.0005479113716316703,0.0013281033088420064,0.0020976249456955503
40,0.1,fixed,3.2461538461538466,3,5,0.0001890995300422027,0.9869160405986387,0.10046135494494043,1e-06,0.0006107424810311006,2.332510745998376e-05,0.00014249556454704949,0.00017613790556345206
40,0.1,fixed,3.2461538461538466,4,4,1.3923647390945426e-05,0.987078084964176,0.10107209742597154,1e-06,5.252521874514973e-05,8.797988408691874e-07,1.225125691093166e-05,1.345139497645987e-05
40,0.1,fixed,3.2461538461538466,5,3,9.223942886160685e-07,0.9870906908608664,0.10112462264471668,1e-06,0.0,,,
40,0.1,fixed,3.5230769230769234,1,7,0.100372458023672,0.8976340398277877,0.0,1e-06,0.1046045792753143,0.029356362690668422,0.05512636039964275,0.08232637383889771
40,0.1,fixed,3.5230769230769234,2,7,0.002881745488544696,0.9834890105902699,0.1046045792753143,1e-06,0.006781737412934127,0.0006516198294028881,0.0015885700653857926,0.002503748463681378
40,0.1,fixed,3.5230769230769234,3,5,0.0002456589008652532,0.9857115980300128,0.11138631668824843,1e-06,0.0007973152118255002,2.9846452304341833e-05,0.00018604419205245164,0.00022911824975242425
40,0.1,fixed,3.5230769230769234,4,4,1.972708941189172e-05,0.9859210521383325,0.11218363190007392,1e-06,7.490618102124311e-05,1.1901359638303476e-06,1.747170115438969e-05,1.908969886442085e-05
40,0.1,fixed,3.5230769230769234,5,3,1.4201458972129544e-06,0.9859388645336012,0.11225853808109516,1e-06,6.192163648126488e-06,3.384811997823328e-08,1.4442592228951698e-06,1.3832869103734364e-06
40,0.1,fixed,3.5230769230769234,6,2,1.5820860954640636e-07,0.9859401548748428,0.11226473024474329,1e-06,0.0,,,
40,0.1,fixed,3.8000000000000003,1,7,0.11005656335950775,0.8878229746834898,0.0,1e-06,0.11467802209292577,0.03264756467759356,0.061134684384004795,0.0913319206070882
40,0.1,fixed,3.8000000000000003,2,7,0.003380646867390147,0.9818998965882867,0.11467802209292577,1e-06,0.007978519760622754,0.0007620989528386285,0.0018703095973632295,0.0029407323646103824
40,0.1,fixed,3.8000000000000003,3,6,0.0003118145427672969,0.9844892785081644,0.12265654185354852,1e-06,0.0010168281214390177,3.7324159325856474e-05,0.00023729242943317238,0.00029118114510168723
40,0.1,fixed,3.8000000000000003,4,4,2.6966634421143887e-05,0.9847538782026312,0.12367336997498754,1e-06,0.00010351973633861008,1.5406245088238946e-06,2.414608412996126e-05,2.6160308397634605e-05
40,0.1,fixed,3.8000000000000003,5,3,2.0912480195312e-06,0.9847782084642938,0.12377688971132615,1e-06,9.223182562163062e-06,7.93564199898778e-08,2.151216459367755e-06,2.0044025629486346e-06
40,0.1,fixed,3.8000000000000003,6,2,2.5707682305142754e-07,0.9847800798007185,0.12378611289388831,1e-06,0.0,,,
40,0.1,fixed,4.0769230769230775,1,7,0.11996719121223265,0.8777819232671832,0.0,1e-06,0.1250241580816021,0.03609984703564077,0.06744959479531017,0.10077980137431117
40,0.1,fixed,4.0769230769230775,2,8,0.003911252744921989,0.9802730335986586,0.1250241580816021,1e-06,0.00926053786734021,0.0008786220986128235,0.0021725766865076865,0.003406829687889903
40,0.1,fixed,4.0769230769230775,3,6,0.0003876011382811795,0.9832486726102948,0.13428469594894232,1e-06,0.00127104399805894,4.562017228563194e-05,0.00029665715612758105,0.0003624856374861114
40,0.1,fixed,4.0769230769230775,4,5,3.583083547087362e-05,0.9835761732293978,0.13555573994700126,1e-06,0.00013925578939926437,1.9201722245676263e-06,3.2482111748921076e-05,3.485746379980815e-05
40,0.1,fixed,4.0769230769230775,5,3,3.0677553363167576e-06,0.9836083793247492,0.13569499573640054,1e-06,1.3378842932121005e-05,6.86838508336393e-08,3.12048939055405e-06,2.9924951494893418e-06
40,0.1,fixed,4.0769230769230775,6,2,4.2718273896014125e-07,0.9836111061212139,0.13570837457933266,1e-06,0.0,,,
40,0.1,fixed,4.353846153846154,1,7,0.13012047521786363,0.8674944800105417,0.0,1e-06,0.13566102762895166,0.039727608723632485,0.07410022219470475,0.11071066755752887
40,0.1,fixed,4.353846153846154,2,8,0.004470550389411243,0.9786104019911507,0.13566102762895166,1e-06,0.010623486434421537,0.0010001924460126938,0.0024944457744091645,0.003899754963298278
40,0.1,fixed,4.353846153846154,3,6,0.0004736231267800095,0.9819890610414513,0.1462845140633732,1e-06,0.0015617092997063681,5.4938568468327005e-05,0.0003645527667070486,0.00044350936681233335
40,0.1,fixed,4.353846153846154,4,5,4.6720183769610735e-05,0.9823873943794175,0.14784622336307957,1e-06,0.0001832576687321132,2.3440297482599267e-06,4.274667219182742e-05,4.555406505856703e-05
40,0.1,fixed,4.353846153846154,5,4,4.3860776173243465e-06,0.9824291744363391,0.14802948103181168,1e-06,1.892274184330279e-05,3.3732433718563364e-08,4.413563351610351e-06,4.348941604895954e-06
40,0.1,fixed,4.353846153846154,6,2,4.654320056030059e-07,0.9824331772182437,0.148048403773655,1e-06,0.0,,,
40,0.1,fixed,4.630769230769231,1,8,0.1405347557947001,0.8569419924420419,0.0,1e-06,0.14660901070051446,0.043547326551867965,0.0811200632795863,0.12117113311730507
40,0.1,fixed,4.630769230769231,2,8,0.00505522090226207,0.9769142521029995,0.14660901070051446,1e-06,0.012062353088453413,0.001125738550926394,0.0028348215261665183,0.00441694087043294
40,0.1,fixed,4.630769230769231,3,6,0.0005698929721706936,0.9807100671312463,0.15867136378896787,1e-06,0.0018900727611299976,6.50887326111273e-05,0.00044127862848368466,0.0005343970552817324
40,0.1,fixed,4.630769230769231,4,5,5.96926976828005e-05,0.9811872257392635,0.16056143655009786,1e-06,0.00023641066227342576,2.780320897207935e-06,5.5146531722707846e-05,5.8341891740992106e-05
40,0.1,fixed,4.630769230769231,5,4,5.992898839179972e-06,0.9812404839261712,0.16079784721237128,1e-06,2.5971425450631796e-05,7.596102610051765e-08,6.0576263671719755e-06,5.90890647321663e-06
40,0.1,fixed,4.630769230769231,6,3,5.441380841464394e-07,0.981246041492315,0.1608238186378219,1e-06,0.0,,,
40,0.1,fixed,4.907692307692308,1,8,0.15123032746217246,0.8461038208840085,0.0,1e-06,0.1578907449287238,0.04757772863315417,0.08854740103783935,0.13221432449251413
40,0.1,fixed,4.907692307692308,2,8,0.00566162019284322,0.975187115355314,0.1578907449287238,1e-06,0.013571373684703403,0.0012541092204909796,0.0031924254643602356,0.004955511681020798
40,0.1,fixed,4.907692307692308,3,7,0.000676219360168262,0.9794114952733931,0.1714621186134272,1e-06,0.0022569749190306417,7.594819635878023e-05,0.0005270399174677715,0.0006350586043179863
40,0.1,fixed,4.907692307692308,4,5,7.506582626093383e-05,0.9799751653131616,0.17371909353245785,1e-06,0.0002996963548130273,3.221125566400634e-06,6.991102405930563e-05,7.352361987790635e-05
40,0.1,fixed,4.907692307692308,5,4,8.031848199085978e-06,0.9800419432510097,0.17401878988727087,1e-06,3.4935392088736726e-05,1.3390301915900155e-07,8.148432809815394e-06,7.883478586415048e-06
40,0.1,fixed,4.907692307692308,6,3,7.632839300608651e-07,0.980049360354199,0.1740537252793596,1e-06,0.0,,,
40,0.1,fixed,5.184615384615385,1,8,0.16223069373683308,0.834956057258842,0.0,1e-06,0.16953222776172427,0.05184057353036698,0.0964269369342096,0.14390209139962104
40,0.1,fixed,5.184615384615385,2,9,0.006284827283161709,0.9734324319266139,0.16953222776172427,1e-06,0.015143315715973781,0.0013836761629911047,0.003565620842544535,0.005511600043662276
40,0.1,fixed,5.184615384615385,3,7,0.0007928611205694214,0.9780928843300191,0.18467554347769805,1e-06,0.0026629264737222584,8.743331508815826e-05,0.0006219661566100229,0.0007457518913905768
40,0.1,fixed,5.184615384615385,4,6,9.29975745522782e-05,0.97875081337504,0.1873384699514203,1e-06,0.00037414221441671696,3.646319057809562e-06,8.728029762180329e-05,9.127656883861628e-05
40,0.1,fixed,5.184615384615385,5,4,1.0454101695311913e-05,0.9788334408949632,0.18771261216583704,1e-06,4.600946843946495e-05,3.2659401737978424e-07,1.0731434686446686e-05,1.009301795977373e-05
40,0.1,fixed,5.184615384615385,6,3,1.0192176964629596e-06,0.9788430366032883,0.1877586216342765,1e-06,5.0530496704007615e-06,1.9261215124654717e-07,1.1785715224997717e-06,8.066876483432808e-07
40,0.1,fixed,5.184615384615385,7,1,2.9359384035032576e-08,0.97884397990239,0.18776367468394692,1e-06,0.0,,,
40,0.1,fixed,5.461538461538462,1,9,0.1735628949781115,0.8234711923127092,0.0,1e-06,0.1815632575835528,0.05636120533114605,0.10481101645709873,0.15630664292800456
40,0.1,fixed,5.461538461538462,2,9,0.006919658187133915,0.9716539771757098,0.1815632575835528,1e-06,0.016769725707940223,0.0015128151214146874,0.003952468546153679,0.00608100588703857
40,0.1,fixed,5.461538461538462,3,7,0.0009189206795363614,0.9767546005230314,0.19833298329149301,1e-06,0.003107467653822272,9.932575973466322e-05,0.0007259605139703645,0.0008657753496842731
40,0.1,fixed,5.461538461538462,4,6,0.00011329455128983312,0.9775140187408985,0.2014404509453153,1e-06,0.0004602445159728074,3.979346069322602e-06,0.00010737066858876132,0.00011147943142218776
40,0.1,fixed,5.461538461538462,5,5,1.3343219127270878e-05,0.9776146552236608,0.2019006954612881,1e-06,5.944705126718944e-05,6.201633133858347e-07,1.3865751027028494e-05,1.2658021602529437e-05
40,0.1,fixed,5.461538461538462,6,3,1.442679617769116e-06,0.977626682604292,0.2019601425125553,1e-06,6.881447964477063e-06,1.898360480947155e-07,1.605027854921746e-06,1.232552956653933e-06
40,0.1,fixed,5.461538461538462,7,2,2.8129016216293934e-07,0.9776278463452804,0.2019670239605198,1e-06,0.0,,,
40,0.1,fixed,5.7384615384615385,1,9,0.18525772035580557,0.8116179010524639,0.0,1e-06,0.1940177744067897,0.061169163794952894,0.11376101653668581,0.1695123750842798
40,0.1,fixed,5.7384615384615385,2,9,0.007559564323245005,0.9698565351365623,0.1940177744067897,1e-06,0.018440314774785586,0.0016394203091148376,0.004350573493547139,0.006658415843220168
40,0.1,fixed,5.7384615384615385,3,7,0.001053784189543605,0.9753968675654127,0.21245808918157527,1e-06,0.003589506592666183,0.00011141393250999237,0.000838779076234709,0.0009946297594090854
40,0.1,fixed,5.7384615384615385,4,6,0.00013617095697626702,0.9762643449852589,0.21604759577424146,1e-06,0.0005587495992606992,4.1957226016463095e-06,0.00013035694722051343,0.0001343439259194918
40,0.1,fixed,5.7384615384615385,5,5,1.6872508667109543e-05,0.9763851664008191,0.21660634537350215,1e-06,7.570987613025269e-05,9.295628186778677e-07,1.7659104705528422e-05,1.5845067332897238e-05
40,0.1,fixed,5.7384615384615385,6,3,1.8960223732156223e-06,0.9764002807736182,0.2166820552496324,1e-06,9.148059014408516e-06,2.775418150913186e-07,2.1336937989185087e-06,1.5887765539690107e-06
40,0.1,fixed,5.7384615384615385,7,2,3.9500760673494284e-07,0.9764017824583043,0.21669120330864683,1e-06,0.0,,,
40,0.1,fixed,6.015384615384616,1,9,0.1973515010538247,0.7993592134855693,0.0,1e-06,0.20693557735557633,0.06629958443645596,0.12335033850995084,0.18361989627536413
40,0.1,fixed,6.015384615384616,2,10,0.008196853174281649,0.9680458707475315,0.20693557735557633,1e-06,0.020142485683390905,0.0017610699354310936,0.004756966164587797,0.007237484292180829
40,0.1,fixed,6.015384615384616,3,8,0.001196317646445788,0.9740203487145522,0.22707806303896724,1e-06,0.004106874941713223,0.00012341477445504173,0.0009599259426012278,0.0011313573185741713
40,0.1,fixed,6.015384615384616,4,6,0.00016132009132963088,0.9750017326672117,0.23118493798068046,1e-06,0.0006698817822480814,4.20815720844154e-06,0.0001562922146847065,0.0001596467876078505
40,0.1,fixed,6.015384615384616,5,5,2.0967847680353202e-05,0.9751448532123037,0.23185481976292854,1e-06,9.485375542139568e-05,1.3624077298512542e-06,2.2124539152383018e-05,1.94615328142667e-05
40,0.1,fixed,6.015384615384616,6,4,2.5812707410421964e-06,0.975163331577548,0.23194967351834994,1e-06,1.2067225614311736e-05,2.7466118494216936e-07,2.8145642381825667e-06,2.2918963769313377e-06
40,0.1,fixed,6.015384615384616,7,2,3.301382023312982e-07,0.9751655467029746,0.23196174074396425,1e-06,0.0,,,
40,0.1,fixed,6.292307692307693,1,10,0.20988728851471772,0.7866513148602977,0.0,1e-06,0.22036358102188625,0.07179462034427375,0.13366754965882266,0.19875019127717197
40,0.1,fixed,6.292307692307693,2,10,0.008821050968911837,0.9662297891494065,0.22036358102188625,1e-06,0.021860185821738293,0.0018743298268963635,0.005167815668886045,0.0078096454581181324
40,0.1,fixed,6.292307692307693,3,8,0.0013447595824660485,0.972626251373103,0.24222376684362454,1e-06,0.004655535832006324,0.00013492969839623483,0.0010884667758695632,0.001274426222538689
40,0.1,fixed,6.292307692307693,4,7,0.00018871002076203958,0.9737259347177154,0.24687930267563085,1e-06,0.0007936381213873977,3.96135597954107e-06,0.00018517664334093134,0.00018737255995941696
40,0.1,fixed,6.292307692307693,5,5,2.581327718786941e-05,0.9738932383539932,0.24767294079701824,1e-06,0.00011726595243098607,1.7969100253192759e-06,2.735242571560526e-05,2.382499631598623e-05
40,0.1,fixed,6.292307692307693,6,4,3.3276164678186504e-06,0.9739158305996061,0.2477902067494492,1e-06,1.5601855124677714e-05,3.7655369472034305e-07,3.6389879856961397e-06,2.943215309443799e-06
40,0.1,fixed,6.292307692307693,7,2,4.451850076359065e-07,0.9739186679938766,0.24780580860457388,1e-06,0.0,,,
40,0.1,fixed,6.56923076923077,1,10,0.2229155724107158,0.7734428149479536,0.0,1e-06,0.23435685070906231,0.0777049675048582,0.14481987037893151,0.21504920677091377
40,0.1,fixed,6.56923076923077,2,11,0.009420343054690195,0.9644173434550013,0.23435685070906231,1e-06,0.023574022291437458,0.001975468155368269,0.005578451693323272,0.008365019152652526
40,0.1,fixed,6.56923076923077,3,8,0.0014970426783523783,0.971216128896247,0.25793087300049977,1e-06,0.0052299828158545985,0.00014551254779463627,0.0012231210416740101,0.0014219968330122631
40,0.1,fixed,6.56923076923077,4,7,0.00021835354454347033,0.9724367188529774,0.26316085581635434,1e-06,0.0009297241166413482,3.4126134900777476e-06,0.00021694245576810815,0.00021752722680883302
40,0.1,fixed,6.56923076923077,5,6,3.13682428626505e-05,0.9726301590371975,0.2640905799329957,1e-06,0.00014311146177865835,2.3324929887566195e-06,3.338129300884177e-05,2.878561857436077e-05
40,0.1,fixed,6.56923076923077,6,4,4.091348925427951e-06,0.9726576002924691,0.2642336913947743,1e-06,1.9732352632589673e-05,5.817951375000581e-07,4.602395245117917e-06,3.445696051997627e-06
40,0.1,fixed,6.56923076923077,7,3,3.8593438067557884e-07,0.9726612525427759,0.2642534237474069,1e-06,0.0,,,
40,0.1,fixed,6.846153846153847,1,11,0.23649844802437414,0.7596704987000142,0.0,1e-06,0.24898255112512346,0.08409337916323732,0.1569407718936351,0.2326979739242498
40,0.1,fixed,6.846153846153847,2,11,0.009979579443953668,0.9626202723624218,0.24898255112512346,1e-06,0.025259098024526326,0.0020596994118810812,0.005982830646794449,0.00889089031156173
40,0.1,fixed,6.846153846153847,3,9,0.0016494268575915072,0.9697928971442447,0.27424164914964977,1e-06,0.00582162814738955,0.0001544939140401161,0.0013618814863119034,0.0015707652083069967
40,0.1,fixed,6.846153846153847,4,7,0.00025048774250402417,0.9711343103400306,0.28006327729703934,1e-06,0.0010765617936749254,2.447937467529666e-06,0.00025122222153224595,0.0002492047325319871
40,0.1,fixed,6.846153846153847,5,6,3.747810711340893e-05,0.971355545516297,0.28113983909071427,1e-06,0.00017218712438637622,3.1030147072201497e-06,4.0163792751530255e-05,3.4041497098817284e-05
40,0.1,fixed,6.846153846153847,6,4,5.049264992118552e-06,0.9713881291589277,0.28131202621510065,1e-06,2.4592622526666356e-05,7.811569399966276e-07,5.736020835111843e-06,4.182298000992947e-06
40,0.1,fixed,6.846153846153847,7,3,4.721362434345622e-07,0.9713926346292201,0.28133661883762734,1e-06,0.0,,,
40,0.1,fixed,7.1230769230769235,1,11,0.2507111504091145,0.7452577643640126,0.0,1e-06,0.2643219479632216,0.09103775331011463,0.17019708450807194,0.25192187989632964
40,0.1,fixed,7.1230769230769235,2,11,0.010479586811484864,0.9608535490820712,0.2643219479632216,1e-06,0.026883813004399577,0.0021209771615088623,0.006373232757098895,0.00937109858817636
40,0.1,fixed,7.1230769230769235,3,9,0.0017980559069333824,0.9683598459384886,0.2912057609676212,1e-06,0.006418784000234454,0.00016114479990435933,0.001502008852439439,0.0017172012597077013
40,0.1,fixed,7.1230769230769235,4,8,0.0002849519464539485,0.9698191519632755,0.2976245449678556,1e-06,0.0012319383941202162,3.4008355995766285e-06,0.0002875001148119825,0.0002813675528151995
40,0.1,fixed,7.1230769230769235,5,6,4.4008118817884245e-05,0.9700692976543309,0.29885648336197584,1e-06,0.00020416180112932337,4.178294625517956e-06,4.762272088385618e-05,3.938086480813507e-05
40,0.1,fixed,7.1230769230769235,6,5,5.925484694024874e-06,0.9701075138103541,0.29906064516310515,1e-06,2.9847282849109586e-05,1.1942144597525053e-06,6.9616380333568505e-06,4.601795032361129e-06
40,0.1,fixed,7.1230769230769235,7,3,6.592861303555964e-07,0.970112575562292,0.29909049244595426,1e-06,0.0,,,
40,0.1,fixed,7.4,1,12,0.2656489750604958,0.7301075665058039,0.0,1e-06,0.2804772583982016,0.09863782748399058,0.18480371309028443,0.2730101316261279
40,0.1,fixed,7.4,2,12,0.010895422737687066,0.9591368549386299,0.2804772583982016,1e-06,0.02840667874348149,0.002151488153068209,0.0067394790668126444,0.00978455461581652
40,0.1,fixed,7.4,3,9,0.0019363567862845654,0.9669225570810863,0.30888393714168305,1e-06,0.007004105047628357,0.0001643784498078745,0.0016394265181059742,0.0018553636722739716
40,0.1,fixed,7.4,4,8,0.00031964371093595734,0.9684923669485757,0.31588804218931144,1e-06,0.001391364605960467,6.332224112791423e-06,0.00032472828986347354,0.000312843970825311
40,0.1,fixed,7.4,5,6,5.092863862354857e-05,0.9687710988751399,0.3172794067952719,1e-06,0.00023834718462133582,5.386373556929976e-06,5.5597562808000606e-05,4.4962426911998544e-05
40,0.1,fixed,7.4,6,5,7.000749766561398e-06,0.9688151059584947,0.31751775397989324,1e-06,3.583629381328491e-05,1.5652512862916592e-06,8.35854452022155e-06,5.265833241231129e-06
40,0.1,fixed,7.4,7,3,7.793869989392022e-07,0.9688210498816292,0.3175535902737065,1e-06,0.0,,,
40,0.1,fixed,7.676923076923077,1,13,0.2814327460679249,0.7140968411077624,0.0,1e-06,0.2975778005435731,0.10702300974750412,0.20104148444754028,0.2963390557142114
40,0.1,fixed,7.676923076923077,2,12,0.011193819036680375,0.957496543218988,0.2975778005435731,1e-06,0.029772628271070793,0.0021407996339833936,0.007068022777849741,0.010103154132392603
40,0.1,fixed,7.676923076923077,3,10,0.002056535357088274,0.9654880759543611,0.3273504288146439,1e-06,0.007553228011632024,0.00016288688569317426,0.001768399572488667,0.0019780345988448856
40,0.1,fixed,7.676923076923077,4,8,0.00035299848710101944,0.9671553444505075,0.3349036568262759,1e-06,0.0015486712063960413,1.023248295075748e-05,0.00036146593834787455,0.00034191002144381294
40,0.1,fixed,7.676923076923077,5,7,5.766853297539676e-05,0.9674613320650917,0.33645232803267194,1e-06,0.0002732107995062464,6.9972711022590704e-06,6.373081090944781e-05,4.991820909880769e-05
40,0.1,fixed,7.676923076923077,6,5,8.183818198448378e-06,0.9675106888368511,0.3367255388321782,1e-06,4.209135857655596e-05,1.867659123809656e-06,9.817514302101365e-06,6.11202711908625e-06
40,0.1,fixed,7.676923076923077,7,3,9.378002698845478e-07,0.9675176136099618,0.3367676301907548,1e-06,0.0,,,
40,0.1,fixed,7.953846153846155,1,13,0.29822152372734045,0.6970635475624702,0.0,1e-06,0.31579285956192527,0.11636679442671768,0.2192894968158846,0.3224144145471967
40,0.1,fixed,7.953846153846155,2,13,0.01133025667227272,0.9559682070512592,0.31579285956192527,1e-06,0.03090696842102962,0.002075112920855696,0.007340480465504108,0.010289228684842687
40,0.1,fixed,7.953846153846155,3,10,0.002146233984061885,0.9640675114237908,0.3466998279829549,1e-06,0.008030343884194237,0.00015475959920652015,0.0018804879180547777,0.002073859758375972
40,0.1,fixed,7.953846153846155,4,8,0.00038265302340523277,0.9658102304509076,0.3547301718671491,1e-06,0.0016936620189867547,1.5052242790230968e-05,0.0003953308177538599,0.0003662506243540494
40,0.1,fixed,7.953846153846155,5,7,6.404759868328114e-05,0.9661397904526852,0.35642383388613585,1e-06,0.00030698121816927367,8.71531119009066e-06,7.160921757920377e-05,5.439279201667954e-05
40,0.1,fixed,7.953846153846155,6,5,9.219747543864898e-06,0.9661943045167537,0.35673081510430515,1e-06,4.8282929737140774e-05,2.3325369962394995e-06,1.1261678201434022e-05,6.632066416047516e-06
40,0.1,fixed,7.953846153846155,7,4,1.191499324426637e-06,0.9662018728889726,0.3567790980340423,1e-06,6.527280472687698e-06,4.2662503967467054e-07,1.5224211193140894e-06,7.877313759117534e-07
40,0.1,fixed,7.953846153846155,8,2,1.3704732582109358e-07,0.9662028418189578,0.35678562531451496,1e-06,0.0,,,
40,0.1,fixed,8.23076923076923,1,15,0.31623329107082143,0.6787855702685645,0.0,1e-06,0.33535298618705855,0.12691092546085686,0.2400795594691549,0.3519424598531786
40,0.1,fixed,8.23076923076923,2,13,0.011242413494016557,0.9546020128546637,0.33535298618705855,1e-06,0.031704323924174896,0.0019352936287919253,0.0075309626396627615,0.010290146559170595
40,0.1,fixed,8.23076923076923,3,10,0.0021876724176372875,0.9626771932541873,0.36705731011123344,1e-06,0.008382495686739858,0.0001373464809180105,0.001963204610979175,0.0021264203288321876
40,0.1,fixed,8.23076923076923,4,9,0.0004043453295761168,0.9644613303579652,0.3754398057979733,1e-06,0.0018097393506998783,2.1252249666241653e-05,0.00042244366446272946,0.00038108797178959146
40,0.1,fixed,8.23076923076923,5,7,6.914476856589857e-05,0.964807079744944,0.3772495451486732,1e-06,0.00033547292141641725,1.0468251176998854e-05,7.825624799006692e-05,5.754407653848858e-05
40,0.1,fixed,8.23076923076923,6,6,1.0219318010595835e-05,0.9648654236538385,0.3775850180700896,1e-06,5.390011922529757e-05,2.6690601642517872e-06,1.257187611733602e-05,7.256305613442771e-06
40,0.1,fixed,8.23076923076923,7,4,1.2144845593642373e-06,0.9648739531707395,0.3776389181893149,1e-06,7.347991131787871e-06,5.650963852294226e-07,1.71384352865419e-06,5.869693497635931e-07
40,0.1,fixed,8.23076923076923,8,2,8.508624027570022e-08,0.9648749408045397,0.37764626618044667,1e-06,0.0,,,
40,0.1,fixed,8.507692307692308,1,16,0.33577532102771335,0.6589497412707593,0.0,1e-06,0.3565819436367632,0.13900500681295247,0.26418669946835593,0.3859472427679447
40,0.1,fixed,8.507692307692308,2,14,0.010840750793196019,0.9534704717928549,0.3565819436367632,1e-06,0.03201177226291887,0.0016941963073143476,0.0076020483304819345,0.010030503533869643
40,0.1,fixed,8.507692307692308,3,10,0.0021544264360757737,0.9613417616646718,0.38859371589968206,1e-06,0.008529196898095667,0.00010683724072540545,0.0019975795675289706,0.002111229406291594
40,0.1,fixed,8.507692307692308,4,9,0.00041215868942989786,0.963114535830224,0.3971229127977777,1e-06,0.0018712992154468347,2.8714084101288362e-05,0.000436820283499247,0.0003806227756844939
40,0.1,fixed,8.507692307692308,5,7,7.133930095915009e-05,0.9634646238372695,0.39899421201322455,1e-06,0.00035226519381626007,1.2424759408599722e-05,8.21737660704976e-05,5.756689908816073e-05
40,0.1,fixed,8.507692307692308,6,6,1.0538322010478218e-05,0.963524452868605,0.3993464772070408,1e-06,5.701719130722664e-05,3.127074568502486e-06,1.3298922772583289e-05,7.066289100893354e-06
40,0.1,fixed,8.507692307692308,7,4,1.1941887123612105e-06,0.9635332124073964,0.39940349439834805,1e-06,7.668718627789447e-06,6.725823937909214e-07,1.7886498532847712e-06,4.472994145934093e-07
40,0.1,fixed,8.507692307692308,8,2,1.0326389965342742e-07,0.9635341875215634,0.39941116311697583,1e-06,0.0,,,
40,0.1,fixed,8.784615384615384,1,17,0.3573132872736067,0.6370813337533702,0.0,1e-06,0.3799672625099185,0.1531898591587762,0.2928185147999215,0.4260160204805984
40,0.1,fixed,8.784615384615384,2,14,0.00998565097006543,0.9526867473167309,0.3799672625099185,1e-06,0.03159179515283059,0.0013269609457779452,0.007495988926541051,0.00939373084711577
40,0.1,fixed,8.784615384615384,3,11,0.002004405892655603,0.9601009276209449,0.41155905766274914,1e-06,0.008339963005588659,5.730980177057855e-05,0.0019529029399894134,0.0019892143825759497
40,0.1,fixed,8.784615384615384,4,9,0.00039586220358478474,0.9617803452360754,0.4198990206683378,1e-06,0.0018350477198334951,3.754311801086362e-05,0.0004283440736737628,0.0003544909126839261
40,0.1,fixed,8.784615384615384,5,8,6.854066903472233e-05,0.962114094160822,0.4217340683881713,1e-06,0.0003465317121749508,1.4050782239366173e-05,8.083585024800775e-05,5.2958834269809076e-05
40,0.1,fixed,8.784615384615384,6,6,9.76190532253618e-06,0.9621714605622927,0.42208060010034626,1e-06,5.558212495296179e-05,3.6400896029022225e-06,1.2964181898486196e-05,5.721616568823752e-06
40,0.1,fixed,8.784615384615384,7,4,9.312975558506409e-07,0.9621795428523464,0.4221361822252992,1e-06,0.0,,,
40,0.1,fixed,9.061538461538461,1,20,0.3816127979044891,0.6123996419980428,0.0,1e-06,0.4063052258082591,0.1703763199661436,0.3280240795504819,0.47482659803173044
40,0.1,fixed,9.061538461538461,2,15,0.008494248715048225,0.9524396178814274,0.4063052258082591,1e-06,0.030047191607524764,0.0008743096532412927,0.00711711121273855,0.00816233511209408
40,0.1,fixed,9.061538461538461,3,11,0.001724789254840542,0.9590228526586848,0.4363524174157839,1e-06,0.0075891743339682564,5.859671228408663e-05,0.0017762146439130374,0.0016645741928335291
40,0.1,fixed,9.061538461538461,4,9,0.0003370772479320827,0.9604780442795252,0.4439415917497522,1e-06,0.0016240618534857896,4.820938470601246e-05,0.0003790503370381624,0.0002837776651556681
40,0.1,fixed,9.061538461538461,5,8,5.587402271567399e-05,0.960760207236878,0.44556565360323797,1e-06,0.0002970046026726836,1.527431360211617e-05,6.928084932376579e-05,3.892729255439949e-05
40,0.1,fixed,9.061538461538461,6,6,7.123436380762627e-06,0.9608067189270261,0.44586265820591064,1e-06,4.471732954211651e-05,3.7517331395805035e-06,1.0429981500455485e-05,2.958415063672032e-06
40,0.1,fixed,9.061538461538461,7,3,8.171281673519104e-07,0.9608127778128027,0.4459073755354528,1e-06,0.0,,,
40,0.1,fixed,9.338461538461539,1,23,0.41010381068883284,0.5834460578677929,0.0,1e-06,0.43707372371713227,0.1923135975140623,0.37376909655054213,0.5375287232867679
40,0.1,fixed,9.338461538461539,2,16,0.006088970386342818,0.9530843854419918,0.43707372371713227,1e-06,0.026626406417934935,0.00024051655010585784,0.006286646305682068,0.005899656350605867
40,0.1,fixed,9.338461538461539,3,11,0.0012008076319454108,0.9582418361809133,0.4637001301350672,1e-06,0.005836503810384676,0.00018806511951388334,0.0013645765349912515,0.0009942178775853919
40,0.1,fixed,9.338461538461539,4,9,0.00019962607210544103,0.9592457213280902,0.4695366339454519,1e-06,0.0010842742551475416,6.0862545641994804e-05,0.0002529962284515414,0.00013213355516983755
40,0.1,fixed,9.338461538461539,5,7,2.437708412106332e-05,0.9594116996677687,0.4706209082005995,1e-06,0.00016174881289178941,1.514603997768884e-05,3.772799852913873e-05,7.562422650313397e-06
40,0.1,fixed,9.338461538461539,6,4,2.3544516258855452e-06,0.9594314530466056,0.47078265701349126,1e-06,1.5043580383355512e-05,1.8086980478415206e-06,5.938389610559081e-06,1.6119503916486253e-06
40,0.1,fixed,9.338461538461539,7,2,1.6699063920544432e-06,0.9594323705309188,0.4707977005938746,1e-06,2.436326531515128e-06,1.956758160466925e-07,1.2785510958147515e-06,1.2476563472869467e-06
40,0.1,fixed,9.338461538461539,8,2,6.915095824844286e-07,0.9594317730283909,0.470796598013502,1e-06,0.0,,,
40,0.1,fixed,9.615384615384615,1,30,0.4461829158805922,0.5467546918282112,0.0,1e-06,0.4757552493169328,0.223283415124789,0.4398347337140625,0.6267326480271915
40,0.1,fixed,9.615384615384615,2,17,0.0030764300349035434,0.9554717538867934,0.4757552493169328,1e-06,0.01953111050990281,0.0018046675069751795,0.004583578777075241,0.0010881306532429392
40,0.1,fixed,9.615384615384615,3,10,0.00035073476796032566,0.9580845889763187,0.4952863598268356,1e-06,0.0020003963153992417,0.0002551089781403033,0.000773269516755495,0.0002232201660490678
40,0.1,fixed,9.615384615384615,4,7,0.00018982282694257613,0.9581776214304262,0.49728675614223483,1e-06,0.00028688665488215814,1.963883709031449e-05,0.00015049766390222034,0.00014747577605364669
40,0.1,fixed,9.615384615384615,5,7,6.011230522995348e-05,0.958090413429369,0.4971225831056805,1e-06,0.00016337909792586748,1.1489371706547044e-05,3.810275618574305e-05,5.3906447928956495e-05
40,0.1,fixed,9.615384615384615,6,6,1.554433053385651e-05,0.9580510217502799,0.4969592040077547,1e-06,5.817927749642817e-05,1.0539832829286445e-06,1.3569294416742527e-05,1.4983340761298341e-05
40,0.1,fixed,9.615384615384615,7,5,3.363733716232886e-06,0.9580388099344792,0.49690102473025827,1e-06,1.5677440502288145e-05,3.596332615485964e-07,3.656568638808045e-06,2.9674796208665653e-06
40,0.1,fixed,9.615384615384615,8,3,6.307627686830131e-07,0.9580360009300728,0.496885347289756,1e-06,0.0,,,
40,0.25,calibrated,0.2,1,3,0.004980048071586252,1.000061590992938,0.0,1e-06,0.08585451927432497,7.221785284144483e-05,0.005004737504463552,0.004792933450953557
40,0.25,calibrated,0.2,2,3,2.4165393692321402e-05,1.001372778589967,0.08585451927432497,1e-06,0.00041647472912155134,6.547912121376277e-08,2.403883465187225e-05,1.828396310783573e-05
40,0.25,calibrated,0.2,3,2,2.3988805186725415e-07,1.0013777271391846,0.08627099400344652,1e-06,0.0,,,
40,0.25,calibrated,0.47692307692307695,1,3,0.0049523811201859225,0.9934637043617685,0.0,1e-06,0.08568925763150026,0.0001842482214103791,0.004998175285045418,0.004509401498949764
40,0.25,calibrated,0.47692307692307695,2,3,2.3443578342163818e-05,0.9975885534475328,0.08568925763150026,1e-06,0.0004027755012182354,4.380437336262235e-07,2.326358774279276e-05,1.1881975195278171e-05
40,0.25,calibrated,0.47692307692307695,3,2,2.2835226132222886e-07,0.997600350806747,0.0860920331327185,1e-06,0.0,,,
40,0.25,calibrated,0.7538461538461538,1,4,0.0049246658167342305,0.9857393987472224,0.0,1e-06,0.0855236344908924,0.0002999298618326816,0.0049915899179379,0.004217700864634093
40,0.25,calibrated,0.7538461538461538,2,3,2.2773286294963668e-05,0.9893527892274632,0.0855236344908924,1e-06,0.0003893125611575376,1.0705232849424969e-06,2.250099451261417e-05,7.430224165228526e-06
40,0.25,calibrated,0.7538461538461538,3,2,2.172737907368827e-07,0.9893601518143128,0.08591294705204994,1e-06,0.0,,,
40,0.25,calibrated,1.0307692307692309,1,4,0.004896901600588421,0.977894885359432,0.0,1e-06,0.08535764477520308,0.000419495136864283,0.004984981073750678,0.0039172339240616345
40,0.25,calibrated,1.0307692307692309,2,4,2.2153613973507902e-05,0.9809827427193716,0.08535764477520308,1e-06,0.00037612882465442443,8.997497953339295e-07,2.1753559636244125e-05,5.296235855991549e-06
40,0.25,calibrated,1.0307692307692309,3,2,2.0446380943894837e-07,0.9809880132623066,0.0857337735998575,1e-06,0.0,,,
40,0.25,calibrated,1.3076923076923077,1,4,0.0048690879032298184,0.9699246821794455,0.0,1e-06,0.08519128333441686,0.0005431987919408967,0.00497834841802529,0.0036073386389345805
40,0.25,calibrated,1.3076923076923077,2,4,2.1581665257563998e-05,0.9724717156002249,0.08519128333441686,1e-06,0.00036315256909349026,2.6163442107424992e-06,2.1017159699194748e-05,5.9170252353116145e-06
40,0.25,calibrated,1.3076923076923077,3,2,1.9417325525239448e-07,0.9724776302306732,0.08555443590351035,1e-06,0.0,,,
40,0.25,calibrated,1.5846153846153845,1,5,0.004841224148459666,0.9618228226162898,0.0,1e-06,0.08502454494530506,0.00067130786430769,0.004971691611190827,0.0032873123941126996
40,0.25,calibrated,1.5846153846153845,2,4,2.1060526915750444e-05,0.9638124775033643,0.08502454494530506,1e-06,0.0003504271488007541,4.31504737157476e-06,2.0294325044288346e-05,9.754112569176149e-06
40,0.25,calibrated,1.5846153846153845,3,2,2.6754898818648343e-07,0.9638221804387334,0.08537497209410581,1e-06,0.0,,,
40,0.25,calibrated,1.8615384615384616,1,5,0.004813309750388628,0.9535829587433237,0.0,1e-06,0.08485742430491221,0.0008041419814298341,0.004965010308145383,0.0029563055667639815
40,0.25,calibrated,1.8615384615384616,2,4,2.0591291358895703e-05,0.9549970497659259,0.08485742430491221,1e-06,0.00033795734842119516,5.996276690377927e-06,1.958535760961571e-05,1.7456081828850252e-05
40,0.25,calibrated,1.8615384615384616,3,2,4.692209724099783e-07,0.9550142619405776,0.0851953816533334,1e-06,0.0,,,
40,0.25,calibrated,2.138461538461539,1,5,0.004785344115450507,0.9451981356731095,0.0,1e-06,0.08468991603502582,0.0009420364369364471,0.004958304158519024,0.0026134142672340696
40,0.25,calibrated,2.138461538461539,2,4,2.839032477885972e-05,0.946016779887667,0.08468991603502582,1e-06,0.0003257480341244751,6.992228091047809e-06,2.27102056837501e-05,2.0585002085963055e-05
40,0.25,calibrated,2.138461538461539,3,2,7.897836996617613e-07,0.9460458204394266,0.0850156640691503,1e-06,0.0,,,
40,0.25,calibrated,2.4153846153846157,1,5,0.004757326641078974,0.9366608191389997,0.0,1e-06,0.08452201467756451,0.001085369419351692,0.004951572806372291,0.0022576062580932474
40,0.25,calibrated,2.4153846153846157,2,4,4.4813618358507945e-05,0.9368621524909143,0.08452201467756451,1e-06,0.00031380415841013456,6.606635892536383e-06,3.0576939100038855e-05,2.7554268118098538e-05
40,0.25,calibrated,2.4153846153846157,3,3,1.454466580619318e-06,0.936908248661245,0.08483581883597464,1e-06,2.6844837876289567e-06,6.344139309062549e-08,5.654759356668519e-07,1.2312120588760325e-06
40,0.25,calibrated,2.4153846153846157,4,2,2.0640909204061586e-08,0.9369067744624262,0.08483850331976227,1e-06,0.0,,,
40,0.25,calibrated,2.6923076923076925,1,6,0.004729256715986341,0.9279626627349585,0.0,1e-06,0.08435371469423963,0.001234529123374601,0.004944815890160026,0.0018878006138948332
40,0.25,calibrated,2.6923076923076925,2,4,6.677562995283104e-05,0.9275228237337417,0.08435371469423963,1e-06,0.00030213076083751973,6.677752174911894e-06,4.018652125498699e-05,4.2318078187102636e-05
40,0.25,calibrated,2.6923076923076925,3,3,2.34428200618364e-06,0.9275917380244937,0.08465584545507715,1e-06,3.875465269800153e-06,1.0029468204919707e-07,9.72153974738171e-07,2.0147732065645315e-06
40,0.25,calibrated,2.6923076923076925,4,2,3.668333492523601e-08,0.9275893594671634,0.08465838206737285,1e-06,0.0,,,
40,0.25,calibrated,2.9692307692307693,1,6,0.004701133719347661,0.919094838778193,0.0,1e-06,0.08418501046323815,0.0013900235418076294,0.0049380330425093325,0.0018051440395975462
40,0.25,calibrated,2.9692307692307693,2,4,9.536064513837594e-05,0.9179870694764078,0.08418501046323815,1e-06,0.00029073297170475933,9.405196952831244e-06,5.18633644152172e-05,6.441338553149127e-05
40,0.25,calibrated,2.9692307692307693,3,3,3.6617705044816873e-06,0.9180858515906054,0.08447574343494291,1e-06,6.326931440881825e-06,1.08901613284721e-07,1.6035736377372244e-06,3.192318446948804e-06
40,0.25,calibrated,2.9692307692307693,4,2,6.189402557144064e-08,0.9180821334941967,0.08447813680304524,1e-06,0.0,,,
40,0.25,calibrated,3.2461538461538466,1,6,0.004672957021420121,0.9100474213497087,0.0,1e-06,0.08401589627981518,0.0015523626070522577,0.004931223890240358,0.002169040860616091
40,0.25,calibrated,3.2461538461538466,2,4,0.00013159553161867787,0.908242117044777,0.08401589627981518,1e-06,0.0002796160118838074,1.3856298175746364e-05,6.595070856159461e-05,9.307736418919438e-05
40,0.25,calibrated,3.2461538461538466,3,4,5.604866129438335e-06,0.9083790459534004,0.08429551229169899,1e-06,9.952225024608798e-06,1.267383624211699e-07,2.5492663917954965e-06,4.938514815305097e-06
40,0.25,calibrated,3.2461538461538466,4,2,1.349512801507302e-07,0.9083733047607339,0.08429776687791789,1e-06,0.0,,,
40,0.25,calibrated,3.5230769230769234,1,7,0.004644725982923981,0.9008094640945438,0.0,1e-06,0.083846366353475,0.0016686711336756834,0.004924388054174375,0.0025924690477247773
40,0.25,calibrated,3.5230769230769234,2,4,0.0001766869042446606,0.8982737471577262,0.083846366353475,1e-06,0.0002687851960478238,1.2828416694486509e-05,8.285738164128545e-05,0.00012942239741474748
40,0.25,calibrated,3.5230769230769234,3,4,8.30866695444854e-06,0.8984584484404735,0.08411515154952283,1e-06,1.5148117757160764e-05,1.468410953928604e-07,3.922608395259427e-06,7.407502589322405e-06
40,0.25,calibrated,3.5230769230769234,4,2,2.2069883887088082e-07,0.8984499182159088,0.08411727099493317,1e-06,0.0,,,
40,0.25,calibrated,3.8000000000000003,1,7,0.004616439954908347,0.891369071997479,0.0,1e-06,0.08367641480639686,0.0017258884853563784,0.004917525149019025,0.00340578069151461
40,0.25,calibrated,3.8000000000000003,2,5,0.00023268457746628002,0.8880654274831599,0.08367641480639686,1e-06,0.00025824513554418763,1.2138105041090251e-05,0.00010318280407078199,0.00017518315657498554
40,0.25,calibrated,3.8000000000000003,3,4,1.2472498322591008e-05,0.8883102759261351,0.08393465994194105,1e-06,2.2617737345916695e-05,2.189863391626694e-07,5.92265652979816e-06,1.114321481353213e-05
40,0.25,calibrated,3.8000000000000003,4,2,3.657135346779583e-07,0.888297448924421,0.08393664846379485,1e-06,0.0,,,
40,0.25,calibrated,4.0769230769230775,1,7,0.0045880982786206115,0.8817128739385137,0.0,1e-06,0.08350603567189974,0.0018413926699237951,0.0049106347832553595,0.0037777026768940616
40,0.25,calibrated,4.0769230769230775,2,5,0.00030099119519821915,0.8775995778867405,0.08350603567189974,1e-06,0.00027933272935045956,1.2975070467242505e-05,0.00012747360818744774,0.00023176568305574
40,0.25,calibrated,4.0769230769230775,3,4,1.799958988335515e-05,0.8779182637339417,0.08375403847565156,1e-06,3.2869356607107206e-05,3.0074739525613833e-07,8.70660281909058e-06,1.6195871503509465e-05
40,0.25,calibrated,4.0769230769230775,4,3,8.377202435072562e-07,0.8778994007568856,0.08375589839785928,1e-06,0.0,,,
40,0.25,calibrated,4.353846153846154,1,7,0.005095738036882125,0.8718260147383446,0.0,1e-06,0.08333522289260031,0.0020204596302813302,0.0049037165590052915,0.003991225684420552
40,0.25,calibrated,4.353846153846154,2,6,0.00038421981682279505,0.8668553880847518,0.08333522289260031,1e-06,0.0003871097490565545,1.4067199213297025e-05,0.00015656013945883942,0.00030147899916835926
40,0.25,calibrated,4.353846153846154,3,4,2.5701612253903328e-05,0.8672650320257715,0.08357328603477364,1e-06,4.694662307512415e-05,4.571283154494346e-07,1.2583484118289784e-05,2.325345983015717e-05
40,0.25,calibrated,4.353846153846154,4,3,1.3317901739196003e-06,0.8672379599477757,0.08357501988146296,1e-06,3.074968803430911e-06,2.8483527019030918e-08,8.242445939188962e-07,1.2972023348150973e-06
40,0.25,calibrated,4.353846153846154,5,2,2.5466000197482686e-08,0.8672392994866661,0.0835750322919521,1e-06,0.0,,,
40,0.25,calibrated,4.630769230769231,1,8,0.005943695288083695,0.8616916737700093,0.0,1e-06,0.08316397031864313,0.002210657672166297,0.0048967700719031206,0.004183806969294325
40,0.25,calibrated,4.630769230769231,2,6,0.0004849787147579443,0.8558096811449276,0.08316397031864313,1e-06,0.0005189114622564531,1.5427128843991455e-05,0.00019135721993957167,0.00038677686732679277
40,0.25,calibrated,4.630769230769231,3,4,3.617493909735536e-05,0.8563306261291623,0.08339240214900168,1e-06,6.601323595106833e-05,6.603338660713774e-07,1.7911283112997986e-05,3.29146727185947e-05
40,0.25,calibrated,4.630769230769231,4,3,2.075028312509275e-06,0.8562923157606199,0.08339401199284982,1e-06,4.814053829226109e-06,5.3325097383840124e-08,1.3062714186775082e-06,2.040442295508517e-06
40,0.25,calibrated,4.630769230769231,5,2,4.150723120766031e-08,0.8562943967854508,0.08339402327856363,1e-06,0.0,,,
40,0.25,calibrated,4.907692307692308,1,8,0.006833765858492935,0.8512913224419468,0.0,1e-06,0.0829922717058058,0.002413423518858689,0.0048897949109588095,0.004132591883713758
40,0.25,calibrated,4.907692307692308,2,6,0.000607162189387056,0.844435173176316,0.0829922717058058,1e-06,0.0006792376251936781,1.945033320364962e-05,0.0002331410064673752,0.0004911560630328906
40,0.25,calibrated,4.907692307692308,3,5,5.0931431604506194e-05,0.8450931862201876,0.08321138640221187,1e-06,9.190692901677144e-05,1.068897043914777e-06,2.525314743906105e-05,4.646414401350479e-05
40,0.25,calibrated,4.907692307692308,4,4,3.804782193528311e-06,0.8450383584225467,0.08321287379225523,1e-06,7.700567326987598e-06,5.4117972346278874e-08,2.116061268136498e-06,3.5825850164391604e-06
40,0.25,calibrated,4.907692307692308,5,2,1.4167200046433237e-07,0.8450422850344029,0.08321288404855932,1e-06,0.0,,,
40,0.25,calibrated,5.184615384615385,1,8,0.007771418762789306,0.840603600837416,0.0,1e-06,0.08282012071366657,0.0026303933958696643,0.00488279065842449,0.004182308655153514
40,0.25,calibrated,5.184615384615385,2,6,0.000755203302832852,0.8327006256389387,0.08282012071366657,1e-06,0.0008734727699581486,2.7724604587450393e-05,0.0002834416112004757,0.0006187184433494586
40,0.25,calibrated,5.184615384615385,3,5,7.070680828247244e-05,0.8335266541437398,0.08303023837549493,1e-06,0.00012661141187754032,1.5477368297967214e-06,3.52450921723575e-05,6.478283366132613e-05
40,0.25,calibrated,5.184615384615385,4,4,5.924513565958023e-06,0.8334498820558971,0.0830316043466831,1e-06,1.1833428491445071e-05,8.426275181557434e-08,3.294504155359048e-06,5.596919721464368e-06
40,0.25,calibrated,5.184615384615385,5,2,2.3797418924331737e-07,0.8334560026495115,0.08303161365763165,1e-06,0.0,,,
40,0.25,calibrated,5.461538461538462,1,9,0.00876319535863812,0.8296040781488899,0.0,1e-06,0.08264751090363927,0.002854466753937196,0.004875756889652261,0.004555973011399516
40,0.25,calibrated,5.461538461538462,2,6,0.0009346864261674526,0.8205695009255535,0.08264751090363927,1e-06,0.001108322890121331,3.810290754603192e-05,0.00034421195029134223,0.0007746577792853511
40,0.25,calibrated,5.461538461538462,3,6,9.779413570176754e-05,0.8216024111495233,0.0828489576614207,1e-06,0.00017324989596960796,2.2520101546556577e-06,4.888327259769868e-05,8.993252925967648e-05
40,0.25,calibrated,5.461538461538462,4,4,9.291533846544908e-06,0.8214951116017778,0.0828502026933381,1e-06,1.812320016562339e-05,1.558563878813471e-07,5.114429807422744e-06,8.776222583154289e-06
40,0.25,calibrated,5.461538461538462,5,2,4.019110465547371e-07,0.821504718205597,0.08285021115435737,1e-06,0.0,,,
40,0.25,calibrated,5.7384615384615385,1,9,0.009817485719935681,0.8182650837986148,0.0,1e-06,0.08247443573698404,0.002932984817048433,0.004868693172949913,0.0049608443880535084
40,0.25,calibrated,5.7384615384615385,2,7,0.0011539877864623627,0.8079973590729285,0.08247443573698404,1e-06,0.0013928043081929235,5.125710950727623e-05,0.00041822493693356304,0.0009664977687918195
40,0.25,calibrated,5.7384615384615385,3,6,0.0001355670328559988,0.8092878011796392,0.0826675438635389,1e-06,0.00023628296309488443,3.4321250596891275e-06,6.760865458946958e-05,0.00012494310886478603
40,0.25,calibrated,5.7384615384615385,4,4,1.4436719737775938e-05,0.8091374886647857,0.08266866786213801,1e-06,2.767269689770262e-05,2.4450947732463937e-07,7.92002145132817e-06,1.3671072765478364e-05
40,0.25,calibrated,5.7384615384615385,5,3,1.142820132082889e-06,0.8091531005814195,0.08266867557465356,1e-06,2.8107511956712367e-06,7.355618590414225e-08,8.044255172797186e-07,1.1857152242196734e-06
40,0.25,calibrated,5.7384615384615385,6,2,3.973320394923263e-08,0.8091519916758516,0.08266867561857616,1e-06,0.0,,,
40,0.25,calibrated,6.015384615384616,1,9,0.010944296291286904,0.8065542017530188,0.0,1e-06,0.0823008885727973,0.0030262023889590095,0.004861599069434705,0.005402093360231191
40,0.25,calibrated,6.015384615384616,2,8,0.0014220195414467174,0.7949328776578842,0.0823008885727973,1e-06,0.0017378264732234062,6.771442841083497e-05,0.000508769994872227,0.0012027479564468548
40,0.25,calibrated,6.015384615384616,3,6,0.00018717338172757891,0.7965436332022355,0.0824859966009334,1e-06,0.0003212031838109651,5.012331939717466e-06,9.32556092474945e-05,0.0001730027878947503
40,0.25,calibrated,6.015384615384616,4,5,2.2831205772955165e-05,0.796333152513803,0.08248699887073974,1e-06,4.220826933097809e-05,5.21115036717763e-07,1.2258558474917396e-05,2.1538983687356874e-05
40,0.25,calibrated,6.015384615384616,5,4,2.623240603294441e-06,0.7963586707560283,0.08248700594302096,1e-06,5.102840634793215e-06,3.946775659148663e-08,1.4819566654788582e-06,2.5161151708384247e-06
40,0.25,calibrated,6.015384615384616,6,2,1.2686476014156511e-07,0.7963559619759543,0.08248700597896153,1e-06,0.0,,,
40,0.25,calibrated,6.292307692307693,1,10,0.01215599569134962,0.7944333307910071,0.0,1e-06,0.08212686266589284,0.0033026018192349755,0.004854474132879912,0.005886139244555741
40,0.25,calibrated,6.292307692307693,2,8,0.0017518304689151387,0.7813124994647095,0.08212686266589284,1e-06,0.002157971676821702,8.839350696395189e-05,0.0006379465136953245,0.0014955462701676972
40,0.25,calibrated,6.292307692307693,3,6,0.00025868004729978633,0.7833255660747278,0.08230431550319382,1e-06,0.00043635921136664466,7.2981250841482075e-06,0.00012862679503516762,0.00023975245063530314
40,0.25,calibrated,6.292307692307693,4,5,3.546706667090227e-05,0.7830306914934735,0.0823051947236359,1e-06,6.417338569134819e-05,8.385669863987657e-07,1.8925504635139705e-05,3.352340478666128e-05
40,0.25,calibrated,6.292307692307693,5,4,4.554074244822459e-06,0.7830708231707568,0.08230520127228304,1e-06,8.706693410733943e-06,7.038402890988204e-08,2.5675386475051676e-06,4.3837310837839504e-06
40,0.25,calibrated,6.292307692307693,6,2,2.329188555361128e-07,0.7830661256650066,0.08230520130026407,1e-06,0.0,,,
40,0.25,calibrated,6.56923076923077,1,10,0.013469069364671404,0.7818581399878323,0.0,1e-06,0.08195235116471822,0.003590643164620706,0.004847317909562715,0.006421476137719855
40,0.25,calibrated,6.56923076923077,2,8,0.0021618471783936277,0.7670569127086835,0.08195235116471822,1e-06,0.0026732589252902866,0.00011462963757974076,0.0008035172670175786,0.0018619736966900497
40,0.25,calibrated,6.56923076923077,3,7,0.00035971698483538983,0.7695824903159162,0.0821225002146914,1e-06,0.0005943200501391649,1.0880052702727181e-05,0.00017798958552072572,0.0003340450242070179
40,0.25,calibrated,6.56923076923077,4,6,5.646011571702747e-05,0.7691651959756195,0.08212325441204019,1e-06,9.853029737169524e-05,1.614901662227489e-06,2.952795033656085e-05,5.321785127401111e-05
40,0.25,calibrated,6.56923076923077,5,4,8.334842430901546e-06,0.769230163451616,0.08212326056344395,1e-06,1.533664036059094e-05,1.4589353903008425e-07,4.595657019184461e-06,7.994866174286518e-06
40,0.25,calibrated,6.56923076923077,6,3,8.389239268824511e-07,0.7692209691734733,0.08212326058328787,1e-06,0.0,,,
40,0.25,calibrated,6.846153846153847,1,11,0.014904051214475689,0.768774725223329,0.0,1e-06,0.08177734710907612,0.0039037253616102142,0.005133016812210208,0.00707676729501564
40,0.25,calibrated,6.846153846153847,2,8,0.0026766354066860565,0.7520669764027258,0.08177734710907612,1e-06,0.0033105000555029435,0.00014811233660384543,0.0010127124358516792,0.0023251205330122107
40,0.25,calibrated,6.846153846153847,3,8,0.0005029800305753618,0.7552527376662135,0.0819405503943131,1e-06,0.0008130136296216977,1.6128089657960217e-05,0.00024756351949612755,0.0004680240295407119
40,0.25,calibrated,6.846153846153847,4,6,8.951346117369585e-05,0.7546585078924295,0.08194117691358899,1e-06,0.0001518999857519506,2.73343790882341e-06,4.629744099325826e-05,8.442548269779255e-05
40,0.25,calibrated,6.846153846153847,5,4,1.4824383327116664e-05,0.7547631452638655,0.08194118280546454,1e-06,2.6732064117401717e-05,2.6742854765795654e-07,8.146252137878154e-06,1.4269088564331841e-05
40,0.25,calibrated,6.846153846153847,6,4,1.7547953522489834e-06,0.7547465131528927,0.08194118281674155,1e-06,4.1865500907575065e-06,1.6463154675768808e-07,1.2758331097466562e-06,1.8775322444835244e-06
40,0.25,calibrated,6.846153846153847,7,2,8.253998151630526e-08,0.7547482759730418,0.08194118281699694,1e-06,0.0,,,
40,0.25,calibrated,7.1230769230769235,1,11,0.01648904779462812,0.755118473188252,0.0,1e-06,0.08160184342798518,0.004252326093231123,0.005555323666809022,0.008175481004310623
40,0.25,calibrated,7.1230769230769235,2,10,0.0033338745930604485,0.7362120189201113,0.08160184342798518,1e-06,0.00410870224386444,0.00019166081591647822,0.0012806581627654225,0.0029199894176819164
40,0.25,calibrated,7.1230769230769235,3,8,0.000711797375059442,0.7402669886139299,0.08175846571617655,1e-06,0.0011215879078674677,2.451593891765249e-05,0.00034753701898494467,0.000663167517606051
40,0.25,calibrated,7.1230769230769235,4,6,0.00014390075427117566,0.7394085786709695,0.08175896119198901,1e-06,0.00023718995588080708,4.6417195102508715e-06,7.359596530515015e-05,0.00013583722787475323
40,0.25,calibrated,7.1230769230769235,5,6,2.8260146389125218e-05,0.7395813011417203,0.08175896697508012,1e-06,4.789165731968945e-05,7.346308887777956e-07,1.4855820721653759e-05,2.690475851265507e-05
40,0.25,calibrated,7.1230769230769235,6,4,5.224690440841506e-06,0.7395476928447041,0.08175896697709568,1e-06,9.298556432576693e-06,1.0021358000368515e-07,2.8845373769425708e-06,5.060240303731056e-06
40,0.25,calibrated,7.1230769230769235,7,2,3.0945126194836803e-07,0.739553037628003,0.08175896697737418,1e-06,0.0,,,
40,0.25,calibrated,7.4,1,12,0.018261513529940543,0.7408088073976686,0.0,1e-06,0.08142583293728234,0.004500642798697375,0.00602104250413621,0.009424316762699239
40,0.25,calibrated,7.4,2,10,0.004185144738956037,0.7193220124757137,0.08142583293728234,1e-06,0.005122773923153974,0.0002487155439576054,0.0016291661106110115,0.003695670319992711
40,0.25,calibrated,7.4,3,8,0.0010198997701501566,0.724541122819533,0.08157624587035127,1e-06,0.0015641334495385796,3.740931129951118e-05,0.000493660143167459,0.000951380461998668
40,0.25,calibrated,7.4,4,8,0.00023683243626804185,0.723280005719299,0.08157660619675494,1e-06,0.0003766472471446467,8.437465558748077e-06,0.00011911065703119118,0.00022338803999846088
40,0.25,calibrated,7.4,5,6,5.451769613695756e-05,0.7235723854935705,0.08157661203658825,1e-06,8.778333627449872e-05,1.8480056137185853e-06,2.7747593804350553e-05,5.15822050330594e-05
40,0.25,calibrated,7.4,6,4,1.1367032428433177e-05,0.7235062744731731,0.08157661202831967,1e-06,1.971928890929548e-05,2.436003480298187e-07,6.233770232571811e-06,1.1042199629547217e-05
40,0.25,calibrated,7.4,7,4,1.5930156854748745e-06,0.7235192784772536,0.08157661202864881,1e-06,3.834001642336607e-06,1.8320521657900173e-07,1.2119989806327125e-06,1.7511518425770508e-06
40,0.25,calibrated,7.4,8,2,7.557596792828747e-08,0.7235177276370612,0.08157661202864241,1e-06,0.0,,,
40,0.25,calibrated,7.676923076923077,1,12,0.02027537262405621,0.7257454695872949,0.0,1e-06,0.08124930833732487,0.004712731212094206,0.006539830420802873,0.010867023096956557
40,0.25,calibrated,7.676923076923077,2,10,0.005315280039186687,0.7011571352940261,0.08124930833732487,1e-06,0.006438378327995254,0.0003254188853882068,0.0020926736886995303,0.004732089120366025
40,0.25,calibrated,7.676923076923077,3,10,0.0014913961684140942,0.7079852777598985,0.08139389056359086,1e-06,0.0022178813062022325,5.875486814842286e-05,0.0007137251453709503,0.0013918439794970536
40,0.25,calibrated,7.676923076923077,4,8,0.00040016314336743797,0.7060864700756672,0.08139411086283936,1e-06,0.0006127528958141273,1.559129477012608e-05,0.00019777243164717783,0.00037720766579324417
40,0.25,calibrated,7.676923076923077,5,7,0.0001068496622304016,0.7065954326714766,0.08139411694166919,1e-06,0.00016523549028109959,4.024714226749435e-06,5.328864024018881e-05,0.0001009240018153424
40,0.25,calibrated,7.676923076923077,6,6,2.8076408789323715e-05,0.7064599779501638,0.08139411692170939,1e-06,4.384811807238801e-05,9.763893045379219e-07,1.414410770307399e-05,2.66118717124002e-05
40,0.25,calibrated,7.676923076923077,7,4,6.593172627300525e-06,0.7064947805860798,0.08139411692211114,1e-06,1.122424378595653e-05,1.5737533282489246e-07,3.6204073601274354e-06,6.442241592626516e-06
40,0.25,calibrated,7.676923076923077,8,3,8.785901516317196e-07,0.7064872961639784,0.08139411692210638,1e-06,0.0,,,
40,0.25,calibrated,7.953846153846155,1,13,0.022608397918279177,0.7097981130718113,0.0,1e-06,0.08107226221050627,0.004963423266281989,0.00712460169609301,0.01256680997195736
40,0.25,calibrated,7.953846153846155,2,12,0.006862520129572336,0.6813695361827633,0.08107226221050627,1e-06,0.00819203634852261,0.00043177401906663965,0.0027271833826287752,0.00616023560714728
40,0.25,calibrated,7.953846153846155,3,10,0.0022402022109178077,0.6905055819786876,0.08121139952011401,1e-06,0.003218637926892979,9.512304587017649e-05,0.0010572974398484526,0.0020900283428464668
40,0.25,calibrated,7.953846153846155,4,10,0.000700316269756307,0.6875526397415288,0.08121147411028706,1e-06,0.0010298605161561647,2.9625164430600316e-05,0.0003398509745479832,0.000659850583852262
40,0.25,calibrated,7.953846153846155,5,8,0.00021933810604035653,0.6884761981513139,0.08121148062911951,1e-06,0.00032475102257036037,9.15294133776074e-06,0.00010701242800433084,0.000206758739833559
40,0.25,calibrated,7.953846153846155,6,6,6.714355596249e-05,0.6881885087163884,0.08121148059563459,1e-06,0.0001008322248666296,2.4826123700354173e-06,3.324136641935585e-05,6.362231890925936e-05
40,0.25,calibrated,7.953846153846155,7,6,1.9646085912983224e-05,0.6882756847520124,0.08121148059614892,1e-06,3.055069786931779e-05,5.084713418907661e-07,1.0070262925083703e-05,1.883700463450357e-05
40,0.25,calibrated,7.953846153846155,8,4,5.185459293621797e-06,0.6882507271575359,0.08121148059614512,1e-06,8.733749070630569e-06,1.3805730870334247e-07,2.8789747776626154e-06,5.11489352199661e-06
40,0.25,calibrated,7.953846153846155,9,2,3.280787542747632e-07,0.6882558909094966,0.08121148059614512,1e-06,0.0,,,
40,0.25,calibrated,8.23076923076923,1,14,0.02538171253144128,0.6927950237323935,0.0,1e-06,0.08089468701883892,0.005267252834999821,0.007794065899648734,0.014621909503509993
40,0.25,calibrated,8.23076923076923,2,13,0.009067789752756017,0.6594226404941835,0.08089468701883892,1e-06,0.010617362768653556,0.0005849859168243308,0.0036305859346493614,0.008210339912893999
40,0.25,calibrated,8.23076923076923,3,12,0.0034922373043289046,0.672036023831068,0.08102877248238781,1e-06,0.004826284785680424,0.00016054471827335978,0.0016202519744661224,0.0032533945655925534
40,0.25,calibrated,8.23076923076923,4,10,0.001289043941082979,0.6672323329692594,0.08102869484391785,1e-06,0.001812260478509086,5.9411915229109125e-05,0.0006128939306809688,0.0012139311163239512
40,0.25,calibrated,8.23076923076923,5,10,0.00047854017316217856,0.6690082575000156,0.08102870202469516,1e-06,0.0006770481061999149,2.1776689237612526e-05,0.00022834667414094707,0.0004502730943522559
40,0.25,calibrated,8.23076923076923,6,8,0.00017630195638240753,0.668350321249409,0.08102870197535988,1e-06,0.00024992063252123,7.90305056387198e-06,8.43759695473819e-05,0.0001661486857440088
40,0.25,calibrated,8.23076923076923,7,8,6.44468682817756e-05,0.6685922143358377,0.08102870197602863,1e-06,9.198940360966858e-05,2.7440163334943654e-06,3.104501610181527e-05,6.0853255180093644e-05
40,0.25,calibrated,8.23076923076923,8,6,2.309406101097533e-05,0.6685042492011891,0.08102870197601962,1e-06,3.342718804918781e-05,8.739513055031037e-07,1.1282706172916839e-05,2.191164362272531e-05
40,0.25,calibrated,8.23076923076923,9,4,6.9526330080948995e-06,0.6685344354387962,0.08102870197601962,1e-06,1.1396101896332142e-05,2.1333159318331392e-07,3.846351817678894e-06,6.893705242838494e-06
40,0.25,calibrated,8.23076923076923,10,4,1.2274083702745742e-06,0.6685262329901819,0.08102870197601962,1e-06,3.0834848988996374e-06,1.795906551286584e-07,1.0407361323006624e-06,1.4314226544045855e-06
40,0.25,calibrated,8.23076923076923,11,1,3.720128154416358e-07,0.6685270811664352,0.08102870197601962,1e-06,0.0,,,
40,0.25,calibrated,8.507692307692308,1,15,0.02879478824320436,0.6745000455879068,0.0,1e-06,0.08071657510132497,0.005647984072198984,0.008714444902583725,0.017193681648571157
40,0.25,calibrated,8.507692307692308,2,14,0.012402211176616662,0.6344037700181874,0.08071657510132497,1e-06,0.01415628890004706,0.0008192310567323509,0.004992394229755583,0.011335149463943772
40,0.25,calibrated,8.507692307692308,3,12,0.005741678579196163,0.6526373147445891,0.08084600921199334,1e-06,0.007593600610289117,0.0002866105535504999,0.0026079755654403575,0.005331620378607422
40,0.25,calibrated,8.507692307692308,4,12,0.0025518257853364146,0.6443002610107512,0.08084577195294428,1e-06,0.0034086540478116666,0.00012901554224446587,0.0011855305705053387,0.002402288315247595
40,0.25,calibrated,8.507692307692308,5,12,0.0011467911363224337,0.6480184969275463,0.08084578004085027,1e-06,0.0015412047188487384,5.744698116482917e-05,0.000533011241484515,0.001075694905108638
40,0.25,calibrated,8.507692307692308,6,10,0.0005115600231468953,0.6463513896519093,0.08084577997277577,1e-06,0.0006870162108236809,2.5607408056393905e-05,0.0002382014339143831,0.00048087690032248213
40,0.25,calibrated,8.507692307692308,7,10,0.00022817540840813777,0.6470950431063464,0.08084577997364278,1e-06,0.0003072499072796713,1.1253157548773348e-05,0.0001064088247603397,0.0002144458979688602
40,0.25,calibrated,8.507692307692308,8,8,0.00010107315169183284,0.6467640450335204,0.08084577997363473,1e-06,0.00013658820316142316,4.853310494250084e-06,4.732799385915759e-05,9.514931752848969e-05
40,0.25,calibrated,8.507692307692308,9,6,4.302861120164536e-05,0.6469089042719877,0.0808457799736349,1e-06,5.972728875270022e-05,1.6516148067373715e-06,2.069099549975909e-05,4.086458796438943e-05
40,0.25,calibrated,8.507692307692308,10,6,1.709927367421482e-05,0.6468484352232607,0.0808457799736349,1e-06,2.4926400976756686e-05,4.832964753792963e-07,8.635926868132698e-06,1.6514206686632674e-05
40,0.25,calibrated,8.507692307692308,11,4,5.810495649960501e-06,0.6468714918101188,0.0808457799736349,1e-06,9.499600573888172e-06,2.3305915831204436e-07,3.2910819887903995e-06,5.847781000371719e-06
40,0.25,calibrated,8.507692307692308,12,4,1.0751172956346977e-06,0.6468645948384301,0.0808457799736349,1e-06,2.8302153196886435e-06,1.786903183823517e-07,9.80523642461982e-07,1.2990603248139051e-06
40,0.25,calibrated,8.507692307692308,13,1,4.066831403859439e-07,0.646865246982385,0.0808457799736349,1e-06,0.0,,,
40,0.25,calibrated,8.784615384615384,1,16,0.03320777382562812,0.6545727567427777,0.0,1e-06,0.08053791867141612,0.006148118008958756,0.010203845399562761,0.02057230680095584
40,0.25,calibrated,8.784615384615384,2,18,0.017928126503208852,0.6045357282050035,0.08053791867141612,1e-06,0.019768457731280387,0.001213017841321004,0.007236103787634808,0.016565352313159094
40,0.25,calibrated,8.784615384615384,3,14,0.010255938635102324,0.6328829589603815,0.0806631094904534,1e-06,0.012886636414024252,0.0005608873918785929,0.004528181134413672,0.009456732056253893
40,0.25,calibrated,8.784615384615384,4,14,0.005666479469155661,0.6168659143079338,0.08066270431055987,1e-06,0.007120799983427226,0.00031918291847606554,0.0025624668179424813,0.005337793353324
40,0.25,calibrated,8.784615384615384,5,14,0.0031732084818172357,0.6257589739610003,0.08066271357654285,1e-06,0.004025487147398957,0.00017517867141892608,0.0014295015670123439,0.0029604398893851034
40,0.25,calibrated,8.784615384615384,6,12,0.00176101777397486,0.620795212636789,0.08066271348619249,1e-06,0.002225537980411702,9.807915470643547e-05,0.0007961977434870241,0.0016524117113855099
40,0.25,calibrated,8.784615384615384,7,12,0.0009806298221369802,0.6235533561316104,0.08066271348732927,1e-06,0.001243334770359129,5.4000937930721396e-05,0.00044298069620604127,0.0009175424706178064
40,0.25,calibrated,8.784615384615384,8,12,0.0005446831833068044,0.6220188635461172,0.08066271348732165,1e-06,0.0006897189398097493,3.0100341174881898e-05,0.00024630013135928995,0.0005105319467896415
40,0.25,calibrated,8.784615384615384,9,10,0.00030219381784435395,0.6228708349778025,0.08066271348732096,1e-06,0.00038354622857874254,1.6494356374602654e-05,0.00013679090578615284,0.0002831201498505281
40,0.25,calibrated,8.784615384615384,10,10,0.00016674512845826772,0.622399069829455,0.08066271348732096,1e-06,0.00021218082487111913,8.934591140525656e-06,7.572724100875348e-05,0.00015645658771590613
40,0.25,calibrated,8.784615384615384,11,8,9.11180964331404e-05,0.6226584935946535,0.08066271348732096,1e-06,0.00011672880270998504,4.6686591941120225e-06,4.164426318022184e-05,8.565291104316967e-05
40,0.25,calibrated,8.784615384615384,12,8,4.8851947690997655e-05,0.6225176675913342,0.08066271348732096,1e-06,6.334324493506436e-05,2.2912512284072243e-06,2.260317558435453e-05,4.611392497102159e-05
40,0.25,calibrated,8.784615384615384,13,6,2.513982086138622e-05,0.6225921197018259,0.08066271348732096,1e-06,3.348453196253886e-05,9.327342335656714e-07,1.194715165591986e-05,2.3941867788630485e-05
40,0.25,calibrated,8.784615384615384,14,6,1.1890434533090577e-05,0.6225548478880574,0.08066271348732096,1e-06,1.6758499562908027e-05,3.767565952788375e-07,5.979711189961852e-06,1.1545901368148847e-05
40,0.25,calibrated,8.784615384615384,15,4,4.6145345612425e-06,0.6225714731655416,0.08066271348732096,1e-06,7.475442950710408e-06,2.606983358077732e-07,2.667291468741316e-06,4.714017346515103e-06
40,0.25,calibrated,8.784615384615384,16,2,4.1939021699910484e-07,0.622567244510477,0.08066271348732096,1e-06,0.0,,,
40,0.25,calibrated,9.061538461538461,1,18,0.0393655647267972,0.6324899290298264,0.0,1e-06,0.08035870981425176,0.006854409544561057,0.012339946107239172,0.02535364490468877
40,0.25,calibrated,9.061538461538461,2,22,0.02871055265943334,0.5654421252535263,0.08035870981425176,1e-06,0.03010227388272868,0.0019972439814362215,0.011575749430319367,0.02692613096044585
40,0.25,calibrated,9.061538461538461,3,18,0.021066120913177055,0.6155609660785162,0.08048007312016228,1e-06,0.02494950417936201,0.001265504287647193,0.008934058464647527,0.019123471126694682
40,0.25,calibrated,9.061538461538461,4,20,0.015414554790437185,0.578829599747788,0.08047949077361738,1e-06,0.017892195894679386,0.0009994898714691571,0.006758707399320443,0.014608532781411023
40,0.25,calibrated,9.061538461538461,5,16,0.011239684828362795,0.6056711034775121,0.08047950151698356,1e-06,0.013354853213088519,0.0006861645994939633,0.004851209438104665,0.01034224010102278
40,0.25,calibrated,9.061538461538461,6,18,0.008206985763944852,0.5860900719333304,0.08047950140010232,1e-06,0.00959916566210035,0.0005226138282479287,0.003588006533729448,0.007718351997085644
40,0.25,calibrated,9.061538461538461,7,16,0.005985077640726422,0.6003813895162282,0.08047950140158545,1e-06,0.007084348214011507,0.0003691670796431214,0.0025933855785275402,0.0055403361945323484
40,0.25,calibrated,9.061538461538461,8,16,0.004367363263965585,0.5899571966135755,0.08047950140156893,1e-06,0.005126383356424218,0.00027536904567111676,0.0019053936160840555,0.004090142490813682
40,0.25,calibrated,9.061538461538461,9,16,0.0031846653346968568,0.5975619221368843,0.08047950140156547,1e-06,0.0037619684894219154,0.000197394231749256,0.0013828350815738503,0.0029575118721900115
40,0.25,calibrated,9.061538461538461,10,14,0.0023218944946918896,0.5920171292108185,0.08047950140156547,1e-06,0.0027312573131875705,0.0001453885848739314,0.0010121204323005305,0.002169840009054475
40,0.25,calibrated,9.061538461538461,11,14,0.0016908755639868378,0.5960578672662751,0.08047950140156547,1e-06,0.0019966430731503705,0.00010462891497901501,0.0007355444457096692,0.0015733263872036672
40,0.25,calibrated,9.061538461538461,12,14,0.0012316864035299968,0.5931149583288965,0.08047950140156547,1e-06,0.0014509350467615013,7.671853249179425e-05,0.0005368119634942891,0.0011498185223543422
40,0.25,calibrated,9.061538461538461,13,14,0.0008970044735965299,0.5952584941808748,0.08047950140156547,1e-06,0.0010585799853851364,5.559939945798567e-05,0.00039042628479779345,0.0008353991129337698
40,0.25,calibrated,9.061538461538461,14,12,0.0006521130945067455,0.5936985995434757,0.08047950140156547,1e-06,0.0007693791414299959,4.030350659525691e-05,0.00028441002790954037,0.0006085831429260339
40,0.25,calibrated,9.061538461538461,15,12,0.0004727964410052854,0.5948313528290365,0.08047950140156547,1e-06,0.0005592065545430868,2.8881973109059512e-05,0.00020637549154362757,0.00044090088402433245
40,0.25,calibrated,9.061538461538461,16,12,0.00034279782330048914,0.5940100518160693,0.08047950140156547,1e-06,0.00040524309382881127,2.0972964877856705e-05,0.0001497348028274787,0.00031997869777884534
40,0.25,calibrated,9.061538461538461,17,10,0.0002470727836223485,0.5946040367872605,0.08047950140156547,1e-06,0.00029317339101251586,1.479101846411826e-05,0.0001082316926608283,0.00023071662384499525
40,0.25,calibrated,9.061538461538461,18,10,0.0001766047274814886,0.5941773925616701,0.08047950140156547,1e-06,0.00021051639452019896,1.0265413113074395e-05,7.776554960353206e-05,0.0001652539057018644
40,0.25,calibrated,9.061538461538461,19,10,0.00012619765272303685,0.5944823437016888,0.08047950140156547,1e-06,0.00015057086646982985,7.316928447205215e-06,5.559657278936101e-05,0.00011806900211205776
40,0.25,calibrated,9.061538461538461,20,10,9.017478269812695e-05,0.594264435498713,0.08047950140156547,1e-06,0.00010757768234892555,5.231193304970044e-06,3.9734530552783404e-05,8.438803267765039e-05
40,0.25,calibrated,9.061538461538461,21,8,6.324455544215457e-05,0.5944189317311577,0.08047950140156547,1e-06,7.624247088901503e-05,3.414843279655347e-06,2.815426798683579e-05,5.937647144219648e-05
40,0.25,calibrated,9.061538461538461,22,8,4.315272222343847e-05,0.5943117770256682,0.08047950140156547,1e-06,5.288373246890824e-05,2.0647778446332747e-06,1.953161536107727e-05,4.073804019201998e-05
40,0.25,calibrated,9.061538461538461,23,8,2.9401635162962236e-05,0.5943848712148081,0.08047950140156547,1e-06,3.612850888536068e-05,1.3925414925943844e-06,1.3341939528519121e-05,2.777519486746232e-05
40,0.25,calibrated,9.061538461538461,24,6,1.883106405198287e-05,0.5943362907174515,0.08047950140156547,1e-06,2.3975005164900984e-05,6.966289022719009e-07,8.854401122772095e-06,1.8004242799770512e-05
40,0.25,calibrated,9.061538461538461,25,6,1.0852796402782694e-05,0.5943662007430164,0.08047950140156547,1e-06,1.477305496369677e-05,4.1003285104485044e-07,5.455706040035312e-06,1.0617785557242387e-05
40,0.25,calibrated,9.061538461538461,26,4,4.832605620341823e-06,0.594350383498882,0.08047950140156547,1e-06,7.821614704501561e-06,3.98903419570122e-07,2.8886042715545047e-06,5.042762540235622e-06
40,0.25,calibrated,9.061538461538461,27,4,9.388991483172404e-07,0.5943560817450113,0.08047950140156547,1e-06,0.0,,,
40,0.25,calibrated,9.338461538461539,1,21,0.04920548618843712,0.6073703122016276,0.0,1e-06,0.08017894048395258,0.008365548880406,0.015828519361204482,0.033068334893524495
40,0.25,calibrated,9.338461538461539,2,42,0.061891033645736115,0.4969090278215326,0.08017894048395258,1e-06,0.058943706147887825,0.0045490633319080495,0.02690704859071711,0.05996050385280037
40,0.25,calibrated,9.338461538461539,3,18,0.060031063705123455,0.6198542862088141,0.08029689992528817,1e-06,0.06686198078096298,0.0038628735290041974,0.023657415957716598,0.05189909899438154
40,0.25,calibrated,9.338461538461539,4,62,0.08429791490831412,0.4742188678762305,0.08029613018215025,1e-06,0.08223545762936302,0.006597712455709569,0.036469328039558824,0.08465761212486832
40,0.25,calibrated,9.338461538461539,5,18,0.07983530638630743,0.6397743733973407,0.0802961427334109,1e-06,0.09019517147950201,0.005010974986128021,0.031019631224520137,0.06754375405646236
40,0.25,calibrated,9.338461538461539,6,300,0.014466497066875528,0.5759977470404549,0.08029614258490114,1e-06,0.07632751916544919,0.00862408342374479,0.04934875139477265,0.012117375085069056
40,0.25,calibrated,9.338461538461539,7,300,0.09979630290149605,0.46466817054959403,0.08029614258682471,1e-06,0.042305294909378954,0.012965845173795563,0.042864763006579806,0.07985479062446171
40,0.25,calibrated,9.338461538461539,8,19,0.06711746544714647,0.6283168674402393,0.08739919218947044,1e-06,0.11591229784605545,0.007399168371236092,0.03973017451594644,0.06698057036457106
40,0.25,calibrated,9.338461538461539,9,84,0.0968199110992134,0.46149946482432413,0.08029614258679693,1e-06,0.09666834490345758,0.007644960495060603,0.04269016430735697,0.09973353251300317
40,0.25,calibrated,9.338461538461539,10,18,0.09065214181165981,0.650649436434606,0.08029614258679693,1e-06,0.10333821923354328,0.005615681732304707,0.03499031168490749,0.07581963778426233
40,0.25,calibrated,9.338461538461539,11,300,0.06584036115704317,0.5096057090963748,0.08029614258679693,1e-06,0.16310355621637318,0.02113368771112499,0.08190272265865932,0.09407960817641815
40,0.25,calibrated,9.338461538461539,12,26,0.034720383965066826,0.5746422845341038,0.1279205762297025,1e-06,0.1360192821140172,0.014433437995071262,0.06844352385127954,0.024466957755643934
40,0.25,calibrated,9.338461538461539,13,22,0.002740115890470962,0.5617768430112259,0.08029614258679693,1e-06,0.014041688623690656,0.0018273036369082871,0.007322403396157588,0.002891661313462926
40,0.25,calibrated,9.338461538461539,14,16,0.003457018672022083,0.5559042081078265,0.08029614258679693,1e-06,0.002104455204433439,8.790519757631354e-05,0.0021307946954911513,0.0028751175531581278
40,0.25,calibrated,9.338461538461539,15,18,0.0037673855450103266,0.563188134035128,0.08029614258679693,1e-06,0.003935325623912881,0.00025232790636195993,0.0015090366659065932,0.003448465540706405
40,0.25,calibrated,9.338461538461539,16,20,0.004039334998253041,0.5553159364885524,0.08029614258679693,1e-06,0.004313008398172044,0.00029183847619098334,0.001672245066696468,0.003749870491037796
40,0.25,calibrated,9.338461538461539,17,18,0.004245746092694347,0.5636702210502669,0.08029614258679693,1e-06,0.004574979717805766,0.00030286384025120716,0.0017530082831997403,0.003908302020763273
40,0.25,calibrated,9.338461538461539,18,20,0.004543014758847108,0.5548079740579853,0.08029614258679693,1e-06,0.004857337287284342,0.000330053720654546,0.0018846505849823333,0.004221056630764072
40,0.25,calibrated,9.338461538461539,19,18,0.004769310067857191,0.5641980631958248,0.08029614258679693,1e-06,0.005141969797410785,0.00033984027169679993,0.001968791645308513,0.004387869685887056
40,0.25,calibrated,9.338461538461539,20,20,0.0051093997688242965,0.5542367451957088,0.08029614258679693,1e-06,0.005460068393150032,0.000371395154598069,0.002120217901658188,0.004750128152098889
40,0.25,calibrated,9.338461538461539,21,20,0.005359710581841037,0.5647932939775467,0.08029614258679693,1e-06,0.005780455931476077,0.0003817358483685285,0.002211396593018661,0.004927680863636687
40,0.25,calibrated,9.338461538461539,22,20,0.0057519832979672225,0.5535886824581392,0.08029614258679693,1e-06,0.006141988757396877,0.0004185148593765846,0.002387195302101476,0.0053508305677241975
40,0.25,calibrated,9.338461538461539,23,20,0.006025996781056087,0.565464996722567,0.08029614258679693,1e-06,0.006502676724939023,0.0004285201934664081,0.002485327959321649,0.005536302371056508
40,0.25,calibrated,9.338461538461539,24,20,0.006477213710532559,0.5528572148579652,0.08029614258679693,1e-06,0.006911742998540971,0.00047157771635771906,0.0026891448031556675,0.00603007093603815
40,0.25,calibrated,9.338461538461539,25,20,0.006775956990696441,0.5662210336733765,0.08029614258679693,1e-06,0.0073166901424983576,0.00048098794749230054,0.0027934519921469394,0.006220343082387628
40,0.25,calibrated,9.338461538461539,26,22,0.007298449370009008,0.5520288725686955,0.08029614258679693,1e-06,0.0077811451285871615,0.0005319250545578693,0.0030309351946065967,0.006800192273718144
40,0.25,calibrated,9.338461538461539,27,20,0.007624569772839429,0.5670764653884718,0.08029614258679693,1e-06,0.00823793827360363,0.0005405028901855059,0.0031413698006611127,0.00699275171643632
40,0.25,calibrated,9.338461538461539,28,22,0.008229484632933715,0.5510897642088842,0.08029614258679693,1e-06,0.008765976447539774,0.0006002642622964118,0.0034190675730716167,0.007675111377915812
40,0.25,calibrated,9.338461538461539,29,20,0.008581667412808636,0.5680412503443987,0.08029614258679693,1e-06,0.009279543958669367,0.0006069916463438286,0.0035337310890114146,0.007862481518874278
40,0.25,calibrated,9.338461538461539,30,22,0.009284395407872514,0.5500256621500628,0.08029614258679693,1e-06,0.009879803888634159,0.0006778354579049155,0.003859278381390298,0.008668504140676641
40,0.25,calibrated,9.338461538461539,31,20,0.009662145659764643,0.5691303645732179,0.08029614258679693,1e-06,0.010457396362149176,0.0006817017439155598,0.003976125177434996,0.008842170642860907
40,0.25,calibrated,9.338461538461539,32,22,0.010481684589683793,0.5488178846873609,0.08029614258679693,1e-06,0.011141185848967054,0.0007660466288074769,0.004359402924957622,0.00979859635044188
40,0.25,calibrated,9.338461538461539,33,20,0.010883481410914997,0.5703614084069515,0.08029614258679693,1e-06,0.011791283273521878,0.0007657111095707475,0.004475479215455191,0.00994681874686917
40,0.25,calibrated,9.338461538461539,34,24,0.011845426441829399,0.5474421067214337,0.08029614258679693,1e-06,0.012573412860221012,0.000866906494451947,0.004929336130365935,0.011088938805898065
40,0.25,calibrated,9.338461538461539,35,20,0.012269985933913596,0.5717588373072316,0.08029614258679693,1e-06,0.01330774312414703,0.000860852263071887,0.005041065267905562,0.011197053385411694
40,0.25,calibrated,9.338461538461539,36,24,0.013403083046790276,0.5458706211422086,0.08029614258679693,1e-06,0.014205254353389138,0.0009822369307422784,0.005581396240859375,0.01256739099376913
40,0.25,calibrated,9.338461538461539,37,20,0.013844189813091878,0.573345382042399,0.08029614258679693,1e-06,0.0150343954521392,0.0009678669732831381,0.0056823275274317025,0.01261219474820182
40,0.25,calibrated,9.338461538461539,38,24,0.015186714243176969,0.5440710264787139,0.08029614258679693,1e-06,0.01606759471956666,0.0011146830570052035,0.006329093080945836,0.014266124536126263
40,0.25,calibrated,9.338461538461539,39,20,0.015636768872175688,0.5751519000263162,0.08029614258679693,1e-06,0.017005674392094855,0.0010888428202408761,0.006410922219350159,0.014217714222025692
40,0.25,calibrated,9.338461538461539,40,24,0.01723832476832088,0.5420008836642809,0.08029614258679693,1e-06,0.018201293589916664,0.001267527010808925,0.0071904024535152135,0.01622769802154642
40,0.25,calibrated,9.338461538461539,41,20,0.017685972732936817,0.5772168910660377,0.08029614258679693,1e-06,0.019265690208988204,0.001226012989257437,0.007241652064240819,0.016045338553492175
40,0.25,calibrated,9.338461538461539,42,26,0.019614446063648372,0.5396030493236591,0.08029614258679693,1e-06,0.020659999743020872,0.0014454126593741274,0.008189152604778831,0.018509396566264595
40,0.25,calibrated,9.338461538461539,43,20,0.020044872389299417,0.5795937389313234,0.08029614258679693,1e-06,0.021874565977905797,0.001382846517642167,0.008194570065975558,0.018138658974426587
40,0.25,calibrated,9.338461538461539,44,26,0.022387779207237113,0.5368040735855062,0.08029614258679693,1e-06,0.023514769126556256,0.0016537639696097934,0.009357256876618186,0.021186528729178748
40,0.25,calibrated,9.338461538461539,45,20,0.022775524993470464,0.5823449410192377,0.08029614258679693,1e-06,0.02490653507041548,0.0015622169721334058,0.009293978778759475,0.020548453639473732
40,0.25,calibrated,9.338461538461539,46,28,0.02565869626280315,0.5335024493346019,0.08029614258679693,1e-06,0.026858658352578002,0.0019009572263619207,0.010737234698814385,0.024362710971292337
40,0.25,calibrated,9.338461538461539,47,20,0.02597033167506413,0.5855634163843391,0.08029614258679693,1e-06,0.0284672896812133,0.001770005288282789,0.010574185068980209,0.02334897375861697
40,0.25,calibrated,9.338461538461539,48,28,0.029571392209404967,0.5295523902330282,0.08029614258679693,1e-06,0.03082715134686642,0.002198312220786627,0.012391651436142868,0.02818919149379999
40,0.25,calibrated,9.338461538461539,49,20,0.02975428408983183,0.5893749507922973,0.08029614258679693,1e-06,0.032704823032871644,0.002012661660891942,0.012082518726035144,0.02664013705321308
40,0.25,calibrated,9.338461538461539,50,30,0.03434677695115684,0.5247304081168855,0.08029614258679693,1e-06,0.03562103796908439,0.002564180084031915,0.014414775670486336,0.03289852015802405
40,0.25,calibrated,9.338461538461539,51,20,0.03432470921352804,0.5939779794440007,0.08029614258679693,1e-06,0.037848409006375316,0.0023018490128783238,0.01389147121963044,0.03057746278248542
40,0.25,calibrated,9.338461538461539,52,32,0.04035005393874014,0.5186669849318126,0.08029614258679693,1e-06,0.041569656441715785,0.0030284951168334565,0.016963535797350993,0.038879835188851665
40,0.25,calibrated,9.338461538461539,53,20,0.040000139130354384,0.599692874992321,0.08029614258679693,1e-06,0.04427299844589555,0.0026550344745690383,0.016117823147901618,0.03540944280686005
40,0.25,calibrated,9.338461538461539,54,36,0.048252410939054746,0.5106826760059947,0.08029614258679693,1e-06,0.04926310124538685,0.0036475823041015373,0.02032475587473147,0.04685571408801362
40,0.25,calibrated,9.338461538461539,55,20,0.047366278728561806,0.607108556367808,0.08029614258679693,1e-06,0.05266654164098128,0.003105068416767735,0.01897221571230912,0.04158609320889982
40,0.25,calibrated,9.338461538461539,56,42,0.05952604097527836,0.49928639651443985,0.08029614258679693,1e-06,0.059960457247082155,0.0045470648352195124,0.025125109801996833,0.058432782390946944
40,0.25,calibrated,9.338461538461539,57,18,0.05769564089128476,0.6175042727550428,0.08029614258679693,1e-06,0.06452813394480658,0.0037223313776745103,0.022903964497345945,0.05006795034120223
40,0.25,calibrated,9.338461538461539,58,56,0.07879015481072676,0.47979569446191883,0.08029614258679693,1e-06,0.07744649428983397,0.006133956185743128,0.03354786913753072,0.07873909798210398
40,0.25,calibrated,9.338461538461539,59,18,0.0749666955785886,0.6348784382863131,0.08029614258679693,1e-06,0.08453219403042544,0.004730398870493402,0.029273933758315048,0.06378273827092518
40,0.25,calibrated,9.338461538461539,60,300,0.07411658679562533,0.48478594508355277,0.08029614258679693,1e-06,0.08445682431329271,0.00423003245086398,0.0363570696143841,0.0778741479217811
40,0.25,calibrated,9.615384615384615,1,25,0.07127598366997856,0.5774912661235418,0.0,1e-06,0.07999860250078852,0.012331420924873271,0.02367129390935923,0.050297342706215206
40,0.25,calibrated,9.615384615384615,2,300,0.04532458620690338,0.4688538317015547,0.07999860250078852,1e-06,0.10340417431651278,0.013074122048108728,0.05507838825798715,0.06501669792057763
40,0.25,calibrated,9.615384615384615,3,72,0.029195189541516176,0.48111800073062516,0.08011358975279041,1e-06,0.05688515547495964,0.007109168406751545,0.058836735216664375,0.007418161713939072
40,0.25,calibrated,9.615384615384615,4,24,0.056562395849657165,0.5643076564603147,0.0801126213590242,1e-06,0.04194562943472706,0.0034148434665114825,0.025113195012963656,0.04568503697167642
40,0.25,calibrated,9.615384615384615,5,300,0.025404940606189585,0.5039869046551029,0.08011263608287185,1e-06,0.09615338953564308,0.013095056787548163,0.06687927453406649,0.01852746069507203
40,0.25,calibrated,9.615384615384615,6,300,0.04713683744736963,0.46588690152290524,0.08011263589671752,1e-06,0.0203318348587816,0.009150847261748111,0.05281051830631226,0.020895411168533416
40,0.25,calibrated,9.615384615384615,7,31,0.038414430078856476,0.5468213770261495,0.08011263589918538,1e-06,0.06959224917856255,0.006456013787751411,0.02664772985114647,0.04218512922206753
40,0.25,calibrated,9.615384615384615,8,300,0.023645031060592236,0.5334326438353035,0.08011263589914791,1e-06,0.07353222902532618,0.00811071655157112,0.06122548065349757,0.014327088509092067
40,0.25,calibrated,9.615384615384615,9,300,0.03553069411257742,0.47749304485769745,0.0801126358991524,1e-06,0.008405387044276763,0.0025721085706181027,0.024877673847792117,0.02123474557942816
40,0.25,calibrated,9.615384615384615,10,300,0.037907050058502534,0.4746702441714271,0.0801126358991524,1e-06,0.012523812426130543,0.002740191974565911,0.03835361171085248,0.019685076615017023
40,0.25,calibrated,9.615384615384615,11,25,0.053063076391067665,0.5616741337546213,0.0801126358991524,1e-06,0.07185544187223158,0.004313727795210617,0.027158616461872835,0.05088625425714991
40,0.25,calibrated,9.615384615384615,12,300,0.020932146561384868,0.5114448548690058,0.0801126358991524,1e-06,0.08779311170715628,0.01201092905367791,0.06120876322146776,0.006552051864154049
40,0.25,calibrated,9.615384615384615,13,300,0.04171995075052809,0.4713037882197468,0.0801126358991524,1e-06,0.012819310163639186,0.006913562721148738,0.0399036536372324,0.02074004779019998
40,0.25,calibrated,9.615384615384615,14,39,0.018405089095646865,0.5223409985541865,0.0801126358991524,1e-06,0.05503529603238935,0.006151091602453928,0.028097653639745732,0.022881457660900113
40,0.25,calibrated,9.615384615384615,15,64,0.03295662053642645,0.4738853530821711,0.0801126358991524,1e-06,0.035271845209587746,0.0017508584242439534,0.01520668489481639,0.03269397756639758
40,0.25,calibrated,9.615384615384615,16,26,0.055236454957358516,0.5630474221846039,0.0801126358991524,1e-06,0.0547245291076196,0.003780953571469213,0.020845913021442102,0.04774982164669425
40,0.25,calibrated,9.615384615384615,17,300,0.0659081626817446,0.4427614489631064,0.0801126358991524,1e-06,0.10973938279668022,0.014099846632886557,0.05104133050931764,0.08593401794937894
40,0.25,calibrated,9.615384615384615,18,25,0.058624363267723134,0.5675495942608175,0.08273281983320177,1e-06,0.1154133954814743,0.010874881458751746,0.04238131150745872,0.06433703049997502
40,0.25,calibrated,9.615384615384615,19,300,0.039224000916205926,0.4717823914298517,0.0801126358991524,1e-06,0.08994414890025137,0.009680333799282194,0.040328840604100816,0.05558047224015545
40,0.25,calibrated,9.615384615384615,20,47,0.012492014709112875,0.5071431969281613,0.0801126358991524,1e-06,0.05648230959683898,0.0054656995497568,0.03447453241866376,0.0040772851398133605
40,0.25,calibrated,9.615384615384615,21,26,0.010310730657071665,0.5176583697893752,0.0801126358991524,1e-06,0.004963843835665845,0.0005960513806718387,0.0079835785345081,0.007152590082881834
40,0.25,calibrated,9.615384615384615,22,56,0.029380405832649004,0.4775516348183518,0.0801126358991524,1e-06,0.025237625926107135,0.0020396021399931904,0.01317206291511088,0.027169849622600252
40,0.25,calibrated,9.615384615384615,23,26,0.050682018850822685,0.5584548055702361,0.0801126358991524,1e-06,0.04922427494078675,0.003394173955449875,0.01887793743199311,0.043867478433228635
40,0.25,calibrated,9.615384615384615,24,300,0.07314591876226545,0.434667891356964,0.0801126358991524,1e-06,0.11101456994204886,0.012202176414683491,0.051987596475492524,0.09244573666115027
40,0.25,calibrated,9.615384615384615,25,23,0.0738451086672417,0.5836977972572431,0.08647629118589041,1e-06,0.12665505481907707,0.009269404994643073,0.04564673174618149,0.07517017883685809
40,0.25,calibrated,9.615384615384615,26,300,0.047096862684193774,0.4672093671755647,0.0801126358991524,1e-06,0.11556062357068583,0.013564918898219615,0.05671431040893409,0.07035137810043
40,0.25,calibrated,9.615384615384615,27,68,0.0258693089689771,0.48445401878205074,0.0801126358991524,1e-06,0.06250521531246149,0.00725786040072659,0.05782001009441405,0.009917697974097531
40,0.25,calibrated,9.615384615384615,28,24,0.0524399257714645,0.5601523128440055,0.0801126358991524,1e-06,0.037582824836495374,0.0031160626457674926,0.02403922746953072,0.042266650030240285
40,0.25,calibrated,9.615384615384615,29,300,0.018710117230771206,0.5039868483764814,0.0801126358991524,1e-06,0.07121254360406935,0.009299219678581766,0.046889742502537864,0.014789728158750251
40,0.25,calibrated,9.615384615384615,30,300,0.04314415351039008,0.46967538372202533,0.0801126358991524,1e-06,0.010380067364980611,0.0034779281715326574,0.029565190894439472,0.02693730524858369
40,0.25,calibrated,9.615384615384615,31,31,0.034209815508922325,0.5422330718579668,0.0801126358991524,1e-06,0.06539299675762031,0.006616067533514604,0.025186342519789424,0.038601566422374986
40,0.25,calibrated,9.615384615384615,32,300,0.07605598914183581,0.4306542086754257,0.0801126358991524,1e-06,0.08520664612540282,0.0064237868468483336,0.03924116242312475,0.08240906053415104
40,0.25,calibrated,9.615384615384615,33,23,0.09528102847873099,0.6039833184792079,0.0801126358991524,1e-06,0.11478386041390876,0.004453472083790818,0.040957932129968774,0.08287655797468926
40,0.25,calibrated,9.615384615384615,34,300,0.04004375332419119,0.4933842390688245,0.0801126358991524,1e-06,0.13722607208021928,0.0185934629894994,0.08948946959134622,0.03993924923811254
40,0.25,calibrated,9.615384615384615,35,300,0.039580815253090096,0.47344292371718477,0.08946897346145039,1e-06,0.04720799561794198,0.00695423567831238,0.06488813000888594,0.009714366849000369
40,0.25,calibrated,9.615384615384615,36,46,0.008956733081677881,0.5070837642177382,0.0801126358991524,1e-06,0.040802589104299215,0.006023926075359556,0.031864799748402055,0.004071325093822702
40,0.25,calibrated,9.615384615384615,37,28,0.006944455617862388,0.5142557780043238,0.0801126358991524,1e-06,0.003386556267805097,0.0002828613371885556,0.005505106182866985,0.0045111109838446885
40,0.25,calibrated,9.615384615384615,38,44,0.01813989108313485,0.4889328000344623,0.0801126358991524,1e-06,0.015640275956514904,0.0012256796808492215,0.008020290355372762,0.0165726313579113
40,0.25,calibrated,9.615384615384615,39,28,0.033604488195497106,0.5412260995747873,0.0801126358991524,1e-06,0.032112992749696825,0.002287724814301414,0.012609328732619397,0.029576241882477594
40,0.25,calibrated,9.615384615384615,40,300,0.03164809507974453,0.5414527255956615,0.0801126358991524,1e-06,0.05793499178692234,0.006638952087051309,0.05713616511736414,0.0067629809952503075
40,0.25,calibrated,9.615384615384615,41,300,0.028885074384955522,0.48413866458531934,0.0801126358991524,1e-06,0.011601420647951208,0.0029166522964713727,0.013539146425720393,0.021550010323604152
40,0.25,calibrated,9.615384615384615,42,300,0.053864572052962856,0.459159166917312,0.0801126358991524,1e-06,0.01459601672310673,0.005883659875976855,0.04781163747878214,0.03096803746029087
40,0.25,calibrated,9.615384615384615,43,23,0.056503990590054065,0.5654105709139293,0.0801126358991524,1e-06,0.08033614429677571,0.0051559315581350355,0.030132815783494214,0.05496290356181836
40,0.25,calibrated,9.615384615384615,44,300,0.06849957361329262,0.44296136266648806,0.0801126358991524,1e-06,0.1287519536939769,0.017885048214835324,0.061096700820202035,0.09522165731093798
40,0.25,calibrated,9.615384615384615,45,29,0.05858283903007322,0.5658499714442816,0.09883931096761522,1e-06,0.13152636973481807,0.01186932618697473,0.047933004467090895,0.06731074280557778
40,0.25,calibrated,9.615384615384615,46,300,0.044164134909005504,0.46491911776704403,0.0801126358991524,1e-06,0.09064407571686992,0.009903433464810242,0.04086244841057602,0.060313516684550546
40,0.25,calibrated,9.615384615384615,47,33,0.026040268282404022,0.5318493969971496,0.0801126358991524,1e-06,0.07102232110597613,0.006695074651731815,0.02748952127317925,0.033844849264559704
40,0.25,calibrated,9.615384615384615,48,300,0.13937832128971628,0.3662438263366228,0.0801126358991524,1e-06,0.13101013403512396,0.013551000458722198,0.08544935744003469,0.15388764762427243
40,0.25,calibrated,9.615384615384615,49,18,0.1623741730877355,0.6715158981818816,0.1179448298788149,1e-06,0.18980997608034433,0.006381268726543182,0.061728094856355574,0.12871341086502905
40,0.25,calibrated,9.615384615384615,50,300,0.04408772120070892,0.5062855635950728,0.0801126358991524,1e-06,0.17103283744561865,0.02387136920381691,0.11654091850168243,0.02336875623939669
40,0.25,calibrated,9.615384615384615,51,300,0.020444087865240435,0.49257965110503443,0.09916769124408921,1e-06,0.05857990658248782,0.006908062617026018,0.04853171475998746,0.010524447917408055
40,0.25,calibrated,9.615384615384615,52,300,0.031001790268105678,0.4820219487021692,0.0801126358991524,1e-06,0.014313831705161754,0.0032474543413136417,0.02271449210056131,0.02199455318262334
40,0.25,calibrated,9.615384615384615,53,300,0.05339271636056703,0.45963102260970784,0.0801126358991524,1e-06,0.013132305945303235,0.005824233619161738,0.042948618948888476,0.031465608260589126
40,0.25,calibrated,9.615384615384615,54,23,0.055984015848362434,0.564968126319596,0.0801126358991524,1e-06,0.08040069211528778,0.005380025926456332,0.03016256180166278,0.05484486227196884
40,0.25,calibrated,9.615384615384615,55,300,0.06850523885711518,0.4404151612834947,0.0801126358991524,1e-06,0.11801187218098164,0.016020367002217477,0.05531505125544737,0.09136386890155969
40,0.25,calibrated,9.615384615384615,56,25,0.06164695073048165,0.570568945414261,0.08823429242903696,1e-06,0.12256897024619712,0.011595095289978178,0.044729158045414406,0.0675355579068165
40,0.25,calibrated,9.615384615384615,57,300,0.0524069706480248,0.46776945762593924,0.0801126358991524,1e-06,0.1345921933156063,0.016900264940631463,0.07542579475767874,0.07894012522531571
40,0.25,calibrated,9.615384615384615,58,46,0.02414686029377222,0.5096743171053517,0.10025751549844614,1e-06,0.10413651720890314,0.011811198955615141,0.0674553757832596,0.006905191020853082
40,0.25,calibrated,9.615384615384615,59,26,0.018607911114657316,0.5259797069251494,0.0801126358991524,1e-06,0.00920234086424586,0.0008239173821433693,0.014434302083548615,0.012348886065718986
40,0.25,calibrated,9.615384615384615,60,300,0.03777992471553393,0.46916992624392734,0.0801126358991524,1e-06,0.036663499458095494,0.002304151533670075,0.01871345386461187,0.036832973314187126
40,0.25,fixed,0.2,1,3,0.0015101004288198272,1.000061590992938,0.0,1e-06,0.001734428429381038,0.00023502898582931236,0.001310782298769815,0.00045698603899994535
40,0.25,fixed,0.2,2,3,4.779228247042688e-06,0.999727508345514,0.001734428429381038,1e-06,3.384860811515987e-06,4.041809226617443e-07,1.7763508718909538e-06,3.15852977027248e-06
40,0.25,fixed,0.2,3,2,1.5815968756882626e-08,0.9997311682792042,0.001734252478616855,1e-06,0.0,,,
40,0.25,fixed,0.47692307692307695,1,3,0.006066557720410093,0.9934637043617685,0.0,1e-06,0.006950232067366256,0.0008778307416141658,0.002867704685279056,0.004538331674680374
40,0.25,fixed,0.47692307692307695,2,3,6.474234066411455e-06,0.9993522109731429,0.006950232067366256,1e-06,1.5712343048420245e-05,9.756499799332817e-08,3.6647748566669867e-06,6.021689824731739e-06
40,0.25,fixed,0.47692307692307695,3,2,3.460727959758714e-08,0.9993586475853997,0.006954360497535849,1e-06,0.0,,,
40,0.25,fixed,0.7538461538461538,1,4,0.01365520246552443,0.9857393987472224,0.0,1e-06,0.012223814904907789,0.0013831151841306867,0.005104009014678445,0.009634284392058485
40,0.25,fixed,0.7538461538461538,2,4,5.656179435686859e-05,0.9989321085100253,0.012223814904907789,1e-06,0.00012306283650952978,6.881180025942185e-07,2.870571941481222e-05,4.9935563493493906e-05
40,0.25,fixed,0.7538461538461538,3,3,6.931841045609843e-07,0.9989852661436218,0.012251902491529977,1e-06,0.0,,,
40,0.25,fixed,1.0307692307692309,1,4,0.021361811812377618,0.977894885359432,0.0,1e-06,0.017526243381588407,0.0021060522127575765,0.007407534845366026,0.014890482474903172
40,0.25,fixed,1.0307692307692309,2,4,0.00015415177634481303,0.998467904164784,0.017526243381588407,1e-06,0.00032462123651537476,2.6843279726647905e-06,7.573310929887517e-05,0.00013425418767967404
40,0.25,fixed,1.0307692307692309,3,3,3.0003402731182405e-06,0.9986100089096829,0.017599225960841684,1e-06,8.26279005602672e-06,3.904116805833553e-09,1.9272167989405e-06,2.8309939390056203e-06
40,0.25,fixed,1.0307692307692309,4,2,5.98497975623502e-08,0.998612895344129,0.017600063717424817,1e-06,0.0,,,
40,0.25,fixed,1.3076923076923077,1,4,0.029202976948846437,0.9699246821794455,0.0,1e-06,0.022858779171103617,0.00285214422021874,0.009782146106099007,0.020316127975150665
40,0.25,fixed,1.3076923076923077,2,5,0.00029829228329547597,0.9979603487037643,0.022858779171103617,1e-06,0.0006195707310079584,5.923885372955232e-06,0.00014457686370692458,0.00025833645322853344
40,0.25,fixed,1.3076923076923077,3,3,7.960252182193095e-06,0.9982318949959332,0.022996832044759743,1e-06,2.17656496526764e-05,1.0970186183982334e-08,5.0766751723034175e-06,7.49226680216498e-06
40,0.25,fixed,1.3076923076923077,4,2,2.254548367996989e-07,0.9982394791043122,0.022999054162977938,1e-06,0.0,,,
40,0.25,fixed,1.5846153846153845,1,5,0.03719128719114961,0.9618228226162898,0.0,1e-06,0.028222817763348965,0.003622727441232574,0.012232061445664827,0.025921261905504048
40,0.25,fixed,1.5846153846153845,2,5,0.0004879989630948156,0.9974102206046631,0.028222817763348965,1e-06,0.0010070776006992476,1.0276758067152733e-05,0.000235072108698103,0.0004215269986989423
40,0.25,fixed,1.5846153846153845,3,4,1.6515179473763908e-05,0.997850000659687,0.02844532127025669,1e-06,4.502963248617119e-05,2.3709560871062733e-08,1.050298746121174e-05,1.5527808208880353e-05
40,0.25,fixed,1.5846153846153845,4,2,5.543820051912007e-07,0.9978656346367921,0.028449903409041636,1e-06,0.0,,,
40,0.25,fixed,1.8615384615384616,1,5,0.04531549619251252,0.9535829587433237,0.0,1e-06,0.033619796617855156,0.004419253234399541,0.014761848513007674,0.03171676220723097
40,0.25,fixed,1.8615384615384616,2,5,0.0007222758976442867,0.9968183105763517,0.033619796617855156,1e-06,0.0014862868811594768,1.5643785799444427e-05,0.0003470577888318512,0.0006231734312771508
40,0.25,fixed,1.8615384615384616,3,4,2.950852387828551e-05,0.9974634824744196,0.03394531485131776,1e-06,8.053934304696756e-05,4.37320135506978e-08,1.8785931468851975e-05,2.7752229613913354e-05
40,0.25,fixed,1.8615384615384616,4,3,1.0966271396517513e-06,0.9974912984933706,0.03395340365980664,1e-06,3.410864154757361e-06,6.4416784468467444e-09,7.955488162502432e-07,1.075662721753172e-06
40,0.25,fixed,1.8615384615384616,5,2,4.930577268691394e-08,0.9974923464011122,0.033953539910742306,1e-06,0.0,,,
40,0.25,fixed,2.138461538461539,1,5,0.05358244258584477,0.9451981356731095,0.0,1e-06,0.039051323993297055,0.0052433089871048895,0.017376523464738683,0.03771456558956776
40,0.25,fixed,2.138461538461539,2,6,0.001000081378904727,0.9961854523614004,0.039051323993297055,1e-06,0.0020562961953592557,2.19227459795721e-05,0.0004803701589712217,0.0008626012340437792
40,0.25,fixed,2.138461538461539,3,4,4.771212436915917e-05,0.9970715607436621,0.03949755564007128,1e-06,0.00013068626360566516,7.266746911851261e-08,3.048378912752e-05,4.4924252876087656e-05
40,0.25,fixed,2.138461538461539,4,3,2.059261908993193e-06,0.997116285598223,0.039510423110164956,1e-06,6.47960307640971e-06,1.6269607994491206e-08,1.5113033048897814e-06,2.0274292781991217e-06
40,0.25,fixed,2.138461538461539,5,2,1.1238648234268567e-07,0.9971182404544767,0.03951065482257612,1e-06,0.0,,,
40,0.25,fixed,2.4153846153846157,1,5,0.06199953457339746,0.9366608191389997,0.0,1e-06,0.04451913021396696,0.00609663157497054,0.020081577199658043,0.04392773732711325
40,0.25,fixed,2.4153846153846157,2,6,0.0013201616813421913,0.9955126431939114,0.04451913021396696,1e-06,0.002716110149084537,2.8970795176142897e-05,0.0006348315981565552,0.0011390095159421213
40,0.25,fixed,2.4153846153846157,3,4,7.196062049297236e-05,0.9966734175479776,0.045102751662450064,1e-06,0.00019777557324180284,1.1213699231152862e-07,4.613503195911433e-05,6.78291425952118e-05
40,0.25,fixed,2.4153846153846157,4,3,3.522700018021574e-06,0.9967405004836052,0.045121842969273546,1e-06,1.1226055551184953e-05,3.5951212122827537e-08,2.618373948224865e-06,3.477949785303274e-06
40,0.25,fixed,2.4153846153846157,5,2,2.2808080002434394e-07,0.9967438220003529,0.0451221949751689,1e-06,0.0,,,
40,0.25,fixed,2.6923076923076925,1,6,0.07057497745712737,0.9279626627349585,0.0,1e-06,0.05002517973521919,0.006981133712913282,0.02288308744857091,0.05037073106131157
40,0.25,fixed,2.6923076923076925,2,6,0.001681159250913944,0.9948009697561372,0.05002517973521919,1e-06,0.0034646432290151626,3.6632961330197085e-05,0.000810250751659688,0.001451533896918762
40,0.25,fixed,2.6923076923076925,3,5,0.00010280124154349313,0.9962684662139677,0.05076176216106735,1e-06,0.00028395301664042817,1.6943337348172136e-07,6.624134721485247e-05,9.705460661517089e-05
40,0.25,fixed,2.6923076923076925,4,4,5.795605879654886e-06,0.996363663203198,0.05078849780650359,1e-06,1.816139038361142e-05,2.0105386999701846e-08,4.235995329942078e-06,5.701182403709926e-06
40,0.25,fixed,2.6923076923076925,5,2,3.4987897667981827e-07,0.9963691179717787,0.050789117791908964,1e-06,0.0,,,
40,0.25,fixed,2.9692307692307693,1,6,0.07931745102968024,0.919094838778193,0.0,1e-06,0.055571440177410336,0.00789890947490539,0.02578766676921371,0.057059279070946683
40,0.25,fixed,2.9692307692307693,2,6,0.002081805619883914,0.9940514675921218,0.055571440177410336,1e-06,0.004300741251203034,4.47960973477371e-05,0.001006427133361371,0.0017993596768165283
40,0.25,fixed,2.9692307692307693,3,5,0.00014099332587425017,0.9958559568203441,0.05647549424386467,1e-06,0.00039134046807488875,2.831784747139384e-07,9.129938757138293e-05,0.0001333237527187482
40,0.25,fixed,2.9692307692307693,4,4,8.806050149745559e-06,0.9959857988008978,0.05651142691586632,1e-06,2.778327356619559e-05,3.282982349433658e-08,6.480258960861484e-06,8.6833391001251e-06
40,0.25,fixed,2.9692307692307693,5,3,5.071498722086787e-07,0.9959941192326197,0.05651228875274967,1e-06,0.0,,,
40,0.25,fixed,3.2461538461538466,1,6,0.08823671242220099,0.9100474213497087,0.0,1e-06,0.06116021424870184,0.00885228293731539,0.028802707037514686,0.06401095421048565
40,0.25,fixed,3.2461538461538466,2,7,0.00252031353937332,0.9932655691567449,0.06116021424870184,1e-06,0.00522303463662175,5.324002295519183e-05,0.0012231156048370826,0.0021813457732473905
40,0.25,fixed,3.2461538461538466,3,5,0.0001871555944009673,0.9954352620553142,0.06224483201676621,1e-06,0.0005218608858997163,4.292854715412265e-07,0.000121760030651237,0.00017724782384757174
40,0.25,fixed,3.2461538461538466,4,4,1.2818324824692695e-05,0.9956066562931425,0.06229155782322309,1e-06,4.070272328573109e-05,4.9607967564733836e-08,9.493707556322103e-06,1.2668467983397858e-05
40,0.25,fixed,3.2461538461538466,5,3,8.063332450625182e-07,0.9956187237419917,0.06229269731455602,1e-06,0.0,,,
40,0.25,fixed,3.5230769230769234,1,7,0.09734352093239462,0.9008094640945438,0.0,1e-06,0.06679404304598163,0.009843833259068631,0.03193642567335492,0.07124528764546427
40,0.25,fixed,3.5230769230769234,2,7,0.0029950551941428927,0.9924446211595267,0.06679404304598163,1e-06,0.006230022536779565,6.181206561783914e-05,0.001460045765321186,0.0025964292120102352
40,0.25,fixed,3.5230769230769234,3,5,0.00024158098661475336,0.9950060262779603,0.06807098459435365,1e-06,0.0006773019527099924,6.419724828243485e-07,0.00015804328728244414,0.00022921176377582224
40,0.25,fixed,3.5230769230769234,4,4,1.7984753441280255e-05,0.9952260770496248,0.06812990897033075,1e-06,5.7490927675620234e-05,7.09069328139346e-08,1.3409609972802035e-05,1.781452933125172e-05
40,0.25,fixed,3.5230769230769234,5,3,1.2239498988764197e-06,0.9952429522804659,0.06813133691438757,1e-06,4.27544831675186e-06,3.122227276396283e-08,9.972044654184982e-07,1.1382352936230497e-06
40,0.25,fixed,3.5230769230769234,6,2,1.2637484103628083e-07,0.9952440213096929,0.06813120833854722,1e-06,0.0,,,
40,0.25,fixed,3.8000000000000003,1,7,0.10664956861376451,0.891369071997479,0.0,1e-06,0.07247561698590144,0.010876421142467972,0.0351979219389018,0.07878390541961511
40,0.25,fixed,3.8000000000000003,2,7,0.003504027442207347,0.9915902676200792,0.07247561698590144,1e-06,0.007319964038445901,7.030156042350921e-05,0.0017168949901813395,0.0030432961305184537
40,0.25,fixed,3.8000000000000003,3,6,0.0003048900433806345,0.9945676396378131,0.07395505099817085,1e-06,0.0008593483321264739,9.055978972380488e-07,0.000200546005340997,0.0002898053106075025
40,0.25,fixed,3.8000000000000003,4,4,2.4380974733118066e-05,0.9948439884819332,0.07402764001712908,1e-06,7.879072719934739e-05,1.3787224326846284e-07,1.8377968383542785e-05,2.4185696445996254e-05
40,0.25,fixed,3.8000000000000003,5,3,1.7750757501655556e-06,0.9948667966659531,0.07402924166387952,1e-06,6.285304984484727e-06,5.4254169976942756e-08,1.465984533393189e-06,1.6192733400998016e-06
40,0.25,fixed,3.8000000000000003,6,2,2.0190513150275535e-07,0.9948683134189156,0.07402899678336623,1e-06,0.0,,,
40,0.25,fixed,4.0769230769230775,1,7,0.11616799618384521,0.8817128739385137,0.0,1e-06,0.07820801679657004,0.011953253429113927,0.038597440306333504,0.08665114480393779
40,0.25,fixed,4.0769230769230775,2,8,0.0040450644030551874,0.9907043138634904,0.07820801679657004,1e-06,0.00849083723619225,7.849938755462405e-05,0.0019932778097515903,0.003520496738620556
40,0.25,fixed,4.0769230769230775,3,6,0.0003770373704297114,0.9941200402179869,0.07989839459967968,1e-06,0.001069407107148538,1.3397096992326666e-06,0.00024960104038534764,0.00035915495139831775
40,0.25,fixed,4.0769230769230775,4,5,3.217581559089577e-05,0.9944602300103726,0.07998570661753629,1e-06,0.00010516814276006006,2.4361240781148487e-07,2.453089615191367e-05,3.194589704745494e-05
40,0.25,fixed,4.0769230769230775,5,3,2.583437566872071e-06,0.9944900875921917,0.0799873298909169,1e-06,8.970561145368555e-06,4.068900891370372e-08,2.0922970625209206e-06,2.4163679842057894e-06
40,0.25,fixed,4.0769230769230775,6,2,3.358767187711109e-07,0.9944922867359284,0.0799870267634155,1e-06,0.0,,,
40,0.25,fixed,4.353846153846154,1,7,0.1259134018506619,0.8718260147383446,0.0,1e-06,0.0839946445200129,0.013077928676539632,0.04214649055205309,0.09487434273194166
40,0.25,fixed,4.353846153846154,2,8,0.004615334558692674,0.9897890893859723,0.0839946445200129,1e-06,0.009740223349562569,8.608296257871145e-05,0.0022887162497362556,0.004026132309116502
40,0.25,fixed,4.353846153846154,3,6,0.00045845941679145685,0.9936627959980308,0.085902254325848,1e-06,0.0013087071983329361,1.8720334340548695e-06,0.00030550071060013803,0.0004376849170741959
40,0.25,fixed,4.353846153846154,4,5,4.167303299307257e-05,0.9940744866077351,0.0860053137451962,1e-06,0.00013734797732491746,2.058446190262004e-07,3.2037586995454913e-05,4.133889988641769e-05
40,0.25,fixed,4.353846153846154,5,4,3.6577494677558775e-06,0.9941128437146487,0.0860068809927317,1e-06,1.2496727190297321e-05,1.616602526352499e-08,2.9147476225494893e-06,3.4902155464364302e-06
40,0.25,fixed,4.353846153846154,6,2,3.4011371485842545e-07,0.9941160781964217,0.08600651105065343,1e-06,0.0,,,
40,0.25,fixed,4.630769230769231,1,8,0.13590231343063786,0.8616916737700093,0.0,1e-06,0.08983940039248509,0.01425451822564642,0.04585814779358011,0.10348454347775296
40,0.25,fixed,4.630769230769231,2,8,0.0052117671192633,0.988847159347976,0.08983940039248509,1e-06,0.01106528370365438,9.273317171353973e-05,0.0026026330794889107,0.004558096125665058
40,0.25,fixed,4.630769230769231,3,6,0.0005491223907293508,0.993195872260676,0.09196819491744583,1e-06,0.0015781773315654167,2.5431793924744006e-06,0.00036846812464709527,0.0005254816999684115
40,0.25,fixed,4.630769230769231,4,5,5.290434888627349e-05,0.993686721844967,0.09208767293476827,1e-06,0.0001758962582436909,2.070251912284402e-07,4.1030237589675986e-05,5.237421948303736e-05
40,0.25,fixed,4.630769230769231,5,4,4.9395109018579575e-06,0.9937351696233986,0.09208894272887491,1e-06,1.6941282499155686e-05,2.2212504461061695e-08,3.951409734865434e-06,4.68612862937863e-06
40,0.25,fixed,4.630769230769231,6,2,4.85779573122791e-07,0.9937394913434513,0.0920883589044428,1e-06,0.0,,,
40,0.25,fixed,4.907692307692308,1,8,0.14615293591426415,0.8512913224419468,0.0,1e-06,0.09574645323285912,0.015487617973561702,0.04974713887657226,0.11251670812754869
40,0.25,fixed,4.907692307692308,2,8,0.005831007250370002,0.9878813643976735,0.09574645323285912,1e-06,0.012462680988474854,9.81414424218495e-05,0.0029343310986067435,0.0051140298331633725
40,0.25,fixed,4.907692307692308,3,7,0.0006487388753874113,0.9927194555351964,0.09809784613551885,1e-06,0.0018784471459827152,3.4279653817256067e-06,0.0004386573860488195,0.0006224356296221882
40,0.25,fixed,4.907692307692308,4,5,6.6324964572817e-05,0.9932966910792588,0.0982339034208582,1e-06,0.00022136162948936417,3.4828769495261105e-07,5.1637052548937546e-05,6.536732017076147e-05
40,0.25,fixed,4.907692307692308,5,4,6.5487378844153454e-06,0.9933569156551071,0.09823466240901879,1e-06,2.252317186595879e-05,3.117738390112772e-08,5.25335475720965e-06,6.184305840531085e-06
40,0.25,fixed,4.907692307692308,6,3,5.578380447568421e-07,0.9933627796544129,0.09823379069421104,1e-06,0.0,,,
40,0.25,fixed,5.184615384615385,1,8,0.15668625340332887,0.840603600837416,0.0,1e-06,0.10172071342422107,0.01678249412732426,0.05383043281939635,0.12201110492172967
40,0.25,fixed,5.184615384615385,2,9,0.006468551246983756,0.9868954614841462,0.10172071342422107,1e-06,0.013928325467408721,0.00010180788476323843,0.003282928177509646,0.005690777138635287
40,0.25,fixed,5.184615384615385,3,7,0.0007574974496432629,0.9922333883507161,0.10429282519288058,1e-06,0.002209718095497625,4.402717896387128e-06,0.0005161236594967406,0.0007287044391147803
40,0.25,fixed,5.184615384615385,4,6,8.19327368654088e-05,0.9929043037125661,0.10444551082291023,1e-06,0.00027438249192993417,2.43626465461334e-07,6.40072333130593e-05,8.037651942052464e-05
40,0.25,fixed,5.184615384615385,5,4,8.412255581902173e-06,0.9929782213958068,0.10444541390131391,1e-06,2.9355280871956782e-05,6.82782883785326e-08,6.846916593319713e-06,7.785192071857076e-06
40,0.25,fixed,5.184615384615385,6,3,7.346872423763529e-07,0.9929856768039685,0.10444400225382693,1e-06,0.0,,,
40,0.25,fixed,5.461538461538462,1,9,0.16752626388599656,0.8296040781488899,0.0,1e-06,0.10776780479494696,0.018145204274879874,0.058127599069763614,0.13201416150987547
40,0.25,fixed,5.461538461538462,2,9,0.007119744342382939,0.9858934427380043,0.10776780479494696,1e-06,0.015457323488518235,0.00010331958919434359,0.0036473439525332592,0.006284951262199278
40,0.25,fixed,5.461538461538462,3,7,0.0008744492586104657,0.9917384544384921,0.11055534640625843,1e-06,0.0025717104933163162,5.6184551756807665e-06,0.0006008098714802945,0.0008436519710997301
40,0.25,fixed,5.461538461538462,4,6,9.963655727807108e-05,0.9925097311249939,0.11072381226105085,1e-06,0.00033519116340845645,6.106674158288337e-07,7.819529078233866e-05,9.714220672286125e-05
40,0.25,fixed,5.461538461538462,5,5,1.0620339113698307e-05,0.9925989919361453,0.11072221050596022,1e-06,3.7513266525355976e-05,1.4103082061188236e-07,8.749748687337353e-06,9.610258938119059e-06
40,0.25,fixed,5.461538461538462,6,3,1.0240726194821193e-06,0.9926081397546308,0.11072004852533086,1e-06,3.697739710510912e-06,2.495802349790928e-08,8.624594404663168e-07,8.035187184133765e-07
40,0.25,fixed,5.461538461538462,7,1,4.0336936679707946e-08,0.9926090036112791,0.1107196318891503,1e-06,0.0,,,
40,0.25,fixed,5.7384615384615385,1,9,0.17870014615253182,0.8182650837986148,0.0,1e-06,0.11389397947845183,0.01958272939141577,0.06266119882015089,0.1425793883292784
40,0.25,fixed,5.7384615384615385,2,9,0.007778695851576867,0.9848803190270823,0.11389397947845183,1e-06,0.017043733485834878,0.00010564655240509986,0.004026234830493725,0.006892255181081686
40,0.25,fixed,5.7384615384615385,3,7,0.000998940188156383,0.9912352478444514,0.11688744292111086,1e-06,0.002963506478651021,7.055499982007093e-06,0.0006925102928425942,0.00096676799146947
40,0.25,fixed,5.7384615384615385,4,6,0.00011956483810471319,0.992112843565327,0.11707023750798821,1e-06,0.0004041225069991981,1.1270517953280405e-06,9.427974256439303e-05,0.00011585082556184683
40,0.25,fixed,5.7384615384615385,5,5,1.3330710156078673e-05,0.9922190677262123,0.1170664420365203,1e-06,4.7199913992922586e-05,1.9272999840833965e-07,1.1009160276039747e-05,1.186095069351007e-05
40,0.25,fixed,5.7384615384615385,6,3,1.3293178853235332e-06,0.9922303809030264,0.11706340003027858,1e-06,4.816122505434243e-06,3.4428340780960643e-08,1.1233112612786836e-06,1.0104187863439412e-06
40,0.25,fixed,5.7384615384615385,7,2,2.4921279384582107e-07,0.9922312707080277,0.11706280490287635,1e-06,0.0,,,
40,0.25,fixed,6.015384615384616,1,9,0.19023973513439807,0.8065542017530188,0.0,1e-06,0.12010665121737227,0.021246644744971226,0.06745775588172163,0.15376967684026885
40,0.25,fixed,6.015384615384616,2,10,0.008438588822824666,0.9838619604664164,0.12010665121737227,1e-06,0.018680243325443352,0.00011262467156483621,0.004417912866935642,0.0075076062510132475
40,0.25,fixed,6.015384615384616,3,8,0.0011298637687522373,0.9907247827744924,0.12329170022110814,1e-06,0.003383469464549721,8.738753331843341e-06,0.0007908508775652882,0.001097170048919733
40,0.25,fixed,6.015384615384616,4,6,0.00014154862526327694,0.9917139337073607,0.12348652315642576,1e-06,0.00048120811225811676,1.5689766862546713e-06,0.00011226836216943826,0.00013610034921008582
40,0.25,fixed,6.015384615384616,5,5,1.6439219947428363e-05,0.9918386006520734,0.123479477151507,1e-06,5.837453686241307e-05,2.610550529526854e-07,1.3615670492656169e-05,1.4338759886891152e-05
40,0.25,fixed,6.015384615384616,6,4,1.768720535810786e-06,0.9918521658546836,0.12347526140300069,1e-06,6.167625168459539e-06,1.391224741788085e-08,1.4385366534087905e-06,1.4512635418455462e-06
40,0.25,fixed,6.015384615384616,7,2,1.8920767885788337e-07,0.9918535170084015,0.12347457128823858,1e-06,0.0,,,
40,0.25,fixed,6.292307692307693,1,10,0.2021824448849312,0.7944333307910071,0.0,1e-06,0.126414563078137,0.02303587664746519,0.07254867114110843,0.16565946214068453
40,0.25,fixed,6.292307692307693,2,10,0.009090205706698162,0.9828461860251749,0.126414563078137,1e-06,0.02035771277146982,0.00011880172022934246,0.0048202244161710825,0.008124188953107967
40,0.25,fixed,6.292307692307693,3,8,0.0012655077147738503,0.9902086465815109,0.12977049037705765,1e-06,0.003828563220284544,1.0690892313356614e-05,0.0008951290821666438,0.001233431586458387
40,0.25,fixed,6.292307692307693,4,7,0.00016553058051094194,0.991313065765903,0.13086106510431803,1e-06,0.0005662021195174489,2.000101899756226e-06,0.00013210424437796399,0.00015780388374552092
40,0.25,fixed,6.292307692307693,5,5,2.0073604073855833e-05,0.9914573758263054,0.13142726722383546,1e-06,7.116092354494766e-05,2.775034134266169e-07,1.6598169535801863e-05,1.732322163693131e-05
40,0.25,fixed,6.292307692307693,6,4,2.2494787468296806e-06,0.9914737005659997,0.13149842814738041,1e-06,7.813223614804277e-06,2.2424010780254805e-08,1.8223576107989887e-06,1.8315666674182897e-06
40,0.25,fixed,6.292307692307693,7,2,2.502453128050419e-07,0.9914753960617793,0.13150624137099523,1e-06,0.0,,,
40,0.25,fixed,6.56923076923077,1,10,0.2145718011232265,0.7818581399878323,0.0,1e-06,0.13282770633603191,0.024956807748572972,0.07797115763186717,0.17833693498351466
40,0.25,fixed,6.56923076923077,2,10,0.009723490888444486,0.981841721268878,0.13282770633603191,1e-06,0.022064906866866706,0.00012397203644994514,0.005230484200155052,0.008734315165494416
40,0.25,fixed,6.56923076923077,3,8,0.001403793353873528,0.9896888027871471,0.13643371610356117,1e-06,0.004294780068965354,1.2929686803092128e-05,0.001004413198177738,0.001373780235294116
40,0.25,fixed,6.56923076923077,4,7,0.00019139559848557752,0.9909103603584423,0.14072849617252653,1e-06,0.0006585712757796033,2.445598310752141e-06,0.0001536634342981378,0.000180917554513897
40,0.25,fixed,6.56923076923077,5,5,2.4082830825555845e-05,0.9910757238486355,0.14138706744830612,1e-06,8.553992911255928e-05,3.512287842820709e-07,1.9952200509375428e-05,2.0372324349282862e-05
40,0.25,fixed,6.56923076923077,6,4,2.7814778819079677e-06,0.9910949466768484,0.14147260737741868,1e-06,9.633700175597474e-06,3.4120865764497585e-08,2.2469680582000876e-06,2.22326435082731e-06
40,0.25,fixed,6.56923076923077,7,2,3.1698516866907056e-07,0.9910970021105607,0.14148224107759427,1e-06,0.0,,,
40,0.25,fixed,6.846153846153847,1,11,0.22746072123555028,0.768774725223329,0.0,1e-06,0.1393584196990335,0.027026764898780392,0.0837705148944352,0.1919094261487796
40,0.25,fixed,6.846153846153847,2,11,0.010324783051819941,0.9808602726659129,0.1393584196990335,1e-06,0.02378748633762301,0.00013314519112607491,0.0056452126454553855,0.009327631370496097
40,0.25,fixed,6.846153846153847,3,9,0.0015417781772072425,0.9891680597368502,0.14628972210730878,1e-06,0.004775863625184855,1.5446476151583373e-05,0.0011172416707992642,0.0015156382333893087
40,0.25,fixed,6.846153846153847,4,7,0.00021876492105776801,0.9905062410722671,0.15106558573249365,1e-06,0.0007571528562393941,2.8845338075650718e-06,0.00017667499722419781,0.00020501868416201755
40,0.25,fixed,6.846153846153847,5,6,2.8632734468625465e-05,0.9906933119231104,0.15182273858873305,1e-06,0.0001014854517307116,3.5340612928281496e-07,2.3671699589663602e-05,2.3950218604760104e-05
40,0.25,fixed,6.846153846153847,6,4,3.307022998777498e-06,0.9907160608095329,0.15192422404046377,1e-06,1.1772505843006007e-05,3.429071915331696e-08,2.745826347029537e-06,2.395839713262362e-06
40,0.25,fixed,6.846153846153847,7,2,3.522320176641003e-07,0.9907183943682791,0.15193599654630677,1e-06,0.0,,,
40,0.25,fixed,7.1230769230769235,1,11,0.24091262810115333,0.755118473188252,0.0,1e-06,0.14602129441946324,0.029266774876354075,0.0900019342553915,0.20650766469900106
40,0.25,fixed,7.1230769230769235,2,11,0.010878481133787865,0.9799154667454121,0.14602129441946324,1e-06,0.025507378479729684,0.0001446970094924186,0.006059980481725408,0.009891983242871372
40,0.25,fixed,7.1230769230769235,3,9,0.0016756097651910995,0.9886501072325351,0.15663506740846495,1e-06,0.0052636629936086594,1.8282156172528962e-05,0.001231704188118784,0.0016541728423252167
40,0.25,fixed,7.1230769230769235,4,7,0.00024679627418910943,0.9901017446927967,0.16189873040207362,1e-06,0.0008600143805592196,3.418639158521134e-06,0.00020068808775676572,0.00022895184572129017
40,0.25,fixed,7.1230769230769235,5,6,3.337258480684557e-05,0.990310732961898,0.16275874478263283,1e-06,0.00011841861239496136,4.1619658574289526e-07,2.762163747959124e-05,2.7315602884014113e-05
40,0.25,fixed,7.1230769230769235,6,4,3.9290020626969735e-06,0.9903367781164087,0.16287716339502778,1e-06,1.4007785012537416e-05,4.221710927202255e-08,3.2671876964029137e-06,2.7359953079092456e-06
40,0.25,fixed,7.1230769230769235,7,3,2.8960957731971604e-07,0.9903397196740642,0.16289117118004032,1e-06,0.0,,,
40,0.25,fixed,7.4,1,12,0.2550066008397276,0.7408088073976686,0.0,1e-06,0.15283469070367298,0.03170299154316908,0.09673452921969528,0.22229533024497106
40,0.25,fixed,7.4,2,12,0.011363577887310017,0.9790255175445247,0.15283469070367298,1e-06,0.027201035250693208,0.00015672218834506273,0.006468960120532857,0.010411088826326218
40,0.25,fixed,7.4,3,9,0.0018018743241405843,0.9881402523560261,0.1675112397684824,1e-06,0.005746230140591165,2.1513219018760338e-05,0.00134499292304502,0.0017846241650283992
40,0.25,fixed,7.4,4,8,0.0002747399125632155,0.989697581456933,0.17325746990907356,1e-06,0.0009641368429694434,3.904747300682517e-06,0.00022499809366120934,0.0002521403083127066
40,0.25,fixed,7.4,5,6,3.8159740327947667e-05,0.9899281826280574,0.174221606752043,1e-06,0.00013596304837525108,5.682135023344196e-07,3.171422283745458e-05,3.0251261499984134e-05
40,0.25,fixed,7.4,6,5,4.409065435750925e-06,0.9899575417179072,0.17435756980041828,1e-06,1.6126736852908355e-05,1.2592918518171985e-07,3.76141629418877e-06,2.6641791506785583e-06
40,0.25,fixed,7.4,7,3,3.772082701747337e-07,0.989960451026565,0.1743736965372712,1e-06,0.0,,,
40,0.25,fixed,7.676923076923077,1,12,0.2698410182962825,0.7257454695872949,0.0,1e-06,0.15982120216982268,0.03436830850396222,0.10405562040996943,0.2394791790037254
40,0.25,fixed,7.676923076923077,2,12,0.011756074682067852,0.9782140207824168,0.15982120216982268,1e-06,0.02883762439008644,0.00018786986827122555,0.006864469112011982,0.010863789139180792
40,0.25,fixed,7.676923076923077,3,9,0.001915630042388261,0.9876451305291695,0.17896832143876032,1e-06,0.006206893056565327,2.5021863378238223e-05,0.0014531831714942435,0.0019012962872885083
40,0.25,fixed,7.676923076923077,4,8,0.0003013870837378363,0.9892956260861991,0.18517521449532565,1e-06,0.0010651005067150604,4.4684177056963445e-06,0.0002485727546670951,0.0002725694829817674
40,0.25,fixed,7.676923076923077,5,6,4.288584450318211e-05,0.9895456022778,0.18624031500204072,1e-06,0.0001530804133045304,6.63406955976198e-07,3.570724921050648e-05,3.296000377841352e-05
40,0.25,fixed,7.676923076923077,6,5,4.959952536465195e-06,0.9895779304431996,0.18639339541534525,1e-06,1.8255953098850538e-05,1.5993902618507707e-07,4.258040245255013e-06,2.7406251936460793e-06
40,0.25,fixed,7.676923076923077,7,3,4.009015920347636e-07,0.9895810521408639,0.1864116513684441,1e-06,0.0,,,
40,0.25,fixed,7.953846153846155,1,13,0.28554376165911033,0.7097981130718113,0.0,1e-06,0.1670104029900576,0.037305397048383024,0.1120792931219919,0.2583293181504297
40,0.25,fixed,7.953846153846155,2,13,0.012030712468858118,0.9775124463320288,0.1670104029900576,1e-06,0.030375631553682253,0.0002457512172957515,0.007236118684586197,0.011221834691945647
40,0.25,fixed,7.953846153846155,3,10,0.0020052477590762896,0.9871740532350731,0.1910690869919017,1e-06,0.0066219725527014855,1.6062906174109782e-05,0.0015506934683830406,0.0019867808705126746
40,0.25,fixed,7.953846153846155,4,8,0.0003263469487855275,0.9888981183413903,0.1976910595446032,1e-06,0.0011563469197478238,5.121934762293383e-06,0.0002698798945430641,0.0002879981302495305
40,0.25,fixed,7.953846153846155,5,7,4.688442859812625e-05,0.9891639134250139,0.19884740646435103,1e-06,0.00016817108412744335,8.519067767079848e-07,3.9227522957502066e-05,3.43692516539615e-05
40,0.25,fixed,7.953846153846155,6,5,5.4588076781048045e-06,0.9891980424262802,0.19901557754847848,1e-06,1.982409215678656e-05,1.0834425611352876e-07,4.6237981016009e-06,2.89500833916203e-06
40,0.25,fixed,7.953846153846155,7,3,4.359857741498274e-07,0.9892013548613797,0.19903540164063527,1e-06,0.0,,,
40,0.25,fixed,8.23076923076923,1,14,0.3022832690491526,0.6927950237323935,0.0,1e-06,0.1744409949347861,0.040570828281717694,0.1209577485372347,0.2792060292455947
40,0.25,fixed,8.23076923076923,2,13,0.012130753840159714,0.9769627783798575,0.1744409949347861,1e-06,0.03175825551533175,0.0003177448041405607,0.007569672587548681,0.011447515615038381
40,0.25,fixed,8.23076923076923,3,10,0.0020727728983696014,0.9867412755382723,0.20389360525101452,1e-06,0.006957748400829515,1.2758216921220724e-05,0.001629567921616742,0.0020269295068117026
40,0.25,fixed,8.23076923076923,4,9,0.00034530946663047235,0.9885082628677775,0.21085135365184404,1e-06,0.0012272948181859707,5.745802213541354e-06,0.0002864472676420325,0.0002953414926984072
40,0.25,fixed,8.23076923076923,5,7,4.989055752124827e-05,0.9887830056382533,0.21207864847003002,1e-06,0.00017912768814286995,8.845207913076444e-07,4.178343472739322e-05,3.486830786024247e-05
40,0.25,fixed,8.23076923076923,6,5,5.708992171116201e-06,0.9888182313788102,0.2122577761581729,1e-06,2.078596659127845e-05,1.1638638772265878e-07,4.8481476193209665e-06,2.6424476995494544e-06
40,0.25,fixed,8.23076923076923,7,3,4.068882331065282e-07,0.9888214596766043,0.21227856212476418,1e-06,0.0,,,
40,0.25,fixed,8.507692307692308,1,15,0.3202911404193637,0.6745000455879068,0.0,1e-06,0.1846436820402153,0.04424260975471707,0.1309022347054086,0.30260939352078803
40,0.25,fixed,8.507692307692308,2,13,0.011989466733697163,0.9766247372057345,0.1846436820402153,1e-06,0.03290459537638929,0.00040788549185650954,0.007844865354473573,0.011487316875218876
40,0.25,fixed,8.507692307692308,3,10,0.002099114725549356,0.9863662149416259,0.2175482774166046,1e-06,0.007164234312987305,3.1013033149048525e-05,0.0016780173857482157,0.002007979119335153
40,0.25,fixed,8.507692307692308,4,9,0.00035400134810847916,0.9881306210198141,0.2247125117295919,1e-06,0.0012626443904720577,6.204619381981589e-06,0.00029470009445360516,0.00029023288797241724
40,0.25,fixed,8.507692307692308,5,7,5.063750251288468e-05,0.9884043885678835,0.22597515612006394,1e-06,0.00018240252762412762,9.454125471834516e-07,4.2547300650393075e-05,3.2793497708017983e-05
40,0.25,fixed,8.507692307692308,6,5,5.500506539024563e-06,0.9884386257212925,0.22615755864768808,1e-06,2.012878331234724e-05,1.1759209891948049e-07,4.694861383608163e-06,1.921578842701624e-06
40,0.25,fixed,8.507692307692308,7,2,4.729280432824723e-07,0.9884410314771526,0.22617768743100042,1e-06,0.0,,,
40,0.25,fixed,8.784615384615384,1,16,0.33990116457986164,0.6545727567427777,0.0,1e-06,0.19848659222417386,0.04843335102997423,0.142220056148514,0.329266876433635
40,0.25,fixed,8.784615384615384,2,14,0.011509594101329568,0.9765854817439413,0.19848659222417386,1e-06,0.033694939056280016,0.0005151337454720352,0.008031815690795287,0.011263426223736427
40,0.25,fixed,8.784615384615384,3,11,0.002050173835708269,0.9860793959383365,0.23218153128045388,1e-06,0.007165086813692722,4.138394694519771e-05,0.0016780524594001544,0.0018951414531736556
40,0.25,fixed,8.784615384615384,4,9,0.00034533073015130533,0.9877728072732316,0.2393466180941466,1e-06,0.0012373876699687545,6.345754708177799e-06,0.0002887965404879814,0.0002652878994904018
40,0.25,fixed,8.784615384615384,5,7,4.757305525671107e-05,0.9880293997330027,0.24058400576411534,1e-06,0.00017216179564588955,9.434046775872755e-07,4.015820250675094e-05,2.6958373874398785e-05
40,0.25,fixed,8.784615384615384,6,5,4.563942791913078e-06,0.9880594118448608,0.24075616755976123,1e-06,1.6854606197416762e-05,1.0321552630941811e-07,3.9438939288561865e-06,5.738276233213242e-07
40,0.25,fixed,8.784615384615384,7,2,2.5092757138800437e-07,0.9880608760704789,0.24077302216595864,1e-06,0.0,,,
40,0.25,fixed,9.061538461538461,1,18,0.36162624883083383,0.6324899290298264,0.0,1e-06,0.21407381783673363,0.05331641480088298,0.15538783051753224,0.36030700912752756
40,0.25,fixed,9.061538461538461,2,15,0.010562386910080601,0.9769827480615102,0.21407381783673363,1e-06,0.033940521154652556,0.000299331106724832,0.008083690879123692,0.010537637122882332
40,0.25,fixed,9.061538461538461,3,11,0.001909226391113017,0.9859276692062342,0.2480143389913862,1e-06,0.006835729541237033,4.558421218735481e-05,0.0016003848563646483,0.001642707632475099
40,0.25,fixed,9.061538461538461,4,9,0.0003077322922825365,0.987447254172154,0.2548500685326232,1e-06,0.0011116348056036567,6.145873802548672e-06,0.00025942290401026,0.00020830188148396285
40,0.25,fixed,9.061538461538461,5,7,3.7893568049396364e-05,0.9876606342508107,0.2559617033382269,1e-06,0.0001384644819921143,8.316923115683649e-07,3.229731074381997e-05,1.491458281214404e-05
40,0.25,fixed,9.061538461538461,6,5,2.353920447561997e-06,0.9876810122824954,0.256100167820219,1e-06,1.0769745216312465e-05,6.05443767241188e-08,3.1399228503321024e-06,1.4740557577873285e-06
40,0.25,fixed,9.061538461538461,7,2,9.875384230362272e-07,0.9876807504688491,0.2561091660663238,1e-06,0.0,,,
40,0.25,fixed,9.338461538461539,1,21,0.3863300403604728,0.6073703122016276,0.0,1e-06,0.23209080098677926,0.059184084896030685,0.17121573102700083,0.3976486898451224
40,0.25,fixed,9.338461538461539,2,15,0.00951306230591753,0.9780488901812483,0.23209080098677926,1e-06,0.03331765427364673,0.0003480751790159534,0.007920970627651633,0.008722188339253627
40,0.25,fixed,9.338461538461539,3,11,0.0016256395895359876,0.9859953726855949,0.265408455260426,1e-06,0.005958382162528683,4.945333149812382e-05,0.0013939799536090336,0.0011648094619879788
40,0.25,fixed,9.338461538461539,4,9,0.00022044626381889643,0.9871758066145611,0.2713668374229547,1e-06,0.0008122863166877443,5.206566326743907e-06,0.00018952629759232231,9.819048233251289e-05
40,0.25,fixed,9.338461538461539,5,7,1.6608996908917817e-05,0.9873025537564322,0.2721791237396424,1e-06,6.625494451417791e-05,5.117368698539595e-07,1.931720215392857e-05,7.422193456954853e-06
40,0.25,fixed,9.338461538461539,6,3,5.494372773862111e-06,0.9873038902898894,0.2722426288142719,1e-06,6.713315122366862e-06,9.20778945257142e-08,2.6904326168065997e-06,4.27705377079398e-06
40,0.25,fixed,9.338461538461539,7,3,1.6305861463283833e-06,0.9873003484345048,0.27223591549914955,1e-06,4.327679608393835e-06,1.7004044636950557e-08,1.0093815091057774e-06,1.5207547181446567e-06
40,0.25,fixed,9.338461538461539,8,2,8.210319741852601e-07,0.98729942592208,0.27223158781954115,1e-06,0.0,,,
40,0.25,fixed,9.615384615384615,1,25,0.4157002773597466,0.5774912661235418,0.0,1e-06,0.2538673156604163,0.06660743469703842,0.19130057703713915,0.44507606610816064
40,0.25,fixed,9.615384615384615,2,16,0.008126838494013633,0.980242008258414,0.2538673156604163,1e-06,0.031185742499091854,0.0006128615642577602,0.007388317598790829,0.005583309992991257
40,0.25,fixed,9.615384615384615,3,11,0.00104321835231036,0.9864509277307558,0.28505305815950815,1e-06,0.00409207324720469,5.254537044387129e-05,0.0009560116025866368,0.0002912420042187541
40,0.25,fixed,9.615384615384615,4,8,0.00010771560290856463,0.9870026095716732,0.28914513140671283,1e-06,0.0003161474317484557,2.7655395809310887e-06,0.0001097996952564827,6.269788899491089e-05
40,0.25,fixed,9.615384615384615,5,7,4.914436428760105e-05,0.9869645388558251,0.28933600729748055,1e-06,8.923878668739313e-05,1.148761941679865e-07,2.081247238481057e-05,4.1402754781393766e-05
40,0.25,fixed,9.615384615384615,6,6,1.3302658940395062e-05,0.9869307006592226,0.2892467685107932,1e-06,3.82125267942879e-05,7.951843631304724e-08,8.912439385477879e-06,1.2729613924164096e-05
40,0.25,fixed,9.615384615384615,7,5,2.779170605426984e-06,0.9869199991836768,0.28920855598399886,1e-06,9.994966626968934e-06,1.0855572383528493e-07,2.331204780337223e-06,2.479330785211225e-06
40,0.25,fixed,9.615384615384615,8,3,5.081763767567082e-07,0.9869177361938737,0.2891985610173719,1e-06,0.0,,,
40,0.5,calibrated,0.2,1,3,0.004960098206337804,1.0001084945643524,0.0,1e-06,0.08585084079974971,6.208877359280388e-05,0.005004323969217369,0.004476393770371616
40,0.5,calibrated,0.2,2,3,2.4174198605564357e-05,1.0014791846802213,0.08585084079974971,1e-06,0.0004165117119128343,5.092960455092006e-09,2.4040972119690664e-05,1.8949724367134964e-05
40,0.5,calibrated,0.2,3,2,2.399309477763012e-07,1.0014847233158732,0.08626735251166254,1e-06,0.0,,,
40,0.5,calibrated,0.47692307692307695,1,3,0.00490477414737811,0.9941749932644132,0.0,1e-06,0.08568754450826954,0.00015379304278992297,0.004997598879974875,0.0037507463186379052
40,0.5,calibrated,0.47692307692307695,2,3,2.3510037262974848e-05,0.9974622480479447,0.08568754450826954,1e-06,0.00040303648997952934,3.443604887458602e-08,2.327866106985004e-05,1.4932436824703287e-05
40,0.5,calibrated,0.47692307692307695,3,2,2.2865190829612914e-07,0.9974770645838068,0.08609058099824907,1e-06,0.0,,,
40,0.5,calibrated,0.7538461538461538,1,4,0.004849361513805994,0.9869442035959788,0.0,1e-06,0.08552371529673672,0.00024768842936949285,0.004990840943656269,0.003004796488992876
40,0.5,calibrated,0.7538461538461538,2,3,2.2942378649526418e-05,0.9892184267335932,0.08552371529673672,1e-06,0.0003899785791846744,8.881616117488268e-08,2.2539484791832223e-05,1.491625355097797e-05
40,0.5,calibrated,0.7538461538461538,3,2,2.1801218497152774e-07,0.9892331806172506,0.08591369387592139,1e-06,0.0,,,
40,0.5,calibrated,1.0307692307692309,1,4,0.00479385920288411,0.979603061376678,0.0,1e-06,0.08535934483682592,0.000343885997407307,0.004984049624464088,0.0022371420418120687
40,0.5,calibrated,1.0307692307692309,2,3,2.2471722140648964e-05,0.9808378366515736,0.08535934483682592,1e-06,0.0003773462419807299,1.719967789256643e-07,2.182396467602274e-05,1.9637793496507476e-05
40,0.5,calibrated,1.0307692307692309,3,2,2.0795225319503174e-07,0.980857201498766,0.08573669107880665,1e-06,0.0,,,
40,0.5,calibrated,1.3076923076923077,1,4,0.00473826609602257,0.972146759926539,0.0,1e-06,0.08519442468227832,0.0004425057407522586,0.004977224378391264,0.0014462352978456285
40,0.5,calibrated,1.3076923076923077,2,3,2.9184140765914357e-05,0.9723134202877441,0.08519442468227832,1e-06,0.00036514788063049856,2.8827341956559676e-07,2.113263176737471e-05,2.5547679680961386e-05
40,0.5,calibrated,1.3076923076923077,3,2,2.1340891709353826e-07,0.9723428225700378,0.08555957256290882,1e-06,0.0,,,
40,0.5,calibrated,1.5846153846153845,1,5,0.00468258105903796,0.9645700858076793,0.0,1e-06,0.08502894626739023,0.0005436750440784704,0.00497036465310866,0.0009182528988363468
40,0.5,calibrated,1.5846153846153845,2,3,4.521380142219478e-05,0.963637538718221,0.08502894626739023,1e-06,0.00035339203945290444,4.40499312073242e-07,2.046602693699449e-05,3.981647311357693e-05
40,0.5,calibrated,1.5846153846153845,3,2,4.551320954560012e-07,0.9636832155624778,0.08538233830684314,1e-06,0.0,,,
40,0.5,calibrated,1.8615384615384616,1,5,0.004626802940707164,0.9568675079808652,0.0,1e-06,0.0848629009029572,0.0006475364591988712,0.004963469887686267,0.0020469029914337846
40,0.5,calibrated,1.8615384615384616,2,4,6.844548317996857e-05,0.9548016730161679,0.0848629009029572,1e-06,0.00034212584840903506,6.398400249950745e-07,2.1465539879421515e-05,6.092882241089893e-05
40,0.5,calibrated,1.8615384615384616,3,3,1.0679484345743617e-06,0.9548712054671336,0.08520502675136624,1e-06,3.072071611823164e-06,1.1540323075884676e-09,4.820171073098688e-07,1.0285590390124132e-06
40,0.5,calibrated,1.8615384615384616,4,2,8.694727937630375e-09,0.9548701298319112,0.08520809882297806,1e-06,0.0,,,
40,0.5,calibrated,2.138461538461539,1,5,0.004570930573739473,0.9490329907982187,0.0,1e-06,0.08469627977603862,0.0007542416512084239,0.004956539512560999,0.003129066743005394
40,0.5,calibrated,2.138461538461539,2,4,9.98835558366773e-05,0.9457967014977059,0.08469627977603862,1e-06,0.0003312823994608084,8.884469048075185e-07,2.9992435066308067e-05,8.994602674815218e-05
40,0.5,calibrated,2.138461538461539,3,3,1.91478382849386e-06,0.9458985323571254,0.08502756217549944,1e-06,2.9350295613849437e-06,3.086450390651538e-09,8.673906318724966e-07,1.8617777841095e-06
40,0.5,calibrated,2.138461538461539,4,2,1.8947551305714683e-08,0.9458966017053831,0.08503049720506083,1e-06,0.0,,,
40,0.5,calibrated,2.4153846153846157,1,5,0.004514962773787379,0.9410600203606181,0.0,1e-06,0.08452907394650279,0.0008639568885075759,0.004949572949296158,0.0032834050093019504
40,0.5,calibrated,2.4153846153846157,2,4,0.00014084310895468022,0.936612443718533,0.08452907394650279,1e-06,0.00032090827326210106,1.195496861893036e-06,4.380845583817764e-05,0.00012821806062655877
40,0.5,calibrated,2.4153846153846157,3,3,3.2263616369654358e-06,0.9367565660162048,0.08484998221976489,1e-06,4.655605268956783e-06,7.614623780474724e-09,1.4668471363559105e-06,3.165233875790135e-06
40,0.5,calibrated,2.4153846153846157,4,2,3.737776077539223e-08,0.9367533101720241,0.08485278706429968,1e-06,0.0,,,
40,0.5,calibrated,2.6923076923076925,1,6,0.0055085127884177965,0.9329414093473241,0.0,1e-06,0.08436127434514056,0.0009564621553231093,0.0049425696104414265,0.0034155308771049247
40,0.5,calibrated,2.6923076923076925,2,4,0.00019270385301461967,0.9272378076029087,0.08436127434514056,1e-06,0.00031101254912757273,1.5641998247890946e-06,6.150682995351695e-05,0.00017721775957771753
40,0.5,calibrated,2.6923076923076925,3,4,5.210777183517479e-06,0.9274358046156751,0.08467228689426813,1e-06,7.411659264865234e-06,1.1448585953461316e-08,2.363906258315697e-06,5.147417826994367e-06
40,0.5,calibrated,2.6923076923076925,4,2,8.87415573247452e-08,0.9274305078037764,0.08467496788535682,1e-06,0.0,,,
40,0.5,calibrated,2.9692307692307693,1,6,0.006748716207607974,0.9246695924775273,0.0,1e-06,0.08419287177048139,0.000996319811643665,0.004935528899308473,0.0043080111389431405
40,0.5,calibrated,2.9692307692307693,2,5,0.0002576440637150901,0.9176599351958755,0.08419287177048139,1e-06,0.0003016040594154042,2.024971878997925e-06,8.37515557684065e-05,0.0002391041332682225
40,0.5,calibrated,2.9692307692307693,3,4,8.357014566806598e-06,0.9179260622115973,0.08449447582989679,1e-06,1.1415855943141504e-05,1.1513495704646663e-08,3.6869460654819706e-06,8.25136615612738e-06
40,0.5,calibrated,2.9692307692307693,4,2,1.6552478909748203e-07,0.9179175462227469,0.0844970385415561,1e-06,0.0,,,
40,0.5,calibrated,3.2461538461538466,1,6,0.008028999627858413,0.9162361000644454,0.0,1e-06,0.08402385688717484,0.0011078865479066213,0.004928450209847824,0.004911968671554721
40,0.5,calibrated,3.2461538461538466,2,5,0.0003373590210917765,0.9078653503935266,0.08402385688717484,1e-06,0.00033996885879363815,2.5713365264679044e-06,0.00011128629386974083,0.00031579070519593814
40,0.5,calibrated,3.2461538461538466,3,4,1.2661231753474667e-05,0.90821555564709,0.08431654984619959,1e-06,1.6998340798810588e-05,1.753027871288579e-08,5.561019662484389e-06,1.2572495709027714e-05
40,0.5,calibrated,3.2461538461538466,4,2,2.842422219817564e-07,0.9082026255539498,0.08431899849162329,1e-06,0.0,,,
40,0.5,calibrated,3.5230769230769234,1,6,0.009353181165057123,0.9076317177513958,0.0,1e-06,0.08385422022292335,0.0012236579866598902,0.004921332926431023,0.005970389479511023
40,0.5,calibrated,3.5230769230769234,2,6,0.0004345421675223671,0.8978383027130268,0.08385422022292335,1e-06,0.00043715957006771645,3.228343312977886e-06,0.00014503254444342344,0.00041007600281108475
40,0.5,calibrated,3.5230769230769234,3,4,1.8767425338572785e-05,0.8982918782165592,0.08413850868416534,1e-06,2.470603438304832e-05,2.599454607088506e-08,8.19022600936648e-06,1.8727867423645755e-05
40,0.5,calibrated,3.5230769230769234,4,2,4.7257452640003805e-07,0.8982726712858833,0.08414084698426312,1e-06,0.0,,,
40,0.5,calibrated,3.8000000000000003,1,7,0.010725500872104887,0.8988461825316657,0.0,1e-06,0.08368395216599074,0.001343987961018866,0.004914176423669721,0.00707731473626388
40,0.5,calibrated,3.8000000000000003,2,6,0.0005520057330027361,0.8875614505740814,0.08368395216599074,1e-06,0.0005531595046425909,4.006043643596531e-06,0.00018607251594685974,0.0005250209498308849
40,0.5,calibrated,3.8000000000000003,3,4,2.720996535066078e-05,0.8881410410360471,0.08396035245251714,1e-06,3.5180664478889066e-05,3.606772148806513e-08,1.1822451884022912e-05,2.7297507551422267e-05
40,0.5,calibrated,3.8000000000000003,4,3,1.0738710224389436e-06,0.8881127397141239,0.08396258326111733,1e-06,1.5864852700793942e-06,7.99685068263984e-09,5.331660685004101e-07,1.1225531284864613e-06
40,0.5,calibrated,3.8000000000000003,5,2,1.722010201099522e-08,0.8881138166013743,0.08396259958592245,1e-06,0.0,,,
40,0.5,calibrated,4.0769230769230775,1,7,0.012151171254928372,0.8898684930582759,0.0,1e-06,0.08351304296246714,0.0014692993430864738,0.004906980066218159,0.008237951530848631
40,0.5,calibrated,4.0769230769230775,2,6,0.0006935957887057587,0.8770146997439353,0.08351304296246714,1e-06,0.0006908925125312503,4.936762774385197e-06,0.0002357475914480275,0.0006646928542249821
40,0.5,calibrated,4.0769230769230775,3,4,3.882096596907747e-05,0.8777476367778246,0.08378208130744126,1e-06,4.929238583800818e-05,4.855363818072304e-08,1.679852638669083e-05,3.9152575053800606e-05
40,0.5,calibrated,4.0769230769230775,4,3,1.7251102161219833e-06,0.8777070636133635,0.08378420655402018,1e-06,2.5290670650148937e-06,1.5365792335047664e-08,8.61955181670119e-07,1.8195246598371247e-06
40,0.5,calibrated,4.0769230769230775,5,2,2.9653712152466483e-08,0.8777087894012092,0.08378422165311121,1e-06,0.0,,,
40,0.5,calibrated,4.353846153846154,1,7,0.013635961656653484,0.8806861926561145,0.0,1e-06,0.0833414827135848,0.0016000590109470306,0.004899743208578969,0.009458123281932462
40,0.5,calibrated,4.353846153846154,2,6,0.0008636604405136694,0.8661754372965419,0.0833414827135848,1e-06,0.0008537854891910585,6.108683172011644e-06,0.0002956692165829177,0.0008338166437981765
40,0.5,calibrated,4.353846153846154,3,5,5.500421075677053e-05,0.8670948176765526,0.0836036954310208,1e-06,6.820692017710651e-05,9.278550555610165e-08,2.3582905927669092e-05,5.568476395254603e-05
40,0.5,calibrated,4.353846153846154,4,4,3.1568168953333142e-06,0.8670366116125852,0.08360571607875221,1e-06,4.052682197795299e-06,3.302342926487665e-09,1.4013889509040543e-06,3.236465371183713e-06
40,0.5,calibrated,4.353846153846154,5,2,1.0175814535440253e-07,0.8670398533623909,0.08360573002835801,1e-06,0.0,,,
40,0.5,calibrated,4.630769230769231,1,7,0.015186701063891306,0.871285506783329,0.0,1e-06,0.08316926137286684,0.0017216240240894452,0.00489246519489705,0.010744689200908156
40,0.5,calibrated,4.630769230769231,2,6,0.0010676364712920439,0.8550175753130157,0.08316926137286684,1e-06,0.0010459977037153602,7.524660219284524e-06,0.0003678273137852939,0.0010383079583761246
40,0.5,calibrated,4.630769230769231,3,5,7.67456106558484e-05,0.8561629300294274,0.0834251950377984,1e-06,9.332189304749809e-05,1.1840027832551704e-07,3.275171831891772e-05,7.808572631409251e-05
40,0.5,calibrated,4.630769230769231,4,4,4.987893166386037e-06,0.8560811275882124,0.08342711105643144,1e-06,6.276531082677651e-06,4.961907087809509e-09,2.2031130318048423e-06,5.139784239840724e-06
40,0.5,calibrated,4.630769230769231,5,2,1.749540716744491e-07,0.856086256755835,0.08342712392231073,1e-06,0.0,,,
40,0.5,calibrated,4.907692307692308,1,8,0.016811179085834183,0.8616507831783684,0.0,1e-06,0.08299636874328703,0.0016937534532347402,0.004885145358753649,0.012105520270158088
40,0.5,calibrated,4.907692307692308,2,6,0.001311981333562362,0.8435111582411388,0.08299636874328703,1e-06,0.0012725296482576295,9.011983899348405e-06,0.00045466873808308383,0.0012853223949408968
40,0.5,calibrated,4.907692307692308,3,6,0.00010626589723594648,0.8449307173403682,0.08324658037605004,1e-06,0.00012661232477119942,1.5676207136169787e-07,4.512612905705278e-05,0.00010865462164230466
40,0.5,calibrated,4.907692307692308,4,4,7.868145782019553e-06,0.8448164784287744,0.08324839068265551,1e-06,9.63604987945594e-06,8.780807625661006e-09,3.435138025224871e-06,8.132718987242387e-06
40,0.5,calibrated,4.907692307692308,5,2,2.994732714034498e-07,0.8448245807095323,0.08324840254116615,1e-06,0.0,,,
40,0.5,calibrated,5.184615384615385,1,8,0.018519281713397784,0.8517650536084337,0.0,1e-06,0.0828227944742608,0.001822193584929234,0.0048777830229492685,0.013550425931000611
40,0.5,calibrated,5.184615384615385,2,7,0.0016060965331251564,0.8316198521708178,0.0828227944742608,1e-06,0.0015398040697954807,1.0598958074201614e-05,0.0005593606532052127,0.0015849243871993263
40,0.5,calibrated,5.184615384615385,3,6,0.00014685617730025857,0.8333745689948111,0.08306785172860512,1e-06,0.00017083677529002982,2.5104327154172655e-07,6.18688944778873e-05,0.00015077577433956425
40,0.5,calibrated,5.184615384615385,4,4,1.2258205517423626e-05,0.8332152961287907,0.08306955414618614,1e-06,1.4698285409968094e-05,1.5166040076065366e-08,5.324605423693956e-06,1.27334641433325e-05
40,0.5,calibrated,5.184615384615385,5,3,7.94695750649943e-07,0.8332283592236331,0.08306956508049042,1e-06,0.0,,,
40,0.5,calibrated,5.461538461538462,1,8,0.020322311201138366,0.84160860599917,0.0,1e-06,0.08264852805867809,0.0019631634193273016,0.004870377499288215,0.015090724137522882
40,0.5,calibrated,5.461538461538462,2,8,0.001959868085113059,0.8193026729705271,0.08264852805867809,1e-06,0.001855481649193972,1.2421680741093793e-05,0.0006858022638737727,0.0019483638666126964
40,0.5,calibrated,5.461538461538462,3,6,0.0002016007385643448,0.8214665015721743,0.08288900941548125,1e-06,0.00022939154508819356,3.5841196981382405e-07,8.446271564953089e-05,0.00020798068462219045
40,0.5,calibrated,5.461538461538462,4,4,1.8916894945375518e-05,0.8212457463225331,0.08289060062477954,1e-06,2.2229467668340218e-05,2.3003776604100778e-08,8.188355974249378e-06,1.9756848672340118e-05
40,0.5,calibrated,5.461538461538462,5,3,1.3459617352884479e-06,0.8212660254228729,0.08289061072668016,1e-06,1.979809400226336e-06,2.9173190038637292e-08,7.292460353956909e-07,1.5070042578714857e-06
40,0.5,calibrated,5.461538461538462,6,2,3.9831544285107157e-08,0.8212647220865299,0.08289061079368219,1e-06,0.0,,,
40,0.5,calibrated,5.7384615384615385,1,9,0.022233925590337877,0.8311589648926588,0.0,1e-06,0.0824735588297795,0.0021299501651500198,0.00486292808835265,0.016740059631014634
40,0.5,calibrated,5.7384615384615385,2,8,0.0023871181418981813,0.8065095511235642,0.0824735588297795,1e-06,0.002229340837848308,1.3636216727286931e-05,0.0008390521705169077,0.002391056390637818
40,0.5,calibrated,5.7384615384615385,3,6,0.000276106608864346,0.8091759262476234,0.08271005379333705,1e-06,0.00030715843388937243,5.063246988399875e-07,0.00011506066431856684,0.0002862538043501482
40,0.5,calibrated,5.7384615384615385,4,5,2.9652581774897158e-05,0.8088698079338931,0.08271152928435785,1e-06,3.358593905900361e-05,3.813105753606032e-08,1.2588431278762347e-05,3.099831373196393e-05
40,0.5,calibrated,5.7384615384615385,5,4,3.033203429980702e-06,0.808902531558757,0.0827115386567412,1e-06,3.5407372513514903e-06,9.10214307412655e-09,1.3270300413821787e-06,3.202828512369345e-06
40,0.5,calibrated,5.7384615384615385,6,2,1.3880632554474914e-07,0.8088994077326864,0.08271153871550031,1e-06,0.0,,,
40,0.5,calibrated,6.015384615384616,1,9,0.02427143275994159,0.8203909216382298,0.0,1e-06,0.08229787595803978,0.002310445701987566,0.0048554340792760445,0.01851555199060108
40,0.5,calibrated,6.015384615384616,2,8,0.0029063437544258885,0.7931793238909557,0.08229787595803978,1e-06,0.0026741372913247075,1.5417204546814204e-05,0.0010258105665675655,0.002933674526481277
40,0.5,calibrated,6.015384615384616,3,6,0.0003781948678414082,0.7964680692525743,0.08253098525805154,1e-06,0.00041100940735800534,7.1303455928365e-07,0.00015674671075581174,0.0003940567138165478
40,0.5,calibrated,6.015384615384616,4,6,4.5816892754624305e-05,0.7960435188949118,0.08253233927881333,1e-06,5.063308072779751e-05,6.010677072069535e-08,1.9325354450916028e-05,4.8121811945944136e-05
40,0.5,calibrated,6.015384615384616,5,4,5.3579375732804024e-06,0.7960947579492981,0.08253234803822088,1e-06,6.059444401320096e-06,1.3681847674107297e-08,2.3125097578248945e-06,5.6710936206308e-06
40,0.5,calibrated,6.015384615384616,6,2,2.615125048732736e-07,0.7960892390674662,0.08253234808873611,1e-06,0.0,,,
40,0.5,calibrated,6.292307692307693,1,9,0.02645588247497166,0.8092749170477668,0.0,1e-06,0.0821214684478437,0.0025069893650613894,0.00484789474950325,0.020438049399553092
40,0.5,calibrated,6.292307692307693,2,8,0.0035415193109341603,0.7792372169438242,0.0821214684478437,1e-06,0.0032063220088929534,1.7720232587504364e-05,0.001254928666215396,0.0036033921112384754
40,0.5,calibrated,6.292307692307693,3,7,0.0005199010843599527,0.7833042720082491,0.08235180424584433,1e-06,0.000550750267036053,1.0320164746239648e-06,0.00021400164808553656,0.0005442600314457546
40,0.5,calibrated,6.292307692307693,4,6,7.174747849458818e-05,0.7827118071921801,0.08235302974963128,1e-06,7.667241757330239e-05,1.384972154789048e-07,2.9825295594609973e-05,7.555199911495045e-05
40,0.5,calibrated,6.292307692307693,5,4,9.42869033992988e-06,0.7827930931160001,0.08235303802895325,1e-06,1.0441040158459624e-05,3.049680877831355e-08,4.0609009518825195e-06,1.003917380181356e-05
40,0.5,calibrated,6.292307692307693,6,3,8.606433743452158e-07,0.7827827957022528,0.082353038071028,1e-06,0.0,,,
40,0.5,calibrated,6.56923076923077,1,10,0.028813658804678566,0.7977762990959273,0.0,1e-06,0.08194432513422305,0.0027192073330366616,0.004877635834158775,0.02253362372919549
40,0.5,calibrated,6.56923076923077,2,9,0.004325652740227559,0.7645889277695358,0.08194432513422305,1e-06,0.0038478392272086673,2.0395102545499954e-05,0.0015384600097784642,0.0044377541717508595
40,0.5,calibrated,6.56923076923077,3,8,0.0007179834364435811,0.7696401451433866,0.08217251123478844,1e-06,0.0007405212876063494,1.5242113493345667e-06,0.0002934140215772652,0.0007551855270280709
40,0.5,calibrated,6.56923076923077,4,6,0.00011216457165696969,0.7688087582925244,0.08217359982565238,1e-06,0.00011659654672087024,2.2477077239075812e-07,4.627076786650986e-05,0.00011866771193522776
40,0.5,calibrated,6.56923076923077,5,5,1.7119415442801156e-05,0.7689382336532289,0.08217360777700472,1e-06,1.806929422145699e-05,2.6490292466219224e-08,7.168953603155649e-06,1.8203556841320844e-05
40,0.5,calibrated,6.56923076923077,6,4,2.4423950020224794e-06,0.7689186435924429,0.08217360781015588,1e-06,2.7083217255196538e-06,9.644462931073275e-09,1.0745610300898125e-06,2.6350223313529315e-06
40,0.5,calibrated,6.56923076923077,7,2,1.288002499100216e-07,0.7689211461267262,0.08217360781044339,1e-06,0.0,,,
40,0.5,calibrated,6.846153846153847,1,10,0.03137965253965325,0.7858552194294446,0.0,1e-06,0.08176643467943716,0.0029018487030985233,0.005348823856922906,0.024836400074379227
40,0.5,calibrated,6.846153846153847,2,10,0.005304384461293332,0.7491137260405926,0.08176643467943716,1e-06,0.00462879747225621,2.4317828319208523e-05,0.0018932830014440226,0.005489273694542794
40,0.5,calibrated,6.846153846153847,3,8,0.0009979946717775245,0.7554263724606477,0.08199310674629501,1e-06,0.0010013300578962485,2.2165588947154407e-06,0.0004049499762915182,0.0010548320117077258
40,0.5,calibrated,6.846153846153847,4,6,0.00017664525437011136,0.7542498366184305,0.0819940486225707,1e-06,0.00017858769841867664,3.590160410283048e-07,7.238259603036051e-05,0.00018785810640825715
40,0.5,calibrated,6.846153846153847,5,6,3.061579533458758e-05,0.7544574293227045,0.08199405642047286,1e-06,3.1460347713685183e-05,4.9983143634264115e-08,1.2746050698061585e-05,3.2723388538875015e-05
40,0.5,calibrated,6.846153846153847,6,4,5.039762772107714e-06,0.754421717980526,0.08199405644389215,1e-06,5.393995486700025e-06,1.9911393511313644e-08,2.1855074588663057e-06,5.450731452943539e-06
40,0.5,calibrated,6.846153846153847,7,2,2.801346657976822e-07,0.7544268725823379,0.08199405644417251,1e-06,0.0,,,
40,0.5,calibrated,7.1230769230769235,1,11,0.03419857858135833,0.7734631934293005,0.0,1e-06,0.08158778556947274,0.0030956660591119275,0.005882542815291147,0.027390100378982166
40,0.5,calibrated,7.1230769230769235,2,10,0.006542887925868546,0.7326527446700767,0.08158778556947274,1e-06,0.00559101878153076,2.9395631501921128e-05,0.0023434610786293416,0.0068335827579981585
40,0.5,calibrated,7.1230769230769235,3,8,0.001401263882550574,0.740610940424915,0.08181359134672875,1e-06,0.0013655463983351449,3.2343066261893836e-06,0.0005642182840770798,0.001488235541060529
40,0.5,calibrated,7.1230769230769235,4,8,0.00028329743493871185,0.7389234294227036,0.08181437524263985,1e-06,0.00027712542484218707,6.250139076363676e-07,0.00011486567318524073,0.00030261323926072275
40,0.5,calibrated,7.1230769230769235,5,6,5.711483059545053e-05,0.7392644373367312,0.08181438308733585,1e-06,5.607978888482227e-05,1.1635992982667731e-07,2.322956959760581e-05,6.108070501905326e-05
40,0.5,calibrated,7.1230769230769235,6,4,1.0588126016952693e-05,0.7391966204811424,0.08181438309981472,1e-06,1.1085314382570981e-05,4.66400548991433e-08,4.592388859307888e-06,1.1534309602440222e-05
40,0.5,calibrated,7.1230769230769235,7,4,1.3428899899858848e-06,0.7392085621876073,0.08181438310012602,1e-06,1.9341625033753687e-06,4.939304049002395e-08,8.012598467626221e-07,1.6171376349177694e-06
40,0.5,calibrated,7.1230769230769235,8,2,6.313284672820885e-08,0.7392072529364182,0.08181438310011889,1e-06,0.0,,,
40,0.5,calibrated,7.4,1,11,0.03733168405027543,0.7605427254523435,0.0,1e-06,0.08140836611046968,0.003302290734616822,0.006494890333064953,0.030254069882529284
40,0.5,calibrated,7.4,2,10,0.008139258980818354,0.7149884164022385,0.08140836611046968,1e-06,0.006795816724373335,3.581761911236806e-05,0.0029250582097367444,0.008585336849680845
40,0.5,calibrated,7.4,3,10,0.0019969562438292288,0.7251441202125799,0.08163396564904027,1e-06,0.0018854889001109591,4.89943016307383e-06,0.0007968007024400204,0.0021305415541464793
40,0.5,calibrated,7.4,4,8,0.0004630990250830136,0.7226793870455627,0.08163457877424898,1e-06,0.0004377261572591079,1.1323757403730035e-06,0.00018583623940381862,0.0004970842644449424
40,0.5,calibrated,7.4,5,6,0.00010686424718553411,0.7232504315439021,0.0816345868952965,1e-06,0.00010179746259218032,2.1497964178598268e-07,4.317165308382677e-05,0.00011491191697756958
40,0.5,calibrated,7.4,6,6,2.3829865863800315e-05,0.7231194933190894,0.08163458689516845,1e-06,2.3261352634945177e-05,4.902407144052676e-08,9.867431057522666e-06,2.5807384014784956e-05
40,0.5,calibrated,7.4,7,4,4.947517427633663e-06,0.7231483227059451,0.08163458689552117,1e-06,5.118540215254299e-06,2.7391645396708388e-08,2.1711574648799897e-06,5.447772982980875e-06
40,0.5,calibrated,7.4,8,2,2.8775453631002534e-07,0.7231433227822527,0.08163458689551926,1e-06,0.0,,,
40,0.5,calibrated,7.676923076923077,1,12,0.04086292024883953,0.7470224250814252,0.0,1e-06,0.08122816442505623,0.0035237459384912092,0.007208070174641047,0.03350926007533625
40,0.5,calibrated,7.676923076923077,2,12,0.010246226152129778,0.6958115569548218,0.08122816442505623,1e-06,0.008335916059704046,4.416441348429249e-05,0.003694142353687262,0.010924889437222644
40,0.5,calibrated,7.676923076923077,3,10,0.0029025999535458036,0.7089879572840592,0.08145423031446672,1e-06,0.0026485091761343296,7.595872486154839e-06,0.0011460451941466537,0.0031096750352987293
40,0.5,calibrated,7.676923076923077,4,9,0.0007764919286518124,0.7053012562605787,0.08145465829154573,1e-06,0.0007080047940803656,2.040362148506693e-06,0.00030847814265788615,0.0008380311151367605
40,0.5,calibrated,7.676923076923077,5,8,0.00020914629121737693,0.706288939297199,0.08145466695163166,1e-06,0.00019103317163402314,5.159179399461126e-07,8.307941233474188e-05,0.00022557148232258398
40,0.5,calibrated,7.676923076923077,6,6,5.5365087455516715e-05,0.7060238834748194,0.08145466693666663,1e-06,5.1075495580489116e-05,1.0777967719135797e-07,2.2223539582031017e-05,5.990716983718272e-05
40,0.5,calibrated,7.676923076923077,7,5,1.3957268701014769e-05,0.706093345665314,0.08145466693710217,1e-06,1.33343205176708e-05,5.291302470148558e-08,5.801156535226867e-06,1.5249637874546504e-05
40,0.5,calibrated,7.676923076923077,8,4,3.1042537129710723e-06,0.7060762513352595,0.08145466693709884,1e-06,3.2410828006175434e-06,2.9753464737501437e-08,1.4100940618403473e-06,3.481419647699828e-06
40,0.5,calibrated,7.676923076923077,9,2,1.8121854306052398e-07,0.7060793424072552,0.0814546669370998,1e-06,0.0,,,
40,0.5,calibrated,7.953846153846155,1,12,0.04491457199795135,0.7328145807442545,0.0,1e-06,0.08104716844859577,0.003762668970175429,0.00805459015467151,0.037272381580939956
40,0.5,calibrated,7.953846153846155,2,12,0.013112329168458836,0.6746618511858833,0.08104716844859577,1e-06,0.010359374989469927,5.6327162726113655e-05,0.0047429953299081935,0.014150506200768194
40,0.5,calibrated,7.953846153846155,3,11,0.004331729385289695,0.6921459606248592,0.08127438605427643,1e-06,0.0038090918365652066,1.1971925877095002e-05,0.0016895500939426006,0.004657246857702346
40,0.5,calibrated,7.953846153846155,4,10,0.0013497421735169102,0.686451670900274,0.08127461285395073,1e-06,0.001183194179684384,3.80675911117095e-06,0.0005304039820240342,0.0014654028986587166
40,0.5,calibrated,7.953846153846155,5,8,0.0004247275318444155,0.6882301609855348,0.08127462235298916,1e-06,0.0003736609006095952,1.0665395492536725e-06,0.0001669500064929298,0.00046040364315435753
40,0.5,calibrated,7.953846153846155,6,8,0.0001321000029537167,0.6876720780512641,0.08127462232032732,1e-06,0.00011669908062443188,2.9569524148905637e-07,5.2195052068745675e-05,0.00014349689327649377
40,0.5,calibrated,7.953846153846155,7,6,4.056689538567415e-05,0.6878451318438977,0.08127462232088473,1e-06,3.622954542627005e-05,6.406942614298446e-08,1.619884091869522e-05,4.418588076862962e-05
40,0.5,calibrated,7.953846153846155,8,5,1.1714319590683253e-05,0.6877927363532411,0.0812746223208814,1e-06,1.0896835168909005e-05,4.882143574382391e-08,4.872640486804397e-06,1.2907660215761466e-05
40,0.5,calibrated,7.953846153846155,9,4,2.917735338114902e-06,0.6878073986284664,0.0812746223208814,1e-06,3.008726872895223e-06,3.540953079706645e-08,1.3453475264770916e-06,3.314476886936131e-06
40,0.5,calibrated,7.953846153846155,10,2,1.7308427524564962e-07,0.6878045381802926,0.0812746223208814,1e-06,0.0,,,
40,0.5,calibrated,8.23076923076923,1,13,0.049669709994945244,0.7178061188446002,0.0,1e-06,0.08086536592532685,0.00423295669963562,0.009083304313775973,0.041716652927045565
40,0.5,calibrated,8.23076923076923,2,14,0.01718402472520464,0.650793566732207,0.08086536592532685,1e-06,0.013122029917525063,7.483440116282702e-05,0.006236432562672923,0.018804726512194236
40,0.5,calibrated,8.23076923076923,3,12,0.0067122302334284845,0.6747502184525241,0.08109443363159902,1e-06,0.005666531328826677,1.972418249900855e-05,0.0025785306534197995,0.007232629841386767
40,0.5,calibrated,8.23076923076923,4,12,0.002468843413082067,0.6655464583427165,0.08109444150578524,1e-06,0.0020713094879767704,7.459142853321421e-06,0.0009587528082733221,0.0026987961609646702
40,0.5,calibrated,8.23076923076923,5,10,0.0009238788918424223,0.6689476342373407,0.08109445218527045,1e-06,0.0007777999933171482,2.702490121086487e-06,0.00035775391514264806,0.001005565357170094
40,0.5,calibrated,8.23076923076923,6,9,0.000342410079821831,0.6676782027932142,0.08109445213127517,1e-06,0.0002882494799496963,9.478416540919334e-07,0.00013289542002516722,0.0003734680213532698
40,0.5,calibrated,8.23076923076923,7,8,0.00012667769299667953,0.6681484539871881,0.08109445213201345,1e-06,0.0001069951130661152,3.0786324009271464e-07,4.928621185746816e-05,0.00013818763630513424
40,0.5,calibrated,8.23076923076923,8,6,4.555853327992132e-05,0.6679757965822919,0.08109445213201108,1e-06,3.924419338563858e-05,9.130915629034092e-08,1.8083263436971452e-05,4.9978975801154196e-05
40,0.5,calibrated,8.23076923076923,9,6,1.5476077925957732e-05,0.6680369764699451,0.08109445213201012,1e-06,1.3910966502517702e-05,7.015808391393142e-08,6.409271209649563e-06,1.7177944361288504e-05
40,0.5,calibrated,8.23076923076923,10,4,4.618341498119349e-06,0.6680168370407328,0.08109445213201012,1e-06,4.5783794771983515e-06,5.899305759654004e-08,2.109502122839993e-06,5.275292309506315e-06
40,0.5,calibrated,8.23076923076923,11,2,2.8382787542469146e-07,0.6680213067020129,0.08109445213201012,1e-06,0.0,,,
40,0.5,calibrated,8.507692307692308,1,14,0.05542342170744874,0.701850318871316,0.0,1e-06,0.08068274440439825,0.004643297854041039,0.010373085964256611,0.04711775807146202
40,0.5,calibrated,8.507692307692308,2,16,0.023343470663820032,0.6228766792119942,0.08068274440439825,1e-06,0.017113323984197182,0.00010378293520464859,0.008502587394432241,0.02598241601793145
40,0.5,calibrated,8.507692307692308,3,14,0.010980212812908285,0.6572965803373138,0.08091437386332435,1e-06,0.008859281369711036,3.43602213329564e-05,0.004135305134269277,0.011826400396595705
40,0.5,calibrated,8.507692307692308,4,14,0.0048631284719178325,0.6414101154989319,0.0809141432757664,1e-06,0.0038791173309862675,1.587847923166374e-05,0.0018644756074066044,0.005362419077529015
40,0.5,calibrated,8.507692307692308,5,12,0.0022055576349858663,0.6484983007501347,0.08091415552343387,1e-06,0.0017703137433951362,7.007008656628816e-06,0.0008398172972418328,0.002408706062290311
40,0.5,calibrated,8.507692307692308,6,12,0.0009885557473130469,0.645295431834211,0.08091415544359358,1e-06,0.0007914807922222798,3.1175567639120533e-06,0.00037769879921985787,0.0010845329692141656
40,0.5,calibrated,8.507692307692308,7,10,0.00044474371550640157,0.6467326685329405,0.08091415544457604,1e-06,0.00035684876344176976,1.3433239150552341e-06,0.00016983822849841906,0.00048707015750138735
40,0.5,calibrated,8.507692307692308,8,8,0.00019792100317772565,0.6460882477952682,0.08091415544456652,1e-06,0.00015963304174592633,4.7419977373702557e-07,7.60662289567061e-05,0.0002172875319011481
40,0.5,calibrated,8.507692307692308,9,8,8.697994263218156e-05,0.6463739227251151,0.08091415544456748,1e-06,7.084449777605088e-05,1.7510995551493614e-07,3.373999859316423e-05,9.569839905784913e-05
40,0.5,calibrated,8.507692307692308,10,6,3.712704105029996e-05,0.6462494831555272,0.08091415544456748,1e-06,3.0846227480367506e-05,9.944869390931883e-08,1.4694057265075308e-05,4.1078540192412397e-05
40,0.5,calibrated,8.507692307692308,11,6,1.4779288728172801e-05,0.6463015240963648,0.08091415544456748,1e-06,1.2900728111256361e-05,7.577616309456416e-08,6.144850299391245e-06,1.6578128680436843e-05
40,0.5,calibrated,8.507692307692308,12,4,5.010269206184859e-06,0.6462816869377246,0.08091415544456748,1e-06,4.920227560891626e-06,8.525738228920457e-08,2.3436833550488725e-06,5.819937011526649e-06
40,0.5,calibrated,8.507692307692308,13,2,3.027148933743007e-07,0.6462863980833224,0.08091415544456748,1e-06,0.0,,,
40,0.5,calibrated,8.784615384615384,1,15,0.06269091425044448,0.6847489249282999,0.0,1e-06,0.08049929123586275,0.004801000846498113,0.012061365754982047,0.05394975496053117
40,0.5,calibrated,8.784615384615384,2,20,0.03368319584823276,0.5880911322132272,0.08049929123586275,1e-06,0.023443894313560365,0.0001552564403110946,0.01232318454057758,0.038349782626534074
40,0.5,calibrated,8.784615384615384,3,16,0.01954801331388878,0.6414896369749158,0.08073420762204635,1e-06,0.01499641574438057,6.512008906336528e-05,0.0071573792004478555,0.020919073367795228
40,0.5,calibrated,8.784615384615384,4,16,0.010775586401098214,0.6110743385930204,0.08073371717655332,1e-06,0.008084799173795426,3.833020558605751e-05,0.004079409529551996,0.012043961230314412
40,0.5,calibrated,8.784615384615384,5,14,0.00610171720261532,0.6280037744843504,0.08073373143130876,1e-06,0.004642826998061442,2.078047706736875e-05,0.0022710254584615694,0.0066622291979031795
40,0.5,calibrated,8.784615384615384,6,14,0.0034027667685178065,0.6184702880277714,0.08073373132009423,1e-06,0.002569676728846733,1.1756488749431664e-05,0.0012791178866255468,0.003765249170808914
40,0.5,calibrated,8.784615384615384,7,12,0.0019125816623338787,0.6238019600758673,0.08073373132140038,1e-06,0.0014513355617433894,6.400904871831225e-06,0.000715403966322904,0.0021009493125134253
40,0.5,calibrated,8.784615384615384,8,12,0.0010686091925856678,0.6208116534704083,0.08073373132139039,1e-06,0.0008095620286692664,3.485834894523126e-06,0.00040125133931634524,0.0011789994856804768
40,0.5,calibrated,8.784615384615384,9,12,0.0005985899470444256,0.6224839610968431,0.08073373132138943,1e-06,0.00045416937770338586,1.9398134673047136e-06,0.00022441463217077803,0.0006589147577374077
40,0.5,calibrated,8.784615384615384,10,10,0.0003339202850346501,0.6215486004006011,0.08073373132138943,1e-06,0.00025357536362406903,1.004782334721927e-06,0.0001255122509938756,0.00036821148311902234
40,0.5,calibrated,8.784615384615384,11,10,0.0001855261293042254,0.6220696321730395,0.08073373132138943,1e-06,0.00014139294986453702,4.7603928764513944e-07,6.991833208991215e-05,0.00020460160911546494
40,0.5,calibrated,8.784615384615384,12,8,0.00010195696139592147,0.6217812761757736,0.08073373132138943,1e-06,7.821088684609656e-05,2.2817328064271584e-07,3.869554628266804e-05,0.00011268806116744298
40,0.5,calibrated,8.784615384615384,13,8,5.4969711667407495e-05,0.6219386752447855,0.08073373132138943,1e-06,4.27102671688779e-05,1.1492533865608693e-07,2.112515207073027e-05,6.0949065043991605e-05
40,0.5,calibrated,8.784615384615384,14,6,2.8406453360330097e-05,0.6218550529324895,0.08073373132138943,1e-06,2.2690300608042054e-05,1.2049343974140389e-07,1.1224714659633756e-05,3.1739340878425654e-05
40,0.5,calibrated,8.784615384615384,15,6,1.3463895910059698e-05,0.621897042068619,0.08073373132138943,1e-06,1.1402025191673844e-05,9.184747355563609e-08,5.640046340290383e-06,1.5291926879838645e-05
40,0.5,calibrated,8.784615384615384,16,4,5.207599978573896e-06,0.6218783223811556,0.08073373132138943,1e-06,5.0916254677555735e-06,1.2028166898380985e-07,2.5186798008563703e-06,6.177264545547531e-06
40,0.5,calibrated,8.784615384615384,17,4,9.920750605463269e-07,0.6218844313549852,0.08073373132138943,1e-06,0.0,,,
40,0.5,calibrated,9.061538461538461,1,16,0.07249260977105976,0.6662225343715988,0.0,1e-06,0.08031499356647222,0.004988457574790063,0.014418356101210957,0.06313337695339781
40,0.5,calibrated,9.061538461538461,2,28,0.05524193547837808,0.5380519995527996,0.08031499356647222,1e-06,0.035648818191496456,0.00027419616412067515,0.020355951207824775,0.0652568299205944
40,0.5,calibrated,9.061538461538461,3,16,0.04066760149670601,0.6343054397245499,0.08055393583809177,1e-06,0.029549123602232552,0.00014266942224839686,0.014197381662710534,0.042501505726747116
40,0.5,calibrated,9.061538461538461,4,22,0.03015766099120676,0.563237634961181,0.08055316220420501,1e-06,0.020753896839935893,0.00012195314173737724,0.011339618991367754,0.034781099031883964
40,0.5,calibrated,9.061538461538461,5,18,0.022152114265708622,0.6157319767330289,0.08055317896145316,1e-06,0.015924111932721585,8.022975847525772e-05,0.007910293313321123,0.023774503376964608
40,0.5,calibrated,9.061538461538461,6,20,0.01636814049381785,0.5770790853201869,0.08055317881216562,1e-06,0.011409814992179274,6.409354996150316e-05,0.006079367229414987,0.018527532145045537
40,0.5,calibrated,9.061538461538461,7,16,0.012035576077267351,0.6055822442534964,0.08055317881389541,1e-06,0.008589403234492476,4.423689544169635e-05,0.0043458204847100805,0.01310060089692253
40,0.5,calibrated,9.061538461538461,8,18,0.008877638244218278,0.5845967617614929,0.08055317881388256,1e-06,0.006230345789527525,3.396414177040074e-05,0.003274608841944934,0.009946700581709116
40,0.5,calibrated,9.061538461538461,9,16,0.006531764004667706,0.6000599046680171,0.08055317881388066,1e-06,0.004642398080218352,2.4182823340498718e-05,0.002372451394097138,0.007164438094526134
40,0.5,calibrated,9.061538461538461,10,16,0.004813067733270282,0.5886757873874136,0.08055317881388066,1e-06,0.0033900833747925463,1.813338987882525e-05,0.001768640203145502,0.005362853257643038
40,0.5,calibrated,9.061538461538461,11,16,0.003541615583188107,0.5970595468557176,0.08055317881388066,1e-06,0.002511766529322952,1.3090777611829198e-05,0.001290617642091114,0.0039009806178580495
40,0.5,calibrated,9.061538461538461,12,16,0.0026087083873210792,0.590887898247278,0.08055317881388066,1e-06,0.001840867130809335,9.780289826267486e-06,0.0009565476113917051,0.002897898550020239
40,0.5,calibrated,9.061538461538461,13,14,0.0019189402444188541,0.5954312840241971,0.08055317881388066,1e-06,0.001359617184794864,7.022273780784045e-06,0.0007006773964365049,0.0021185821261471447
40,0.5,calibrated,9.061538461538461,14,14,0.0014110422456649063,0.5920897551137726,0.08055317881388066,1e-06,0.0009975721678675987,5.095690382687771e-06,0.0005172267065539903,0.0015652368276897477
40,0.5,calibrated,9.061538461538461,15,14,0.0010371026470782363,0.594546401180971,0.08055317881388066,1e-06,0.0007347336957889278,3.7205209541402206e-06,0.0003792528771669592,0.0011465759843455815
40,0.5,calibrated,9.061538461538461,16,12,0.0007609559109410524,0.5927421111204364,0.08055317881388066,1e-06,0.0005389067530411022,2.6118566689446517e-06,0.0002790846192556848,0.0008436192001202796
40,0.5,calibrated,9.061538461538461,17,12,0.0005566982898667083,0.5940643301990384,0.08055317881388066,1e-06,0.0003953223878592803,1.775752749832139e-06,0.00020423495980189933,0.0006163146029816934
40,0.5,calibrated,9.061538461538461,18,12,0.0004073075413326688,0.5930969865872883,0.08055317881388066,1e-06,0.0002890500714212464,1.30315815664127e-06,0.00014959446388819025,0.0004515421200058736
40,0.5,calibrated,9.061538461538461,19,12,0.0002979613667172254,0.5938046984430349,0.08055317881388066,1e-06,0.00021157906665654307,9.508026168137965e-07,0.0001093594537806566,0.00033000165249864004
40,0.5,calibrated,9.061538461538461,20,10,0.00021665270791804137,0.5932883071548835,0.08055317881388066,1e-06,0.00015430781093853487,5.779804672443584e-07,7.98324578874001e-05,0.0002403391975877446
40,0.5,calibrated,9.061538461538461,21,10,0.00015617064321438168,0.5936624135733516,0.08055317881388066,1e-06,0.00011183926963620125,3.6388280035997714e-07,5.782157422472419e-05,0.00017339065863851405
40,0.5,calibrated,9.061538461538461,22,10,0.0001125430277859607,0.5933927753005995,0.08055317881388066,1e-06,8.062298763586028e-05,2.6194534925592243e-07,4.1703074238500754e-05,0.00012501611703986113
40,0.5,calibrated,9.061538461538461,23,8,7.955108041723946e-05,0.5935855248906907,0.08055317881388066,1e-06,5.762454363022768e-05,1.701663351372665e-07,2.9796394613682047e-05,8.860302178266658e-05
40,0.5,calibrated,9.061538461538461,24,8,5.4658720601064026e-05,0.5934508627689714,0.08055317881388066,1e-06,4.027423926049832e-05,1.8337387732936062e-07,2.0830081251233276e-05,6.117041432431261e-05
40,0.5,calibrated,9.061538461538461,25,8,3.749158517396545e-05,0.5935433235512337,0.08055317881388066,1e-06,2.7692222214210254e-05,1.2458911494758152e-07,1.4320143771781224e-05,4.1977916423124914e-05
40,0.5,calibrated,9.061538461538461,26,8,2.570781544319889e-05,0.5934799112327853,0.08055317881388066,1e-06,1.899099246756731e-05,8.540621155235488e-08,9.8217312380062e-06,2.8788448107167552e-05
40,0.5,calibrated,9.061538461538461,27,6,1.6548939079874536e-05,0.5935223063968414,0.08055317881388066,1e-06,1.2685651487889126e-05,8.480572161510489e-08,6.560228952128325e-06,1.872067396844062e-05
40,0.5,calibrated,9.061538461538461,28,6,9.558327623948593e-06,0.5934961176621127,0.08055317881388066,1e-06,7.851514056314541e-06,1.0170870716657767e-07,4.0605151161848485e-06,1.1028015533027735e-05
40,0.5,calibrated,9.061538461538461,29,4,4.233474493742229e-06,0.5935099475657462,0.08055317881388066,1e-06,4.160957313082675e-06,1.3773226327628204e-07,2.1518359084074467e-06,5.164576159829422e-06
40,0.5,calibrated,9.061538461538461,30,2,7.044771563879948e-07,0.5935064194846928,0.08055317881388066,1e-06,0.0,,,
40,0.5,calibrated,9.338461538461539,1,18,0.08733618528976073,0.6458552628135048,0.0,1e-06,0.0801298383354317,0.005414947349580621,0.018096897985093594,0.0768708949082692
40,0.5,calibrated,9.338461538461539,2,300,0.052704475244804594,0.5243942650286753,0.0801298383354317,1e-06,0.09116467882816426,0.005845305299372007,0.05764049732612659,0.07044211808687656
40,0.5,calibrated,9.338461538461539,3,32,0.03002005485975945,0.5280650079410992,0.08037355950158993,1e-06,0.06460167855247356,0.006540535967062862,0.04710182956412009,0.007938356706178984
40,0.5,calibrated,9.338461538461539,4,18,0.04448717583568074,0.6028675166195993,0.08037247733771964,1e-06,0.018616483609380396,0.00025393249414045903,0.022289773724622576,0.042237965296299335
40,0.5,calibrated,9.338461538461539,5,40,0.05807241620132719,0.49987836839076794,0.08037249715493637,1e-06,0.034689711550386804,0.0002783366888825452,0.021029419401708407,0.06923199601082358
40,0.5,calibrated,9.338461538461539,6,20,0.057089101326952885,0.6155122676059932,0.08037249695951852,1e-06,0.03847784175848812,0.0002154586868336401,0.01900634677193202,0.058739709906814486
40,0.5,calibrated,9.338461538461539,7,58,0.08050109359690599,0.47733086232784033,0.08037249696179857,1e-06,0.04755478089835441,0.0004219731702159008,0.030012897315998807,0.09919833444140308
40,0.5,calibrated,9.338461538461539,8,18,0.07721498768524426,0.6357029899829751,0.08037249696177667,1e-06,0.05262551278656569,0.00028434067019299887,0.025087023193748482,0.0773157898854733
40,0.5,calibrated,9.338461538461539,9,300,0.1858692316662739,0.3715535395508262,0.08037249696177667,1e-06,0.11158508871620709,0.0040683334683192145,0.10000723139844106,0.27727420199681163
40,0.5,calibrated,9.338461538461539,10,16,0.15544101270391797,0.7141460937327084,0.08716373518740678,1e-06,0.12611997924417273,0.0014036299002914306,0.05188802671300278,0.1442697834046162
40,0.5,calibrated,9.338461538461539,11,300,0.1070063083244161,0.45167359797138434,0.08037249696177667,1e-06,0.10627328523621293,0.010547430355953558,0.0742709373235238,0.17272270135217996
40,0.5,calibrated,9.338461538461539,12,21,0.06400313934179191,0.6208079622439794,0.08037249696177667,1e-06,0.09028145243559194,0.005321350824536631,0.04234630681160697,0.0803497390320333
40,0.5,calibrated,9.338461538461539,13,52,0.07429732880872714,0.4835686112873651,0.08037249696177667,1e-06,0.04878068910449951,0.00030297246299819435,0.030600364001362165,0.09327571830250458
40,0.5,calibrated,9.338461538461539,14,18,0.07135749731856977,0.6298270585421644,0.08037249696177667,1e-06,0.04880556281839554,0.0002666356026775666,0.02349792362142022,0.07213989924205716
40,0.5,calibrated,9.338461538461539,15,300,0.10855483237512392,0.4491393633464191,0.08037249696177667,1e-06,0.06384900968052376,0.0003986606216250344,0.04240359910619627,0.1398776410072255
40,0.5,calibrated,9.338461538461539,16,18,0.09903463683079705,0.6575884199463151,0.08037249696177667,1e-06,0.07023505494165039,0.00019816433737723132,0.03217638321561448,0.09686191748232617
40,0.5,calibrated,9.338461538461539,17,300,0.04123960426263695,0.5237345163680587,0.08037249696177667,1e-06,0.06461010941528977,0.0034277956121083605,0.03943998114211124,0.06571629802020292
40,0.5,calibrated,9.338461538461539,18,32,0.025552631480701193,0.5325524599078961,0.08037249696177667,1e-06,0.03245896558673857,0.0036924362903075483,0.02433112709998357,0.0062122713316052226
40,0.5,calibrated,9.338461538461539,19,20,0.03186810596697598,0.5902037239936119,0.08037249696177667,1e-06,0.014921534075929943,0.00019278130255700974,0.013672114028525067,0.03178951852283665
40,0.5,calibrated,9.338461538461539,20,32,0.03874639094103438,0.5192984514485676,0.08037249696177667,1e-06,0.023796509449082848,0.00017652692908783698,0.013944942263510425,0.0451403014387089
40,0.5,calibrated,9.338461538461539,21,20,0.03901216885848313,0.5973733412720603,0.08037249696177667,1e-06,0.02599113884681431,0.0001516113161276203,0.01325742459683987,0.04114079396964927
40,0.5,calibrated,9.338461538461539,22,36,0.04796735696012855,0.5100335059727316,0.08037249696177667,1e-06,0.029484904722674343,0.00022759450871879218,0.01757151153641215,0.056754715838953196
40,0.5,calibrated,9.338461538461539,23,20,0.047636875257083044,0.6060280908215365,0.08037249696177667,1e-06,0.03192394404777438,0.00018295331179500168,0.016035019567908818,0.04966075720360671
40,0.5,calibrated,9.338461538461539,24,42,0.06167313665148039,0.4962593041064015,0.08037249696177667,1e-06,0.03730312790403578,0.0003046504947038931,0.02277722950857811,0.07424791640647363
40,0.5,calibrated,9.338461538461539,25,20,0.06027184931425278,0.6187055525027297,0.08037249696177667,1e-06,0.04070846121009353,0.0002270745543324478,0.01999416172694451,0.06176211931206167
40,0.5,calibrated,9.338461538461539,26,70,0.08872953585130505,0.4690559377196759,0.08037249696177667,1e-06,0.05184573184091601,0.0004781614039135742,0.03319289548917372,0.11043363085489846
40,0.5,calibrated,9.338461538461539,27,18,0.084502788844251,0.6430132624141883,0.08037249696177667,1e-06,0.057784939438272676,0.000308529671559708,0.02719738138085559,0.08377396961733283
40,0.5,calibrated,9.338461538461539,28,300,0.03292147916482446,0.5521976097930235,0.08037249696177667,1e-06,0.07597633387390595,0.006884970799431854,0.045573416858867684,0.017678994646899412
40,0.5,calibrated,9.338461538461539,29,300,0.07393419529682099,0.48440586796344404,0.08037249696177667,1e-06,0.028050726217366095,0.00458121337753464,0.05126489193004743,0.04346913458668683
40,0.5,calibrated,9.338461538461539,30,19,0.06502242455887264,0.62347165149095,0.08037249696177667,1e-06,0.0435341520193997,0.0012761287926220805,0.023171231512608127,0.06639679951811817
40,0.5,calibrated,9.338461538461539,31,140,0.10933321367775733,0.4483282836451102,0.08037249696177667,1e-06,0.06234126131227313,0.0006066245361086229,0.042705621035481166,0.13953114353672286
40,0.5,calibrated,9.338461538461539,32,16,0.10252413999222276,0.661088030834422,0.08037249696177667,1e-06,0.0706229811405128,0.0003670186546903439,0.032215059216061666,0.09916860547709275
40,0.5,calibrated,9.338461538461539,33,300,0.1484431999373736,0.40950749300271055,0.08037249696177667,1e-06,0.11098480756047135,0.008114989666832762,0.08198934808430926,0.22880975432471778
40,0.5,calibrated,9.338461538461539,34,17,0.11942408825738615,0.6780354845128066,0.08097061326457959,1e-06,0.1151516843655025,0.0034991221257988986,0.04970208503631125,0.12199694712233104
40,0.5,calibrated,9.338461538461539,35,300,0.09722668743996205,0.46085758652315156,0.08037249696177667,1e-06,0.08318566655376125,0.005261039468666408,0.055792652864044376,0.1417618815137251
40,0.5,calibrated,9.338461538461539,36,20,0.06787449825427061,0.6263329336163852,0.08037249696177667,1e-06,0.07233908115422749,0.00317397981384786,0.03426785506550537,0.07756599260823896
40,0.5,calibrated,9.338461538461539,37,110,0.10410850727316723,0.4535855090414474,0.08037249696177667,1e-06,0.061689797077765895,0.0005505985667060482,0.04065339069334998,0.1332485991719537
40,0.5,calibrated,9.338461538461539,38,18,0.09781509193948112,0.6563653147529501,0.08037249696177667,1e-06,0.06739324705602145,0.00035310250335264515,0.030988062465710398,0.09527233663701035
40,0.5,calibrated,9.338461538461539,39,300,0.10386020463396739,0.45670724976755306,0.08037249696177667,1e-06,0.11700347171554637,0.014181704936691712,0.08281209853476248,0.18101946604497857
40,0.5,calibrated,9.338461538461539,40,17,0.07939538654541067,0.6330049195110531,0.08796553603590167,1e-06,0.11456917331269989,0.007002634004872735,0.05183839284628037,0.09707755093510023
40,0.5,calibrated,9.338461538461539,41,72,0.09017194961902208,0.4676052055589633,0.08037249696177667,1e-06,0.05926299687004444,0.0003628047899068205,0.038306924087221604,0.116271569016212
40,0.5,calibrated,9.338461538461539,42,18,0.08540809236503333,0.6439213215067806,0.08037249696177667,1e-06,0.05897877494134296,0.00031434120142145557,0.027699449209603762,0.08474127057969333
40,0.5,calibrated,9.338461538461539,43,300,0.06436995277500018,0.4937545337672965,0.08037249696177667,1e-06,0.055107195188161984,0.0029770820012241113,0.03442584663832324,0.08776090059099848
40,0.5,calibrated,9.338461538461539,44,21,0.0409463774959673,0.5993143643843425,0.08037249696177667,1e-06,0.0446457837457373,0.002266765923932521,0.022341230225228513,0.049454117122222904
40,0.5,calibrated,9.338461538461539,45,36,0.048336342054982384,0.5096627279988011,0.08037249696177667,1e-06,0.031167271365528215,0.0002063512103729517,0.018615264903092628,0.057924602272573705
40,0.5,calibrated,9.338461538461539,46,20,0.04783601641195345,0.6062279154589901,0.08037249696177667,1e-06,0.03213854698928442,0.00018430128180680418,0.01613524888331252,0.04989147862457059
40,0.5,calibrated,9.338461538461539,47,44,0.06197912818976692,0.49595173760156397,0.08037249696177667,1e-06,0.03747435251826747,0.00030664570024982734,0.022894273088226086,0.07464710889297758
40,0.5,calibrated,9.338461538461539,48,18,0.06054869502297877,0.6189833034243399,0.08037249696177667,1e-06,0.04090196903486487,0.00022795914927160795,0.020079356508713272,0.06202258560487113
40,0.5,calibrated,9.338461538461539,49,70,0.08952581966992135,0.46825506968150665,0.08037249696177667,1e-06,0.05225572529343048,0.0004834731237998383,0.03350163633587372,0.11153191629063877
40,0.5,calibrated,9.338461538461539,50,18,0.08520462016502395,0.6437172307002675,0.08037249696177667,1e-06,0.058282849767065326,0.0003108155108729162,0.02739812493677759,0.08438874190233916
40,0.5,calibrated,9.338461538461539,51,300,0.05784687316746251,0.5003345055468728,0.08037249696177667,1e-06,0.053453858340478,0.003381724477339984,0.03307782602861405,0.080272071700584
40,0.5,calibrated,9.338461538461539,52,22,0.03162631447226105,0.5897117182874796,0.08037249696177667,1e-06,0.0404284660447502,0.0024903109782767924,0.02052983253272354,0.040980070892159506
40,0.5,calibrated,9.338461538461539,53,32,0.0347160794064576,0.5233474902614255,0.08037249696177667,1e-06,0.023403073881336722,0.0001328498960192969,0.01364647498734224,0.04117864543027398
40,0.5,calibrated,9.338461538461539,54,20,0.03492098990754533,0.593267603071661,0.08037249696177667,1e-06,0.023284962242910212,0.00013774633951605276,0.011962221352121216,0.03708116327625943
40,0.5,calibrated,9.338461538461539,55,34,0.04204409243225915,0.5159852027302094,0.08037249696177667,1e-06,0.026016298512822333,0.0001963260903313733,0.01534199147233474,0.04937373247187804
40,0.5,calibrated,9.338461538461539,56,20,0.04207552311893259,0.6004474660294401,0.08037249696177667,1e-06,0.02809149793377491,0.00016306809673308442,0.01425039731108277,0.04419534032494396
40,0.5,calibrated,9.338461538461539,57,38,0.0525920224566252,0.50538617244414,0.08037249696177667,1e-06,0.03215470569427936,0.00025291781210783727,0.019320577599277022,0.06259401983159289
40,0.5,calibrated,9.338461538461539,58,20,0.05193363738962198,0.6103395007038807,0.08037249696177667,1e-06,0.0348995143415749,0.0001981261147028108,0.017396283912165363,0.053824972565736
40,0.5,calibrated,9.338461538461539,59,48,0.06951405472216182,0.48837749136956304,0.08037249696177667,1e-06,0.041642698709498216,0.0003518260824721258,0.025780689794306536,0.08451003116909434
40,0.5,calibrated,9.338461538461539,60,18,0.06737780240060798,0.625834635971738,0.08037249696177667,1e-06,0.04569043343777701,0.00025126225021622755,0.02216115560411146,0.06837825540746151
40,0.5,calibrated,9.615384615384615,1,20,0.11760024415864678,0.6229790563916795,0.0,1e-06,0.07994381227005112,0.005963957456988885,0.025697551876163627,0.10389270546237223
40,0.5,calibrated,9.615384615384615,2,300,0.04279533438177885,0.4959957728127449,0.07994381227005112,1e-06,0.0947179134953463,0.008985541171542087,0.06405858653456697,0.02824436524274574
40,0.5,calibrated,9.615384615384615,3,300,0.021517332965835134,0.4846950434879055,0.08019307966472458,1e-06,0.039963505365231244,0.004314460145277841,0.027522180053713218,0.00223667288781982
40,0.5,calibrated,9.615384615384615,4,300,0.03250653503904716,0.47304818671476784,0.0801916615384619,1e-06,0.00860175174549388,0.0008934687239260381,0.01734996009175959,0.027909898814955023
40,0.5,calibrated,9.615384615384615,5,66,0.022533182675154806,0.48223927050960347,0.08019168504120423,1e-06,0.022213964464628533,0.002873831629024079,0.02243409384480557,0.006098659975446806
40,0.5,calibrated,9.615384615384615,6,26,0.046086848294927596,0.5511951261390933,0.08019168479004941,1e-06,0.021575751108399877,0.0002744745224042115,0.01880996490442133,0.04652580519035609
40,0.5,calibrated,9.615384615384615,7,300,0.01637488279252619,0.5155701905498867,0.08019168479303537,1e-06,0.05017839692197601,0.006621163288997553,0.03640224295791342,0.017491361982813595
40,0.5,calibrated,9.615384615384615,8,300,0.034349196258692205,0.47135094152356194,0.08019168479299968,1e-06,0.009331201607901962,0.0014813483222291502,0.025152255074864932,0.024823739793944657
40,0.5,calibrated,9.615384615384615,9,104,0.04236970737287832,0.4622868479331929,0.08019168479299872,1e-06,0.014488866575330744,0.002933239266495273,0.030749763341197025,0.025203965234037305
40,0.5,calibrated,9.615384615384615,10,24,0.0741788136745658,0.5794013992199064,0.08019168479299872,1e-06,0.03770760135757201,0.0004012049804739022,0.026287275383227567,0.07311385822167328
40,0.5,calibrated,9.615384615384615,11,300,0.04037006396382625,0.47590949128958315,0.08019168479299872,1e-06,0.06812438262775677,0.004283150881720734,0.045537449832648416,0.06432526090463137
40,0.5,calibrated,9.615384615384615,12,300,0.05512171216799333,0.4499736114312992,0.08019168479299872,1e-06,0.016877742286602687,0.003762334299921795,0.04119917006256405,0.03640323689775857
40,0.5,calibrated,9.615384615384615,13,23,0.07571444740645028,0.5809429524221281,0.08019168479299872,1e-06,0.05288005952118602,0.0020072780915579725,0.027385481108915113,0.08015084014004714
40,0.5,calibrated,9.615384615384615,14,300,0.04794088786841544,0.46712468160564113,0.08019168479299872,1e-06,0.07543882068458352,0.004799807248205927,0.05142345654348959,0.08263847247376989
40,0.5,calibrated,9.615384615384615,15,300,0.049715136974627705,0.4550751457469303,0.08019168479299872,1e-06,0.032586159763724906,0.005296898975433265,0.04262443106405239,0.02204103383954676
40,0.5,calibrated,9.615384615384615,16,24,0.08068809491050988,0.585935589304268,0.08019168479299872,1e-06,0.04339995790594986,0.0005928709364807868,0.029700133937026307,0.07968181540321626
40,0.5,calibrated,9.615384615384615,17,300,0.04000285793516267,0.47978349514009766,0.08019168479299872,1e-06,0.07210732972030842,0.004464396276925962,0.04822741105527093,0.05678461742580788
40,0.5,calibrated,9.615384615384615,18,300,0.038738256510509106,0.4666013291860643,0.08019168479299872,1e-06,0.024338409009648662,0.003920295930740159,0.03202629462254891,0.01862744507369036
40,0.5,calibrated,9.615384615384615,19,33,0.034923332318104405,0.5396203033861916,0.08019168479299872,1e-06,0.03466463760323257,0.003676862667448484,0.019132784779929187,0.044419595803057106
40,0.5,calibrated,9.615384615384615,20,300,0.07659200602058963,0.42806419342100577,0.08019168479299872,1e-06,0.055083276671395565,0.0033653799504106095,0.038187352394355806,0.10508920218008608
40,0.5,calibrated,9.615384615384615,21,23,0.09483177003105803,0.6001315038583565,0.08019168479299872,1e-06,0.07310824533449023,0.0017438458337878857,0.03640008702014008,0.09891319268806899
40,0.5,calibrated,9.615384615384615,22,300,0.036480636527792765,0.4993071491638189,0.08019168479299872,1e-06,0.08344166218591309,0.009806391965608842,0.0553623221868425,0.019868276114101757
40,0.5,calibrated,9.615384615384615,23,300,0.02571964411213662,0.48028879176189765,0.08019168479299872,1e-06,0.029890911410140913,0.003954934345505005,0.028562645768442377,0.006268761322909974
40,0.5,calibrated,9.615384615384615,24,300,0.04607464880312456,0.459051655555794,0.08019168479299872,1e-06,0.00704634781689519,0.0016769440584832017,0.025091855468369336,0.03707554672414907
40,0.5,calibrated,9.615384615384615,25,25,0.04894791842057955,0.5540683510412133,0.08019168479299872,1e-06,0.043612033905171765,0.002806601470490379,0.023509352196221786,0.05756157389690319
40,0.5,calibrated,9.615384615384615,26,300,0.03532837602748928,0.4715308507109149,0.08019168479299872,1e-06,0.048133761121179286,0.0036291477101185977,0.03150638626698494,0.05779083488585425
40,0.5,calibrated,9.615384615384615,27,47,0.011697027563381757,0.5040515744360726,0.08019168479299872,1e-06,0.031756297121958155,0.003475188519213637,0.01831142303200892,0.0016078186959980131
40,0.5,calibrated,9.615384615384615,28,30,0.008197219089819852,0.5131312951329623,0.08019168479299872,1e-06,0.004396530109079311,8.208708094717884e-05,0.007743616335782451,0.007182650347284554
40,0.5,calibrated,9.615384615384615,29,52,0.023709184985154064,0.4810566675010787,0.08019168479299872,1e-06,0.012518973983417087,0.00012086523604613185,0.008985547137667535,0.026943474389297315
40,0.5,calibrated,9.615384615384615,30,28,0.04362728761311452,0.5487249984925293,0.08019168479299872,1e-06,0.025384132832253103,0.00019440886363762986,0.01401992350922702,0.045994659970816865
40,0.5,calibrated,9.615384615384615,31,300,0.03014552092539957,0.47649014757225183,0.08019168479299872,1e-06,0.04076778967367545,0.004168558146507204,0.02630262360573034,0.048542228641246715
40,0.5,calibrated,9.615384615384615,32,51,0.007114303545318057,0.49821220225286483,0.08019168479299872,1e-06,0.0250898979638723,0.002541487799557761,0.01618887179550568,0.006647908408881206
40,0.5,calibrated,9.615384615384615,33,26,0.018639210707662612,0.5236238205677802,0.08019168479299872,1e-06,0.007275506247745006,0.00013281244703096663,0.010236377139212502,0.018686621919163763
40,0.5,calibrated,9.615384615384615,34,300,0.08056538867546592,0.5877552607908176,0.08019168479299872,1e-06,0.08581698858213237,0.011052959019272232,0.07913152401219462,0.015789030354883115
40,0.5,calibrated,9.615384615384615,35,300,0.02904270552373467,0.5050447740217174,0.08019168479299872,1e-06,0.07111656807326872,0.002696987261639563,0.0471832596947189,0.004278727641290243
40,0.5,calibrated,9.615384615384615,36,300,0.0131284943875013,0.4987583331429204,0.08019168479299872,1e-06,0.03145729444847953,0.0004929780625211053,0.029263903831344276,0.015823827603892573
40,0.5,calibrated,9.615384615384615,37,300,0.009491147000824152,0.497229969858877,0.08019168479299872,1e-06,0.012120159133081282,0.0006122922843156309,0.02330411942748641,0.0038102679328872536
40,0.5,calibrated,9.615384615384615,38,300,0.014130272837121038,0.492405770826185,0.08019168479299872,1e-06,0.0032778400675576407,0.000489689974506544,0.010209600533703773,0.010961813172070383
40,0.5,calibrated,9.615384615384615,39,300,0.019396768306498613,0.48688893275078876,0.08019168479299872,1e-06,0.005118268050584518,0.0007270465320044318,0.013042097373141444,0.014992079890401997
40,0.5,calibrated,9.615384615384615,40,300,0.029408661792561963,0.476465475554925,0.08019168479299872,1e-06,0.004555894612305966,0.0010878727130635758,0.015111949639020465,0.022308225610657793
40,0.5,calibrated,9.615384615384615,41,300,0.05475302666292703,0.45021072115942745,0.08019168479299872,1e-06,0.01031225149549303,0.0022103003594456947,0.030074939654346457,0.042397063403133824
40,0.5,calibrated,9.615384615384615,42,25,0.07183890555720485,0.577052398704077,0.08019168479299872,1e-06,0.050661588539888225,0.001711092610457982,0.026427326610908294,0.07626638263744082
40,0.5,calibrated,9.615384615384615,43,300,0.04145082322297278,0.48472263053848785,0.08019168479299872,1e-06,0.08047879667329139,0.005586070956351893,0.054173106877709334,0.04671878579326137
40,0.5,calibrated,9.615384615384615,44,300,0.0318064598007351,0.4736648388871366,0.08019168479299872,1e-06,0.039075964903933814,0.004215299037902319,0.03670513735372149,0.00651049143530133
40,0.5,calibrated,9.615384615384615,45,37,0.02145168946254361,0.5255894844495701,0.08019168479299872,1e-06,0.02525575074132591,0.003911657186900371,0.014290933343906402,0.030015485964755964
40,0.5,calibrated,9.615384615384615,46,300,0.0853984087674946,0.41902119651145975,0.08019168479299872,1e-06,0.04766557468042765,0.0004575407458674799,0.03431581572535418,0.10842338722174284
40,0.5,calibrated,9.615384615384615,47,20,0.11704291269064193,0.6224198494789017,0.08019168479299872,1e-06,0.07575506659170705,0.0004357972298359772,0.03669378371366119,0.11353614218865021
40,0.5,calibrated,9.615384615384615,48,300,0.045885300386180106,0.49061680443084366,0.08019168479299872,1e-06,0.09728902428226416,0.00954964375404432,0.06642116385896367,0.03918478571313763
40,0.5,calibrated,9.615384615384615,49,300,0.02385256882948039,0.48224622568213676,0.08019168479299872,1e-06,0.04144433184776483,0.0045913867896728204,0.030274271778638534,0.0023755223662231175
40,0.5,calibrated,9.615384615384615,50,300,0.03590902364775983,0.4694881276317228,0.08019168479299872,1e-06,0.009284334043076548,0.0011587408812247853,0.018284937324510517,0.03144971778899793
40,0.5,calibrated,9.615384615384615,51,39,0.021941809147816405,0.5226348187073881,0.08019168479299872,1e-06,0.03666482325106879,0.002034966193234843,0.020601916317345644,0.032072979578985125
40,0.5,calibrated,9.615384615384615,52,300,0.054956002466097664,0.44962706145133585,0.08019168479299872,1e-06,0.03229722822475978,0.00010802699584932536,0.021249725580290826,0.06735753952031096
40,0.5,calibrated,9.615384615384615,53,24,0.08512680862241251,0.5903909693254181,0.08019168479299872,1e-06,0.05198154353536155,0.0002559598142181852,0.02667924685318301,0.08541881872585039
40,0.5,calibrated,9.615384615384615,54,300,0.03899879826264219,0.4925254280740459,0.08019168479299872,1e-06,0.08239784653913362,0.0073631340787481455,0.05508750084065895,0.0336222344625275
40,0.5,calibrated,9.615384615384615,55,300,0.02988137846544414,0.47589848398519335,0.08019168479299872,1e-06,0.034661611362734636,0.004262507382247738,0.030774651555820078,0.006668480487824397
40,0.5,calibrated,9.615384615384615,56,300,0.07408964511988408,0.430364609330314,0.08019168479299872,1e-06,0.010800094739720878,0.003134568189823784,0.034128723971557626,0.06575737209430307
40,0.5,calibrated,9.615384615384615,57,20,0.11139959095933105,0.6167574422880665,0.08019168479299872,1e-06,0.06224402175541566,0.0004810866923608666,0.0332525853076534,0.10607755107213554
40,0.5,calibrated,9.615384615384615,58,300,0.03889354758289265,0.49830283690538,0.08019168479299872,1e-06,0.08831709853096514,0.009788055488986857,0.059026030162655015,0.02254011300133857
40,0.5,calibrated,9.615384615384615,59,300,0.022143853895499277,0.48402873332511337,0.08019168479299872,1e-06,0.031347391924443024,0.004159535852381508,0.026585923099562057,0.005804548169314081
40,0.5,calibrated,9.615384615384615,60,300,0.03462248406250601,0.4709376332899832,0.08019168479299872,1e-06,0.00716145239496116,0.001208448875454956,0.017936626523977435,0.029287080403604143
40,0.5,fixed,0.2,1,3,0.0013535931765824571,1.0001084945643524,0.0,1e-06,0.0006938133165297662,0.0001692559859951063,0.0005245085374019669,0.0009397269591571789
40,0.5,fixed,0.2,2,3,3.1188992982711383e-06,0.999871522519238,0.0006938133165297662,1e-06,3.152780265945489e-06,7.859645755701367e-08,9.191945560072475e-07,2.8194240017281385e-06
40,0.5,fixed,0.2,3,2,7.985151206924002e-09,0.9998744672976799,0.0006937851741287519,1e-06,0.0,,,
40,0.5,fixed,0.47692307692307695,1,3,0.005760537517702891,0.9941749932644132,0.0,1e-06,0.0029698615547934237,0.00026156484324359517,0.001922937319383796,0.004380492610901553
40,0.5,fixed,0.47692307692307695,2,3,9.235521258199597e-06,0.9996917271096428,0.0029698615547934237,1e-06,1.1744316364077298e-05,1.2002152738958918e-08,3.424097941430253e-06,8.399876583056822e-06
40,0.5,fixed,0.47692307692307695,3,2,4.779055984283076e-08,0.9997004484885644,0.0029732838289695655,1e-06,0.0,,,
40,0.5,fixed,0.7538461538461538,1,4,0.012953146331250776,0.9869442035959788,0.0,1e-06,0.005329210755086244,0.0005649906401264187,0.003487426279449083,0.009909021104520726
40,0.5,fixed,0.7538461538461538,2,4,6.606065916181514e-05,0.9994620647179152,0.005329210755086244,1e-06,8.215228787635128e-05,1.9657355262700337e-07,2.3954146350819272e-05,6.033584285546652e-05
40,0.5,fixed,0.7538461538461538,3,3,8.06769816730224e-07,0.9995241374413596,0.005357299832357815,1e-06,0.0,,,
40,0.5,fixed,1.0307692307692309,1,4,0.020255527811160134,0.979603061376678,0.0,1e-06,0.007718957615594824,0.0009242933560275748,0.005105572095866161,0.015615137275111584
40,0.5,fixed,1.0307692307692309,2,4,0.00017284968381481303,0.9991831725712488,0.007718957615594824,1e-06,0.00021393242185685068,6.058794997619272e-07,6.239038935666539e-05,0.00015803404683340476
40,0.5,fixed,1.0307692307692309,3,3,3.3425374573736732e-06,0.9993444600344025,0.007793946876729744,1e-06,5.009516490677557e-06,1.7562661931562176e-09,1.4605286263123585e-06,3.2457572691080367e-06
40,0.5,fixed,1.0307692307692309,4,2,6.611252989507932e-08,0.9993476880339849,0.007794669653750674,1e-06,0.0,,,
40,0.5,fixed,1.3076923076923077,1,4,0.027672461430509165,0.972146759926539,0.0,1e-06,0.01014037657841238,0.0012952347832201568,0.006780719359380884,0.021508960504864803
40,0.5,fixed,1.3076923076923077,2,5,0.00032881810002638456,0.9988557215340567,0.01014037657841238,1e-06,0.0004066442103413297,1.2385044921141405e-06,0.00011862404360751667,0.0003008899088845565
40,0.5,fixed,1.3076923076923077,3,3,8.694956574073487e-06,0.9991570430445315,0.010283629148824972,1e-06,1.3051588950077544e-05,3.039883922084998e-09,3.805240182614386e-06,8.44727703353173e-06
40,0.5,fixed,1.3076923076923077,4,2,2.43918123477016e-07,0.9991632433027766,0.010285481406514918,1e-06,0.0,,,
40,0.5,fixed,1.5846153846153845,1,5,0.0352091309445981,0.9645700858076793,0.0,1e-06,0.012594853442696397,0.0016784224164000093,0.008516533081789136,0.027601508819565426
40,0.5,fixed,1.5846153846153845,2,5,0.0005331755233871638,0.9984803874090933,0.012594853442696397,1e-06,0.0006598520627096507,2.0803389231692694e-06,0.00019255654360458241,0.0004883117253318606
40,0.5,fixed,1.5846153846153845,3,4,1.784989756747901e-05,0.9989603436455201,0.012826817878671598,1e-06,2.6815940769099903e-05,2.7678465494956517e-09,7.818425416264855e-06,1.7348272439941413e-05
40,0.5,fixed,1.5846153846153845,4,3,5.409844637815908e-07,0.9989730202587771,0.012830542015084285,1e-06,0.0,,,
40,0.5,fixed,1.8615384615384616,1,5,0.042871036000966645,0.9568675079808652,0.0,1e-06,0.015083852826138333,0.002074510342274759,0.010317001337360595,0.033904703215854995
40,0.5,fixed,1.8615384615384616,2,5,0.0007851304413045712,0.9980578465530092,0.015083852826138333,1e-06,0.0009731164022558029,3.121939399377417e-06,0.0002840966696420529,0.0007197224873250034
40,0.5,fixed,1.8615384615384616,3,4,3.1686550791443224e-05,0.9987551086759919,0.015424020510094404,1e-06,4.771884169416736e-05,5.168435098656105e-09,1.391321930935705e-05,3.082347252956364e-05
40,0.5,fixed,1.8615384615384616,4,3,1.1508494178746886e-06,0.9987775046788259,0.01543046731078075,1e-06,1.785954132805849e-06,1.452013739233656e-09,5.20694272836349e-07,1.1487357631662145e-06
40,0.5,fixed,1.8615384615384616,5,2,5.1373334919446734e-08,0.9987783965149117,0.015430525117531778,1e-06,0.0,,,
40,0.5,fixed,2.138461538461539,1,5,0.05066417774596543,0.9490329907982187,0.0,1e-06,0.017608978325276636,0.002509925887100168,0.012186519157467794,0.040431590327743946
40,0.5,fixed,2.138461538461539,2,6,0.001083878418400297,0.997588788647433,0.017608978325276636,1e-06,0.0013459884347412632,4.355231458828312e-06,0.00039315874449826773,0.0009945481351252465
40,0.5,fixed,2.138461538461539,3,4,5.1025805919313605e-05,0.9985404863621233,0.018075821564260613,1e-06,7.711287089563561e-05,9.725594063612853e-09,2.248436913825208e-05,4.969612858771913e-05
40,0.5,fixed,2.138461538461539,4,3,2.153963577722351e-06,0.9985764130747478,0.018085913184621542,1e-06,3.36087072084793e-06,2.7416435790270543e-09,9.798625963132974e-07,2.146428072807013e-06
40,0.5,fixed,2.138461538461539,5,2,1.1651165154891174e-07,0.9985780785214403,0.018085994743071983,1e-06,0.0,,,
40,0.5,fixed,2.4153846153846157,1,5,0.05859503277122091,0.9410600203606181,0.0,1e-06,0.020171959996751587,0.0029642313641741196,0.014129918315556529,0.04719641797572596
40,0.5,fixed,2.4153846153846157,2,6,0.0014284333084347844,0.9970740519584778,0.020171959996751587,1e-06,0.0017779825386735164,5.765382741313284e-06,0.0005196541839039103,0.0013120970061935887
40,0.5,fixed,2.4153846153846157,3,4,7.675160058473462e-05,0.998315603380652,0.020782822381052314,1e-06,0.00011628712930017112,1.7205733580275517e-08,3.390837173885252e-05,7.482614802041074e-05
40,0.5,fixed,2.4153846153846157,4,3,3.684729673492093e-06,0.9983694222753047,0.020797544845872568,1e-06,5.7735570845062655e-06,7.234886576457473e-09,1.6832869956201814e-06,3.653970881788702e-06
40,0.5,fixed,2.4153846153846157,5,2,2.3563802387105426e-07,0.9983722605615365,0.02079763822369113,1e-06,0.0,,,
40,0.5,fixed,2.6923076923076925,1,6,0.06667074700332376,0.9329414093473241,0.0,1e-06,0.022774710883547877,0.0034359847112351567,0.01615256541376685,0.05421490023288561
40,0.5,fixed,2.6923076923076925,2,6,0.00181775018591257,0.9965145281064272,0.022774710883547877,1e-06,0.0022685851187034603,7.337060490422345e-06,0.0006634937308130775,0.0016716421368751983
40,0.5,fixed,2.6923076923076925,3,5,0.00010944957656588983,0.9980796952740558,0.023545716456784452,1e-06,0.0001664275182256098,3.983071401323901e-08,4.853195633334063e-05,0.00010684155558277492
40,0.5,fixed,2.6923076923076925,4,4,6.022670106520245e-06,0.9981561116137504,0.023566014279351098,1e-06,9.369618678451993e-06,1.3777711812716473e-09,2.7025179679039205e-06,6.017709753504324e-06
40,0.5,fixed,2.6923076923076925,5,2,3.5685181376532427e-07,0.9981607261288127,0.023566144007859533,1e-06,0.0,,,
40,0.5,fixed,2.9692307692307693,1,6,0.0748988422390009,0.9246695924775273,0.0,1e-06,0.02541923791798384,0.003926296394738786,0.01826033185859294,0.06150410506854369
40,0.5,fixed,2.9692307692307693,2,6,0.0022508862833543475,0.9959110324350259,0.02541923791798384,1e-06,0.0028172502867178165,9.063346685191396e-06,0.0008245859542375102,0.002072531408410191
40,0.5,fixed,2.9692307692307693,3,5,0.00014997067493460747,0.9978318966105818,0.02636524418402636,1e-06,0.00022869831776295858,6.580330111169392e-08,6.669597534776174e-05,0.00014656636842829305
40,0.5,fixed,2.9692307692307693,4,4,9.14452501354912e-06,0.9979362032310848,0.026392072007533202,1e-06,1.4402060396023166e-05,3.216407276779579e-09,4.103072008392882e-06,9.135952455785343e-06
40,0.5,fixed,2.9692307692307693,5,3,5.114870065270338e-07,0.9979432301052364,0.02639216793864231,1e-06,0.0,,,
40,0.5,fixed,3.2461538461538466,1,6,0.08328773912969223,0.9162361000644454,0.0,1e-06,0.0281077954993052,0.004422417755204749,0.02045980065068468,0.06908302589729404
40,0.5,fixed,3.2461538461538466,2,7,0.002726454814148682,0.9952647461494598,0.0281077954993052,1e-06,0.0034233448000194414,1.0919310127018543e-05,0.0010028202250118325,0.002513799056237066
40,0.5,fixed,3.2461538461538466,3,5,0.00019900456248844733,0.9975714064580306,0.02924217530237462,1e-06,0.00030413508441071505,9.244615110882965e-08,8.870424298381495e-05,0.00019468901568908654
40,0.5,fixed,3.2461538461538466,4,4,1.3325510926920359e-05,0.997709252639298,0.02927642177897015,1e-06,2.1208085049828173e-05,4.672874644259959e-09,5.967500333138177e-06,1.3285581211383565e-05
40,0.5,fixed,3.2461538461538466,5,3,8.081982282304168e-07,0.9977194593207597,0.029276418133496636,1e-06,0.0,,,
40,0.5,fixed,3.5230769230769234,1,6,0.0918465985594521,0.9076317177513958,0.0,1e-06,0.030842835467277396,0.0049012136532962745,0.022758295755190745,0.07697262874585012
40,0.5,fixed,3.5230769230769234,2,7,0.003243338373329574,0.994576648993424,0.030842835467277396,1e-06,0.004086192592621357,1.2899221197019748e-05,0.0011980798220299145,0.0029946603802709125
40,0.5,fixed,3.5230769230769234,3,5,0.00025692715147329626,0.9972975282418526,0.032177436826890074,1e-06,0.00039369874379994833,1.4581782764636954e-07,0.0001148393587635933,0.0002516553528643016
40,0.5,fixed,3.5230769230769234,4,4,1.8730283320445018e-05,0.9974748463373234,0.032219824253513156,1e-06,3.0132733878649517e-05,8.291509927933185e-09,8.368396533127355e-06,1.8634946485413494e-05
40,0.5,fixed,3.5230769230769234,5,3,1.2194695764300434e-06,0.9974891501065911,0.03221960818033432,1e-06,2.3158819074011487e-06,7.16562196800787e-09,5.40155664457778e-07,1.1405300648080586e-06
40,0.5,fixed,3.5230769230769234,6,2,1.2692125872515447e-07,0.997490113437171,0.03221943633484947,1e-06,0.0,,,
40,0.5,fixed,3.8000000000000003,1,7,0.10058562361899925,0.8988461825316657,0.0,1e-06,0.03362709561832622,0.005391459751601718,0.025164059059731674,0.08519631655417301
40,0.5,fixed,3.8000000000000003,2,7,0.0037998542369956922,0.9938481894563641,0.03362709561832622,1e-06,0.004804981107101411,1.4975793098120643e-05,0.00141021290826423,0.0035139195359053135
40,0.5,fixed,3.8000000000000003,3,6,0.0003244768503390949,0.9970094424625263,0.035171959925692,1e-06,0.0004982549302829809,2.013010561273565e-07,0.00014535682509302412,0.000318172253313774
40,0.5,fixed,3.8000000000000003,4,4,2.54600538056593e-05,0.9972325916952692,0.035223105649759875,1e-06,4.155921736716944e-05,1.066318417694417e-08,1.1386888326012619e-05,2.5203716862956097e-05
40,0.5,fixed,3.8000000000000003,5,3,1.7549797520777233e-06,0.9972520082863255,0.035222478044803315,1e-06,3.434777557006115e-06,1.2533447291463151e-08,8.011274508438525e-07,1.6172768445643332e-06
40,0.5,fixed,3.8000000000000003,6,2,2.024131816602548e-07,0.9972533964223362,0.03522218036837984,1e-06,0.0,,,
40,0.5,fixed,4.0769230769230775,1,7,0.10951575154425941,0.8898684930582759,0.0,1e-06,0.036463499047483694,0.005894003881113821,0.027686256939207954,0.09377989510146334
40,0.5,fixed,4.0769230769230775,2,8,0.004394603647297823,0.9930806074205106,0.036463499047483694,1e-06,0.005578817167513253,1.7143029415366622e-05,0.0016390491899910243,0.004070560903086591
40,0.5,fixed,4.0769230769230775,3,6,0.00040169893265007417,0.9967065685602527,0.038226800680579556,1e-06,0.0006185410835920242,2.860010249090858e-07,0.00018047536546077523,0.0003944131898400489
40,0.5,fixed,4.0769230769230775,4,5,3.3692923302464095e-05,0.9969820335863782,0.038287015017576795,1e-06,5.586714042467837e-05,3.124579377557928e-08,1.5088079945717469e-05,3.31667335102242e-05
40,0.5,fixed,4.0769230769230775,5,3,2.567002613917957e-06,0.9970076335196959,0.03828570526892948,1e-06,4.9448721462743475e-06,8.223876968859539e-09,1.1533436980176938e-06,2.4270623072340464e-06
40,0.5,fixed,4.0769230769230775,6,2,3.3892217821129833e-07,0.997009628322553,0.03828527152249288,1e-06,0.0,,,
40,0.5,fixed,4.353846153846154,1,7,0.11864936584432761,0.8806861926561145,0.0,1e-06,0.03935536887428004,0.0064098067927084515,0.030335325485877706,0.10275249018158292
40,0.5,fixed,4.353846153846154,2,8,0.005025390783395145,0.9922758074425319,0.03935536887428004,1e-06,0.00640660275885957,1.936492482231332e-05,0.001884360707443336,0.00466297623833895
40,0.5,fixed,4.353846153846154,3,6,0.0004891947689570353,0.9963881416307501,0.04134302104436005,1e-06,0.0007551651927535704,3.800326417247677e-07,0.0002203767829378416,0.0004809538057989847
40,0.5,fixed,4.353846153846154,4,5,4.375308987403237e-05,0.9967226034037285,0.04141241263876641,1e-06,7.350778592583087e-05,4.499300493849555e-08,1.9563876613815746e-05,4.291656590924681e-05
40,0.5,fixed,4.353846153846154,5,4,3.6474942017861167e-06,0.9967557011319332,0.04141014146530458,1e-06,6.943936310119953e-06,5.123644520676516e-09,1.6196095021306335e-06,3.5175422057546605e-06
40,0.5,fixed,4.353846153846154,6,2,3.3677365862683217e-07,0.9967585614734323,0.04140952671394041,1e-06,0.0,,,
40,0.5,fixed,4.630769230769231,1,7,0.1280001599303846,0.871285506783329,0.0,1e-06,0.04230637845361773,0.006939949473161084,0.033123081836596915,0.11214677802028203
40,0.5,fixed,4.630769230769231,2,8,0.005690074787546351,0.9914356832249283,0.04230637845361773,1e-06,0.007287073678073311,2.1620650080280222e-05,0.0021458731895347694,0.0052895533996714615
40,0.5,fixed,4.630769230769231,3,6,0.0005871185757303499,0.9960535524192877,0.04452184350539157,1e-06,0.0009085912510761549,4.945899159818658e-07,0.0002652015719297882,0.0005780185395419596
40,0.5,fixed,4.630769230769231,4,5,5.572403270370785e-05,0.9964538586302949,0.04460017894649488,1e-06,9.489900604768987e-05,6.562586834425374e-08,2.4875687121220655e-05,5.4454279119705746e-05
40,0.5,fixed,4.630769230769231,5,4,4.913977858955754e-06,0.9964959120878267,0.04459653495960817,1e-06,9.504489764737608e-06,8.875055775915107e-09,2.216840747411176e-06,4.727299547225985e-06
40,0.5,fixed,4.630769230769231,6,3,3.819996733378517e-07,0.996499823563609,0.04459561860383491,1e-06,0.0,,,
40,0.5,fixed,4.907692307692308,1,8,0.1375836933878567,0.8616507831783684,0.0,1e-06,0.045320706430572955,0.007485668770052922,0.03606309265193538,0.12199992593964129
40,0.5,fixed,4.907692307692308,2,8,0.0063858845301585365,0.9905626739429111,0.045320706430572955,1e-06,0.008218705402787352,2.3871570743307788e-05,0.002423235345054614,0.005948179172333925
40,0.5,fixed,4.907692307692308,3,7,0.0006953062341323868,0.9957023205273559,0.047764581639817894,1e-06,0.0010790406315905558,6.568270146469946e-07,0.0003150200628395813,0.0006855637567299289
40,0.5,fixed,4.907692307692308,4,5,6.986871692771235e-05,0.9961752281595545,0.04785116000818401,1e-06,0.00012046523774494151,7.631536721828485e-08,3.107815248077313e-05,6.810861514027035e-05
40,0.5,fixed,4.907692307692308,5,4,6.507344789685732e-06,0.996227806073359,0.04784567046850248,1e-06,1.2756395296454679e-05,1.2803377506461536e-08,2.975329356689398e-06,6.252518472816972e-06
40,0.5,fixed,4.907692307692308,6,3,5.304472662226445e-07,0.9962329864497639,0.04784435844300077,1e-06,0.0,,,
40,0.5,fixed,5.184615384615385,1,8,0.1474168338445606,0.8517650536084337,0.0,1e-06,0.04840287967733614,0.008048348370203271,0.03917072025476724,0.13235356561127265
40,0.5,fixed,5.184615384615385,2,9,0.007109786113476235,0.9896594745496883,0.04840287967733614,1e-06,0.009199681722513647,2.6083711955137766e-05,0.0027160082912638123,0.006636482779746866
40,0.5,fixed,5.184615384615385,3,7,0.0008143149992119181,0.9953337177521259,0.05107255953395021,1e-06,0.0012666198116643192,8.084146593074022e-07,0.00036987002520612414,0.000804075195831261
40,0.5,fixed,5.184615384615385,4,6,8.634169641952294e-05,0.9958861727365103,0.05116637319129548,1e-06,0.00015069444741512453,7.994791603504025e-08,3.82480026431669e-05,8.39742015764889e-05
40,0.5,fixed,5.184615384615385,5,4,8.321262284782804e-06,0.9959510505328644,0.05115845997127428,1e-06,1.680172215471579e-05,6.3308879810866076e-09,3.918884979617408e-06,7.870269237795078e-06
40,0.5,fixed,5.184615384615385,6,3,6.956231181076689e-07,0.9959577256420437,0.051156559934740234,1e-06,0.0,,,
40,0.5,fixed,5.461538461538462,1,8,0.15751917576348695,0.84160860599917,0.0,1e-06,0.05155816548380798,0.008680876396653936,0.04246388228862088,0.14325577870953116
40,0.5,fixed,5.461538461538462,2,9,0.007858451411258627,0.988729086424488,0.05155816548380798,1e-06,0.010227821913910778,2.823250271341144e-05,0.0030236416748946216,0.00735178643921589
40,0.5,fixed,5.461538461538462,3,7,0.0009434758138986421,0.9949474574277811,0.05444739682689892,1e-06,0.001471130521639056,1.003891246168374e-06,0.000429700431705442,0.0009330804655054412
40,0.5,fixed,5.461538461538462,4,6,0.00010506380239727608,0.9955862798558912,0.05454678250245958,1e-06,0.00018595550146981111,9.980546515897787e-08,4.63875871275302e-05,0.00010183296591193461
40,0.5,fixed,5.461538461538462,5,5,1.0568111336040076e-05,0.9956651692723972,0.05453563687712462,1e-06,2.1732806394279477e-05,2.208688068127835e-08,5.069048903714979e-06,9.728417577600947e-06
40,0.5,fixed,5.461538461538462,6,3,9.735743342620395e-07,0.995673538547156,0.054532947598261425,1e-06,0.0,,,
40,0.5,fixed,5.7384615384615385,1,9,0.16791305980834514,0.8311589648926588,0.0,1e-06,0.05479257910069002,0.009407793455776203,0.045963442356270576,0.15476193924135856
40,0.5,fixed,5.7384615384615385,2,9,0.00862730573226056,0.9877755848391683,0.05479257910069002,1e-06,0.011300426796507695,3.0257002467656767e-05,0.0033454217756827623,0.00809040637482546
40,0.5,fixed,5.7384615384615385,3,8,0.0010826982858737066,0.9945430977026526,0.05789071525013176,1e-06,0.0016920182028206734,1.2088661863524158e-06,0.0004943568359405753,0.001072497125219449
40,0.5,fixed,5.7384615384615385,4,6,0.00012613532548766404,0.9952749943872599,0.05799344725908747,1e-06,0.00022667990781470213,1.3991915025771288e-07,5.552808183321458e-05,0.00012174108027367247
40,0.5,fixed,5.7384615384615385,5,5,1.3276601977363356e-05,0.9953696300678102,0.05797812673918532,1e-06,2.7678920935478513e-05,3.113058097647784e-08,6.455980020415853e-06,1.2015415853215018e-05
40,0.5,fixed,5.7384615384615385,6,3,1.260928872870437e-06,0.9953800879889463,0.05797445208253131,1e-06,2.902526844875513e-06,6.828470168417529e-09,6.769846646096203e-07,9.93080709825688e-07
40,0.5,fixed,5.7384615384615385,7,2,2.50015418257199e-07,0.9953810194346702,0.057973920654015354,1e-06,0.0,,,
40,0.5,fixed,6.015384615384616,1,9,0.1786235431560561,0.8203909216382298,0.0,1e-06,0.058112853862001934,0.010177083230155697,0.04969365140325287,0.1669356336896881
40,0.5,fixed,6.015384615384616,2,10,0.009411751244257971,0.9868031612979705,0.058112853862001934,1e-06,0.0124142716829031,3.212935851808769e-05,0.003680469510268935,0.008848488930306951
40,0.5,fixed,6.015384615384616,3,8,0.0012308218440783003,0.9941205818419682,0.061404365788914506,1e-06,0.0019283993837506154,1.4855584560703549e-06,0.0005635882984062508,0.0012213969483881632
40,0.5,fixed,6.015384615384616,4,6,0.00014969859180435918,0.994951720302471,0.061507359164658736,1e-06,0.0002731868806016345,1.7385002425580376e-07,6.56369481967469e-05,0.0001439352250380621
40,0.5,fixed,6.015384615384616,5,5,1.6448084880660296e-05,0.9950639668312898,0.06148679531885532,1e-06,3.476611818318989e-05,4.2965178195506293e-08,8.109087366578305e-06,1.4626124094640571e-05
40,0.5,fixed,6.015384615384616,6,4,1.68798538002779e-06,0.9950767767775276,0.06148187825961856,1e-06,3.786262393693022e-06,7.137714029717688e-09,8.83107686168662e-07,1.4510008604328308e-06
40,0.5,fixed,6.015384615384616,7,2,1.7540380203850958e-07,0.9950780770612291,0.06148120348441359,1e-06,0.0,,,
40,0.5,fixed,6.292307692307693,1,9,0.18968000617841896,0.8092749170477668,0.0,1e-06,0.061526906547395566,0.010993735591676115,0.05368334354379743,0.17985158347125926
40,0.5,fixed,6.292307692307693,2,10,0.010205133560369117,0.9858177790449569,0.061526906547395566,1e-06,0.013565296228867207,3.375964390076681e-05,0.004027635598614274,0.009620514039487382
40,0.5,fixed,6.292307692307693,3,8,0.001387339715649638,0.9936797216481895,0.06499020294903246,1e-06,0.002178777022105463,1.7801274537011382e-06,0.0006369646393435932,0.001379263451632549
40,0.5,fixed,6.292307692307693,4,7,0.00017552357173122868,0.9946160452875896,0.06508960599445812,1e-06,0.0003257880133253274,2.405378880069336e-07,7.667920368530026e-05,0.00016794978011619498
40,0.5,fixed,6.292307692307693,5,5,2.017781270735597e-05,0.9947475841948786,0.06517752356236235,1e-06,4.307398704862385e-05,3.4915290140699927e-08,1.004694651096091e-05,1.779893202642029e-05
40,0.5,fixed,6.292307692307693,6,4,2.157633598121045e-06,0.9947631934815613,0.06520367997558575,1e-06,4.875101597978155e-06,1.1136120173817234e-08,1.1370695657820976e-06,1.8507312334385056e-06
40,0.5,fixed,6.292307692307693,7,2,2.3387914860339976e-07,0.9947648444895308,0.06520586206316534,1e-06,0.0,,,
40,0.5,fixed,6.56923076923077,1,10,0.20111689021958312,0.7977762990959273,0.0,1e-06,0.0650440187419119,0.011863696060623843,0.05796702397216932,0.1935980840583884
40,0.5,fixed,6.56923076923077,2,10,0.010999927088924943,0.9848262651530573,0.0650440187419119,1e-06,0.01474850259999097,3.5070654466012236e-05,0.004385467796394043,0.010400077998748074
40,0.5,fixed,6.56923076923077,3,8,0.0015507125846456749,0.9932207524898358,0.06865043164567897,1e-06,0.0024410532738004323,2.1123123817034316e-06,0.0007138785730608468,0.0015447236403000391
40,0.5,fixed,6.56923076923077,4,7,0.00020375173659503698,0.9942673189689683,0.07013556367966017,1e-06,0.00038466981783289843,2.989156920413277e-07,8.975570284808402e-05,0.00019409006202004465
40,0.5,fixed,6.56923076923077,5,6,2.44422390459631e-05,0.9944199667652798,0.0704392252435482,1e-06,5.2731740508962425e-05,2.340130083626194e-08,1.2299708740026366e-05,2.1353647241442947e-05
40,0.5,fixed,6.56923076923077,6,4,2.623482818653322e-06,0.9944388373352393,0.07047006801196903,1e-06,6.171672649174085e-06,2.4246722167708395e-09,1.4394833700658436e-06,2.0673432711079366e-06
40,0.5,fixed,6.56923076923077,7,2,2.683880498954849e-07,0.9944408474246363,0.07047265552554795,1e-06,0.0,,,
40,0.5,fixed,6.846153846153847,1,10,0.21297380037939262,0.7858552194294446,0.0,1e-06,0.06867487319115373,0.012794003069139318,0.06258595280149892,0.20827919775080683
40,0.5,fixed,6.846153846153847,2,11,0.011786945022485118,0.9838369762649308,0.06867487319115373,1e-06,0.015957653430849372,3.653870446754663e-05,0.0047521097355520975,0.011179260965138094
40,0.5,fixed,6.846153846153847,3,9,0.0017190966656777107,0.9927441344161033,0.07290546046023144,1e-06,0.002712292433908539,2.449117959038195e-06,0.0007934759266753093,0.0017160631675753354
40,0.5,fixed,6.846153846153847,4,7,0.00023420941457419353,0.9939050531268045,0.07561775289413998,1e-06,0.0004498638858210771,3.408049494749398e-07,0.00010497410444392851,0.00022218322094090537
40,0.5,fixed,6.846153846153847,5,6,2.9186560920768656e-05,0.9940805816036474,0.07596454855663301,1e-06,6.380622464998955e-05,2.5346131775676317e-08,1.4882979744725613e-05,2.5096622181258633e-05
40,0.5,fixed,6.846153846153847,6,4,3.2078538183544225e-06,0.994103000021921,0.07600040476943169,1e-06,7.690076130156445e-06,3.1166533782904982e-09,1.7936384949213706e-06,2.4603091103076934e-06
40,0.5,fixed,6.846153846153847,7,2,3.29475439930782e-07,0.994105449245589,0.07600338950656307,1e-06,0.0,,,
40,0.5,fixed,7.1230769230769235,1,11,0.22529892331513457,0.7734631934293005,0.0,1e-06,0.07243248522071877,0.013793299943748198,0.06759096293191898,0.22402141787620589
40,0.5,fixed,7.1230769230769235,2,11,0.012555100412805609,0.9828601542985613,0.07243248522071877,1e-06,0.017184847038545253,3.7915778575053867e-05,0.0051251622042916565,0.011948271182487109
40,0.5,fixed,7.1230769230769235,3,9,0.0018900156638919086,0.9922506877961549,0.07838505345163757,1e-06,0.00298860049997262,2.3665978179969615e-06,0.0008746191099721869,0.0018911143637863356
40,0.5,fixed,7.1230769230769235,4,8,0.00026640562560154013,0.9935289267326393,0.0813736539516102,1e-06,0.0005211887760950434,3.831999036355314e-07,0.00012162564992672088,0.0002516184440822582
40,0.5,fixed,7.1230769230769235,5,6,3.431388555474868e-05,0.9937288847381266,0.08176517333056478,1e-06,7.628079576397579e-05,5.051953658503339e-08,1.7792890691760203e-05,2.8810772500044988e-05
40,0.5,fixed,7.1230769230769235,6,4,3.819091801804397e-06,0.9937551313020471,0.08180616829047234,1e-06,9.399592972264182e-06,3.97173212035956e-09,2.1923700255600107e-06,2.808541718784482e-06
40,0.5,fixed,7.1230769230769235,7,3,2.5873857323333027e-07,0.9937581627551278,0.08180944559493909,1e-06,0.0,,,
40,0.5,fixed,7.4,1,11,0.23814939978578853,0.7605427254523435,0.0,1e-06,0.07633228104452972,0.014872136209324174,0.07304460635871808,0.24097791876576224
40,0.5,fixed,7.4,2,12,0.013290467566046016,0.9819085835968583,0.07633228104452972,1e-06,0.018420083969821865,3.977476674964193e-05,0.005501537089545239,0.012694797161053498
40,0.5,fixed,7.4,3,9,0.002063756523672966,0.991741847781362,0.08415217043079637,1e-06,0.003264631697041588,3.06538704692578e-06,0.0009557407533002693,0.0020658875585385073
40,0.5,fixed,7.4,4,8,0.000299563039820705,0.9931387802958197,0.08741680212783795,1e-06,0.0005981054295613325,4.462283449555174e-07,0.0001395848878163547,0.00028147848758250436
40,0.5,fixed,7.4,5,6,3.987167671237746e-05,0.9933641338628989,0.0878533892785991,1e-06,9.006199718591262e-05,6.053924897297623e-08,2.1007660819913483e-05,3.2776612813891116e-05
40,0.5,fixed,7.4,6,5,4.377682015666018e-06,0.9933946175135826,0.08789941006768648,1e-06,1.1325698829021104e-05,2.4936603050018417e-08,2.6416197429388345e-06,2.850510186320466e-06
40,0.5,fixed,7.4,7,3,3.572084731340297e-07,0.9933980053403374,0.0879028869218598,1e-06,0.0,,,
40,0.5,fixed,7.676923076923077,1,12,0.25159617651391275,0.7470224250814252,0.0,1e-06,0.08039344506746016,0.01604380032198334,0.07902610182211696,0.2593396852612917
40,0.5,fixed,7.676923076923077,2,12,0.013974130268149532,0.9809995038265097,0.08039344506746016,1e-06,0.019650343418264438,4.1539793162619266e-05,0.0058771506993057845,0.013402209553627593
40,0.5,fixed,7.676923076923077,3,10,0.0022388639958177414,0.9912195626254396,0.09022927190653007,1e-06,0.0035329158198220342,3.8054383975413894e-06,0.0010346456252086993,0.002231736495912495
40,0.5,fixed,7.676923076923077,4,8,0.00033448936853475164,0.9927344754085923,0.09376218772635211,1e-06,0.0006797414886905205,5.407184913765093e-07,0.00015864845653686783,0.0003108651941476776
40,0.5,fixed,7.676923076923077,5,7,4.554053208738473e-05,0.9929858768243378,0.0942426945634252,1e-06,0.00010495435514792104,9.867485982157804e-08,2.4481696637024442e-05,3.631180804520194e-05
40,0.5,fixed,7.676923076923077,6,5,5.09179739693888e-06,0.9930205011940362,0.09429325004900643,1e-06,1.3392826227359238e-05,1.2015144889098273e-08,3.123763508048308e-06,3.2887280956729655e-06
40,0.5,fixed,7.676923076923077,7,3,4.2396755273177433e-07,0.9930244223075917,0.09429673904471553,1e-06,0.0,,,
40,0.5,fixed,7.953846153846155,1,12,0.2657264168862128,0.7328145807442545,0.0,1e-06,0.08463957121516508,0.017325086382524574,0.08563653334295979,0.27934602488120686
40,0.5,fixed,7.953846153846155,2,12,0.01458324717583992,0.9801539969771839,0.08463957121516508,1e-06,0.020858676362074058,4.303843718654489e-05,0.006246637418754386,0.014050016014156098
40,0.5,fixed,7.953846153846155,3,10,0.002405199209214448,0.9906871504628496,0.09664311680578896,1e-06,0.0038745181213866373,4.31194130415341e-06,0.001108408180043467,0.0023858065253994525
40,0.5,fixed,7.953846153846155,4,8,0.00037067270325119583,0.9923160623911954,0.10042664149872343,1e-06,0.0007644255857766026,6.20725074686586e-07,0.00017842624146874054,0.0003388736190036535
40,0.5,fixed,7.953846153846155,5,7,5.134747656077021e-05,0.9925932536068026,0.10094749357016912,1e-06,0.00012068374527610776,1.2010211243780235e-07,2.815106769318493e-05,3.977651815583883e-05
40,0.5,fixed,7.953846153846155,6,5,5.7390946706092905e-06,0.9926321776714753,0.10100183745772073,1e-06,1.5600952793898547e-05,1.4014708852305174e-08,3.638795075199132e-06,3.4665936134628955e-06
40,0.5,fixed,7.953846153846155,7,3,4.5377031276938595e-07,0.992636594588398,0.10100514161699804,1e-06,0.0,,,
40,0.5,fixed,8.23076923076923,1,13,0.2806524827897674,0.7178061188446002,0.0,1e-06,0.08910111077169969,0.018738025600403982,0.09300932197072931,0.3013071715731181
40,0.5,fixed,8.23076923076923,2,13,0.015086487885945687,0.9794011168343508,0.08910111077169969,1e-06,0.02202234462919911,4.416388279114145e-05,0.006602734240582106,0.014610003346114404
40,0.5,fixed,8.23076923076923,3,10,0.0025551208697598415,0.9901491416723268,0.10342675220474712,1e-06,0.004223263826333083,4.791843712029205e-06,0.0011729022581423321,0.002520057175272027
40,0.5,fixed,8.23076923076923,4,9,0.00040509818415435106,0.9918842405732309,0.10742922260506185,1e-06,0.0008496135215465689,7.387947589593612e-07,0.00019832380277275772,0.00036314390728010967
40,0.5,fixed,8.23076923076923,5,7,5.694428015234898e-05,0.9921856708142309,0.10798361968840992,1e-06,0.00013656377502531045,1.1244758329901867e-07,3.185564967206849e-05,4.289425522221844e-05
40,0.5,fixed,8.23076923076923,6,5,6.352841480317117e-06,0.9922287131925439,0.1080402722061318,1e-06,1.78453448037458e-05,1.5477168647606836e-08,4.162286326576425e-06,3.5752948826373078e-06
40,0.5,fixed,8.23076923076923,7,3,4.7317013440739686e-07,0.992233601261904,0.108043149087043,1e-06,0.0,,,
40,0.5,fixed,8.507692307692308,1,14,0.29652016527354563,0.701850318871316,0.0,1e-06,0.0938175692820904,0.02031202701046377,0.10132404525495411,0.3256321266293639
40,0.5,fixed,8.507692307692308,2,13,0.015443844010163854,0.9787785077735701,0.0938175692820904,1e-06,0.023110546457701664,4.481544319406745e-05,0.006935565946674513,0.01504551227975227
40,0.5,fixed,8.507692307692308,3,11,0.002677146053543411,0.989612625303362,0.1106215466387907,1e-06,0.004563161699127016,5.3356325525346655e-06,0.001222475746118569,0.002621721623386206
40,0.5,fixed,8.507692307692308,4,9,0.00043557940526872674,0.9914399280272738,0.11479216345670869,1e-06,0.0009311554940680993,8.01243384252748e-07,0.00021737125987608547,0.0003818563446928997
40,0.5,fixed,8.507692307692308,5,7,6.170290096829678e-05,0.9916984453062077,0.11536847483107632,1e-06,0.00015168437013807678,1.270272129418811e-07,3.5383103207638016e-05,4.4713574731364026e-05
40,0.5,fixed,8.507692307692308,6,5,6.763963444123e-06,0.9917274542745981,0.11542527806595361,1e-06,1.9858367708096053e-05,1.6351760555429923e-08,4.631811895628241e-06,3.410175068310058e-06
40,0.5,fixed,8.507692307692308,7,3,4.470058749816985e-07,0.9917307174297646,0.11542721119447658,1e-06,0.0,,,
40,0.5,fixed,8.784615384615384,1,15,0.3135264547941675,0.6847489249282999,0.0,1e-06,0.0988424486726025,0.022087797588425506,0.11083167873361842,0.3528801868272379
40,0.5,fixed,8.784615384615384,2,14,0.01559759623867274,0.9783390960584791,0.0988424486726025,1e-06,0.02407990297153545,4.229620360553844e-05,0.007231200779555585,0.015305122647104617
40,0.5,fixed,8.784615384615384,3,11,0.0027556414236533655,0.9890877083025975,0.11828125117925986,1e-06,0.0048787047394896095,5.88630278804128e-06,0.0012489978086434959,0.0026741950073024953
40,0.5,fixed,8.784615384615384,4,9,0.0004581917373128741,0.9908674610782999,0.12254168034588475,1e-06,0.0010027423518394725,8.779408141411018e-07,0.00023409326570088203,0.00039032058995164314
40,0.5,fixed,8.784615384615384,5,8,6.491859257728994e-05,0.9910769656812872,0.12312145015648635,1e-06,0.00016427548328301362,1.0815936843176817e-07,3.832045292200915e-05,4.4950875314965524e-05
40,0.5,fixed,8.784615384615384,6,6,6.898813631361911e-06,0.9911073977049576,0.12317485947325793,1e-06,2.1364358394174697e-05,1.6532799026583287e-08,4.9830740117090585e-06,2.9762456070819872e-06
40,0.5,fixed,8.784615384615384,7,3,5.277017529614625e-07,0.9911108148742809,0.12317530250942538,1e-06,0.0,,,
40,0.5,fixed,9.061538461538461,1,16,0.33194895677948966,0.6662225343715988,0.0,1e-06,0.10425115149965691,0.024124294332114632,0.12189873889238263,0.3838488217822666
40,0.5,fixed,9.061538461538461,2,15,0.01546394131312967,0.9781604876290967,0.10425115149965691,1e-06,0.024867323755264237,4.6578349664126335e-05,0.007469395460000558,0.015313805351415865
40,0.5,fixed,9.061538461538461,3,11,0.0027670529387848752,0.9885901557323054,0.12647868610406865,1e-06,0.0051456124083285835,6.330354975867957e-06,0.0012402345779944394,0.0026530883602023415
40,0.5,fixed,9.061538461538461,4,10,0.0004675712485402439,0.9902051816777772,0.1307091263859526,1e-06,0.0010543043886354722,8.99726350898225e-07,0.0002461352000782705,0.00038346634243915576
40,0.5,fixed,9.061538461538461,5,8,6.508739830324295e-05,0.9904181181662156,0.13126386612327745,1e-06,0.00017175676507807122,1.4171131384897013e-07,4.006562099778806e-05,4.167184987968018e-05
40,0.5,fixed,9.061538461538461,6,6,6.366611315367088e-06,0.9904486798721293,0.13130868805614787,1e-06,2.1657911751690077e-05,1.842164874118791e-08,5.05153772147654e-06,1.8381126208646358e-06
40,0.5,fixed,9.061538461538461,7,3,8.187685638372244e-07,0.9904518946931589,0.13130657211266733,1e-06,0.0,,,
40,0.5,fixed,9.338461538461539,1,18,0.35220085787014843,0.6458552628135048,0.0,1e-06,0.11015611083141064,0.02651177697176644,0.13509231921175585,0.4197398427251475
40,0.5,fixed,9.338461538461539,2,15,0.014917979278388893,0.9783587362924441,0.11015611083141064,1e-06,0.02537607148771348,5.2764441498968554e-05,0.007619290349687597,0.014940703266355927
40,0.5,fixed,9.338461538461539,3,12,0.002674280058053702,0.98814536529453,0.1353184157472519,1e-06,0.005325268904730385,6.645532907270624e-06,0.0012486998332124325,0.002518133517225723
40,0.5,fixed,9.338461538461539,4,10,0.00045409712738331276,0.9895132676912419,0.1393352941120607,1e-06,0.0010690976957104439,9.487396910716544e-07,0.00024958207863844383,0.00035073151988400896
40,0.5,fixed,9.338461538461539,5,8,6.023399334664781e-05,0.9897199620748038,0.13982017699078692,1e-06,0.00016932415614281091,1.4242748690045992e-07,3.949778401536138e-05,3.3733722485647816e-05
40,0.5,fixed,9.338461538461539,6,6,4.906729221487716e-06,0.9897484772801048,0.13984814423809444,1e-06,1.9862936352421706e-05,1.9160643968871484e-08,4.632860288116484e-06,5.3972211091429404e-08
40,0.5,fixed,9.338461538461539,7,2,8.16217958554688e-07,0.9897509836181142,0.13984229672640922,1e-06,0.0,,,
40,0.5,fixed,9.615384615384615,1,20,0.374945839230317,0.6229790563916795,0.0,1e-06,0.1195156218061566,0.02939990626336737,0.15136294441167758,0.4625088364454812
40,0.5,fixed,9.615384615384615,2,16,0.013957296333900304,0.9788753552192175,0.1195156218061566,1e-06,0.025447117010861164,7.168477307314977e-05,0.00763059920064013,0.014029822633960621
40,0.5,fixed,9.615384615384615,3,12,0.0025110915889577923,0.9876830574604126,0.14496273881701777,1e-06,0.005351300891574706,6.848135021343525e-06,0.0012544250302727949,0.0022031847357620914
40,0.5,fixed,9.615384615384615,4,10,0.00040216382141577967,0.9887965065278441,0.1484756658223787,1e-06,0.0010177914008654356,9.085962762543611e-07,0.00023757987701424884,0.0002769712826100078
40,0.5,fixed,9.615384615384615,5,8,4.674018903272348e-05,0.9889810603661403,0.1488184951607365,1e-06,0.00014894518288851964,1.2811729155605662e-07,3.474309881881366e-05,1.8064538361029803e-05
40,0.5,fixed,9.615384615384615,6,5,3.446120513395101e-06,0.989003893293568,0.14881696994842208,1e-06,1.4267458731563917e-05,3.823637741480455e-08,3.327741914499993e-06,2.506973871981172e-06
40,0.5,fixed,9.615384615384615,7,3,1.282921357148581e-06,0.989005052350823,0.14880569378354894,1e-06,3.525974485903373e-06,2.5693641970919258e-08,1.0279916217078336e-06,1.239482613777814e-06
40,0.5,fixed,9.615384615384615,8,2,6.373653733682261e-07,0.9890048169333608,0.14880216780906302,1e-06,0.0,,,
120,0.1,calibrated,0.2,1,3,0.004999413159034738,0.9999928830043316,0.0,1e-06,0.08595508705195781,2.1796308261013127e-05,0.005011796558596569,0.004899779986714106
120,0.1,calibrated,0.2,2,3,2.4738954912173483e-05,0.9999928830043316,0.08595508705195781,1e-06,0.0004263930222305798,2.001951629484891e-08,2.461624469879774e-05,2.137321401204635e-05
120,0.1,calibrated,0.2,3,2,2.4855015667846203e-07,0.9999928830043316,0.08638148007418839,1e-06,0.0,,,
120,0.1,calibrated,0.47692307692307695,1,3,0.004998600597970526,0.9930433057158993,0.0,1e-06,0.08594058834532078,6.044127384094188e-05,0.005011008871927662,0.004774463108903514
120,0.1,calibrated,0.47692307692307695,2,3,2.4723073282828523e-05,0.9976786977671627,0.08594058834532078,1e-06,0.00042611650940682356,1.6233836325857904e-07,2.4600602067073688e-05,1.8175709968206686e-05
120,0.1,calibrated,0.47692307692307695,3,2,2.483110659312615e-07,0.9976966725182012,0.08636670485472761,1e-06,0.0,,,
120,0.1,calibrated,0.7538461538461538,1,4,0.004997788022929717,0.985035240862609,0.0,1e-06,0.08592608956008249,0.00010044165472339995,0.005010221163312505,0.004644879605131746
120,0.1,calibrated,0.7538461538461538,2,3,2.4707194202999716e-05,0.9894566864322799,0.08592608956008249,1e-06,0.0004258400440461746,2.580689650727313e-07,2.458496177163637e-05,1.561012504045404e-05
120,0.1,calibrated,0.7538461538461538,3,2,2.480721070785563e-07,0.9894720220523632,0.08635192960412867,1e-06,0.0,,,
120,0.1,calibrated,1.0307692307692309,1,4,0.004996975433910533,0.9768786174532272,0.0,1e-06,0.08591159069622391,0.00014188682538748053,0.005009433432748893,0.004510698720811952
120,0.1,calibrated,1.0307692307692309,2,4,2.469377024261199e-05,0.9810862300649444,0.08591159069622391,1e-06,0.00042560589654099467,7.426682667040889e-07,2.457176435478709e-05,1.3637422594973279e-05
120,0.1,calibrated,1.0307692307692309,3,2,2.4540532761463396e-07,0.9810997227230448,0.0863371965927649,1e-06,0.0,,,
120,0.1,calibrated,1.3076923076923077,1,4,0.0049961628309117545,0.9685898684551287,0.0,1e-06,0.08589709175373457,0.0001848753325091961,0.005008645680235136,0.004371552023856467
120,0.1,calibrated,1.3076923076923077,2,4,2.4677893528446404e-05,0.9725773950352872,0.08589709175373457,1e-06,0.0004253294787177092,1.2160506128800622e-06,2.4556126027829767e-05,1.2529725570113812e-05
120,0.1,calibrated,1.3076923076923077,3,2,2.451693335014937e-07,0.9725899946323042,0.08632242123245228,1e-06,0.0,,,
120,0.1,calibrated,1.5846153846153845,1,5,0.004995350213932603,0.9601625246039976,0.0,1e-06,0.0858825927326097,0.00022950790954451652,0.005007857905769867,0.004227073783164009
120,0.1,calibrated,1.5846153846153845,2,4,2.4662019375121247e-05,0.9639232557412853,0.0858825927326097,1e-06,0.00042505310855364383,1.2340390321585558e-06,2.4540490048663655e-05,1.2550630967780286e-05
120,0.1,calibrated,1.5846153846153845,3,2,2.449334617349308e-07,0.9639360338662659,0.08630764584116335,1e-06,0.0,,,
120,0.1,calibrated,1.8615384615384616,1,5,0.0049945375829711924,0.9515896891431541,0.0,1e-06,0.08586809363282362,0.0002759109808201004,0.005007070109350499,0.004076763948356013
120,0.1,calibrated,1.8615384615384616,2,4,2.4646147783524697e-05,0.9551161640853033,0.08586809363282362,1e-06,0.00042477678605831856,1.7139341791943136e-06,2.4524856417922657e-05,1.3861587303929828e-05
120,0.1,calibrated,1.8615384615384616,3,2,2.446977127590344e-07,0.9551304559511988,0.08629287041888194,1e-06,0.0,,,
120,0.1,calibrated,2.138461538461539,1,5,0.004993724938027522,0.9428637843477321,0.0,1e-06,0.08585359445438677,0.00032421390576825853,0.0050062822909765605,0.003920124766588535
120,0.1,calibrated,2.138461538461539,2,4,2.4630278754100843e-05,0.9461478593569435,0.08585359445438677,1e-06,0.00042450051124125334,2.1413124023251446e-06,2.450922513624066e-05,1.6694286293533077e-05
120,0.1,calibrated,2.138461538461539,3,2,3.298794923889403e-07,0.9461652221553246,0.08627809496562802,1e-06,0.0,,,
120,0.1,calibrated,2.4153846153846157,1,5,0.004992912279099482,0.9339765789210303,0.0,1e-06,0.0858390951972687,0.0003745643239520059,0.005005494450645182,0.0037565715508059315
120,0.1,calibrated,2.4153846153846157,2,4,2.461441228751582e-05,0.9370092727738941,0.0858390951972687,1e-06,0.00042422428411196834,2.050398974175306e-06,2.449359620425165e-05,2.1350593330015427e-05
120,0.1,calibrated,2.4153846153846157,3,2,5.799896539704363e-07,0.9370315567591073,0.08626331948138068,1e-06,0.0,,,
120,0.1,calibrated,2.6923076923076925,1,6,0.0049920996061865175,0.9249189258532574,0.0,1e-06,0.08582459586147417,0.000427106685346272,0.005004706588355556,0.003585557197246985
120,0.1,calibrated,2.6923076923076925,2,4,2.8313379131228444e-05,0.9276905971188488,0.08582459586147417,1e-06,0.00042394810467998354,2.262778799481734e-06,2.447796962258959e-05,2.5946279030352414e-05
120,0.1,calibrated,2.6923076923076925,3,3,1.0971984244489974e-06,0.9277200067574863,0.08624854396615415,1e-06,4.184200562218138e-06,5.061168211708927e-08,5.288546587201663e-07,1.086001409933729e-06
120,0.1,calibrated,2.6923076923076925,4,2,2.032808144036835e-08,0.927718892061987,0.08625272816671638,1e-06,0.0,,,
120,0.1,calibrated,2.9692307692307693,1,6,0.0049912869192868525,0.9156811212964874,0.0,1e-06,0.08581009644697653,0.0004820487405320441,0.00500391870410504,0.003406194010563536
120,0.1,calibrated,2.9692307692307693,2,4,3.7407458117311165e-05,0.9181806849136857,0.08581009644697653,1e-06,0.00042367197295672303,3.7656631865533407e-06,2.4462345391998477e-05,3.458210473370216e-05
120,0.1,calibrated,2.9692307692307693,3,3,1.7116476710432593e-06,0.9182198028645713,0.08623376841993326,1e-06,4.180145191184124e-06,8.894330398159008e-08,8.442798542824177e-07,1.7050284105418035e-06
120,0.1,calibrated,2.9692307692307693,4,2,3.481737276267438e-08,0.9182180621653223,0.08623794856512444,1e-06,0.0,,,
120,0.1,calibrated,3.2461538461538466,1,6,0.004990474218400265,0.9062522157068189,0.0,1e-06,0.08579559695378339,0.0005395871637497998,0.005003130797892995,0.00321768008568816
120,0.1,calibrated,3.2461538461538466,2,4,4.9351995457302955e-05,0.908467474621087,0.08579559695378339,1e-06,0.0004233958889421867,4.751227742880956e-06,2.4446723512562632e-05,4.6128742841256954e-05
120,0.1,calibrated,3.2461538461538466,3,3,2.5822247706752677e-06,0.9085194074641322,0.08621899284272558,1e-06,4.176091908846702e-06,1.3697963184358903e-07,1.3009669547998669e-06,2.5892105658739455e-06
120,0.1,calibrated,3.2461538461538466,4,2,5.749831533119476e-08,0.9085167793320653,0.08622316893463443,1e-06,0.0,,,
120,0.1,calibrated,3.5230769230769234,1,7,0.004989661503524645,0.8966200829156821,0.0,1e-06,0.08578109738186619,0.0005999410281236007,0.0050023428697166614,0.003019110907777839
120,0.1,calibrated,3.5230769230769234,2,5,6.426127725278619e-05,0.8985378914663782,0.08578109738186619,1e-06,0.00042311964577925175,6.154744309564046e-06,2.4431092039772526e-05,6.0810681227743854e-05
120,0.1,calibrated,3.5230769230769234,3,3,3.4742626559003398e-06,0.8986056262543661,0.08620421702764544,1e-06,4.1722455502724735e-06,1.810516435660612e-07,1.916485667899516e-06,3.5737500314343052e-06
120,0.1,calibrated,3.5230769230769234,4,2,8.090745262645527e-08,0.8986020940469926,0.08620838927319571,1e-06,0.0,,,
120,0.1,calibrated,3.8000000000000003,1,7,0.004988848774659216,0.8867715037627671,0.0,1e-06,0.08576659773122017,0.0006633926904008919,0.005001554919574677,0.0028092421361095663
120,0.1,calibrated,3.8000000000000003,2,5,8.33971383644716e-05,0.8883762488943286,0.08576659773122017,1e-06,0.00042284365751536535,7.840608530753605e-06,2.9155574534789774e-05,7.981913203644832e-05
120,0.1,calibrated,3.8000000000000003,3,4,5.0946902834247965e-06,0.8884647402043088,0.08618944138873554,1e-06,4.168403270083021e-06,2.4184001275169493e-07,2.8159252497340955e-06,5.258255454179614e-06
120,0.1,calibrated,3.8000000000000003,4,2,1.6518514378560667e-07,0.8884594958708971,0.08619360979200562,1e-06,0.0,,,
120,0.1,calibrated,4.0769230769230775,1,7,0.004988036031803422,0.8766915434001116,0.0,1e-06,0.08575209800184627,0.0007302371147290348,0.005000766947466012,0.0025867854797271854
120,0.1,calibrated,4.0769230769230775,2,5,0.00010725417316648223,0.8779659213803013,0.08575209800184627,1e-06,0.0004225677169906673,9.620627856613962e-06,3.594164802636491e-05,0.0001037861353692059
120,0.1,calibrated,4.0769230769230775,3,4,7.284044601707507e-06,0.8780804594825115,0.08617466571883695,1e-06,4.164355636936837e-06,2.965482776843982e-07,4.056634807789807e-06,7.561014434605913e-06
120,0.1,calibrated,4.0769230769230775,4,2,2.5702507977509725e-07,0.8780729466710206,0.08617883007447388,1e-06,0.0,,,
120,0.1,calibrated,4.353846153846154,1,7,0.004987223274955155,0.8663635314484186,0.0,1e-06,0.08573759819371596,0.0008008223743574284,0.004999978953387906,0.0023501738369646457
120,0.1,calibrated,4.353846153846154,2,5,0.00013677721110350038,0.8672878294446608,0.08573759819371596,1e-06,0.0004222918242203897,1.151178946013072e-05,4.405829036254925e-05,0.00013376296213452006
120,0.1,calibrated,4.353846153846154,3,4,1.02912350500306e-05,0.867434898366003,0.08615989001793635,1e-06,5.278344742272143e-06,3.8396194764381294e-07,5.761261835498984e-06,1.0745166391986045e-05
120,0.1,calibrated,4.353846153846154,4,2,3.926739141624225e-07,0.8674242645509591,0.08616405032803455,1e-06,0.0,,,
120,0.1,calibrated,4.630769230769231,1,8,0.004986410504113747,0.8557684798343819,0.0,1e-06,0.08572309830682731,0.000846936683754989,0.004999190937339168,0.0020977232719804496
120,0.1,calibrated,4.630769230769231,2,5,0.000172912789286217,0.8563205205525357,0.08572309830682731,1e-06,0.00042201597920834053,1.3514743455955029e-05,5.745130980509633e-05,0.00017087429925988353
120,0.1,calibrated,4.630769230769231,3,4,1.4384478981388504e-05,0.8565078197688999,0.08614511428603565,1e-06,7.303192433794886e-06,5.491512654556905e-07,8.081747668166082e-06,1.5110141266167854e-05
120,0.1,calibrated,4.630769230769231,4,3,8.662442289031347e-07,0.8564925680503802,0.0861492705526819,1e-06,0.0,,,
120,0.1,calibrated,4.907692307692308,1,8,0.00498559771927809,0.8448853732482526,0.0,1e-06,0.085708598341167,0.0008683231545046229,0.004998402899317928,0.0018269959852469683
120,0.1,calibrated,4.907692307692308,2,5,0.00021741361896809863,0.8450389085442321,0.085708598341167,1e-06,0.0004217401819621359,1.5683191283607943e-05,7.588450609133348e-05,0.00021701266681624582
120,0.1,calibrated,4.907692307692308,3,4,1.997232879591415e-05,0.8452762980268695,0.08613033852312912,1e-06,1.0017515082453993e-05,7.816515331086797e-07,1.124415874752772e-05,2.111155172186654e-05
120,0.1,calibrated,4.907692307692308,4,3,1.3220368076938271e-06,0.8452550021926257,0.08613449074841593,1e-06,8.455634981984263e-07,4.1359958974355116e-08,9.49139187179019e-07,1.4625046621339597e-06
120,0.1,calibrated,4.907692307692308,5,2,2.711890711992737e-08,0.8452563164230508,0.0861345317260441,1e-06,0.0,,,
120,0.1,calibrated,5.184615384615385,1,8,0.004984784920446961,0.8336898090178119,0.0,1e-06,0.08569409829672742,0.000890075186436198,0.004997614839322655,0.0015354171889679852
120,0.1,calibrated,5.184615384615385,2,5,0.0002720026459809288,0.8334145277749802,0.08569409829672742,1e-06,0.00042146443249129574,1.8039862946941733e-05,9.873452149183738e-05,0.0002741767797696097
120,0.1,calibrated,5.184615384615385,3,4,2.7575177085958913e-05,0.8337141113259825,0.0861155627292187,1e-06,1.3642781233128186e-05,1.1067992329226782e-06,1.5540446934353486e-05,2.9338947502407164e-05
120,0.1,calibrated,5.184615384615385,4,3,1.9987199555426827e-06,0.8336845358249592,0.08611971091523478,1e-06,1.2730056828706376e-06,6.959347410401396e-08,1.4501542416675111e-06,2.2362054347855704e-06
120,0.1,calibrated,5.184615384615385,5,2,3.931741365814645e-08,0.8336865101505517,0.08611975183990486,1e-06,0.0,,,
120,0.1,calibrated,5.461538461538462,1,9,0.00498397210761925,0.8221536540086307,0.0,1e-06,0.08567959817349521,0.0009646174052404686,0.004996826757351481,0.001219920210903252
120,0.1,calibrated,5.461538461538462,2,5,0.0003387994909235248,0.8214143667658395,0.08567959817349521,1e-06,0.0004211887308110522,1.9417490080839772e-05,0.00012700937637415778,0.00034486288288077487
120,0.1,calibrated,5.461538461538462,3,5,3.842044675972378e-05,0.8217915964935941,0.08610078690430627,1e-06,1.851462646812456e-05,1.652487660599187e-06,2.141451247601523e-05,4.10344037283616e-05
120,0.1,calibrated,5.461538461538462,4,4,3.7153048065841077e-06,0.8217494579898331,0.08610493105212545,1e-06,1.9871696227591418e-06,1.2306840759559603e-07,2.2985876156675733e-06,4.013252558677024e-06
120,0.1,calibrated,5.461538461538462,5,2,1.7577978295157948e-07,0.8217532973748569,0.08610497192690482,1e-06,0.0,,,
120,0.1,calibrated,5.7384615384615385,1,9,0.004983159280793958,0.8102448386880027,0.0,1e-06,0.08566509797146377,0.0010495343416133229,0.004996038653402933,0.0011440096509736626
120,0.1,calibrated,5.7384615384615385,2,4,0.0004205030386796871,0.8089997259427496,0.08566509797146377,1e-06,0.0004209132815298949,2.0898419720570808e-05,0.0001620707114240897,0.0004323202421106897
120,0.1,calibrated,5.7384615384615385,3,5,5.2118188226035755e-05,0.8094723633079949,0.08608601125299366,1e-06,2.4944452659366693e-05,2.217240745126205e-06,2.9313171216883877e-05,5.6201045084595955e-05
120,0.1,calibrated,5.7384615384615385,4,4,5.607383252947962e-06,0.8094146311741602,0.08609015116313687,1e-06,2.9480787769201877e-06,1.878945572706013e-07,3.464760249073766e-06,6.105026295487274e-06
120,0.1,calibrated,5.7384615384615385,5,2,2.807440649954529e-07,0.8094204239554624,0.08609019198304654,1e-06,0.0,,,
120,0.1,calibrated,6.015384615384616,1,9,0.004982346439969754,0.7979254060191602,0.0,1e-06,0.08565059769061685,0.0011416145840284094,0.004995250527474976,0.0016001411466293044
120,0.1,calibrated,6.015384615384616,2,6,0.0005231368642990564,0.7961221967443757,0.08565059769061685,1e-06,0.0004206374728558353,2.295350418890789e-05,0.00020585623152225043,0.0005428924840354187
120,0.1,calibrated,6.015384615384616,3,6,7.30468031067133e-05,0.7967184013647872,0.08607123516347269,1e-06,3.3809242063943665e-05,3.3576692129746988e-06,4.0393212420107245e-05,7.902972465845532e-05
120,0.1,calibrated,6.015384615384616,4,4,8.933368542574094e-06,0.7966364150163258,0.08607537124121942,1e-06,4.517340636987466e-06,3.3401194521820905e-07,5.397836589930837e-06,9.766773450898273e-06
120,0.1,calibrated,6.015384615384616,5,2,4.7626530363942265e-07,0.7966456452019007,0.08607541201026733,1e-06,0.0,,,
120,0.1,calibrated,6.292307692307693,1,10,0.0049815335851449705,0.7851502398368978,0.0,1e-06,0.0856360973309364,0.0012304760602572101,0.004994462379565464,0.0019681131554895015
120,0.1,calibrated,6.292307692307693,2,6,0.0006496536675790754,0.7827283580599778,0.0856360973309364,1e-06,0.00042036191458926967,2.5339151593305402e-05,0.0002605502098983538,0.0006808548695150544
120,0.1,calibrated,6.292307692307693,3,6,0.00010093838504943164,0.7834789810598607,0.08605645924552567,1e-06,4.5684340630817435e-05,4.680923330304283e-06,5.553236662442306e-05,0.00010995741511684248
120,0.1,calibrated,6.292307692307693,4,4,1.3788608631881694e-05,0.7833642446158724,0.08606059129236406,1e-06,6.809594954290731e-06,5.330280462174032e-07,8.279222069273731e-06,1.5195150299892096e-05
120,0.1,calibrated,6.292307692307693,5,3,1.3245147701956839e-06,0.7833793461935741,0.08606063200862717,1e-06,8.744147056774594e-07,6.901422431064718e-08,1.0630984011033614e-06,1.5701137019239504e-06
120,0.1,calibrated,6.292307692307693,6,2,8.32670586925488e-08,0.7833781173808518,0.08606063240981875,1e-06,0.0,,,
120,0.1,calibrated,6.56923076923077,1,10,0.00498072071631972,0.7718663254524551,0.0,1e-06,0.08562159689243289,0.0012738961954026548,0.004993674209673926,0.002666730999252637
120,0.1,calibrated,6.56923076923077,2,6,0.0008087570706953873,0.7687486090290859,0.08562159689243289,1e-06,0.0004200864041418608,2.8363513872753885e-05,0.0003296081923592513,0.0008560719019592423
120,0.1,calibrated,6.56923076923077,3,6,0.0001401696634990568,0.7696975799646899,0.08604168329657474,1e-06,6.19467299961975e-05,6.55053654209385e-06,7.667647915137097e-05,0.0001537994164577219
120,0.1,calibrated,6.56923076923077,4,5,2.2127137320526735e-05,0.7695352678797853,0.08604581131459539,1e-06,1.037826178700392e-05,9.8764087452356e-07,1.2849748780307103e-05,2.44121492873667e-05
120,0.1,calibrated,6.56923076923077,5,4,3.238874961009053e-06,0.7695606371898492,0.08604585197810796,1e-06,1.6077092744714275e-06,1.1652972521795479e-07,1.990478203827156e-06,3.61880607293122e-06
120,0.1,calibrated,6.56923076923077,6,2,1.8604259921506383e-07,0.769557310393555,0.08604585237867694,1e-06,0.0,,,
120,0.1,calibrated,6.846153846153847,1,11,0.004979907833491559,0.7580081512271659,0.0,1e-06,0.08560709637507298,0.0013237042236935782,0.004992886017797321,0.003444187575557733
120,0.1,calibrated,6.846153846153847,2,8,0.0010117627256414075,0.7540970099663702,0.08560709637507298,1e-06,0.0004198109415212246,3.393987604408239e-05,0.00041772010560180823,0.0010817006494851715
120,0.1,calibrated,6.846153846153847,3,6,0.0001977498974957692,0.7553065830366278,0.08602690731659421,1e-06,8.467431064269177e-05,9.41327515487261e-06,0.00010682283478285165,0.0002182835278809263
120,0.1,calibrated,6.846153846153847,4,6,3.535252350983509e-05,0.7550734608548089,0.08603103130789343,1e-06,1.602831692950871e-05,1.6776170171725135e-06,2.02293068981468e-05,3.927337960441163e-05
120,0.1,calibrated,6.846153846153847,5,4,5.959657273457708e-06,0.7551147785504294,0.08603107191871258,1e-06,2.8350151279698327e-06,2.387913788337811e-07,3.577798269560757e-06,6.691326441805164e-06
120,0.1,calibrated,6.846153846153847,6,2,3.609460804687714e-07,0.7551086687055452,0.08603107231863609,1e-06,0.0,,,
120,0.1,calibrated,7.1230769230769235,1,11,0.0049790949366599335,0.7434960892844595,0.0,1e-06,0.08559259577885668,0.0013982786599310635,0.004992097803934563,0.003640657291565619
120,0.1,calibrated,7.1230769230769235,2,8,0.0012727794567737316,0.7386663421815067,0.08559259577885668,1e-06,0.00041953552675972933,4.253578600361721e-05,0.0005315496194215254,0.0013750127726690324
120,0.1,calibrated,7.1230769230769235,3,8,0.000281673191655174,0.7402208809525795,0.08601213130561641,1e-06,0.00011672024388047165,1.363536926436538e-05,0.00015024033308311377,0.00031296191768649564
120,0.1,calibrated,7.1230769230769235,4,6,5.825402867476459e-05,0.7398809260400451,0.08601625127227147,1e-06,2.5132672996236867e-05,2.9112620778360697e-06,3.236989077857811e-05,6.494675510744667e-05
120,0.1,calibrated,7.1230769230769235,5,4,1.1041499004549316e-05,0.7399502278492847,0.08601629183043719,1e-06,5.098527967523139e-06,4.612463419841079e-07,6.5658827403956785e-06,1.2514806285135189e-05
120,0.1,calibrated,7.1230769230769235,6,4,1.4546047609753643e-06,0.7399377426318058,0.08601629222971524,1e-06,9.150206894672824e-07,9.079678632849434e-08,1.1783910272699113e-06,1.7892846408494166e-06
120,0.1,calibrated,7.1230769230769235,7,2,6.721314571578318e-08,0.7399391608769864,0.08601629223364131,1e-06,0.0,,,
120,0.1,calibrated,7.4,1,12,0.004978282025823733,0.7282286730453014,0.0,1e-06,0.08557809510377257,0.0015372248850969348,0.0049913095680839,0.0038385517983176116
120,0.1,calibrated,7.4,2,8,0.0016147292053771967,0.7223149419309286,0.08557809510377257,1e-06,0.0005162427302614217,5.384156292938505e-05,0.0006810887432880783,0.0017635305661662525
120,0.1,calibrated,7.4,3,8,0.0004057885241136594,0.7243355844391948,0.085997355263609,1e-06,0.00016276654875092811,1.9885689509371288e-05,0.00021402316753065624,0.0004542796353495513
120,0.1,calibrated,7.4,4,6,9.574610749141232e-05,0.7238340063403039,0.0860014712077086,1e-06,3.984857280994546e-05,4.797251575931276e-06,5.2443781302215645e-05,0.00010759943230101039
120,0.1,calibrated,7.4,5,6,2.1801424938461267e-05,0.7239515661509363,0.08600151171327419,1e-06,9.330886619715228e-06,1.053009111444113e-06,1.2277579139470963e-05,2.4646542245765183e-05
120,0.1,calibrated,7.4,6,4,4.615627765658381e-06,0.7239251444313062,0.08600151211190299,1e-06,2.097749596586358e-06,1.8936350905073102e-07,2.7603509254596425e-06,5.295943450673106e-06
120,0.1,calibrated,7.4,7,2,2.958719740320248e-07,0.7239298195200615,0.08600151211582524,1e-06,0.0,,,
120,0.1,calibrated,7.676923076923077,1,13,0.0052210361422483365,0.712076563277065,0.0,1e-06,0.08556359434981303,0.0016982729294343834,0.004990521310243797,0.004341038287952631
120,0.1,calibrated,7.676923076923077,2,10,0.0020757773181256933,0.7048491537381857,0.08556359434981303,1e-06,0.0006530707932626877,6.952637647547984e-05,0.0008823731654619,0.0022928546422184746
120,0.1,calibrated,7.676923076923077,3,8,0.0005986607707116898,0.7075237712355454,0.08598257919059102,1e-06,0.00023130654040986998,2.9832269387875053e-05,0.0003111345549747316,0.0006751681317635611
120,0.1,calibrated,7.676923076923077,4,8,0.0001637704296196807,0.7067612730773963,0.08598669111423148,1e-06,6.512202682657582e-05,8.337663705070361e-06,8.771450243255394e-05,0.000185294409130032
120,0.1,calibrated,7.676923076923077,5,6,4.421824253852957e-05,0.7069692819762571,0.08598673156723123,1e-06,1.7774484466836558e-05,2.2313482777110476e-06,2.393206666591049e-05,5.011193354969268e-05
120,0.1,calibrated,7.676923076923077,6,4,1.0583302408995188e-05,0.7069144743161031,0.08598673196521076,1e-06,4.660695597842475e-06,4.4228168895186804e-07,6.2759088729740366e-06,1.228195364606165e-05
120,0.1,calibrated,7.676923076923077,7,4,1.639965058086723e-06,0.706926669810997,0.085986731969133,1e-06,1.0402809014791683e-06,1.3384195569307707e-07,1.4007687553897851e-06,2.090834633982242e-06
120,0.1,calibrated,7.676923076923077,8,2,9.520121746486865e-08,0.7069251541692333,0.08598673196917109,1e-06,0.0,,,
120,0.1,calibrated,7.953846153846155,1,14,0.006227066589438168,0.694867735896936,0.0,1e-06,0.08554909351696284,0.001888789806923714,0.004989733030412274,0.004899565924834437
120,0.1,calibrated,7.953846153846155,2,10,0.002714049692725262,0.6860003778292482,0.08554909351696284,1e-06,0.0008373788722973469,9.184763664670901e-05,0.0011611362424335842,0.003034432128094194
120,0.1,calibrated,7.953846153846155,3,10,0.0009079537532927784,0.6896226500590267,0.08596780308655294,1e-06,0.00033676726227554066,4.606445901300319e-05,0.00046416031573615616,0.0010319299409540825
120,0.1,calibrated,7.953846153846155,4,8,0.00029038802448877465,0.6884241997380214,0.08597191099181152,1e-06,0.00011011051104167931,1.5019028750747822e-05,0.00015208210298440792,0.00033110395751814915
120,0.1,calibrated,7.953846153846155,5,8,9.21762770319523e-05,0.68880680033272,0.08597195139229682,1e-06,3.520695172806653e-05,4.742512879750049e-06,4.859428719961543e-05,0.00010516553674273844
120,0.1,calibrated,7.953846153846155,6,6,2.880619116985006e-05,0.688685804813873,0.0859719517896347,1e-06,1.1122830390983507e-05,1.4547056838702012e-06,1.535553295158241e-05,3.2957187470745514e-05
120,0.1,calibrated,7.953846153846155,7,4,7.78619452057594e-06,0.6887224018489726,0.08597195179354553,1e-06,3.3526297817942613e-06,3.268532675802871e-07,4.62814255968008e-06,9.163265118226506e-06
120,0.1,calibrated,7.953846153846155,8,4,1.3028352947586086e-06,0.688713344368875,0.0859719517935836,1e-06,8.355906889494606e-07,1.1595391796775781e-07,1.1535123852581424e-06,1.6964965623892212e-06
120,0.1,calibrated,7.953846153846155,9,2,1.1854586168258407e-07,0.6887144960396038,0.0859719517935836,1e-06,0.0,,,
120,0.1,calibrated,8.23076923076923,1,15,0.0074436711118432974,0.6763660715272527,0.0,1e-06,0.08553459260520484,0.002120348706393462,0.004988944728587243,0.005572128383796747
120,0.1,calibrated,8.23076923076923,2,12,0.003638680395487648,0.6653621891984225,0.08553459260520484,1e-06,0.0010957080982138285,0.00012734277168572215,0.0015635967584739848,0.004121709690094701
120,0.1,calibrated,8.23076923076923,3,10,0.001432480732958763,0.6704337632050317,0.08595302695148334,1e-06,0.0005077801628136785,7.371540212971041e-05,0.0007185027072409997,0.0016411165324472857
120,0.1,calibrated,8.23076923076923,4,10,0.0005422825354330918,0.6684588121932338,0.08595713084045255,1e-06,0.00019545956454426598,2.8518790332852142e-05,0.0002775241799597562,0.0006238082793936402
120,0.1,calibrated,8.23076923076923,5,8,0.00020476918168010894,0.6692059370608052,0.08595717118846911,1e-06,7.416358077112035e-05,1.0740498479675081e-05,0.00010516423786135428,0.0002354306804826756
120,0.1,calibrated,8.23076923076923,6,8,7.645814571433096e-05,0.6689246804567187,0.08595717158516915,1e-06,2.7872977072758063e-05,3.963742164627629e-06,3.954343445474364e-05,8.808793469903726e-05
120,0.1,calibrated,8.23076923076923,7,6,2.7993428900918715e-05,0.6690291446563329,0.08595717158906856,1e-06,1.0362603054168634e-05,1.4118319502682084e-06,1.4698744773352816e-05,3.236232639474149e-05
120,0.1,calibrated,8.23076923076923,8,5,9.498426533194326e-06,0.6689916468111397,0.08595717158910664,1e-06,3.696267961975664e-06,4.342732510243455e-07,5.243287873883497e-06,1.1114751487496118e-05
120,0.1,calibrated,8.23076923076923,9,4,2.701138179461715e-06,0.6690038500864426,0.08595717158911044,1e-06,1.192547821453718e-06,1.4579269358491888e-07,1.6916339818227682e-06,3.2630218476371645e-06
120,0.1,calibrated,8.23076923076923,10,2,1.584453880321135e-07,0.6690012537333445,0.08595717158911044,1e-06,0.0,,,
120,0.1,calibrated,8.507692307692308,1,16,0.008975202603682342,0.6562313718117124,0.0,1e-06,0.08552009161453905,0.002412405461950205,0.004988156404767615,0.0067585369209114034
120,0.1,calibrated,8.507692307692308,2,12,0.005057076414669459,0.642282705054743,0.08552009161453905,1e-06,0.001477922288986834,0.0001824483053908113,0.0021786526881819395,0.0058125765048206565
120,0.1,calibrated,8.507692307692308,3,12,0.002391510315542744,0.6497319660398091,0.08593825078540127,1e-06,0.0008053535748625412,0.00011748343906508175,0.001172529916430362,0.0027616875261879097
120,0.1,calibrated,8.507692307692308,4,12,0.0010947191995680505,0.6462453840378866,0.08594235066016409,1e-06,0.00037253858295360027,5.5818622659811955e-05,0.000545655646172114,0.0012717608221993835
120,0.1,calibrated,8.507692307692308,5,10,0.0005020381478308966,0.6478423030004298,0.0859423909557538,1e-06,0.0001714230377332863,2.5749628649509978e-05,0.00025039046728243846,0.0005819112959601774
120,0.1,calibrated,8.507692307692308,6,10,0.00022898715901087385,0.6471112022940606,0.08594239135181028,1e-06,7.827949829667736e-05,1.1765228013631271e-05,0.00011448426434604065,0.00026583803977050613
120,0.1,calibrated,8.507692307692308,7,8,0.00010392552929616716,0.647444150784875,0.08594239135570017,1e-06,3.569360485532319e-05,5.3670543995065106e-06,5.217203946041284e-05,0.00012071030212340365
120,0.1,calibrated,8.507692307692308,8,8,4.651089609997161e-05,0.6472936967560551,0.08594239135574205,1e-06,1.6125063024427568e-05,2.427349821776265e-06,2.3575571310757912e-05,5.415669953218755e-05
120,0.1,calibrated,8.507692307692308,9,6,2.0223254314943873e-05,0.647360440155992,0.08594239135574205,1e-06,7.159489079157819e-06,1.0155633556012261e-06,1.0466278022578935e-05,2.3661842211543686e-05
120,0.1,calibrated,8.507692307692308,10,4,7.055633508223913e-06,0.6473331564376638,0.08594239135574205,1e-06,2.9191057588315836e-06,3.7667593673124824e-07,4.267575716096458e-06,8.600616038929588e-06
120,0.1,calibrated,8.507692307692308,11,4,1.3562291419910721e-06,0.6473414907363616,0.08594239135574205,1e-06,9.093319528836728e-07,1.4501641525857764e-07,1.3293726222782975e-06,1.8506067654239374e-06
120,0.1,calibrated,8.507692307692308,12,2,2.8018984821187587e-07,0.6473404933415874,0.08594239135574205,1e-06,0.0,,,
120,0.1,calibrated,8.784615384615384,1,18,0.011018937864847311,0.6339409034175335,0.0,1e-06,0.08550559054495119,0.0028011719063409874,0.0049873680589514685,0.008914235193072096
120,0.1,calibrated,8.784615384615384,2,14,0.007442201429910256,0.6155690358675033,0.08550559054495119,1e-06,0.0020930532813746502,0.00027699182292102384,0.0032052523130340284,0.00870024661542805
120,0.1,calibrated,8.784615384615384,3,14,0.0043591042815046555,0.6273715333316414,0.08592347458828672,1e-06,0.001382819995886268,0.0002022880113694932,0.0020764362039347494,0.005069765747946521
120,0.1,calibrated,8.784615384615384,4,14,0.002488918478382729,0.6205227697867282,0.08592757045093757,1e-06,0.0007928837860470567,0.00011850664632517545,0.0012045744650327843,0.002926810565678658
120,0.1,calibrated,8.784615384615384,5,12,0.0014261823177743604,0.6244382954387236,0.08592761069414613,1e-06,0.0004563959384134863,6.826095572238913e-05,0.0006887491166421023,0.0016671231415167332
120,0.1,calibrated,8.784615384615384,6,12,0.000813439400779381,0.6221984291559882,0.08592761108956286,1e-06,0.00025999041611854986,3.8920412603835945e-05,0.0003938571763288354,0.0009543431574970786
120,0.1,calibrated,8.784615384615384,7,10,0.0004635250055955442,0.6234755352798316,0.08592761109344133,1e-06,0.00014860003206113395,2.2241854827158948e-05,0.00022462192912499007,0.0005429763412157447
120,0.1,calibrated,8.784615384615384,8,10,0.00026255271052078033,0.6227493742897395,0.08592761109348321,1e-06,8.439118273135128e-05,1.2639174745740717e-05,0.00012772324666913924,0.0003081343498935818
120,0.1,calibrated,8.784615384615384,9,10,0.00014876913925199187,0.623160746417825,0.08592761109348321,1e-06,4.7866350719079245e-05,7.170198258693583e-06,7.239310788884813e-05,0.00017449769983966443
120,0.1,calibrated,8.784615384615384,10,8,8.337900345467553e-05,0.6229285701224989,0.08592761109348321,1e-06,2.699810735177924e-05,4.046899235518457e-06,4.084821638263811e-05,9.799036498086937e-05
120,0.1,calibrated,8.784615384615384,11,8,4.5839511477407946e-05,0.623057806216642,0.08592761109348321,1e-06,1.5040063838662809e-05,2.2578112475989163e-06,2.275060175292077e-05,5.40263423196546e-05
120,0.1,calibrated,8.784615384615384,12,6,2.413978157955743e-05,0.6229878154937247,0.08592761109348321,1e-06,8.151909660407598e-06,1.1988514417310237e-06,1.2332617266912598e-05,2.865057654279993e-05
120,0.1,calibrated,8.784615384615384,13,6,1.1661904024018455e-05,0.6230236254015895,0.08592761109348321,1e-06,4.182071322163272e-06,5.045968572755914e-07,6.3264480546909774e-06,1.4044607998011542e-05
120,0.1,calibrated,8.784615384615384,14,4,4.592057685659512e-06,0.6230073651704755,0.08592761109348321,1e-06,1.9106016330853007e-06,2.9342787819413956e-07,2.8903573358736127e-06,5.7509380182476275e-06
120,0.1,calibrated,8.784615384615384,15,2,4.5775906920564324e-07,0.6230115039576215,0.08592761109348321,1e-06,0.0,,,
120,0.1,calibrated,9.061538461538461,1,20,0.014012683137619497,0.6086147995544661,0.0,1e-06,0.08549108939643363,0.0033654404975333473,0.004986579691137267,0.012159482610921105
120,0.1,calibrated,9.061538461538461,2,18,0.012116599744110945,0.5825810012197525,0.08549108939643363,1e-06,0.0032346564409545114,0.00046956140068905785,0.005195986742428106,0.014474857532861835
120,0.1,calibrated,9.061538461538461,3,16,0.00921135862696354,0.6039113917269017,0.08590869836015112,1e-06,0.002721644253568564,0.00039795320058477507,0.0042204956800884165,0.010753509775239235
120,0.1,calibrated,9.061538461538461,4,18,0.0069596596600023375,0.5877384611200416,0.08591279021277298,1e-06,0.0020428569491973657,0.0003043376830212678,0.003255155262062816,0.008332745869215907
120,0.1,calibrated,9.061538461538461,5,16,0.005235788149202447,0.599935362129524,0.08591283040364987,1e-06,0.0015532408036044408,0.00023065622113569212,0.0024247262368836844,0.006151625315778146
120,0.1,calibrated,9.061538461538461,6,16,0.003947493133631852,0.5907509937251125,0.08591283079841353,1e-06,0.0011622592903682855,0.00017316718771837484,0.0018426235901520733,0.004704444156223018
120,0.1,calibrated,9.061538461538461,7,16,0.002970313500428867,0.5976696255462931,0.0859128308022977,1e-06,0.0008797355616516414,0.00013076294949387326,0.001378576893916854,0.003502267017575997
120,0.1,calibrated,9.061538461538461,8,16,0.0022383152117824157,0.5924603773058149,0.08591283080233578,1e-06,0.0006600279774563282,9.82853608960895e-05,0.0010433910629740104,0.002660490392064016
120,0.1,calibrated,9.061538461538461,9,14,0.0016837555546967975,0.5963829152547854,0.08591283080233578,1e-06,0.0004983355734627312,7.410914123632203e-05,0.0007826014121529357,0.0019894155832203162
120,0.1,calibrated,9.061538461538461,10,14,0.0012664439656204785,0.5934323628102592,0.08591283080233578,1e-06,0.00037410447449380893,5.569572810133553e-05,0.000590429251037806,0.0015033764149651315
120,0.1,calibrated,9.061538461538461,11,14,0.0009519223033955804,0.5956509973210855,0.08591283080233578,1e-06,0.0002817542099198239,4.1916485330279176e-05,0.00044302047631862,0.0011261599673044304
120,0.1,calibrated,9.061538461538461,12,12,0.0007143356299086356,0.593984538404615,0.08591283080233578,1e-06,0.00021138238370982127,3.146906752175207e-05,0.00033330393496294546,0.0008475025208327072
120,0.1,calibrated,9.061538461538461,13,12,0.0005343626426767001,0.5952333902790076,0.08591283080233578,1e-06,0.00015856720112389323,2.3601343598157854e-05,0.00024950056465747816,0.0006330032892300158
120,0.1,calibrated,9.061538461538461,14,12,0.0003998099609431316,0.5942990995350269,0.08591283080233578,1e-06,0.00011857386865538793,1.7656831044995693e-05,0.0001868662329481648,0.0004743068072923364
120,0.1,calibrated,9.061538461538461,15,12,0.00029906800941603695,0.5949980658845467,0.08591283080233578,1e-06,8.875228391717817e-05,1.3213234556122951e-05,0.00013970433671223472,0.00035441217553690215
120,0.1,calibrated,9.061538461538461,16,10,0.00022231710435771657,0.5944766151970303,0.08591283080233578,1e-06,6.618189773584829e-05,9.857862319234221e-06,0.00010426808326049159,0.00026389745533381175
120,0.1,calibrated,9.061538461538461,17,10,0.00016380415540229176,0.594862787795493,0.08591283080233578,1e-06,4.9043561175303625e-05,7.309147228101351e-06,7.721664356043145e-05,0.0001945634298477884
120,0.1,calibrated,9.061538461538461,18,10,0.00012066197302385007,0.5945782806846328,0.08591283080233578,1e-06,3.61481213615227e-05,5.390170260190325e-06,5.6940805618869386e-05,0.0001433953475050577
120,0.1,calibrated,9.061538461538461,19,10,8.886931584917157e-05,0.5947878421767516,0.08591283080233578,1e-06,2.6630855094395933e-05,3.971079193094813e-06,4.193426678011692e-05,0.00010557931910835122
120,0.1,calibrated,9.061538461538461,20,8,6.417161591998344e-05,0.5946347794874587,0.08591283080233578,1e-06,1.9443789006250942e-05,2.9023296753775653e-06,3.06250981833973e-05,7.646379135178814e-05
120,0.1,calibrated,9.061538461538461,21,8,4.503292415303228e-05,0.5947440021186855,0.08591283080233578,1e-06,1.3891884775020657e-05,2.078163612934325e-06,2.187645435269121e-05,5.387191009603933e-05
120,0.1,calibrated,9.061538461538461,22,8,3.1548588561580715e-05,0.5946674049860838,0.08591283080233578,1e-06,9.763495511609874e-06,1.4628275872891487e-06,1.5377227284869265e-05,3.7760357176594234e-05
120,0.1,calibrated,9.061538461538461,23,6,2.0718152595078365e-05,0.5947196822046591,0.08591283080233578,1e-06,6.660065279745179e-06,1.0012862552351722e-06,1.0488468076045814e-05,2.5030958283420914e-05
120,0.1,calibrated,9.061538461538461,24,6,1.2208927326673447e-05,0.5946867455316135,0.08591283080233578,1e-06,4.2145108912131345e-06,4.901275131234748e-07,6.637521116129996e-06,1.5012321356434391e-05
120,0.1,calibrated,9.061538461538461,25,6,7.0698664741408734e-06,0.5947060333896292,0.08591283080233578,1e-06,2.4935212843201916e-06,2.8699107772341536e-07,3.926962602546259e-06,8.7250074638389e-06
120,0.1,calibrated,9.061538461538461,26,4,3.1669758192576225e-06,0.5946957913757054,0.08591283080233578,1e-06,1.32483185663401e-06,2.0089408502548028e-07,2.0864725704430568e-06,4.100520719359101e-06
120,0.1,calibrated,9.061538461538461,27,2,5.338479287519959e-07,0.5946984286896148,0.08591283080233578,1e-06,0.0,,,
120,0.1,calibrated,9.338461538461539,1,24,0.019223871648360258,0.5785323062622133,0.0,1e-06,0.08547658816896163,0.0042036261528928705,0.0053144355223269275,0.01795187039004751
120,0.1,calibrated,9.338461538461539,2,28,0.024921552448308404,0.5344885071921651,0.08547658816896163,1e-06,0.00612640570885592,0.0010406978325955038,0.010566434403160073,0.030851447663853282
120,0.1,calibrated,9.338461538461539,3,20,0.026355706837662085,0.5857725142473768,0.08589392210097925,1e-06,0.007154995148353313,0.0010601648785500293,0.011351535380441988,0.030371729550070295
120,0.1,calibrated,9.338461538461539,4,30,0.03180898985736791,0.5275998695398857,0.08589800994566463,1e-06,0.008212187688052743,0.0013683530282687533,0.014334774785797045,0.04005171103393015
120,0.1,calibrated,9.338461538461539,5,20,0.03305435712215554,0.5924719499156871,0.08589805008424795,1e-06,0.00904986510666038,0.001330038056242205,0.01419967763135105,0.03771188832700956
120,0.1,calibrated,9.338461538461539,6,34,0.04111494505273394,0.51829243934454,0.08589805047838138,1e-06,0.01050356981191361,0.0017914080671247831,0.01861425956251779,0.052507973762980914
120,0.1,calibrated,9.338461538461539,7,20,0.04211512350066249,0.6015337419506945,0.08589805048224461,1e-06,0.011598940781752998,0.0016825816824034426,0.01792995220782353,0.04739648732472818
120,0.1,calibrated,9.338461538461539,8,40,0.05519766533047099,0.5042073632740829,0.08589805048228649,1e-06,0.013863860007136325,0.0024548192951166685,0.02513534393011245,0.07202056535072515
120,0.1,calibrated,9.338461538461539,9,20,0.05547013130563161,0.6148901857088191,0.08589805048228649,1e-06,0.015394613772877583,0.0022182603574250927,0.023281205283691018,0.06118447940195779
120,0.1,calibrated,9.338461538461539,10,64,0.08259861247553013,0.4768013597737855,0.08589805048228649,1e-06,0.020006954759253265,0.00385026818088394,0.03789289596673984,0.11234214112314007
120,0.1,calibrated,9.338461538461539,11,18,0.08054705869143297,0.6399695675969598,0.08589805048228649,1e-06,0.022597067205310795,0.003209788118107206,0.0328029077163906,0.08557606218262948
120,0.1,calibrated,9.338461538461539,12,300,0.02295122575818609,0.5824270387584041,0.08589805048228649,1e-06,0.016599259867290623,0.008422067446072812,0.03931296100939067,0.007835347408448854
120,0.1,calibrated,9.338461538461539,13,300,0.0972546930917364,0.4622411481946578,0.08589805048228649,1e-06,0.01417347669814209,0.01213857956881514,0.026914873990503695,0.12515940862942124
120,0.1,calibrated,9.338461538461539,14,17,0.05290057048037955,0.6075215616076175,0.08589805048228649,1e-06,0.02884525996518708,0.0062013786751278135,0.04244257015926664,0.07019679374951637
120,0.1,calibrated,9.338461538461539,15,40,0.05518709099677066,0.5042169226474924,0.08589805048228649,1e-06,0.016232645929773457,0.00253305737600027,0.029570426991334657,0.07375515187376218
120,0.1,calibrated,9.338461538461539,16,20,0.05497197493079886,0.6143919700430446,0.08589805048228649,1e-06,0.015515011059054076,0.0022695460313356198,0.023474004037034497,0.06073256217334863
120,0.1,calibrated,9.338461538461539,17,62,0.08105010967490711,0.47835016748414155,0.08589805048228649,1e-06,0.01968393680663799,0.0037699163163641925,0.03719063901335757,0.10997881352491537
120,0.1,calibrated,9.338461538461539,18,18,0.07915122833025234,0.6385736084546042,0.08589805048228649,1e-06,0.022194969048749374,0.003155619656114967,0.03229234370109499,0.08426781392877064
120,0.1,calibrated,9.338461538461539,19,300,0.1528486322657136,0.4065485974389232,0.08589805048228649,1e-06,0.0368681453320821,0.005566618956194836,0.07859867602371819,0.2397246643600029
120,0.1,calibrated,9.338461538461539,20,16,0.13285867986226596,0.6923346320916117,0.08589805048228649,1e-06,0.041217117024241856,0.005642477650264769,0.05462410052226866,0.13298683420937857
120,0.1,calibrated,9.338461538461539,21,300,0.08029306186207585,0.4792014010757088,0.08589805048228649,1e-06,0.03325522058480951,0.009485526493913925,0.06534823965311841,0.13357661474689414
120,0.1,calibrated,9.338461538461539,22,23,0.04098518022878006,0.5968948583814756,0.08589805048228649,1e-06,0.025621925859325906,0.004061714665116128,0.03855403795387939,0.05606510440424181
120,0.1,calibrated,9.338461538461539,23,34,0.04025100097557133,0.5191559727322824,0.08589805048228649,1e-06,0.012274242533363858,0.0019476150070978407,0.02180222255517498,0.052506699800436
120,0.1,calibrated,9.338461538461539,24,20,0.04081319758556401,0.6002316637856817,0.08589805048228649,1e-06,0.011416257087191614,0.0016853761878402743,0.017680892092496073,0.04605503524613935
120,0.1,calibrated,9.338461538461539,25,40,0.05293201184490881,0.5064734068903266,0.08589805048228649,1e-06,0.013338326760896566,0.002348318681714137,0.02409459762595616,0.06882622145509124
120,0.1,calibrated,9.338461538461539,26,20,0.05334460993396484,0.6127644406891224,0.08589805048228649,1e-06,0.01478776724410688,0.002133354985274451,0.022441566539070465,0.05902790827432465
120,0.1,calibrated,9.338461538461539,27,56,0.0772294833787106,0.48217153266696733,0.08589805048228649,1e-06,0.018846315492288962,0.0035639638732108004,0.03539304119905471,0.10419151326069448
120,0.1,calibrated,9.338461538461539,28,18,0.07570815369364658,0.6351302136787242,0.08589805048228649,1e-06,0.02120337906140707,0.0030206774783231175,0.0310228455148234,0.08101692208120409
120,0.1,calibrated,9.338461538461539,29,300,0.14490831702647566,0.41448625482106494,0.08589805048228649,1e-06,0.03441558006357662,0.005191688465151105,0.07224883662439308,0.22207034822290744
120,0.1,calibrated,9.338461538461539,30,16,0.128294140135926,0.6877538517544651,0.08589805048228649,1e-06,0.03878877579867507,0.005333557433754041,0.05189571099977267,0.12863584579377313
120,0.1,calibrated,9.338461538461539,31,300,0.08793930236485714,0.48557685536604106,0.08589805048228649,1e-06,0.048976961669606245,0.015065055192337518,0.10090513631151732,0.15922764722594368
120,0.1,calibrated,9.338461538461539,32,26,0.044627640537135416,0.5774361197254899,0.08589805048228649,1e-06,0.041063260659467304,0.00879543391729545,0.061655320755228754,0.03626872552828205
120,0.1,calibrated,9.338461538461539,33,24,0.003648813917411897,0.560184151011668,0.08589805048228649,1e-06,0.005797914553369959,0.001323459188547689,0.009700430000293166,0.0015082142996077144
120,0.1,calibrated,9.338461538461539,34,16,0.0023294810602200178,0.5570836545136985,0.08589805048228649,1e-06,0.0004260533868489357,0.00013252343986802447,0.0011091815676368463,0.0026688626685394097
120,0.1,calibrated,9.338461538461539,35,18,0.002754773439139546,0.5621686121754379,0.08589805048228649,1e-06,0.0007119003643013631,0.00010582845326196202,0.0011742179838542235,0.003291197768821884
120,0.1,calibrated,9.338461538461539,36,20,0.003083315567287692,0.5563297252529926,0.08589805048228649,1e-06,0.0008202506470908408,0.00012759996791325106,0.0013659525165218048,0.00371694438262355
120,0.1,calibrated,9.338461538461539,37,18,0.003387593469413308,0.5628015097168313,0.08589805048228649,1e-06,0.0009066286813822133,0.0001397507293278043,0.0014937999790264021,0.004043292001707264
120,0.1,calibrated,9.338461538461539,38,20,0.0037826718008094895,0.5556302727939492,0.08589805048228649,1e-06,0.0010056529945926618,0.00015721380173810398,0.0016766280987429328,0.004564322161946877
120,0.1,calibrated,9.338461538461539,39,20,0.004150606321590478,0.5635646244572488,0.08589805048228649,1e-06,0.0011112145412233198,0.00017127945229875597,0.0018285864590246908,0.004947942899267289
120,0.1,calibrated,9.338461538461539,40,20,0.004646207699030014,0.5547666213698326,0.08589805048228649,1e-06,0.0012339388035628954,0.00019345184901810197,0.002060149740271879,0.005613389128502936
120,0.1,calibrated,9.338461538461539,41,20,0.00508780717183388,0.5645019496105707,0.08589805048228649,1e-06,0.0013632168476960908,0.0002097576242355609,0.002239815386753658,0.006056533217171238
120,0.1,calibrated,9.338461538461539,42,20,0.005709705222352479,0.5537029772409943,0.08589805048228649,1e-06,0.0015148687127254368,0.000237991444061564,0.002533609496476452,0.006909460567427304
120,0.1,calibrated,9.338461538461539,43,20,0.0062369299710883785,0.5656512242388816,0.08589805048228649,1e-06,0.0016727986329640575,0.00025683713846600244,0.0027432724523809558,0.007411500565788977
120,0.1,calibrated,9.338461538461539,44,22,0.0070237536053636695,0.552388746319897,0.08589805048228649,1e-06,0.0018609046738039658,0.0002933643056283752,0.0031190816140524015,0.008516351513258445
120,0.1,calibrated,9.338461538461539,45,20,0.007651473047915358,0.5670659491441172,0.08589805048228649,1e-06,0.0020543955802120456,0.0003148373929029011,0.003361225688980334,0.009072614357188435
120,0.1,calibrated,9.338461538461539,46,22,0.008651168044815472,0.5507611049145089,0.08589805048228649,1e-06,0.002288464275862264,0.0003619673956698561,0.0038459909388356833,0.010515623129868937
120,0.1,calibrated,9.338461538461539,47,20,0.009390169614738264,0.5688048717342608,0.08589805048228649,1e-06,0.002524981334367935,0.00038572821991694534,0.004119341323582366,0.011104872807615906
120,0.1,calibrated,9.338461538461539,48,24,0.010672566439550057,0.5487394220073765,0.08589805048228649,1e-06,0.0028174096729678584,0.0004476861090186978,0.004750682545743666,0.013012419691647186
120,0.1,calibrated,9.338461538461539,49,20,0.011535130128056625,0.5709501055247033,0.08589805048228649,1e-06,0.00310710714911119,0.0004730164570860109,0.0050511608852075295,0.013596906276757362
120,0.1,calibrated,9.338461538461539,50,24,0.013195179012156166,0.5462164513106336,0.08589805048228649,1e-06,0.0034746516038630555,0.0005550517359909034,0.0058832311390913435,0.016150024376906224
120,0.1,calibrated,9.338461538461539,51,20,0.014186103541975581,0.5736014164220486,0.08589805048228649,1e-06,0.0038295470458630243,0.000580272047952119,0.006198479985994631,0.016654544100480968
120,0.1,calibrated,9.338461538461539,52,26,0.01636513662377581,0.5430460377031107,0.08589805048228649,1e-06,0.004295470316617207,0.0006910182964392441,0.007310947357225456,0.020126586389506484
120,0.1,calibrated,9.338461538461539,53,20,0.017483057501619825,0.5768987817258743,0.08589805048228649,1e-06,0.004731883747750076,0.0007130853104165356,0.007617498360173216,0.020422543875982573
120,0.1,calibrated,9.338461538461539,54,26,0.020390791763775784,0.5390197946758488,0.08589805048228649,1e-06,0.005330008089429218,0.0008650220492370084,0.009131789708096435,0.025231856231710106
120,0.1,calibrated,9.338461538461539,55,20,0.021615029752580783,0.5810312643148308,0.08589805048228649,1e-06,0.00586914501182282,0.0008783057338544178,0.009384166866212285,0.02509157302980838
120,0.1,calibrated,9.338461538461539,56,28,0.02558868708939588,0.5338211241459859,0.08589805048228649,1e-06,0.006651886938096832,0.0010924759080029969,0.011493875048614727,0.03191543509540559
120,0.1,calibrated,9.338461538461539,57,20,0.02687117139748918,0.5862880385362773,0.08589805048228649,1e-06,0.00732489151217066,0.0010869434115321859,0.011610762213854304,0.030945582354262268
120,0.1,calibrated,9.338461538461539,58,30,0.03248587290361238,0.5269228814832564,0.08589805048228649,1e-06,0.008381278452675132,0.001399110366656638,0.014646097871146343,0.04094600039618908
120,0.1,calibrated,9.338461538461539,59,20,0.03372011555997134,0.5931377856052105,0.08589805048228649,1e-06,0.009236314751005698,0.0013560749047646732,0.014476348190458156,0.038432756744718806
120,0.1,calibrated,9.338461538461539,60,34,0.042083638837164816,0.5173235884403787,0.08589805048228649,1e-06,0.010738913459237859,0.0018360492167253629,0.019061282021511687,0.053824502656219124
120,0.1,calibrated,9.615384615384615,1,33,0.03378341103040139,0.5392313415759218,0.0,1e-06,0.08546208686254374,0.0058061305286056,0.008652362578107736,0.0343600696411961
120,0.1,calibrated,9.615384615384615,2,300,0.09355904194930986,0.4120167329779709,0.08546208686254374,1e-06,0.025670063088277406,0.00708504904793191,0.054334741718728194,0.14699519155969357
120,0.1,calibrated,9.615384615384615,3,22,0.11339211751810985,0.6190441474064051,0.08587914581078156,1e-06,0.03643867556943814,0.005101954156555399,0.0534684140608665,0.12359096588432328
120,0.1,calibrated,9.615384615384615,4,300,0.05065903914291825,0.48061560378372614,0.08588322964961152,1e-06,0.03885891262399202,0.011442042006499644,0.08259161822493846,0.06163301538206167
120,0.1,calibrated,9.615384615384615,5,300,0.025680983516787548,0.4799710463715077,0.08588326973594887,1e-06,0.017203786153192114,0.010248082665789877,0.04703020339424612,0.009345963399533391
120,0.1,calibrated,9.615384615384615,6,300,0.046374773605745934,0.45927725628254934,0.08588327012943683,1e-06,0.0034358064043499836,0.0038057096940214306,0.03820164802889462,0.04064541725371609
120,0.1,calibrated,9.615384615384615,7,26,0.06683719311639913,0.5724508672068601,0.08588327013330578,1e-06,0.016927221211266608,0.0023570369233619644,0.027178811108304887,0.07556500933178541
120,0.1,calibrated,9.615384615384615,8,300,0.0625768528800904,0.44670122606723406,0.08588327013334006,1e-06,0.030657106442971538,0.009449019925364458,0.06378071472796483,0.11377625301266162
120,0.1,calibrated,9.615384615384615,9,38,0.03742135312061601,0.5328178159889655,0.08588327013334006,1e-06,0.02735946654753013,0.005858366733110203,0.044551717942029986,0.049974209141583445
120,0.1,calibrated,9.615384615384615,10,300,0.15745021770626388,0.3481271645944922,0.08588327013334006,1e-06,0.043397379382598356,0.015603198345531187,0.10326242337278294,0.2825064239795294
120,0.1,calibrated,9.615384615384615,11,19,0.17510491960154595,0.6807569494898412,0.08588327013334006,1e-06,0.05750842030955072,0.00776888768607574,0.07594061344593177,0.1737319853081014
120,0.1,calibrated,9.615384615384615,12,300,0.04666482665953042,0.5075395383654107,0.08588327013334006,1e-06,0.04558976870001703,0.017759172606966918,0.10466729340484243,0.01977451102754475
120,0.1,calibrated,9.615384615384615,13,300,0.01296992268174979,0.49925567525459347,0.08588327013334006,1e-06,0.0192115185231228,0.008522407019543092,0.033226308572129534,0.006367907177546171
120,0.1,calibrated,9.615384615384615,14,300,0.012109976570269188,0.4935420533180261,0.08588327013334006,1e-06,0.006557770321205029,0.0009296897234020823,0.012007824115321404,0.013308592710086577
120,0.1,calibrated,9.615384615384615,15,300,0.015410939817072256,0.490241090071223,0.08588327013334006,1e-06,0.0020202309284675715,0.0025153529797682095,0.008165848012129126,0.013996670707653112
120,0.1,calibrated,9.615384615384615,16,300,0.023637287009276586,0.4820147428790187,0.08588327013334006,1e-06,0.0018090418759718896,0.0014670122781372064,0.018316082158358254,0.020272014108870154
120,0.1,calibrated,9.615384615384615,17,300,0.0393069855342979,0.4663450443539974,0.08588327013334006,1e-06,0.0026764046063883495,0.0036598863767808407,0.02890211516628768,0.03509739827834975
120,0.1,calibrated,9.615384615384615,18,42,0.020001163049455317,0.519229517252071,0.08588327013334006,1e-06,0.01335816681901953,0.003348523485749451,0.023897319000855035,0.02605781820291394
120,0.1,calibrated,9.615384615384615,19,94,0.04126960182319511,0.4642849529639529,0.08588327013334006,1e-06,0.010819879727059362,0.0017024498120266443,0.020766682085327448,0.05485500569105756
120,0.1,calibrated,9.615384615384615,20,24,0.07027102558297216,0.5758439529326449,0.08588327013334006,1e-06,0.017223727842803654,0.002820174010729377,0.02758186245329459,0.07739164713157953
120,0.1,calibrated,9.615384615384615,21,300,0.01883823017143038,0.5244829961872547,0.08588327013334006,1e-06,0.021863976586624465,0.010375104016905013,0.058130402314015034,0.008216292596390819
120,0.1,calibrated,9.615384615384615,22,300,0.016404104343399395,0.4892479255448959,0.08588327013334006,1e-06,0.001672404909672326,0.00244052506312479,0.00702513411273924,0.01776090129644703
120,0.1,calibrated,9.615384615384615,23,300,0.02697212452969089,0.4786799053586044,0.08588327013334006,1e-06,0.0023071382077858443,0.0021471886100065635,0.023670915997266697,0.02161899820738284
120,0.1,calibrated,9.615384615384615,24,300,0.04143451472623316,0.4642175151620621,0.08588327013334006,1e-06,0.003120962115963133,0.0053037672696526475,0.03399632215640842,0.035128026343043864
120,0.1,calibrated,9.615384615384615,25,25,0.04764108446407389,0.5532931143523692,0.08588327013334006,1e-06,0.01544843718270765,0.0034036198243913565,0.025346988117162062,0.059836749610108396
120,0.1,calibrated,9.615384615384615,26,300,0.08898203902342622,0.4166170463984203,0.08588327013334006,1e-06,0.0319280379207702,0.012638637950284652,0.06864652843533837,0.15426057904571056
120,0.1,calibrated,9.615384615384615,27,23,0.09645245811842451,0.6021044880067198,0.08588327013334006,1e-06,0.038596190411278875,0.006935930271742481,0.057293021540404644,0.11421950984000051
120,0.1,calibrated,9.615384615384615,28,300,0.02857003332355812,0.5093340788641189,0.08588327013334006,1e-06,0.029716997889454977,0.011865656337587842,0.0658081695178314,0.012573786180063887
120,0.1,calibrated,9.615384615384615,29,300,0.020312791251016427,0.48533923863727885,0.08588327013334006,1e-06,0.00616211725576637,0.004018806349950284,0.014148901746398861,0.015988826916449476
120,0.1,calibrated,9.615384615384615,30,300,0.034330966253509176,0.4713210636347861,0.08588327013334006,1e-06,0.002422611410870551,0.003116399903183271,0.0256211142291675,0.03085419681485638
120,0.1,calibrated,9.615384615384615,31,102,0.039746496384280405,0.46590553350401487,0.08588327013334006,1e-06,0.006658111466129633,0.009085878401579761,0.04269316981621419,0.027275901892778513
120,0.1,calibrated,9.615384615384615,32,24,0.07258221670831921,0.5781543730015952,0.08588327013334006,1e-06,0.014266898526074656,0.0036642338365131186,0.02290216572314015,0.07818301684338784
120,0.1,calibrated,9.615384615384615,33,300,0.0634486413704729,0.4497847341215026,0.08588327013334006,1e-06,0.033661024484619384,0.010786467839108083,0.07059180702849197,0.11766057523234523
120,0.1,calibrated,9.615384615384615,34,46,0.02788264304898913,0.5105702754992981,0.08588327013334006,1e-06,0.027457393333109176,0.008769924806322356,0.05351927453216417,0.01545547373162205
120,0.1,calibrated,9.615384615384615,35,27,0.008848407523057267,0.5144111051064266,0.08588327013334006,1e-06,0.00301064523891224,0.00231964050805394,0.005651119361243231,0.007770620283995023
120,0.1,calibrated,9.615384615384615,36,66,0.03185043730292603,0.47370677905158654,0.08588327013334006,1e-06,0.006371026523774748,0.001595818840694232,0.011990899718562244,0.0404765822665393
120,0.1,calibrated,9.615384615384615,37,26,0.05779023282768614,0.5633616517494238,0.08588327013334006,1e-06,0.013803395871471794,0.002317658412795517,0.022560245013831044,0.06477226654144935
120,0.1,calibrated,9.615384615384615,38,300,0.03670141191752929,0.5017099827187836,0.08588327013334006,1e-06,0.032869221941602036,0.01042864706685739,0.08255254109027896,0.019815109476989768
120,0.1,calibrated,9.615384615384615,39,300,0.026037263021616963,0.4796147668666783,0.08588327013334006,1e-06,0.020521922098328406,0.011356973237998178,0.06624227445791903,0.010199965209996248
120,0.1,calibrated,9.615384615384615,40,98,0.038932664792027005,0.46671936509626827,0.08588327013334006,1e-06,0.0027801494602453514,0.0032317796745003815,0.0299663788206614,0.03438086835300831
120,0.1,calibrated,9.615384615384615,41,24,0.06824405384308385,0.5738159193388832,0.08588327013334006,1e-06,0.014501406383939847,0.0032028725736265736,0.02339003151496308,0.07436972590992932
120,0.1,calibrated,9.615384615384615,42,300,0.04192752190658,0.49285221570702675,0.08588327013334006,1e-06,0.03440695367175932,0.01058076251505553,0.08296323018604529,0.0356285596554206
120,0.1,calibrated,9.615384615384615,43,300,0.03331206140103743,0.47233996848725784,0.08588327013334006,1e-06,0.020178155777886626,0.012044279086276064,0.07000572401759227,0.010731495785137735
120,0.1,calibrated,9.615384615384615,44,44,0.011274025970161028,0.5111405166105522,0.08588327013334006,1e-06,0.006553295511826564,0.0030112849137220866,0.019350655063461626,0.012566269886950325
120,0.1,calibrated,9.615384615384615,45,46,0.014288783863487864,0.4912710403353596,0.08588327013334006,1e-06,0.004554428779943533,0.0004040117506194909,0.008372459070361049,0.01879402578839802
120,0.1,calibrated,9.615384615384615,46,30,0.028787906759546567,0.5343553823871766,0.08588327013334006,1e-06,0.006868466261904835,0.0012163127920229286,0.011756339538148954,0.03369823958001348
120,0.1,calibrated,9.615384615384615,47,300,0.05771093623002804,0.44785396269152633,0.08588327013334006,1e-06,0.01571747283623648,0.003128817533145807,0.031144367204561863,0.08284852623915534
120,0.1,calibrated,9.615384615384615,48,26,0.07631140120862268,0.5819443701278487,0.08588327013334006,1e-06,0.022581691181138758,0.0029309133409066847,0.03548826932962161,0.08670878007145011
120,0.1,calibrated,9.615384615384615,49,300,0.027589140103588705,0.519441447844234,0.08588327013334006,1e-06,0.03101716292508965,0.012525043933495171,0.07881881940796938,0.015384336185001185
120,0.1,calibrated,9.615384615384615,50,300,0.018507427735297233,0.48714460215299804,0.08588327013334006,1e-06,0.012694522757201957,0.007128442334293812,0.03391256145891975,0.006733610194242061
120,0.1,calibrated,9.615384615384615,51,300,0.0332987708626698,0.47235325902562547,0.08588327013334006,1e-06,0.004283327947933603,0.002525286384268982,0.019346014288840637,0.03341429413879129
120,0.1,calibrated,9.615384615384615,52,300,0.05581923745032458,0.4498327924379707,0.08588327013334006,1e-06,0.00271339603627177,0.006592127943855872,0.03145698889433833,0.0565771973163388
120,0.1,calibrated,9.615384615384615,53,21,0.0875115457746799,0.5931635756629752,0.08588327013334006,1e-06,0.025470031372178042,0.004099651838792232,0.03921090236300642,0.0990099341467705
120,0.1,calibrated,9.615384615384615,54,300,0.05748367633239038,0.4625515970738463,0.08588327013334006,1e-06,0.03627677804645549,0.010096238940836276,0.07565622706408202,0.09824582501648232
120,0.1,calibrated,9.615384615384615,55,300,0.06935377479190441,0.43629825509639086,0.08588327013334006,1e-06,0.014609234747207205,0.017351403213810755,0.08134156293481033,0.04743442236819402
120,0.1,calibrated,9.615384615384615,56,22,0.10385176665460172,0.6094857269495692,0.08588327013334006,1e-06,0.023061345361241214,0.0031563476180890694,0.03506221920825775,0.10956238599305204
120,0.1,calibrated,9.615384615384615,57,300,0.041879207752611114,0.5023037267174528,0.08588327013334006,1e-06,0.03849374510827919,0.013151256024456529,0.09232810468283725,0.021404547838302583
120,0.1,calibrated,9.615384615384615,58,300,0.018068929389837396,0.4875831004984579,0.08588327013334006,1e-06,0.018963361976260373,0.009682501969554797,0.04692763318087144,0.00809651991391392
120,0.1,calibrated,9.615384615384615,59,300,0.03535267899130662,0.47029935089698865,0.08588327013334006,1e-06,0.006725740231574781,0.00212339870914317,0.017476597660353706,0.03790733229071848
120,0.1,calibrated,9.615384615384615,60,154,0.04953745229390094,0.45611457759439433,0.08588327013334006,1e-06,0.006616111276134991,0.011319802024417784,0.04732891504131628,0.03795774519921908
120,0.1,fixed,0.2,1,3,0.0010300754003065293,0.9999928830043316,0.0,1e-06,0.0003879898709097416,7.933541839970107e-05,0.0008028321208941992,0.0005740597280377846
120,0.1,fixed,0.2,2,3,2.781921297656531e-06,0.999929010830389,0.0003879898709097416,1e-06,7.581831738215445e-07,1.7988680427455134e-07,7.073548715831256e-07,2.4386251855177947e-06
120,0.1,fixed,0.2,3,2,7.765660114955608e-09,0.9999303088194036,0.00038798063736663886,1e-06,0.0,,,
120,0.1,fixed,0.47692307692307695,1,3,0.006899939999982729,0.9930433057158993,0.0,1e-06,0.0010451140318174755,0.0003972956997659263,0.0016240459496220565,0.005593246974418852
120,0.1,fixed,0.47692307692307695,2,3,3.821129259562461e-06,0.9998304827617447,0.0010451140318174755,1e-06,2.8002125975771654e-06,5.3784051961241616e-08,2.6124956929238317e-06,3.7722822736888833e-06
120,0.1,fixed,0.47692307692307695,3,2,1.9490503211372356e-08,0.9998328315256912,0.0010479142444150527,1e-06,0.0,,,
120,0.1,fixed,0.7538461538461538,1,4,0.014905893192157293,0.985035240862609,0.0,1e-06,0.0019467561326859464,0.0009875522737585215,0.003266687313864324,0.0119714872470859
120,0.1,fixed,0.7538461538461538,2,4,5.1265854405957434e-05,0.9996981588667262,0.0019467561326859464,1e-06,2.7939113041547576e-05,2.280756799516127e-06,2.606828062873313e-05,4.914619489750167e-05
120,0.1,fixed,0.7538461538461538,3,2,6.214702703566388e-07,0.9997269247620839,0.001974695245727494,1e-06,0.0,,,
120,0.1,fixed,1.0307692307692309,1,4,0.02306036091838437,0.9768786174532272,0.0,1e-06,0.0028762365874722556,0.0016446882955430738,0.004965509852540691,0.018573427425583645
120,0.1,fixed,1.0307692307692309,2,4,0.00014402382983191853,0.9995323327130062,0.0028762365874722556,1e-06,7.598340480558159e-05,7.065413600492375e-06,7.090663754449261e-05,0.0001375987396705922
120,0.1,fixed,1.0307692307692309,3,3,2.705694352456156e-06,0.9996116963921701,0.002952219992277837,1e-06,1.9979570768182354e-06,2.2825001904373204e-08,1.8640170126333328e-06,2.685547709849215e-06
120,0.1,fixed,1.0307692307692309,4,2,5.108398370978762e-08,0.9996134129937005,0.002954217949354655,1e-06,0.0,,,
120,0.1,fixed,1.3076923076923077,1,4,0.0313469093092964,0.9685898684551287,0.0,1e-06,0.0038347679275408525,0.002326908268600628,0.006724109242145351,0.025412988514531727
120,0.1,fixed,1.3076923076923077,2,5,0.0002809201348578094,0.9993333130823234,0.0038347679275408525,1e-06,0.00014673739921118578,1.4189360604118864e-05,0.00013696506583336032,0.00026812016845205423
120,0.1,fixed,1.3076923076923077,3,3,7.235733870847305e-06,0.9994862354829093,0.003981505326752038,1e-06,5.325454504780556e-06,6.34933714703173e-08,4.9684867297149885e-06,7.177903265829996e-06
120,0.1,fixed,1.3076923076923077,4,2,1.942144233213483e-07,0.9994907800884116,0.003986830781256819,1e-06,0.0,,,
120,0.1,fixed,1.5846153846153845,1,5,0.039772005003500754,0.9601625246039976,0.0,1e-06,0.0048236629191364955,0.0030358627714227172,0.00854644315484781,0.03250543743255174
120,0.1,fixed,1.5846153846153845,2,5,0.0004607223829399265,0.9991012214010186,0.0048236629191364955,1e-06,0.00024000232927287157,2.34898366847271e-05,0.00022408720996943912,0.00043966447106093325
120,0.1,fixed,1.5846153846153845,3,4,1.5033096564920356e-05,0.9993496813959162,0.005063665248409367,1e-06,1.106924364120837e-05,1.3064389880197896e-07,1.0327420024499747e-05,1.4910055810551689e-05
120,0.1,fixed,1.5846153846153845,4,2,4.737050652847685e-07,0.9993590584269803,0.005074734492050576,1e-06,0.0,,,
120,0.1,fixed,1.8615384615384616,1,5,0.04834254216276146,0.9515896891431541,0.0,1e-06,0.005844332957958942,0.0037733544602429774,0.010436831717904924,0.03986741622969886
120,0.1,fixed,1.8615384615384616,2,5,0.0006821708092682455,0.9988316835943187,0.005844332957958942,1e-06,0.0003555734411637853,3.4800808796501024e-05,0.00033211965589500977,0.0006511672532214282
120,0.1,fixed,1.8615384615384616,3,4,2.6835631665167448e-05,0.9992012007835586,0.006199906399122728,1e-06,1.9833162956432187e-05,2.1892062555424346e-07,1.85044273503793e-05,2.6626798503734954e-05
120,0.1,fixed,1.8615384615384616,4,3,9.32885668158967e-07,0.9992178646788387,0.00621973956207916,1e-06,0.0,,,
120,0.1,fixed,2.138461538461539,1,5,0.05706609547014818,0.9428637843477321,0.0,1e-06,0.0068983149189154325,0.004541373596905841,0.012400060626994483,0.04751728568355626
120,0.1,fixed,2.138461538461539,2,6,0.000943927012156065,0.9985247742115115,0.0068983149189154325,1e-06,0.0004932352769922402,4.7945185680036155e-05,0.0004609069953785687,0.0009015035157379399
120,0.1,fixed,2.138461538461539,3,4,4.3287212093123806e-05,0.9990399902783673,0.007391550195907672,1e-06,3.2188558543975906e-05,3.1503893266195115e-07,3.0033011796189922e-05,4.2989731950315846e-05
120,0.1,fixed,2.138461538461539,4,3,1.746658895962483e-06,0.999066745671606,0.007423738754451648,1e-06,1.4906826029725744e-06,1.3466355512192955e-08,1.3907471532413992e-06,1.728352012004038e-06
120,0.1,fixed,2.138461538461539,5,2,8.889509739429258e-08,0.9990678992210517,0.00742522943705462,1e-06,0.0,,,
120,0.1,fixed,2.4153846153846157,1,5,0.06595089294570222,0.9339765789210303,0.0,1e-06,0.007987278224620337,0.0053421151617916605,0.014441416067854543,0.05547526774882515
120,0.1,fixed,2.4153846153846157,2,6,0.00124440061803055,0.9981833470942464,0.007987278224620337,1e-06,0.000652745329644747,6.270779110637284e-05,0.0006102758592711457,0.001189353894493566
120,0.1,fixed,2.4153846153846157,3,4,6.509560797218761e-05,0.9988652252416118,0.008640023554265084,1e-06,4.867875848885451e-05,4.2468887265292064e-07,4.542082709990736e-05,6.469118288354512e-05
120,0.1,fixed,2.4153846153846157,4,3,2.982893383962626e-06,0.9989049037230663,0.008688702312753939,1e-06,2.5722065697817556e-06,3.01533332746697e-08,2.3997716363786037e-06,2.9359245959966923e-06
120,0.1,fixed,2.4153846153846157,5,2,1.7942652774660672e-07,0.9989067214150392,0.00869127451932372,1e-06,0.0,,,
120,0.1,fixed,2.6923076923076925,1,6,0.07500607780159041,0.9249189258532574,0.0,1e-06,0.009113055652321761,0.006178023153882322,0.01656680784937652,0.06376386208993437
120,0.1,fixed,2.6923076923076925,2,6,0.0015818518788607294,0.9978084946595203,0.009113055652321761,1e-06,0.0008338395062890006,7.885256147341293e-05,0.0007800393003286256,0.0015132752595728698
120,0.1,fixed,2.6923076923076925,3,5,9.265658776713703e-05,0.9986761850754456,0.00994689515861076,1e-06,6.979143847314731e-05,5.119174103577865e-07,6.512395947513027e-05,9.217315097288773e-05
120,0.1,fixed,2.6923076923076925,4,3,4.806000893919915e-06,0.9987318407855581,0.010016686597083909,1e-06,4.138923058867792e-06,4.1563947960731074e-08,3.86147306154964e-06,4.744738254637185e-06
120,0.1,fixed,2.6923076923076925,5,2,3.3989628855923826e-07,0.9987347425392005,0.010020825520142777,1e-06,0.0,,,
120,0.1,fixed,2.9692307692307693,1,6,0.0842413501381094,0.9156811212964874,0.0,1e-06,0.010277627573427345,0.007051785468742814,0.018782725317087013,0.07240775661657409
120,0.1,fixed,2.9692307692307693,2,6,0.001954613357377233,0.9974008172428714,0.010277627573427345,1e-06,0.0010362363910951765,9.61600595731052e-05,0.0009700001999376249,0.0018718570066159823
120,0.1,fixed,2.9692307692307693,3,5,0.00012657546894678795,0.9984720734969417,0.011313863964522521,1e-06,9.600095529485136e-05,5.824064690501188e-07,8.958653107907584e-05,0.00012602056476056884
120,0.1,fixed,2.9692307692307693,4,4,7.342238949714641e-06,0.9985472631878304,0.011409864919817372,1e-06,6.307032497250353e-06,5.295145589989772e-08,5.884274551233524e-06,7.279311873295431e-06
120,0.1,fixed,2.9692307692307693,5,2,4.481321717042519e-07,0.9985516983713597,0.011416171952314622,1e-06,0.0,,,
120,0.1,fixed,3.2461538461538466,1,6,0.09366765497060647,0.9062522157068189,0.0,1e-06,0.011483189722754139,0.00796642393884658,0.021096502775348677,0.08143469301942981
120,0.1,fixed,3.2461538461538466,2,7,0.0023604123352239936,0.9969594209785877,0.011483189722754139,1e-06,0.0012595935263788813,0.00011431851262916505,0.0011799088259933166,0.002263211795037203
120,0.1,fixed,3.2461538461538466,3,5,0.00016730633840900122,0.998252147509776,0.01274278324913302,1e-06,0.00012771636440610083,6.330710712141826e-07,0.00011919225758507574,0.0001666858127154691
120,0.1,fixed,3.2461538461538466,4,4,1.0643063617976622e-05,0.9983506818463787,0.012870499613539121,1e-06,9.185725270539461e-06,8.426356597349065e-08,8.570066239540157e-06,1.0521366494841682e-05
120,0.1,fixed,3.2461538461538466,5,3,5.955669043489209e-07,0.9983571219441709,0.012879685338809661,1e-06,0.0,,,
120,0.1,fixed,3.5230769230769234,1,7,0.10329711343334635,0.8966200829156821,0.0,1e-06,0.012732166268399958,0.008925326816699147,0.023516386652648446,0.09087573732251862
120,0.1,fixed,3.5230769230769234,2,7,0.0027970878562910695,0.9964674987322708,0.012732166268399958,1e-06,0.0015035413084293486,0.00013304204182701607,0.0014094940456114474,0.0026854950579148565
120,0.1,fixed,3.5230769230769234,3,5,0.00021492188891525377,0.9980157885878747,0.014235707576829307,1e-06,0.00016528799896070405,6.13404773390505e-07,0.00015427059713942756,0.0002143095435900811
120,0.1,fixed,3.5230769230769234,4,4,1.4860405568972723e-05,0.9981415280979189,0.014400995575790011,1e-06,1.2889073832188164e-05,8.110183157569653e-08,1.2025305021397552e-05,1.4646635882863676e-05
120,0.1,fixed,3.5230769230769234,5,3,8.891552170098294e-07,0.9981504836108007,0.0144138846496222,1e-06,0.0,,,
120,0.1,fixed,3.8000000000000003,1,7,0.11314293930146269,0.8867715037627671,0.0,1e-06,0.014027219885692999,0.009932283768860333,0.026051610478140558,0.10076557360589322
120,0.1,fixed,3.8000000000000003,2,7,0.003262041552611672,0.9959472751928801,0.014027219885692999,1e-06,0.0017676407710850318,0.0001519834542799634,0.001658421915308388,0.0031364882737268144
120,0.1,fixed,3.8000000000000003,3,6,0.0002698720803976373,0.9977622643299423,0.01579486065677803,1e-06,0.0002090292030690027,6.376788932263746e-07,0.00019511716420968553,0.00026926833028557767
120,0.1,fixed,3.8000000000000003,4,4,2.004691855450602e-05,0.9979192592871629,0.01600388985984703,1e-06,1.7532986332298193e-05,1.2334728318549915e-07,1.6358172698844732e-05,1.96321382844184e-05
120,0.1,fixed,3.8000000000000003,5,3,1.262882929120579e-06,0.9979313073170076,0.01602142284617933,1e-06,1.3207018155849006e-06,4.5091283968635734e-08,1.128362381938982e-06,1.1331288669909588e-06
120,0.1,fixed,3.8000000000000003,6,2,1.3359497585962998e-07,0.9979320804005729,0.01602263229089157,1e-06,0.0,,,
120,0.1,fixed,4.0769230769230775,1,7,0.12322006116526996,0.8766915434001116,0.0,1e-06,0.015371329092923436,0.010991597827304859,0.028712704107017817,0.1111435462156398
120,0.1,fixed,4.0769230769230775,2,8,0.003752413160429291,0.995401483787529,0.015371329092923436,1e-06,0.0020513822480236425,0.0001707656124543344,0.0019262929550623953,0.003613712630678386
120,0.1,fixed,4.0769230769230775,3,6,0.00033186106319393893,0.9974910835661336,0.017422711340947077,1e-06,0.00025914689008613677,6.317851198467667e-07,0.0002419287386699765,0.0003312698387477419
120,0.1,fixed,4.0769230769230775,4,5,2.629585913882515e-05,0.9976832837078264,0.017681858231033215,1e-06,2.3209128416110794e-05,2.4794986393096944e-07,2.165425037677783e-05,2.55685475337807e-05
120,0.1,fixed,4.0769230769230775,5,3,1.8227444866791842e-06,0.9976990035695951,0.017705067359449326,1e-06,1.8784008141435775e-06,4.503944208311933e-08,1.5890331003372357e-06,1.6878267193949575e-06
120,0.1,fixed,4.0769230769230775,6,2,2.2318680570343474e-07,0.9977001018708817,0.017706770576039674,1e-06,0.0,,,
120,0.1,fixed,4.353846153846154,1,7,0.13354514240074877,0.8663635314484186,0.0,1e-06,0.016767816960931492,0.012108152990770723,0.03151165406842424,0.12205424630986175
120,0.1,fixed,4.353846153846154,2,8,0.004264560140653129,0.9948335620472261,0.016767816960931492,1e-06,0.002354142290744911,0.00018889973007506862,0.0022125986286762466,0.004114026998745681
120,0.1,fixed,4.353846153846154,3,6,0.0004011215678753066,0.9972016030800214,0.019121959251676403,1e-06,0.00031578510573462837,6.760195133558774e-07,0.00029484410961877537,0.00040050952214134574
120,0.1,fixed,4.353846153846154,4,5,3.380075999037668e-05,0.9974329227316708,0.01943774435741103,1e-06,3.003882321498804e-05,4.47326219111762e-07,2.802681561427889e-05,3.270416419834796e-05
120,0.1,fixed,4.353846153846154,5,4,2.545599839032242e-06,0.997453021251537,0.01946778318062602,1e-06,2.604022243524125e-06,4.290837350993003e-08,2.1807513521496276e-06,2.40905177704781e-06
120,0.1,fixed,4.353846153846154,6,2,2.038070221477284e-07,0.9974545766383381,0.01947012063131337,1e-06,0.0,,,
120,0.1,fixed,4.630769230769231,1,8,0.14413716296685686,0.8557684798343819,0.0,1e-06,0.01822043593051803,0.013287553436374677,0.03446227787758677,0.13354878328445188
120,0.1,fixed,4.630769230769231,2,8,0.0047944608293727375,0.9942473324449002,0.01822043593051803,1e-06,0.0026751889122085884,0.00020585501895740342,0.0025167243041276125,0.004633903514078032
120,0.1,fixed,4.630769230769231,3,6,0.0004772824114545049,0.9968933676098946,0.02089562484272662,1e-06,0.00037896677702978633,1.0958612756506365e-06,0.000353889378803302,0.0004766583298505923
120,0.1,fixed,4.630769230769231,4,5,4.2548230115180274e-05,0.9971675789789072,0.021274591619756405,1e-06,3.8086155017121075e-05,7.140611014141249e-07,3.5535756911848734e-05,4.095159248096775e-05
120,0.1,fixed,4.630769230769231,5,4,3.3677368750373304e-06,0.9971927981155437,0.021312677774773525,1e-06,3.523970080752286e-06,5.982596299296476e-08,2.9040787664731815e-06,3.1736117155870745e-06
120,0.1,fixed,4.630769230769231,6,2,2.8277047625646645e-07,0.9971948524935057,0.021315790522928205,1e-06,0.0,,,
120,0.1,fixed,4.907692307692308,1,8,0.155017129293893,0.8448853732482526,0.0,1e-06,0.01973338211310488,0.014536190686293408,0.03758035852458359,0.145685330815438
120,0.1,fixed,4.907692307692308,2,8,0.005337708787094719,0.9936470216538821,0.01973338211310488,1e-06,0.0030136539655372246,0.0002210635399833155,0.0028379204995648724,0.005169397542628754
120,0.1,fixed,4.907692307692308,3,7,0.0005597286953972214,0.996566020695169,0.022747036078642105,1e-06,0.0004485958970307977,1.6880378692273036e-06,0.0004189798310889178,0.0005588533239034611
120,0.1,fixed,4.907692307692308,4,5,5.264207225752493e-05,0.9968865575943515,0.0231956319756729,1e-06,4.740281038850946e-05,9.389534338462169e-07,4.422942547383141e-05,5.0468909447225595e-05
120,0.1,fixed,4.907692307692308,5,4,4.371891137111561e-06,0.9969176551623494,0.02324303478606141,1e-06,4.668063378193918e-06,7.916535826982267e-08,3.7876605371723226e-06,4.108796895207986e-06
120,0.1,fixed,4.907692307692308,6,2,3.843344829057571e-07,0.9969203167011528,0.023247094596630484,1e-06,0.0,,,
120,0.1,fixed,5.184615384615385,1,8,0.16620943349241046,0.8336898090178119,0.0,1e-06,0.02131146699531633,0.015861511251848856,0.04088438992543517,0.1585315973058884
120,0.1,fixed,5.184615384615385,2,9,0.005888492449216298,0.9930381242256144,0.02131146699531633,1e-06,0.0033684551636493885,0.00023375944188063744,0.0031752227914821295,0.005715357056831896
120,0.1,fixed,5.184615384615385,3,7,0.0006481591607689907,0.9962191029584083,0.02467992215896572,1e-06,0.0005244245702928051,2.5722857144980033e-06,0.0004898892091040383,0.0006468530399184054
120,0.1,fixed,5.184615384615385,4,6,6.407058887403227e-05,0.9965891857078797,0.025204346729258524,1e-06,5.8423004366005786e-05,1.2070776169783198e-06,5.415098642576656e-05,6.118683216200084e-05
120,0.1,fixed,5.184615384615385,5,4,5.458151525861155e-06,0.9966269727623766,0.025262381628869273,1e-06,6.068806902691811e-06,1.330593177508668e-07,4.82825993744174e-06,5.021863992254287e-06
120,0.1,fixed,5.184615384615385,6,3,3.3309415969906553e-07,0.9966303852195109,0.025267556796481672,1e-06,0.0,,,
120,0.1,fixed,5.461538461538462,1,9,0.17774219639187638,0.8221536540086307,0.0,1e-06,0.022960216527262267,0.01727221641238543,0.044396081012099055,0.1721665887762561
120,0.1,fixed,5.461538461538462,2,9,0.006440615610776024,0.9924265898603469,0.022960216527262267,1e-06,0.003738300826373931,0.00024315699646328535,0.003527454299578756,0.006266133078894525
120,0.1,fixed,5.461538461538462,3,7,0.0007414903860425426,0.9958525886546442,0.026698517353636198,1e-06,0.0006059915722762535,3.966596164930894e-06,0.0005661911769193423,0.0007392920309923226
120,0.1,fixed,5.461538461538462,4,6,7.66060136100366e-05,0.9962748716680343,0.027304508925912453,1e-06,7.127309092583447e-05,1.5566193093376058e-06,6.522917855918608e-05,7.276364386715873e-05
120,0.1,fixed,5.461538461538462,5,4,6.749614664736114e-06,0.996319971290515,0.027374414834674628,1e-06,7.722483780073852e-06,1.7669808304531565e-07,6.026715578037835e-06,6.161755951113944e-06
120,0.1,fixed,5.461538461538462,6,3,4.0371801646177374e-07,0.9963242097734689,0.027380874549584915,1e-06,0.0,,,
120,0.1,fixed,5.7384615384615385,1,9,0.18964747352700628,0.8102448386880027,0.0,1e-06,0.024685958060240654,0.018778483557492717,0.04814091431813884,0.18668254071003684
120,0.1,fixed,5.7384615384615385,2,9,0.006986393962504667,0.9917659727306612,0.024685958060240654,1e-06,0.004121594978616947,0.0002482784368932717,0.0038931272182049594,0.00681471605219487
120,0.1,fixed,5.7384615384615385,3,7,0.0008388167176532901,0.9954664179317742,0.0288075530388576,1e-06,0.0006926058773880964,5.2244380517919576e-06,0.0006472440418938863,0.0008349535413346212
120,0.1,fixed,5.7384615384615385,4,6,9.018790723869241e-05,0.995942889050683,0.029500158916245696,1e-06,8.573003610692537e-05,1.9706216750861943e-06,7.73955584488528e-05,8.517349930776453e-05
120,0.1,fixed,5.7384615384615385,5,5,8.055541104834418e-06,0.9959959903589041,0.029583101243431564,1e-06,9.65992147222557e-06,2.667597053529762e-07,7.361931259764697e-06,7.178029847513677e-06
120,0.1,fixed,5.7384615384615385,6,3,5.652742042228098e-07,0.9960010428836086,0.029590992084189097,1e-06,0.0,,,
120,0.1,fixed,6.015384615384616,1,9,0.2019632050603083,0.7979254060191602,0.0,1e-06,0.026496117014532472,0.02039245805516103,0.05214948209768971,0.20218938553229765
120,0.1,fixed,6.015384615384616,2,10,0.007516776311433215,0.9910894349210132,0.026496117014532472,1e-06,0.004516362653334622,0.00024799332027228727,0.004270365242863557,0.0073527468155608
120,0.1,fixed,6.015384615384616,3,8,0.0009379804074358677,0.9950608037579044,0.031012479667867094,1e-06,0.0007832725454477879,5.514025943361515e-06,0.0007321203456206424,0.0009319539882807033
120,0.1,fixed,6.015384615384616,4,6,0.00010442630638030082,0.9955926434036411,0.03179575221331488,1e-06,0.00010174242858447871,2.494965440415998e-06,9.046702710352221e-05,9.788580440635271e-05
120,0.1,fixed,6.015384615384616,5,5,9.49569493235991e-06,0.9956541568814404,0.03189270005137204,1e-06,1.1851212331297197e-05,3.488884413665687e-07,8.811169623567097e-06,8.337460502114162e-06
120,0.1,fixed,6.015384615384616,6,3,6.547823263591823e-07,0.9956601579382458,0.03190214422215709,1e-06,0.0,,,
120,0.1,fixed,6.292307692307693,1,10,0.21473448688333718,0.7851502398368978,0.0,1e-06,0.028399467401771905,0.022128763265471363,0.05645884301298349,0.21881929184258098
120,0.1,fixed,6.292307692307693,2,10,0.008019716074707639,0.9904065119785214,0.028399467401771905,1e-06,0.004920087729314779,0.00024077008420483181,0.004656734020732924,0.007869216698422053
120,0.1,fixed,6.292307692307693,3,8,0.0010365331209591933,0.9946363054179875,0.033319555131086684,1e-06,0.0008764964196801279,7.00362936494287e-06,0.0008194222642771963,0.0010280392040443375
120,0.1,fixed,6.292307692307693,4,6,0.00011914836131565743,0.9952233814389677,0.03419605155076681,1e-06,0.00011912863711265655,3.0660501288443314e-06,0.00010418477496474706,0.00011088267636721781
120,0.1,fixed,6.292307692307693,5,5,1.0981282669630943e-05,0.9952936512088428,0.03430769655100516,1e-06,1.4299118658186893e-05,4.453764300005446e-07,1.0352117242575412e-05,9.487626739652326e-06
120,0.1,fixed,6.292307692307693,6,3,7.348997163036941e-07,0.9953006552784591,0.034318792339296224,1e-06,0.0,,,
120,0.1,fixed,6.56923076923077,1,10,0.22801430975093906,0.7718663254524551,0.0,1e-06,0.030406373400646558,0.024005058302170777,0.06111395730254187,0.23673154571167346
120,0.1,fixed,6.56923076923077,2,11,0.008481579184686727,0.989723475944983,0.030406373400646558,1e-06,0.005329651267081455,0.00022493841155501115,0.005049177532968838,0.00835140075288053
120,0.1,fixed,6.56923076923077,3,8,0.0011315092653244596,0.9941937443650627,0.03573602466772802,1e-06,0.0009703375581095464,9.92118077491272e-06,0.0009073324864695596,0.001119732190091037
120,0.1,fixed,6.56923076923077,4,7,0.00013356770384265193,0.9948346236072391,0.03670636222583756,1e-06,0.00013763876246900686,3.761417635424052e-06,0.00011812169124425082,0.00012314164630174054
120,0.1,fixed,6.56923076923077,5,5,1.2530547418454496e-05,0.994913546277878,0.03683293845440056,1e-06,1.6910790901319153e-05,5.070171191700973e-07,1.1894869563404734e-05,1.0779076824605157e-05
120,0.1,fixed,6.56923076923077,6,3,8.328015831393643e-07,0.9949215917957104,0.03684568778310072,1e-06,0.0,,,
120,0.1,fixed,6.846153846153847,1,11,0.24186815519849358,0.7580081512271659,0.0,1e-06,0.032529494776654455,0.026043289337853145,0.06617114102867257,0.2561238537946544
120,0.1,fixed,6.846153846153847,2,11,0.008884914093652996,0.98904845749103,0.032529494776654455,1e-06,0.005741034927883748,0.00019836888468014824,0.005443713378463419,0.008783022280578584
120,0.1,fixed,6.846153846153847,3,8,0.0012226172792063617,0.9937346649137633,0.0382705297045382,1e-06,0.00106208208208332,1.5265254962890275e-05,0.0009933039571052068,0.001202659870867099
120,0.1,fixed,6.846153846153847,4,7,0.00014714044978669794,0.9944257197674097,0.03933261178662152,1e-06,0.00015675940139421644,4.49090010495936e-06,0.00013166966151037282,0.00013433655346091255
120,0.1,fixed,6.846153846153847,5,5,1.3799288641203056e-05,0.9945130346161328,0.039473701848266436,1e-06,1.9641094569657583e-05,6.13041099772979e-07,1.3339077822025295e-05,1.1647814163057798e-05
120,0.1,fixed,6.846153846153847,6,4,1.0015380653705108e-06,0.9945219507414108,0.03948799909257527,1e-06,1.9072916078645154e-06,4.417359571705555e-08,9.779350858199746e-07,8.359169568671386e-07
120,0.1,fixed,6.846153846153847,7,2,5.179224704665586e-08,0.9945226651890399,0.03948904730107248,1e-06,0.0,,,
120,0.1,fixed,7.1230769230769235,1,11,0.25637561430215894,0.7434960892844595,0.0,1e-06,0.034784249979010196,0.02827082448442187,0.07170107549453025,0.2772422703585228
120,0.1,fixed,7.1230769230769235,2,11,0.00920783167680761,0.9883918064202163,0.034784249979010196,1e-06,0.006149065055454726,0.00016337160556338117,0.00583517003853239,0.009143593239837124
120,0.1,fixed,7.1230769230769235,3,9,0.0013035036553331603,0.9932613107458887,0.04093331503446492,1e-06,0.001148041241909056,1.528416060844046e-05,0.0010738705173554744,0.0012709707494220602
120,0.1,fixed,7.1230769230769235,4,7,0.00015879384159867005,0.9939962541624873,0.04208135627637398,1e-06,0.00017573941474524163,5.222275911469734e-06,0.00014393008267287783,0.0001434457682672177
120,0.1,fixed,7.1230769230769235,5,6,1.4898217828740457e-05,0.9940910085032217,0.04223558034472626,1e-06,2.2309910821933913e-05,6.745124892691999e-07,1.456609639000772e-05,1.2446873393401976e-05
120,0.1,fixed,7.1230769230769235,6,4,9.030072269933243e-07,0.9941008357275092,0.04225119271192072,1e-06,0.0,,,
120,0.1,fixed,7.4,1,12,0.27163810599285987,0.7282286730453014,0.0,1e-06,0.037190111328741615,0.030722881522189948,0.07779550652879821,0.30040295253891247
120,0.1,fixed,7.4,2,12,0.009421811738654196,0.9877671791795389,0.037190111328741615,1e-06,0.006546897916218458,0.00012179610506587974,0.006216665562586322,0.009406437804405202
120,0.1,fixed,7.4,3,9,0.0013658615624269066,0.9927768711770052,0.04373700924496007,1e-06,0.0012231619773937202,1.5601517317076975e-05,0.0011442808699817664,0.0013172438896463209
120,0.1,fixed,7.4,4,7,0.00016672792605210152,0.9935461445833259,0.044960171222353795,1e-06,0.0001935162545296258,6.013668292994864e-06,0.00015362378591165688,0.00014846277078722124
120,0.1,fixed,7.4,5,6,1.5223236393913098e-05,0.9936466659031169,0.04512477968227004,1e-06,2.46646585003564e-05,7.664362241257629e-07,1.5265166638243918e-05,1.2364053506104772e-05
120,0.1,fixed,7.4,6,4,8.314386268359897e-07,0.9936569907883365,0.04514114132272175,1e-06,0.0,,,
120,0.1,fixed,7.676923076923077,1,13,0.28778490805889745,0.712076563277065,0.0,1e-06,0.03977190998303537,0.03344542282626741,0.08457513510360755,0.3260176777671966
120,0.1,fixed,7.676923076923077,2,12,0.009489151256189543,0.9871928347584079,0.03977190998303537,1e-06,0.006925339991178149,7.042450401600654e-05,0.006578923338556203,0.009536350986981535
120,0.1,fixed,7.676923076923077,3,9,0.001400172039643044,0.9922861003470962,0.04669724997421352,1e-06,0.0012803718632592304,3.086610220645937e-05,0.0011978836297003416,0.0013312789249521977
120,0.1,fixed,7.676923076923077,4,8,0.00016912812796299193,0.9930752931963852,0.04797762183747275,1e-06,0.00020841293647187763,6.7184134356049235e-06,0.00015898958151555533,0.0001479151831059185
120,0.1,fixed,7.676923076923077,5,6,1.4448939384736903e-05,0.9931789729294156,0.04814797894948105,1e-06,2.6379151991522317e-05,8.92636542081641e-07,1.516180269403618e-05,1.1063773166553739e-05
120,0.1,fixed,7.676923076923077,6,4,7.433564158665362e-07,0.9931892720188973,0.048164229826679256,1e-06,0.0,,,
120,0.1,fixed,7.953846153846155,1,14,0.30498796182908094,0.694867735896936,0.0,1e-06,0.042562459463393654,0.036500564254442175,0.09220473181685405,0.3546419357549635
120,0.1,fixed,7.953846153846155,2,13,0.009368589752989265,0.986656390336587,0.042562459463393654,1e-06,0.007271756682324368,8.797395706535028e-05,0.006909185954714494,0.009473050358704854
120,0.1,fixed,7.953846153846155,3,10,0.0013931710123470387,0.9917960075972337,0.04983421614571802,1e-06,0.0013132401299802451,4.093934379759168e-05,0.0012252883161668457,0.0012989793781333118
120,0.1,fixed,7.953846153846155,4,8,0.00016248082297654065,0.9925844737912898,0.05114389819090895,1e-06,0.00021803733939482618,7.402346899792979e-06,0.0001573843949089542,0.00013803012289894865
120,0.1,fixed,7.953846153846155,5,6,1.2207821134979646e-05,0.9926868616127368,0.05131253759008766,1e-06,2.6774322441526887e-05,9.486160827228279e-07,1.3714812309237237e-05,8.707685465331602e-06
120,0.1,fixed,7.953846153846155,6,4,5.717932269888593e-07,0.9926963411292056,0.05132723760525985,1e-06,0.0,,,
120,0.1,fixed,8.23076923076923,1,15,0.3234832713435305,0.6763660715272527,0.0,1e-06,0.04560664228792821,0.0399752292401116,0.10091731747014439,0.3870515189685845
120,0.1,fixed,8.23076923076923,2,13,0.009087803880788226,0.9862092547080864,0.04560664228792821,1e-06,0.007568179671444332,0.00016466646475704537,0.007189354879642079,0.009082816319827018
120,0.1,fixed,8.23076923076923,3,10,0.0013250559376433158,0.9913129660239552,0.053174821959372544,1e-06,0.0013647646220810747,4.921975556100515e-05,0.0012128403030366485,0.0011987915765435966
120,0.1,fixed,8.23076923076923,4,8,0.0001424735253975351,0.9920749356517409,0.05447137547225051,1e-06,0.00021851283401731834,7.83303040591399e-06,0.0001448613967143741,0.00011502828719999546
120,0.1,fixed,8.23076923076923,5,6,8.677684848024114e-06,0.9921693932707419,0.05462660253030146,1e-06,2.4984375675445003e-05,9.335155673668672e-07,1.0242643603679201e-05,4.132797700678636e-06
120,0.1,fixed,8.23076923076923,6,3,1.6231385662202058e-06,0.9921768710312783,0.05463758105238152,1e-06,1.6229772859596054e-06,1.1242888119123665e-07,8.839951854775633e-07,1.486847177515535e-06
120,0.1,fixed,8.23076923076923,7,2,4.963151292169954e-07,0.9921767448515535,0.05463711533854722,1e-06,0.0,,,
120,0.1,fixed,8.507692307692308,1,16,0.34361086641556504,0.6562313718117124,0.0,1e-06,0.04896878558349527,0.043997069789809204,0.11105930803705405,0.4243833733978819
120,0.1,fixed,8.507692307692308,2,14,0.008619413353451622,0.9859035559455013,0.04896878558349527,1e-06,0.007787951675270598,0.00024959582603938086,0.007392714074644679,0.008293475372081732
120,0.1,fixed,8.507692307692308,3,10,0.0011667415527729652,0.9908458891733077,0.056756737258765864,1e-06,0.0013791945540812564,5.882587915399492e-05,0.0011399287067504192,0.0009998009559169289
120,0.1,fixed,8.507692307692308,4,8,0.00010205871093327268,0.991549464174333,0.05797573302766765,1e-06,0.0002039407783686404,7.854651581818136e-06,0.00011543494678571742,7.37431188685427e-05
120,0.1,fixed,8.507692307692308,5,6,5.076074772625283e-06,0.9916257923429312,0.058099438004865896,1e-06,1.9541720709037542e-05,7.971121020359401e-07,7.565315920282149e-06,3.89453111658605e-06
120,0.1,fixed,8.507692307692308,6,3,2.5040404045828524e-06,0.9916291964926663,0.05810330719861023,1e-06,1.6905891175711481e-06,1.0840645716993412e-08,1.5772393646067413e-06,2.4786182482404697e-06
120,0.1,fixed,8.507692307692308,7,3,6.108099350754514e-07,0.991628421002073,0.05810161660949266,1e-06,0.0,,,
120,0.1,fixed,8.784615384615384,1,18,0.3658932170104605,0.6339409034175335,0.0,1e-06,0.052747263613259876,0.04876614554306587,0.12318107271467607,0.4684154725442962
120,0.1,fixed,8.784615384615384,2,14,0.00787792408218202,0.9857741441576452,0.052747263613259876,1e-06,0.007889008569806143,0.0003642842885914084,0.007477452848157569,0.006963574439711186
120,0.1,fixed,8.784615384615384,3,10,0.0008719270659588441,0.9904263622640791,0.06063627218306602,1e-06,0.0013329915830576867,6.993515432436049e-05,0.0009735422432495651,0.0006531839632321428
120,0.1,fixed,8.784615384615384,4,8,5.195458978257683e-05,0.991013259941797,0.06167795534067503,1e-06,0.0001645942550452825,7.143750263504739e-06,5.9483006143478575e-05,1.6904868543841465e-06
120,0.1,fixed,8.784615384615384,5,4,1.6044465991793544e-05,0.9910554531436275,0.06174170901796282,1e-06,8.473590866225812e-06,4.000262116663191e-07,7.905284114992705e-06,1.567054894846843e-05
120,0.1,fixed,8.784615384615384,6,4,4.694287994100321e-06,0.99105211221287,0.06173323542709659,1e-06,3.6643344608662876e-06,6.514096250619667e-08,3.4186350748133457e-06,4.595491330658136e-06
120,0.1,fixed,8.784615384615384,7,3,6.537197210221279e-07,0.9910499990912012,0.06172957109263572,1e-06,0.0,,,
120,0.1,fixed,9.061538461538461,1,20,0.39120973897364564,0.6086147995544661,0.0,1e-06,0.0571067989335744,0.05462641589147768,0.1382439871507512,0.5221974518571377
120,0.1,fixed,9.061538461538461,2,15,0.0065579022557692435,0.9858985849272566,0.0571067989335744,1e-06,0.007799145944194213,0.000778582899286814,0.007372646483658694,0.004823661093574657
120,0.1,fixed,9.061538461538461,3,10,0.0004207079850684359,0.9900986158476074,0.06490594487776861,1e-06,0.0011847861429714792,8.293512867160978e-05,0.0006564851598339707,0.00010069398243165811
120,0.1,fixed,9.061538461538461,4,6,0.00012217444985407333,0.9904764109709293,0.06560909902344439,1e-06,8.317919458990613e-05,5.050123083440132e-06,6.673815951420262e-05,0.00011740841264632057
120,0.1,fixed,9.061538461538461,5,6,3.660262139870696e-05,0.99045915899288,0.0655664491263812,1e-06,2.953169077958551e-05,1.8809981145981223e-07,2.754984344981073e-05,3.655297301295582e-05
120,0.1,fixed,9.061538461538461,6,5,6.837807389414863e-06,0.990443421454942,0.06553691743560161,1e-06,6.693011881382866e-06,2.645228540796811e-07,6.2442047979279794e-06,6.178679263137812e-06
120,0.1,fixed,9.061538461538461,7,4,1.0450911660520035e-06,0.990439783508137,0.06553022442372022,1e-06,1.2398861298984696e-06,4.3626668921653345e-08,9.140995979936204e-07,9.907180301545052e-07
120,0.1,fixed,9.061538461538461,8,2,1.593306617753143e-07,0.9904391916919316,0.06552924463385294,1e-06,0.0,,,
120,0.1,fixed,9.338461538461539,1,24,0.42128028706524556,0.5785323062622133,0.0,1e-06,0.06236760532129737,0.062264980499473016,0.15820490131622683,0.5918059214580345
120,0.1,fixed,9.338461538461539,2,15,0.004266802332324349,0.9865452756297465,0.06236760532129737,1e-06,0.007375221740759464,0.0012582978249237211,0.00693985810305327,0.0019094935328663222
120,0.1,fixed,9.338461538461539,3,10,0.0009079980769526319,0.989953088747891,0.06974282706205684,1e-06,0.0008510001428628461,6.646556573286536e-05,0.0006323027610970054,0.0008235308552230734
120,0.1,fixed,9.338461538461539,4,9,0.0003298795672594945,0.9899619967391197,0.06982302080843876,1e-06,0.0002321898281361966,1.3505074063996357e-06,0.00021649072469435597,0.00032797841177517666
120,0.1,fixed,9.338461538461539,5,8,7.119924252352305e-05,0.9898384000044322,0.06959083098030257,1e-06,6.575986505668539e-05,9.74372592228136e-07,6.134237047567588e-05,6.798628835256724e-05
120,0.1,fixed,9.338461538461539,6,6,1.1092788963162903e-05,0.9898020509468547,0.06952507111524588,1e-06,1.3490526937939532e-05,4.788770392140762e-07,1.0613123917634442e-05,9.614340795989075e-06
120,0.1,fixed,9.338461538461539,7,4,1.0756038508752397e-06,0.9897954318116895,0.06951369506797164,1e-06,2.204421811574041e-06,8.147674007150675e-08,1.1952686890014406e-06,7.830629616076745e-07
120,0.1,fixed,9.338461538461539,8,2,9.71492440937638e-08,0.9897946106659015,0.06951241390317932,1e-06,0.0,,,
120,0.1,fixed,9.615384615384615,1,33,0.46056455908130334,0.5392313415759218,0.0,1e-06,0.0693546065560191,0.0735058868440985,0.1883823479789591,0.6933255877952688
120,0.1,fixed,9.615384615384615,2,16,0.004852738530127354,0.9880713296190999,0.0693546065560191,1e-06,0.006994348722800787,0.001466389140854028,0.0058243926685984816,0.0030136573037878103
120,0.1,fixed,9.615384615384615,3,11,0.0027414917120311966,0.9902313426502319,0.07559773448187583,1e-06,0.0011523689082312757,2.4965656432083182e-05,0.0010703482821169512,0.002628659400713248
120,0.1,fixed,9.615384615384615,4,10,0.0007267217584816521,0.9895320765152119,0.07444536557364456,1e-06,0.0006003087179473447,6.5250051514300996e-06,0.0005592654529577726,0.0007180384740262347
120,0.1,fixed,9.615384615384615,5,9,0.00013815160886743172,0.9892027246335394,0.07384505685569721,1e-06,0.0001376501960949211,4.9076619108023026e-06,0.0001255046403866004,0.0001254667593888988
120,0.1,fixed,9.615384615384615,6,7,1.762989824549699e-05,0.9891264965354223,0.07371049613937017,1e-06,2.7873139750721902e-05,1.08725778253504e-06,1.8213993175098407e-05,1.39435831389901e-05
120,0.1,fixed,9.615384615384615,7,5,1.2150591448545356e-06,0.9891147403181604,0.0736909725798584,1e-06,3.76752255173218e-06,1.5189929063123923e-07,1.3264345533433666e-06,2.491314358143991e-07
120,0.1,fixed,9.615384615384615,8,2,1.9015871355332337e-07,0.9891137743683424,0.0736895508238651,1e-06,0.0,,,
120,0.25,calibrated,0.2,1,3,0.004998826312127003,0.9999928830043316,0.0,1e-06,0.08595391258660516,1.5428244905114182e-05,0.005011775883684832,0.004731909687044497
120,0.25,calibrated,0.2,2,3,2.4739087160829953e-05,0.9999928830043316,0.08595391258660516,1e-06,0.00042639303382804313,8.878182414948557e-09,2.461650776552593e-05,2.3192592977399358e-05
120,0.25,calibrated,0.2,3,2,2.4855251901101383e-07,0.9999928830043316,0.08638030562043321,1e-06,0.0,,,
120,0.25,calibrated,0.47692307692307695,1,3,0.004997201182909361,0.9934521195811528,0.0,1e-06,0.08593969547675555,3.932496143954586e-05,0.005017013983563118,0.004368657211287335
120,0.25,calibrated,0.47692307692307695,2,3,2.4723211530464084e-05,0.9975645367864501,0.08593969547675555,1e-06,0.0004261165853216739,5.666249432790742e-08,2.4600868681418558e-05,2.3619975385595424e-05
120,0.25,calibrated,0.47692307692307695,3,2,2.483130856489879e-07,0.9975881348957056,0.08636581206207722,1e-06,0.0,,,
120,0.25,calibrated,0.7538461538461538,1,4,0.004995576027058579,0.9857254625728358,0.0,1e-06,0.08592547824878889,6.386453258143178e-05,0.0050247984568102195,0.003993980606432312
120,0.25,calibrated,0.7538461538461538,2,3,2.6510446606065052e-05,0.989317644463091,0.08592547824878889,1e-06,0.0004258402321299367,1.4255956027605843e-07,2.458523469654883e-05,2.6159367214319504e-05
120,0.25,calibrated,0.7538461538461538,3,2,2.480738252597092e-07,0.9893440398663385,0.08635131848091883,1e-06,0.0,,,
120,0.25,calibrated,1.0307692307692309,1,4,0.004993950844572659,0.9778784110754463,0.0,1e-06,0.08591126090272616,8.90834079501229e-05,0.005032627063341034,0.00360705008481716
120,0.25,calibrated,1.0307692307692309,2,4,3.189351378274363e-05,0.9809368114102985,0.08591126090272616,1e-06,0.00042560624456332064,2.7192080513091527e-07,2.45720463745428e-05,3.129358168261116e-05
120,0.25,calibrated,1.0307692307692309,3,2,2.454082497216348e-07,0.9809686951284784,0.08633686714728948,1e-06,0.0,,,
120,0.25,calibrated,1.3076923076923077,1,4,0.004992325635448269,0.9699063052325818,0.0,1e-06,0.0858970434384931,0.00011502138621746417,0.005040495673078514,0.0032069457027563385
120,0.25,calibrated,1.3076923076923077,2,4,4.032103891249417e-05,0.9724153354442634,0.0858970434384931,1e-06,0.0004253300347414692,4.5101661286258396e-07,2.4556419891804916e-05,3.939811199129012e-05
120,0.25,calibrated,1.3076923076923077,3,2,2.4517244034960584e-07,0.9724558151718653,0.08632237347323457,1e-06,0.0,,,
120,0.25,calibrated,1.5846153846153845,1,5,0.004990700399683967,0.9618031971027502,0.0,1e-06,0.08588282585611158,0.00014180534777591554,0.0050483996035715906,0.002792686330217788
120,0.25,calibrated,1.5846153846153845,2,4,5.2202048073435314e-05,0.9637459783216582,0.08588282585611158,1e-06,0.00042505392039609056,6.858057636289388e-07,2.454079851815414e-05,5.092156142779059e-05
120,0.25,calibrated,1.5846153846153845,3,3,5.006241604599282e-07,0.9637986815248706,0.08630787977650767,1e-06,0.0,,,
120,0.25,calibrated,1.8615384615384616,1,5,0.004989075137276866,0.9535627586186194,0.0,1e-06,0.08586860815554542,0.00017039325980074786,0.005056333084434778,0.002363096044406568
120,0.25,calibrated,1.8615384615384616,2,4,6.811691954189403e-05,0.9549207443880127,0.08586860815554542,1e-06,0.00042477790159382487,9.855134917305495e-07,2.4525182257630056e-05,6.646850617720281e-05
120,0.25,calibrated,1.8615384615384616,3,3,9.75420201942967e-07,0.9549898374280577,0.08629338605713925,1e-06,0.0,,,
120,0.25,calibrated,2.138461538461539,1,5,0.004987449848224523,0.945178054213971,0.0,1e-06,0.08585439033677278,0.0002002972090531782,0.005064289556318703,0.0019169168189943618
120,0.25,calibrated,2.138461538461539,2,4,8.866022776554683e-05,0.9459309646922502,0.08585439033677278,1e-06,0.0004245019783365763,1.3591673485824948e-06,2.4509571110534734e-05,8.668571372114704e-05
120,0.25,calibrated,2.138461538461539,3,3,1.684315093841704e-06,0.9460213101596846,0.08627889231510935,1e-06,4.192360884614167e-06,1.1913546162859876e-08,3.6325540578729843e-07,1.6982701184127366e-06
120,0.25,calibrated,2.138461538461539,4,2,1.9579773025135694e-08,0.9460196102688688,0.08628308467599397,1e-06,0.0,,,
120,0.25,calibrated,2.4153846153846157,1,5,0.004985824532525163,0.9366415690639767,0.0,1e-06,0.08584017239979742,0.00023164342362238274,0.005072261238818963,0.0014527144430319491
120,0.25,calibrated,2.4153846153846157,2,4,0.000114552154881431,0.936767100445035,0.08584017239979742,1e-06,0.0004242261506262486,1.8178452377939541e-06,2.4493965077170184e-05,0.00011235415201335644
120,0.25,calibrated,2.4153846153846157,3,3,2.7119815503295897e-06,0.9368843657942367,0.08626439855042367,1e-06,4.188307034882447e-06,1.9510832526226317e-08,5.690625430990097e-07,2.7501974984418107e-06
120,0.25,calibrated,2.4153846153846157,4,2,3.473907228546125e-08,0.9368816278927945,0.08626858685745856,1e-06,0.0,,,
120,0.25,calibrated,2.6923076923076925,1,6,0.0049841991901761196,0.9279449751756506,0.0,1e-06,0.0858259543445784,0.0002645669434003479,0.005080239416822916,0.0009689753730143843
120,0.25,calibrated,2.6923076923076925,2,3,0.00014639580214670378,0.9274188859481932,0.0858259543445784,1e-06,0.0004239084298426957,2.0000657306927642e-06,2.602126293926907e-05,0.0001442069765492589
120,0.25,calibrated,2.6923076923076925,3,3,4.0575928598185484e-06,0.9275693409277657,0.0862498627744211,1e-06,4.2258298446424725e-06,1.3845774907167538e-08,8.564940353340403e-07,4.163682171276561e-06
120,0.25,calibrated,2.6923076923076925,4,2,5.646908896039804e-08,0.92756524581179,0.08625408860426574,1e-06,0.0,,,
120,0.25,calibrated,2.9692307692307693,1,6,0.0049825738211748405,0.9190794641481013,0.0,1e-06,0.0858117361711005,0.00029924103317676646,0.005088212798700633,0.0011138922581362166
120,0.25,calibrated,2.9692307692307693,2,4,0.00018563951849626115,0.9178742483859661,0.0858117361711005,1e-06,0.00042367478196250096,2.5673783691107334e-06,3.3620841594207674e-05,0.00018369387622515278
120,0.25,calibrated,2.9692307692307693,3,4,6.231222390407076e-06,0.9180661212244408,0.086235410953063,1e-06,4.1804161086147115e-06,4.9081759328698045e-08,1.2660541516297902e-06,6.384405822085381e-06
120,0.25,calibrated,2.9692307692307693,4,2,1.295477358720376e-07,0.9180597711339888,0.08623959136917161,1e-06,0.0,,,
120,0.25,calibrated,3.2461538461538466,1,6,0.004980948425518883,0.9100351268200232,0.0,1e-06,0.08579751787933898,0.0003358488508590856,0.005096168823175013,0.0017459936005338296
120,0.25,calibrated,3.2461538461538466,2,4,0.00023307353718915458,0.9081206718504989,0.08579751787933898,1e-06,0.0004233992410471611,3.2381582701426084e-06,4.2785305552991625e-05,0.00023181778605711338
120,0.25,calibrated,3.2461538461538466,3,4,9.020300859030606e-06,0.9083627684021177,0.08622091712038614,1e-06,4.1763702937960425e-06,7.243027726864633e-08,1.8204266878091976e-06,9.301106705426172e-06
120,0.25,calibrated,3.2461538461538466,4,2,2.0829442415326582e-07,0.9083535607758231,0.08622509349067993,1e-06,0.0,,,
120,0.25,calibrated,3.5230769230769234,1,7,0.0049793230032061375,0.9008010315740925,0.0,1e-06,0.08578329946928336,0.00037254869515634085,0.005104092730099573,0.0022991040298979363
120,0.25,calibrated,3.5230769230769234,2,5,0.0002903070591336876,0.8981435528100195,0.08578329946928336,1e-06,0.00042312358804859216,4.511650309477232e-06,5.380958811636282e-05,0.0002903070221646985
120,0.25,calibrated,3.5230769230769234,3,4,1.3022771085391405e-05,0.8984468861370281,0.08620642305733195,1e-06,4.1725329259468306e-06,1.1654601991812774e-07,2.5789187131949383e-06,1.3463691354194311e-05
120,0.25,calibrated,3.5230769230769234,4,2,3.339021036330436e-07,0.8984335681337737,0.0862105955902579,1e-06,0.0,,,
120,0.25,calibrated,3.8000000000000003,1,7,0.004977697554234384,0.8913652964601352,0.0,1e-06,0.08576908094091744,0.0004101533547630893,0.005111965925201675,0.0029948678971284276
120,0.25,calibrated,3.8000000000000003,2,5,0.00035887967321979186,0.8879268882054898,0.08576908094091744,1e-06,0.0004228482386212241,5.764570640390378e-06,6.701999815712449e-05,0.00036094529331084165
120,0.25,calibrated,3.8000000000000003,3,4,1.8312367598083412e-05,0.88830408471596,0.08619192917953866,1e-06,5.0961042283819635e-06,1.7011608870657073e-07,3.59428092424408e-06,1.903263742028982e-05
120,0.25,calibrated,3.8000000000000003,4,3,7.191096462744184e-07,0.8882850530784905,0.08619609767199433,1e-06,0.0,,,
120,0.25,calibrated,4.0769230769230775,1,7,0.004976072078600735,0.8817145584788703,0.0,1e-06,0.08575486229421458,0.0004494909278314463,0.0051197669016802075,0.0031519362195822206
120,0.25,calibrated,4.0769230769230775,2,5,0.0004408718760133823,0.8774524206531243,0.08575486229421458,1e-06,0.0004225729848626334,6.9741052502376e-06,8.28304751282216e-05,0.00044607550433249324
120,0.25,calibrated,4.0769230769230775,3,4,2.5430697812245384e-05,0.8779187289110322,0.08617743527907722,1e-06,6.903263959491843e-06,2.3184549911274353e-07,4.9513402306504815e-06,2.657627054178295e-05
120,0.25,calibrated,4.0769230769230775,4,3,1.1157683625917514e-06,0.8778921825238967,0.08618159973386151,1e-06,3.8405193167976535e-07,9.415261559916752e-09,2.406436297817454e-07,1.2084402753460943e-06
120,0.25,calibrated,4.0769230769230775,5,2,1.6757265575151337e-08,0.8778932917287289,0.08618164087182427,1e-06,0.0,,,
120,0.25,calibrated,4.353846153846154,1,7,0.004974446576303304,0.8718339651953306,0.0,1e-06,0.08574064352915954,0.0004899760463194522,0.005127469440544414,0.003248661602403692
120,0.25,calibrated,4.353846153846154,2,6,0.000538868218303068,0.8666993769613045,0.08574064352915954,1e-06,0.00042229782882914873,8.127310853473794e-06,0.00010175623624078387,0.0005486193176673389
120,0.25,calibrated,4.353846153846154,3,4,3.5073893429271585e-05,0.8672733262250545,0.08616294135798869,1e-06,9.266668173111059e-06,2.8505931167715057e-07,6.764616585872306e-06,3.6842824972665916e-05
120,0.25,calibrated,4.353846153846154,4,3,1.7120192015163127e-06,0.8672365412973149,0.08616710177584988,1e-06,5.793151798324117e-07,1.627070496359464e-08,3.714170387472864e-07,1.8720871800700076e-06
120,0.25,calibrated,4.353846153846154,5,2,2.6205788650202066e-08,0.86723823522601,0.08616714286080125,1e-06,0.0,,,
120,0.25,calibrated,4.630769230769231,1,8,0.005422618375586108,0.8617066892677177,0.0,1e-06,0.08572642464573046,0.0005323030510064586,0.005135042534680695,0.0036554281783331747
120,0.25,calibrated,4.630769230769231,2,6,0.0006556112033944128,0.8556444450310775,0.08572642464573046,1e-06,0.0004220227664728496,9.232544650264453e-06,0.00012439084426009664,0.0006718288007703816
120,0.25,calibrated,4.630769230769231,3,5,4.827062936185733e-05,0.8563483360010825,0.08614844741220332,1e-06,1.2342252423195003e-05,3.739792449129437e-07,9.179929640545743e-06,5.090626893537861e-05
120,0.25,calibrated,4.630769230769231,4,4,3.0918361142440176e-06,0.8562969727680014,0.0861526037968885,1e-06,8.792156654494294e-07,1.8114573208854886e-08,5.890040834928302e-07,3.282422275792587e-06
120,0.25,calibrated,4.630769230769231,5,2,1.0241889170092833e-07,0.8563001410477885,0.08615264483197009,1e-06,0.0,,,
120,0.25,calibrated,4.907692307692308,1,8,0.0062760201699187945,0.8513141878040142,0.0,1e-06,0.08571220564391015,0.0005766943075079455,0.005142446179918207,0.004329222785901641
120,0.25,calibrated,4.907692307692308,2,6,0.0007952150805067282,0.8442600994218201,0.08571220564391015,1e-06,0.00042174779983673595,1.0921715042131036e-05,0.00015154827531372247,0.0008203671644832646
120,0.25,calibrated,4.907692307692308,3,5,6.565661471436002e-05,0.8451209826509652,0.08613395344374689,1e-06,1.633809752530614e-05,5.237204676251943e-07,1.2380012535915028e-05,6.963179827881622e-05
120,0.25,calibrated,4.907692307692308,4,4,4.730337335834278e-06,0.8450505946023167,0.08613810579907549,1e-06,1.3041571786672056e-06,2.823354196822254e-08,8.959494691084026e-07,5.053701747749751e-06
120,0.25,calibrated,4.907692307692308,5,2,1.6796206847580208e-07,0.8450554443600053,0.08613814678126566,1e-06,0.0,,,
120,0.25,calibrated,5.184615384615385,1,8,0.007176226921698392,0.8406350685360373,0.0,1e-06,0.08569798652366342,0.0006233625417712712,0.005149632797485226,0.004974715614748404
120,0.25,calibrated,5.184615384615385,2,6,0.00096236086438517,0.8325148235186716,0.08569798652366342,1e-06,0.00042147292896840843,1.3166709407770502e-05,0.00018421049782922137,0.0009997258228583005
120,0.25,calibrated,5.184615384615385,3,6,8.9060284588105e-05,0.8335662592183528,0.08611945945263183,1e-06,2.1541764174348863e-05,7.568299266556946e-07,1.6641353469435347e-05,9.498729100233954e-05
120,0.25,calibrated,5.184615384615385,4,4,7.294560543158468e-06,0.8334699028422058,0.08612360778137991,1e-06,1.930669760293228e-06,5.056051591572605e-08,1.3632152541019563e-06,7.826493871224104e-06
120,0.25,calibrated,5.184615384615385,5,2,2.782974197756971e-07,0.8334773862684081,0.0861236487107072,1e-06,0.0,,,
120,0.25,calibrated,5.461538461538462,1,9,0.008129761108418454,0.829644845526665,0.0,1e-06,0.08568376728501309,0.0006725552607859239,0.0051565437732019655,0.00552690604695706
120,0.25,calibrated,5.461538461538462,2,6,0.0011629426781183394,0.820371717744203,0.08568376728501309,1e-06,0.0004211981538583467,1.5845159577660068e-05,0.00022362756139668774,0.0012168819756091225
120,0.25,calibrated,5.461538461538462,3,6,0.00012043866018152105,0.8216551175032292,0.08610496543887143,1e-06,2.831981213050351e-05,1.067282903536363e-06,2.2316245745836455e-05,0.00012923032577577702
120,0.25,calibrated,5.461538461538462,4,4,1.1071798996176163e-05,0.821523604853586,0.08610910974379027,1e-06,2.8402877936807297e-06,7.776215584151179e-08,2.0585050864444398e-06,1.1959411456360586e-05
120,0.25,calibrated,5.461538461538462,5,3,7.459078015248366e-07,0.8215354158329463,0.08610915062034989,1e-06,0.0,,,
120,0.25,calibrated,5.7384615384615385,1,9,0.00914501964823533,0.8183157684967952,0.0,1e-06,0.08566954792787158,0.000724576750438493,0.005163102443047032,0.0064403586095797384
120,0.25,calibrated,5.7384615384615385,2,7,0.0014058382955962623,0.8077857603864479,0.08566954792787158,1e-06,0.00042092347453511104,1.9115226534758592e-05,0.00027155054179980854,0.0014819925284271565
120,0.25,calibrated,5.7384615384615385,3,6,0.00016370161446677134,0.8093553234974732,0.08609047140240669,1e-06,3.722387667152708e-05,1.5515308331800422e-06,2.9961401723769477e-05,0.00017656649028849108
120,0.25,calibrated,5.7384615384615385,4,4,1.6888037514650733e-05,0.8091747309587223,0.08609461168628947,1e-06,4.191768882201815e-06,1.2010102801540808e-07,3.1234669350489583e-06,1.8369709919013244e-05
120,0.25,calibrated,5.7384615384615385,5,3,1.2423502916414364e-06,0.8091928471577842,0.08609465251010046,1e-06,4.169470291952268e-07,2.3136599789237654e-08,2.900869056073334e-07,1.4459095902287144e-06
120,0.25,calibrated,5.7384615384615385,6,2,7.217022568450915e-08,0.8091916914058578,0.08609465291260962,1e-06,0.0,,,
120,0.25,calibrated,6.015384615384616,1,9,0.010232025568797987,0.8066152958460652,0.0,1e-06,0.08565532845229605,0.0007797799983852007,0.005169213672436958,0.007433073314535926
120,0.25,calibrated,6.015384615384616,2,8,0.0017003978124275898,0.794705040787902,0.08565532845229605,1e-06,0.0004206488910120295,2.2704406617705518e-05,0.00033008406933471177,0.0018065420622630918
120,0.25,calibrated,6.015384615384616,3,6,0.00022213393668502057,0.7966276019238303,0.08607597734330807,1e-06,4.894412281220782e-05,2.1980640645938457e-06,4.025728645551541e-05,0.00024106438491773308
120,0.25,calibrated,6.015384615384616,4,5,2.6324700730162576e-05,0.7963791391334605,0.08608011360891941,1e-06,6.190824593556998e-06,2.309039309885413e-07,4.755290035801669e-06,2.869265276164968e-05
120,0.25,calibrated,6.015384615384616,5,4,2.914490545791182e-06,0.7964083789378593,0.08608015438002556,1e-06,7.324550850912427e-07,2.1969388946339108e-08,5.393884775694238e-07,3.2087235425695724e-06
120,0.25,calibrated,6.015384615384616,6,2,1.299931886578065e-07,0.7964054017324813,0.08608015478192353,1e-06,0.0,,,
120,0.25,calibrated,6.292307692307693,1,10,0.01140318902796611,0.7945051362304697,0.0,1e-06,0.08564110885821222,0.0008385858430275646,0.005174755636417529,0.00851906769729061
120,0.25,calibrated,6.292307692307693,2,8,0.0020604139012804223,0.7810650691229534,0.08564110885821222,1e-06,0.00042037440333099013,2.4641784995571723e-05,0.0004021599457991376,0.0022070372462436737
120,0.25,calibrated,6.292307692307693,3,6,0.0003022861848572811,0.7834278067599543,0.08606148326154321,1e-06,6.448826574444626e-05,3.114703831344873e-06,5.4248973684978124e-05,0.00033016674571745763
120,0.25,calibrated,6.292307692307693,4,6,4.0458973486035e-05,0.7830850556405934,0.08606561551163058,1e-06,9.164967004941291e-06,3.7114475120533164e-07,7.246574474019405e-06,4.438829162166796e-05
120,0.25,calibrated,6.292307692307693,5,4,5.149282498950747e-06,0.7831306648732329,0.08606565623011757,1e-06,1.2465018085473112e-06,4.0679868157182364e-08,9.389192361759141e-07,5.693190407809188e-06
120,0.25,calibrated,6.292307692307693,6,2,2.4498620510016167e-07,0.7831254094178227,0.08606565663136437,1e-06,0.0,,,
120,0.25,calibrated,6.56923076923077,1,10,0.01267511665484633,0.7819406964659071,0.0,1e-06,0.08562688914561817,0.0009167183280932644,0.005179563814216935,0.009716895060997356
120,0.25,calibrated,6.56923076923077,2,8,0.0025053530967892312,0.7667851843462034,0.08562688914561817,1e-06,0.00042010001149770515,2.7362852717274402e-05,0.0004919063820391919,0.002706797066344268
120,0.25,calibrated,6.56923076923077,3,7,0.00041465756765812767,0.7697052433725168,0.08604698915711587,1e-06,8.536465963900728e-05,4.5076273531912815e-06,7.353863615204649e-05,0.0004557269070556494
120,0.25,calibrated,6.56923076923077,4,6,6.35460038056479e-05,0.7692270313175148,0.08605111739444771,1e-06,1.371003718695281e-05,6.623716696407597e-07,1.1172166592521181e-05,7.00090690915751e-05
120,0.25,calibrated,6.56923076923077,5,4,9.104111812874294e-06,0.7692996827675218,0.08605115806035361,1e-06,2.145657988210165e-06,7.84399320559123e-08,1.6564352724433955e-06,1.0150528443167256e-05
120,0.25,calibrated,6.56923076923077,6,3,8.472841506179662e-07,0.7692897535283674,0.08605115846096258,1e-06,0.0,,,
120,0.25,calibrated,6.846153846153847,1,11,0.014068520219503111,0.7688676660010205,0.0,1e-06,0.08561266931450534,0.001004426790663497,0.005183424488648133,0.011049931458561927
120,0.25,calibrated,6.846153846153847,2,8,0.0030611971001014426,0.7517643885279125,0.08561266931450534,1e-06,0.0004752548076435708,3.324747435859502e-05,0.0006050012643035344,0.0033375576949255382
120,0.25,calibrated,6.846153846153847,3,8,0.0005727727912366865,0.7553984212322284,0.08603249503001752,1e-06,0.00011373800833546886,6.512472040793983e-06,0.00010044168647054615,0.0006337667566310408
120,0.25,calibrated,6.846153846153847,4,6,9.975652337079755e-05,0.7547258795385856,0.08603661925737939,1e-06,2.086803115716037e-05,1.093445596066524e-06,1.7360869292402462e-05,0.00011066474019434092
120,0.25,calibrated,6.846153846153847,5,5,1.6763095824878782e-05,0.7548424014244887,0.0860366598707461,1e-06,3.7158225532481985e-06,1.5597655271820015e-07,2.951608492136521e-06,1.86912666118414e-05
120,0.25,calibrated,6.846153846153847,6,4,2.5815204257595425e-06,0.7548230562733067,0.08603666027070199,1e-06,6.259421723472045e-07,2.421494237354095e-08,4.806054140043252e-07,2.9244534395224147e-06
120,0.25,calibrated,6.846153846153847,7,2,1.3069128523834905e-07,0.7548256632460735,0.08603666027463948,1e-06,0.0,,,
120,0.25,calibrated,7.1230769230769235,1,11,0.015611868740217028,0.7552208558761648,0.0,1e-06,0.08559844936483663,0.0010927833584757872,0.005186038596856857,0.012550073928791195
120,0.25,calibrated,7.1230769230769235,2,10,0.003767959762430606,0.7358690168777389,0.08559844936483663,1e-06,0.0005707240329087842,4.076287949848945e-05,0.0007499998205314019,0.004147789717366566
120,0.25,calibrated,7.1230769230769235,3,8,0.0008018888321943418,0.7404389477228253,0.08601800088025101,1e-06,0.00015305607900686766,9.523170164035523e-06,0.00013877548273403628,0.0008931988262730456
120,0.25,calibrated,7.1230769230769235,4,7,0.00015975838945581078,0.7394772823975753,0.08602212110040373,1e-06,3.213007574215932e-05,1.8748801094853524e-06,2.744048030706667e-05,0.00017841029380737678
120,0.25,calibrated,7.1230769230769235,5,6,3.141325765931846e-05,0.7396684578037533,0.08602216166129219,1e-06,6.546211406655397e-06,3.5497125847752607e-07,5.388174983416312e-06,3.5117714749533305e-05
120,0.25,calibrated,7.1230769230769235,6,4,5.6686594798183165e-06,0.7396313751181353,0.0860221620605988,1e-06,1.2784383335205531e-06,5.762144434777941e-08,1.0337527329055426e-06,6.448352390444761e-06
120,0.25,calibrated,7.1230769230769235,7,2,3.0586306198898683e-07,0.7396370847577983,0.08602216206452487,1e-06,0.0,,,
120,0.25,calibrated,7.4,1,12,0.017343199970401013,0.7409187979597733,0.0,1e-06,0.08558422929660721,0.0011801034404399667,0.005186993932564233,0.01426013002613134
120,0.25,calibrated,7.4,2,10,0.004680305231850146,0.7189249079821651,0.08558422929660721,1e-06,0.0006904412721385712,5.043270362643081e-05,0.0009392470843600425,0.005205875863730175
120,0.25,calibrated,7.4,3,9,0.0011390301112731427,0.7247443532523237,0.08600350670783058,1e-06,0.0002085772733374364,1.3549090320951524e-05,0.00019445197160678653,0.0012776147234491925
120,0.25,calibrated,7.4,4,8,0.0002610064355150765,0.7233442893278361,0.08600762292352734,1e-06,5.019011869976926e-05,3.269640772617222e-06,4.4227524018268524e-05,0.0002935793810175073
120,0.25,calibrated,7.4,5,6,5.906151305579144e-05,0.7236643635893785,0.08600766343200227,1e-06,1.1740269107209165e-05,7.015594548337689e-07,1.002658549774723e-05,6.652975713412895e-05
120,0.25,calibrated,7.4,6,5,1.2765955071603052e-05,0.7235925345146895,0.0860076638306558,1e-06,2.6473941055038016e-06,1.1959937252123973e-07,2.2293063137620674e-06,1.4494597157843972e-05
120,0.25,calibrated,7.4,7,4,2.454733834089673e-06,0.7236077557198736,0.08600766383458568,1e-06,5.714385449584914e-07,2.874946407789843e-08,4.6256328880215e-07,2.8469294251448898e-06
120,0.25,calibrated,7.4,8,2,1.30610675608267e-07,0.7236053179389194,0.08600766383461995,1e-06,0.0,,,
120,0.25,calibrated,7.676923076923077,1,12,0.01931755202629648,0.7258599221681841,0.0,1e-06,0.0855700091097867,0.0012876612294055792,0.00518568390283816,0.01624165389526141
120,0.25,calibrated,7.676923076923077,2,10,0.005888689985369289,0.700685007125748,0.0855700091097867,1e-06,0.0008439346410353289,6.327537294182481e-05,0.0011928152090191944,0.006624316508194365
120,0.25,calibrated,7.676923076923077,3,10,0.0016515742715204063,0.7082254212512594,0.08598901251273726,1e-06,0.00028932889549746334,1.9689527834498278e-05,0.0002830053179151566,0.0018658601019648576
120,0.25,calibrated,7.676923076923077,4,8,0.00043750618748528147,0.7061362980232586,0.0859931247267522,1e-06,8.010127612307548e-05,5.458694147584561e-06,7.329537771203477e-05,0.0004961571628486112
120,0.25,calibrated,7.676923076923077,5,8,0.0001153749032597462,0.7066891906134286,0.08599316518284597,1e-06,2.1673198076782922e-05,1.4266164234264832e-06,1.930015031256492e-05,0.00013084689527312227
120,0.25,calibrated,7.676923076923077,6,6,3.00320787083308e-05,0.7065437804335652,0.08599316558085596,1e-06,5.706321133637907e-06,3.583953227287939e-07,5.0538186778613475e-06,3.4134293590967396e-05
120,0.25,calibrated,7.676923076923077,7,4,6.8854080977898136e-06,0.706580698767041,0.08599316558477821,1e-06,1.4642877990815894e-06,8.313836771690205e-08,1.267453010733124e-06,8.024401233771078e-06
120,0.25,calibrated,7.676923076923077,8,3,8.450040392959934e-07,0.7065730294314702,0.08599316558481629,1e-06,0.0,,,
120,0.25,calibrated,7.953846153846155,1,13,0.021614649073415926,0.7099117704358825,0.0,1e-06,0.08555578880436555,0.001443155485816036,0.005181205047579733,0.01858391605516652
120,0.25,calibrated,7.953846153846155,2,12,0.007541351107789085,0.6807889062007332,0.08555578880436555,1e-06,0.0010464216863131045,8.704339861311196e-05,0.0015441303874434418,0.008589857233391677
120,0.25,calibrated,7.953846153846155,3,10,0.002465478905830154,0.6907959460670062,0.08597451829497292,1e-06,0.0004113153867372067,2.9615643068241283e-05,0.0004332923471921157,0.0028049713659233054
120,0.25,calibrated,7.953846153846155,4,10,0.0007637299598958203,0.6875666681389563,0.08597862651007827,1e-06,0.00013197949577977593,9.534813337203507e-06,0.00013220525897166262,0.0008736148829084349
120,0.25,calibrated,7.953846153846155,5,8,0.00023690283372213017,0.688567322612139,0.08597866691384039,1e-06,4.1800514631987144e-05,2.9517290982541513e-06,4.088821030225457e-05,0.0002706719454660105
120,0.25,calibrated,7.953846153846155,6,7,7.258241480867511e-05,0.6882578305094338,0.08597866731121824,1e-06,1.290661927889092e-05,8.800988661689962e-07,1.2566345823312228e-05,8.30891504954122e-05
120,0.25,calibrated,7.953846153846155,7,6,2.1801851134983785e-05,0.6883522170563304,0.08597866731512527,1e-06,3.953056564160505e-06,2.484482968852135e-07,3.785149386142251e-06,2.5035367615643174e-05
120,0.25,calibrated,7.953846153846155,8,4,5.6457722624747575e-06,0.6883247687081622,0.08597866731516335,1e-06,1.1673489281300586e-06,7.65960996040771e-08,1.0485061729566972e-06,6.676768555248904e-06
120,0.25,calibrated,7.953846153846155,9,2,3.2175036002168866e-07,0.6883302595098119,0.08597866731516335,1e-06,0.0,,,
120,0.25,calibrated,8.23076923076923,1,14,0.024359473838570622,0.6928992633122468,0.0,1e-06,0.08554156838031611,0.0016335472046555394,0.005172110001277899,0.021426140098519085
120,0.25,calibrated,8.23076923076923,2,14,0.009898345561781263,0.6586764982569807,0.08554156838031611,1e-06,0.001324064802454809,0.00012339553582980245,0.0020532005258719747,0.011435629485432565
120,0.25,calibrated,8.23076923076923,3,12,0.003827643749893972,0.6724027934907388,0.08596002405453468,1e-06,0.0006050229573170897,4.650807819875689e-05,0.0006906108300177128,0.004383799031171048
120,0.25,calibrated,8.23076923076923,4,10,0.0014060077200109822,0.6671690244660616,0.08596412827348364,1e-06,0.00022738011693329847,1.764159845934734e-05,0.0002519307809338413,0.0016239727474711956
120,0.25,calibrated,8.23076923076923,5,10,0.0005192244462144391,0.6690943004530358,0.08596416862497883,1e-06,8.557438863194209e-05,6.494349308205646e-06,9.261292503195186e-05,0.0005981163144958815
120,0.25,calibrated,8.23076923076923,6,8,0.00019024343792717335,0.6683848161868904,0.08596416902171884,1e-06,3.1412465151755645e-05,2.352636226094563e-06,3.4027267221598356e-05,0.00021952215137572293
120,0.25,calibrated,8.23076923076923,7,8,6.908729255883372e-05,0.6686441530787484,0.08596416902561445,1e-06,1.1525551371983122e-05,8.247021522928627e-07,1.2380928083280352e-05,7.983002211712771e-05
120,0.25,calibrated,8.23076923076923,8,6,2.454400743345797e-05,0.6685505193663981,0.08596416902566015,1e-06,4.177249207024108e-06,2.7123632389762473e-07,4.420095420772251e-06,2.847023262294674e-05
120,0.25,calibrated,8.23076923076923,9,4,7.220364710791571e-06,0.6685822846254806,0.08596416902565635,1e-06,1.4443202592499135e-06,1.0606332502430688e-07,1.3787558587100948e-06,8.680151394905193e-06
120,0.25,calibrated,8.23076923076923,10,4,1.1694281879526258e-06,0.6685739703017228,0.08596416902565635,1e-06,4.1783214747387977e-07,4.9449882325764694e-08,3.414772524095355e-07,1.5676370303373265e-06
120,0.25,calibrated,8.23076923076923,11,1,4.294588036302116e-07,0.668574634612196,0.08596416902565635,1e-06,0.0,,,
120,0.25,calibrated,8.507692307692308,1,15,0.027759513765990063,0.6745805320339862,0.0,1e-06,0.0855273478376137,0.0018748963176823679,0.005155946695192854,0.024998327589450156
120,0.25,calibrated,8.507692307692308,2,14,0.01347288802520974,0.6333852223036036,0.0855273478376137,1e-06,0.0017265366508469788,0.0001798979927009196,0.0028405843148533974,0.01582922182007194
120,0.25,calibrated,8.507692307692308,3,14,0.006284583391690912,0.6531431654609267,0.08594552979145496,1e-06,0.0009353479692042084,7.748013323006725e-05,0.001165214034876229,0.007238457271760403
120,0.25,calibrated,8.507692307692308,4,12,0.002795686404985287,0.6440626788978017,0.08594963001699502,1e-06,0.0004184082267251795,3.555295590509426e-05,0.0005198925256123122,0.003266281776051953
120,0.25,calibrated,8.507692307692308,5,12,0.0012566712579328287,0.6481151341918349,0.08594967031626707,1e-06,0.00019142273982272208,1.5934911942530395e-05,0.000231797769743292,0.0014591660570571095
120,0.25,calibrated,8.507692307692308,6,10,0.0005606639948704251,0.6462977550794144,0.08594967071235592,1e-06,8.51990278181362e-05,7.092192839986716e-06,0.00010383588119515668,0.0006529640394736867
120,0.25,calibrated,8.507692307692308,7,10,0.00025003214559893294,0.647108470985529,0.0859496707162477,1e-06,3.817174520757208e-05,3.1284889648083015e-06,4.6267358515554e-05,0.00029097887211967043
120,0.25,calibrated,8.507692307692308,8,8,0.00011065612252392221,0.6467477737396566,0.08594967071628959,1e-06,1.697712109854115e-05,1.3563202239324569e-06,2.0520407483425474e-05,0.00012898320284627655
120,0.25,calibrated,8.507692307692308,9,8,4.828415145652354e-05,0.6469067181369819,0.08594967071628959,1e-06,7.508122911758585e-06,5.626861019499033e-07,8.981748008341503e-06,5.6402383131537746e-05
120,0.25,calibrated,8.507692307692308,10,6,2.0425275352176087e-05,0.6468380067533702,0.08594967071628959,1e-06,3.265269969486466e-06,2.1183182130010843e-07,3.826647116662763e-06,2.398433340116954e-05
120,0.25,calibrated,8.507692307692308,11,4,6.847523656872134e-06,0.6468652804178959,0.08594967071628959,1e-06,1.3295815343283556e-06,1.197012396146544e-07,1.3780189955571422e-06,8.39485928420775e-06
120,0.25,calibrated,8.507692307692308,12,4,1.175192084312826e-06,0.6468573697784424,0.08594967071628959,1e-06,4.3515107563957585e-07,6.297482916940956e-08,3.654756494408135e-07,1.610760165438341e-06
120,0.25,calibrated,8.507692307692308,13,1,5.299748230269685e-07,0.6468579027289537,0.08594967071628959,1e-06,0.0,,,
120,0.25,calibrated,8.784615384615384,1,17,0.03219313332691176,0.6546043803972442,0.0,1e-06,0.08551312717625255,0.0021594443751819688,0.005128142780943883,0.02971701903453436
120,0.25,calibrated,8.784615384615384,2,18,0.019445796779837488,0.6030046923226984,0.08551312717625255,1e-06,0.002363196215156478,0.000276764894476529,0.004190934488949259,0.023340170569574027
120,0.25,calibrated,8.784615384615384,3,16,0.011259259310812175,0.6337105412369002,0.08593103550569373,1e-06,0.0015638968740569034,0.0001417137169834094,0.002144243072475205,0.013000483708869377
120,0.25,calibrated,8.784615384615384,4,16,0.00627149868265553,0.6161793353823155,0.08593513174060473,1e-06,0.0008668513622759218,8.177349486130946e-05,0.0012172738902312906,0.007441651572211496
120,0.25,calibrated,8.784615384615384,5,14,0.003538300170318198,0.6259893880045404,0.08593517198770316,1e-06,0.0004935481346967426,4.56940867032986e-05,0.0006751963757079705,0.004135250369609975
120,0.25,calibrated,8.784615384615384,6,14,0.0019793450609536523,0.6204716008312898,0.08593517238316369,1e-06,0.0002747347562764374,2.5693315824810863e-05,0.00038131524564621243,0.0023332041756733346
120,0.25,calibrated,8.784615384615384,7,12,0.0011114547854532697,0.6235624806272149,0.08593517238704215,1e-06,0.00015480074049299537,1.4342657756448379e-05,0.00021303275801302376,0.0013040672448547076
120,0.25,calibrated,8.784615384615384,8,12,0.0006216557370654074,0.621829325166774,0.08593517238707643,1e-06,8.653353895893051e-05,8.003849028913924e-06,0.0001195393512073298,0.0007314950616020835
120,0.25,calibrated,8.784615384615384,9,10,0.0003471630863450814,0.6227981693170472,0.08593517238708405,1e-06,4.8473406227622926e-05,4.423857008366776e-06,6.669202782092866e-05,0.0004080741641876819
120,0.25,calibrated,8.784615384615384,10,10,0.00019268335875621823,0.6222583085359504,0.08593517238708405,1e-06,2.6996717004693157e-05,2.4161459904162835e-06,3.709247782910177e-05,0.00022686160257383192
120,0.25,calibrated,8.784615384615384,11,8,0.00010578069588240702,0.6225567807372613,0.08593517238708405,1e-06,1.4948942052765889e-05,1.2778540303202612e-06,2.040587334891741e-05,0.0001247011336186024
120,0.25,calibrated,8.784615384615384,12,8,5.6847119882963426e-05,0.6223941482103987,0.08593517238708405,1e-06,8.168086780717858e-06,6.383871015896287e-07,1.1020354927366532e-05,6.724886832511695e-05
120,0.25,calibrated,8.784615384615384,13,6,2.9202439642106448e-05,0.6224802005316122,0.08593517238708405,1e-06,4.361299348563217e-06,2.7254405611639024e-07,5.720189268491121e-06,3.47884005217311e-05
120,0.25,calibrated,8.784615384615384,14,6,1.3658772334834701e-05,0.6224373376213196,0.08593517238708405,1e-06,2.21389146075739e-06,1.9958885160129706e-07,2.735437141913253e-06,1.6529295205094284e-05
120,0.25,calibrated,8.784615384615384,15,4,5.135003349976408e-06,0.6224561324915301,0.08593517238708405,1e-06,1.013875840324999e-06,1.1576222636678106e-07,1.087454657830127e-06,6.477105796339014e-06
120,0.25,calibrated,8.784615384615384,16,4,8.818701531243534e-07,0.6224502636936389,0.08593517238708405,1e-06,0.0,,,
120,0.25,calibrated,9.061538461538461,1,18,0.03845827701964344,0.6324283817819774,0.0,1e-06,0.08549890639622125,0.0024345989608847247,0.005078870797879023,0.03645071708341044
120,0.25,calibrated,9.061538461538461,2,22,0.03135467866260866,0.5626568384312451,0.08549890639622125,1e-06,0.003544890708269683,0.00047608765667585116,0.006994689872577982,0.03883849893774564
120,0.25,calibrated,9.061538461538461,3,18,0.023425004991736498,0.6174380750443088,0.08591654119727765,1e-06,0.0030041800877615254,0.0003197521213348229,0.004557961382979343,0.02685067916917036
120,0.25,calibrated,9.061538461538461,4,20,0.017506775294334642,0.5765051544868124,0.08592063344431279,1e-06,0.0021886249531938686,0.00026274920166942476,0.003603312512724664,0.021372950465980114
120,0.25,calibrated,9.061538461538461,5,18,0.01296793165349619,0.6069807251404111,0.08592067363928901,1e-06,0.0016635569564396372,0.0001812898236278171,0.0025442612713930416,0.015105804773133873
120,0.25,calibrated,9.061538461538461,6,18,0.009655199538551207,0.5843569613343406,0.08592067403409646,1e-06,0.0012160812472181064,0.00014203418239908423,0.001961592252069248,0.011645377874821509
120,0.25,calibrated,9.061538461538461,7,16,0.007156956532920922,0.6011695922044114,0.08592067403798255,1e-06,0.0009143799196427738,0.00010113367127459104,0.0014164153420386182,0.008411891379960562
120,0.25,calibrated,9.061538461538461,8,18,0.005320563431062353,0.5886917220198408,0.08592067403801683,1e-06,0.0006728847774594383,7.735152619750885e-05,0.0010734684368621447,0.0063747471522224135
120,0.25,calibrated,9.061538461538461,9,16,0.003946447708747303,0.597958994667954,0.08592067403800921,1e-06,0.0005029739365456809,5.616027875778929e-05,0.0007848072413434182,0.004661390459774947
120,0.25,calibrated,9.061538461538461,10,16,0.002931063858464533,0.5910812898592991,0.08592067403801683,1e-06,0.0003715285355385812,4.230966497991748e-05,0.0005891752413394235,0.0034990428740333157
120,0.25,calibrated,9.061538461538461,11,14,0.0021726659764290668,0.5961851636756174,0.08592067403800921,1e-06,0.00027670087453112466,3.088396058047774e-05,0.0004333462981231668,0.0025736382927750573
120,0.25,calibrated,9.061538461538461,12,14,0.001610311197133174,0.592402079686176,0.08592067403801683,1e-06,0.00020458166094775775,2.297859736144129e-05,0.00032313589355856417,0.0019188971502672228
120,0.25,calibrated,9.061538461538461,13,14,0.0011925906851179002,0.5952050612282251,0.08592067403800921,1e-06,0.0001518899444171516,1.6898874375718453e-05,0.00023825888652175226,0.001415032794929562
120,0.25,calibrated,9.061538461538461,14,14,0.0008836844115863718,0.5931287271671317,0.08592067403801683,1e-06,0.00011235238948368087,1.2585009404975241e-05,0.000177109885718322,0.001051859497849788
120,0.25,calibrated,9.061538461538461,15,12,0.0006531285306328183,0.5946655837091386,0.08592067403800921,1e-06,8.325685787853403e-05,9.168785720415726e-06,0.00013066428389844014,0.0007758150551585997
120,0.25,calibrated,9.061538461538461,16,12,0.0004813721568669438,0.5935310505573473,0.08592067403801683,1e-06,6.14322219034306e-05,6.6724246136674316e-06,9.653208819143192e-05,0.0005730323748492059
120,0.25,calibrated,9.061538461538461,17,12,0.0003546456845839874,0.594367092698065,0.08592067403800921,1e-06,4.530928454416844e-05,4.901768614668532e-06,7.101108758091335e-05,0.00042164564164656336
120,0.25,calibrated,9.061538461538461,18,12,0.0002613137654926545,0.5937511153440326,0.08592067403801683,1e-06,3.3368572780349785e-05,3.6176308957377465e-06,5.2371193357630157e-05,0.00031097510662274417
120,0.25,calibrated,9.061538461538461,19,10,0.00019124589626806632,0.5942036880994657,0.08592067403800921,1e-06,2.4531018882959997e-05,2.5550627075489725e-06,3.836875060332031e-05,0.00022763625331873163
120,0.25,calibrated,9.061538461538461,20,10,0.00013865503613241792,0.5938737773550645,0.08592067403801683,1e-06,1.7895650962922842e-05,1.7608270438690961e-06,2.788562612653399e-05,0.0001653366603227882
120,0.25,calibrated,9.061538461538461,21,10,0.00010046167478316992,0.5941129015098858,0.08592067403800921,1e-06,1.2984850284869145e-05,1.2714332160493467e-06,2.0182460485418142e-05,0.00011976090256695075
120,0.25,calibrated,9.061538461538461,22,8,7.129740462197276e-05,0.5939411371480382,0.08592067403801683,1e-06,9.333862317199934e-06,8.326902465780458e-07,1.4404563299146104e-05,8.525712155039251e-05
120,0.25,calibrated,9.061538461538461,23,8,4.9069596673168014e-05,0.5940615081714765,0.08592067403800921,1e-06,6.562608596672964e-06,5.129975853573715e-07,9.975776745858975e-06,5.892226894742768e-05
120,0.25,calibrated,9.061538461538461,24,8,3.368285927785042e-05,0.5939787525544905,0.08592067403801683,1e-06,4.525256875725304e-06,3.499884458672574e-07,6.832329578554168e-06,4.046809863375628e-05
120,0.25,calibrated,9.061538461538461,25,6,2.1618260390043886e-05,0.5940340557385925,0.08592067403800921,1e-06,3.0330460658195274e-06,2.3474009634427874e-07,4.464703331330913e-06,2.6226293175518973e-05
120,0.25,calibrated,9.061538461538461,26,6,1.2340380357689362e-05,0.5940000954770775,0.08592067403801683,1e-06,1.8897826203007462e-06,1.9138208555925764e-07,2.618367845311058e-06,1.5255046836089688e-05
120,0.25,calibrated,9.061538461538461,27,6,6.8761672997741385e-06,0.5940193133790239,0.08592067403800921,1e-06,1.102297699270965e-06,1.0275970815142019e-07,1.4461797930928902e-06,8.536249476823457e-06
120,0.25,calibrated,9.061538461538461,28,4,2.917605093077924e-06,0.5940095188821979,0.08592067403801683,1e-06,5.818207905837718e-07,8.218733455937607e-08,6.662016097701643e-07,3.812835388118659e-06
120,0.25,calibrated,9.061538461538461,29,2,6.039921375267099e-07,0.5940118329680558,0.08592067403800921,1e-06,0.0,,,
120,0.25,calibrated,9.338461538461539,1,21,0.048688910060696866,0.6071237684440117,0.0,1e-06,0.08548468549746743,0.0028236148326129962,0.006882929295876144,0.047481214288376206
120,0.25,calibrated,9.338461538461539,2,54,0.07287418801277562,0.48560325324570286,0.08548468549746743,1e-06,0.007170729810569616,0.001232097327863437,0.017769793850177795,0.09745089188868408
120,0.25,calibrated,9.338461538461539,3,18,0.07194858607884469,0.6304306685830614,0.08590204686618103,1e-06,0.00845122440994721,0.0010428654071127053,0.013759113231987441,0.07772978631961813
120,0.25,calibrated,9.338461538461539,4,300,0.08572075502791549,0.4727572636375719,0.0859061351280935,1e-06,0.009695679010305646,0.001612365806616724,0.02208689514109018,0.12102547474649342
120,0.25,calibrated,9.338461538461539,5,20,0.07506504203017617,0.6335505880723192,0.08590617527101416,1e-06,0.009913187056412797,0.0009018358945454773,0.014945141900030618,0.08242689839132548
120,0.25,calibrated,9.338461538461539,6,300,0.022059697422304736,0.5400603362761797,0.08590617566518567,1e-06,0.006520231677444211,0.0013154423110965743,0.00882577031959868,0.034701111368929914
120,0.25,calibrated,9.338461538461539,7,36,0.044462461543530174,0.514035204499269,0.08590617566905652,1e-06,0.0017797189820972458,0.0013121546444030386,0.010094446794126275,0.04322741140309929
120,0.25,calibrated,9.338461538461539,8,20,0.048356896340358,0.6068383503523611,0.0859061756690946,1e-06,0.004876065388086803,0.0007259699985149708,0.010405858466189181,0.05348443894066064
120,0.25,calibrated,9.338461538461539,9,48,0.06747190637271472,0.49100574399462255,0.0859061756690946,1e-06,0.0069683117249339415,0.001188576207370912,0.01593258442642838,0.08986448472187197
120,0.25,calibrated,9.338461538461539,10,20,0.06674752242329951,0.6252294756265667,0.0859061756690946,1e-06,0.007856377585841918,0.0009759391104467955,0.012805392939267034,0.07267397811003065
120,0.25,calibrated,9.338461538461539,11,300,0.16939466436526168,0.38907922389608063,0.0859061756690946,1e-06,0.015775445023964697,0.0027631502205057025,0.05000349137719939,0.2675714024243413
120,0.25,calibrated,9.338461538461539,12,16,0.15003302076550695,0.7085204028238368,0.0859061756690946,1e-06,0.018588236365856135,0.0013692150968537603,0.02728704885516586,0.1459857624788284
120,0.25,calibrated,9.338461538461539,13,300,0.054962058060082475,0.5238636121497791,0.0859061756690946,1e-06,0.016679700194421995,0.004501474909954999,0.031737609997435016,0.07081701273910897
120,0.25,calibrated,9.338461538461539,14,300,0.06950650925150592,0.48899115679129324,0.0859061756690946,1e-06,0.007554919043440365,0.004405398704927406,0.03031827788188087,0.04286518928160364
120,0.25,calibrated,9.338461538461539,15,19,0.06959602941217424,0.628082159173292,0.0859061756690946,1e-06,0.0069753780820736395,0.0011176826085873138,0.016402565311507477,0.07534553132221175
120,0.25,calibrated,9.338461538461539,16,300,0.20448935548143454,0.3541175620496379,0.0859061756690946,1e-06,0.02734998918820761,0.014109707102224001,0.10527528739577269,0.43994571479446215
120,0.25,calibrated,9.338461538461539,17,15,0.16585671434119564,0.7236086087205069,0.0859061756690946,1e-06,0.030419811992734663,0.005870201149298725,0.04013380129542381,0.17208991471750873
120,0.25,calibrated,9.338461538461539,18,300,0.04768086405174721,0.5264911072336145,0.0859061756690946,1e-06,0.014782731207159195,0.0043115971393832804,0.02491234678274197,0.06431672208116515
120,0.25,calibrated,9.338461538461539,19,300,0.08096997752554203,0.47752768851725713,0.0859061756690946,1e-06,0.0049823811264881395,0.0032210714570682533,0.025743200745214623,0.06705580325977625
120,0.25,calibrated,9.338461538461539,20,18,0.08244796304938307,0.6409328550838291,0.0859061756690946,1e-06,0.008340142385866134,0.001011111186184742,0.01828673039084082,0.08716566214721644
120,0.25,calibrated,9.338461538461539,21,300,0.1815108654068286,0.3769759549243202,0.0859061756690946,1e-06,0.022469346142713762,0.010542983219059655,0.07581932492838223,0.3424517609189755
120,0.25,calibrated,9.338461538461539,22,17,0.14914421778532072,0.7076418838281199,0.0859061756690946,1e-06,0.02481708598673957,0.003886553208591637,0.0335722611236779,0.15492646818093786
120,0.25,calibrated,9.338461538461539,23,300,0.08824100911288546,0.48496537011529417,0.0859061756690946,1e-06,0.021204920892815993,0.004656850813101693,0.047668870610902324,0.16316404710090332
120,0.25,calibrated,9.338461538461539,24,28,0.03907565959507209,0.5666973505163546,0.0859061756690946,1e-06,0.01714449343596336,0.0051952543616667745,0.02530227314415927,0.02612238248928959
120,0.25,calibrated,9.338461538461539,25,19,0.014068188065945009,0.5725485430776416,0.0859061756690946,1e-06,0.0025364020786823164,0.0006162207167225273,0.006183467006120095,0.013326045448214485
120,0.25,calibrated,9.338461538461539,26,26,0.01883915502588107,0.5396403045590284,0.0859061756690946,1e-06,0.0019389899894130906,0.00024906976935966613,0.004513551686062672,0.023221089968786177
120,0.25,calibrated,9.338461538461539,27,22,0.020197234235564077,0.5786779234108048,0.0859061756690946,1e-06,0.0023134667710158455,0.00031986233489589343,0.004130733964770584,0.023582735349594743
120,0.25,calibrated,9.338461538461539,28,28,0.02362910052916456,0.5348501948280626,0.0859061756690946,1e-06,0.0026054208953315665,0.0004083867534339664,0.005145085252475562,0.02946957172808577
120,0.25,calibrated,9.338461538461539,29,20,0.024772603293851336,0.5832534255990894,0.0859061756690946,1e-06,0.0028533501407432787,0.00039130309790674474,0.005014889653367621,0.028720117074333744
120,0.25,calibrated,9.338461538461539,30,30,0.02946650771754422,0.529012584063049,0.0859061756690946,1e-06,0.0032252730097371797,0.0005118099244392875,0.00647974367431903,0.037074098232825675
120,0.25,calibrated,9.338461538461539,31,20,0.030593402558748428,0.5890743913959181,0.0859061756690946,1e-06,0.003537485619819767,0.00047728327710327447,0.006143877864609818,0.03515932590798877
120,0.25,calibrated,9.338461538461539,32,32,0.03731262326470908,0.5211661883251392,0.0859061756690946,1e-06,0.0040460509167482926,0.0006516830849429047,0.008312467739823467,0.047504546346747736
120,0.25,calibrated,9.338461538461539,33,20,0.03827625498516851,0.5967574587508618,0.0859061756690946,1e-06,0.004446985594891672,0.000587906053898684,0.00760776405392248,0.04348441745563332
120,0.25,calibrated,9.338461538461539,34,38,0.04858283892945581,0.5098955548984508,0.0859061756690946,1e-06,0.005193485254239703,0.0008557996939208275,0.01103124156547847,0.06291129021676248
120,0.25,calibrated,9.338461538461539,35,20,0.04907772513994024,0.6075592214143246,0.0859061756690946,1e-06,0.005734942711308858,0.0007388513397404403,0.009619079193616391,0.05486081312426551
120,0.25,calibrated,9.338461538461539,36,48,0.06736691209612644,0.4911107425127306,0.0859061756690946,1e-06,0.007017498970688781,0.001205963629693915,0.015803318358363544,0.08972725084440572
120,0.25,calibrated,9.338461538461539,37,20,0.06659978813563627,0.6250817376119829,0.0859061756690946,1e-06,0.007837906969348624,0.0009746090832043659,0.012777633905241927,0.07252746408249361
120,0.25,calibrated,9.338461538461539,38,300,0.14679333737938466,0.4116810347900619,0.0859061756690946,1e-06,0.013802409236979655,0.002602317100986645,0.04060743778350004,0.22184727924900344
120,0.25,calibrated,9.338461538461539,39,16,0.1339664439793964,0.692451464498629,0.0859061756690946,1e-06,0.016227805379515545,0.001491953338531413,0.02433647477537976,0.13278337712177918
120,0.25,calibrated,9.338461538461539,40,300,0.11900978229340231,0.43947466453998435,0.0859061756690946,1e-06,0.01732919681192045,0.0063008762077355574,0.04320625432206068,0.20197337080944835
120,0.25,calibrated,9.338461538461539,41,19,0.08145214393214895,0.639843399384006,0.0859061756690946,1e-06,0.016043671464144968,0.002653675819144873,0.020886420397811325,0.09785685892901202
120,0.25,calibrated,9.338461538461539,42,300,0.04228860004390478,0.5161930676187546,0.0859061756690946,1e-06,0.008291478155489161,0.0017129249853769547,0.012126286904597204,0.06400101740705509
120,0.25,calibrated,9.338461538461539,43,25,0.013781918226622114,0.5697054791862753,0.0859061756690946,1e-06,0.00495599703136362,0.001090406712255838,0.005023554480684272,0.01949320779842588
120,0.25,calibrated,9.338461538461539,44,24,0.010055718854158457,0.5484240200908997,0.0859061756690946,1e-06,0.0019157902522017667,9.165130030752838e-05,0.0017646578904438191,0.012697549184181731
120,0.25,calibrated,9.338461538461539,45,20,0.010398407434377699,0.5688788037327898,0.0859061756690946,1e-06,0.0012558745997318353,0.00017148832167386693,0.0020931239294322275,0.01232578301970583
120,0.25,calibrated,9.338461538461539,46,24,0.01172782903975833,0.5467518665683357,0.0859061756690946,1e-06,0.0013082356586385496,0.00020247817317584776,0.002506006016798624,0.014365105690372033
120,0.25,calibrated,9.338461538461539,47,20,0.012572236148425953,0.5710526982876052,0.0859061756690946,1e-06,0.0014344103211743114,0.00020416362815588713,0.00259024585581764,0.014846020170430546
120,0.25,calibrated,9.338461538461539,48,24,0.014325625014364851,0.5441539846563606,0.0859061756690946,1e-06,0.0015945429334137582,0.000246272931852237,0.003074409318300451,0.01761739927515503
120,0.25,calibrated,9.338461538461539,49,22,0.015279968288154588,0.5737605119535584,0.0859061756690946,1e-06,0.0017474488255222094,0.00024661874269104147,0.0031353193303914123,0.017969880710716035
120,0.25,calibrated,9.338461538461539,50,26,0.017565072505058565,0.5409144291920363,0.0859061756690946,1e-06,0.0019482382384094611,0.00030267943624874896,0.003788866164769381,0.02170654500999873
120,0.25,calibrated,9.338461538461539,51,22,0.018619780230825334,0.5771004228948361,0.0859061756690946,1e-06,0.0021347863283727145,0.00029828030040357403,0.0038023169955560166,0.02178753924746929
120,0.25,calibrated,9.338461538461539,52,28,0.02164747138173273,0.536831891899456,0.0859061756690946,1e-06,0.0023903716055947957,0.00037404844381215205,0.004700090081847395,0.026916684790530027
120,0.25,calibrated,9.338461538461539,53,22,0.022776710047690774,0.5812574744562542,0.0859061756690946,1e-06,0.002619392703370884,0.00036149301460920496,0.004623860919205627,0.026485314310900787
120,0.25,calibrated,9.338461538461539,54,30,0.02688528053117789,0.5315939020481782,0.0859061756690946,1e-06,0.0029513394615100458,0.00046619782073888377,0.00588710672919185,0.03369462658218601
120,0.25,calibrated,9.338461538461539,55,20,0.0280320485911284,0.5865129644367573,0.0859061756690946,1e-06,0.003235751567661936,0.00043972633393502735,0.005649326071368759,0.03233989774725133
120,0.25,calibrated,9.338461538461539,56,32,0.03379991684827166,0.5246790211966235,0.0859061756690946,1e-06,0.003680690535619336,0.0005888670737180745,0.0074859843855433535,0.042804990227528275
120,0.25,calibrated,9.338461538461539,57,20,0.034855616448832394,0.5933367250740758,0.0859061756690946,1e-06,0.004041205904375256,0.0005390667101625275,0.00695952920960659,0.03980199882839124
120,0.25,calibrated,9.338461538461539,58,36,0.04341380343048595,0.5150647842659107,0.0859061756690946,1e-06,0.004671909527626119,0.000761704088452205,0.009771323050533434,0.05578225114943948
120,0.25,calibrated,9.338461538461539,59,20,0.044155423433983376,0.6026367876013897,0.0859061756690946,1e-06,0.005146819615475549,0.000670717578195568,0.008708995416876088,0.049723370773230934
120,0.25,calibrated,9.338461538461539,60,42,0.058226156893173564,0.5002518644544152,0.0859061756690946,1e-06,0.00614423582536904,0.0010338146413079808,0.013442378527941093,0.0764985542250241
120,0.25,calibrated,9.615384615384615,1,25,0.07323466866366946,0.5768379885618176,0.0,1e-06,0.085470464479994,0.0036832254074774078,0.011544267889692586,0.07347100598905575
120,0.25,calibrated,9.615384615384615,2,300,0.02121769434433396,0.5230437571435008,0.085470464479994,1e-06,0.011389971016977338,0.0050938758161582325,0.02916593595718438,0.01883189741573569
120,0.25,calibrated,9.615384615384615,3,300,0.012912957365331601,0.4907578811236094,0.08588755251240485,1e-06,0.0026474349877760855,0.0015475922742015282,0.0070359225601534835,0.005069480482902328
120,0.25,calibrated,9.615384615384615,4,300,0.02098585662181901,0.482684981867122,0.08589163679197451,1e-06,0.0005870806621936647,0.0003538752923328778,0.006458661148325343,0.018939302425528874
120,0.25,calibrated,9.615384615384615,5,300,0.031833281740256014,0.471837556748685,0.08589167688286814,1e-06,0.0011087975731706814,0.00065266184390007,0.009133958938713936,0.02738633536640755
120,0.25,calibrated,9.615384615384615,6,68,0.020138949549309615,0.4835318889396314,0.0858916772764018,1e-06,0.003974268194844792,0.002142495609514357,0.013444111464713538,0.0058363848652005085
120,0.25,calibrated,9.615384615384615,7,26,0.04538085842009776,0.54903398370262,0.08589167728026313,1e-06,0.003514142928094723,0.0005869834817931184,0.010739648420049128,0.05068317645773946
120,0.25,calibrated,9.615384615384615,8,300,0.07340860624310264,0.43024719601719746,0.08589167728030501,1e-06,0.010603711338379526,0.003536364707414639,0.02811904078137987,0.12099100473124745
120,0.25,calibrated,9.615384615384615,9,25,0.07861648538580213,0.5822873238747431,0.08589167728030501,1e-06,0.013130447134559508,0.0027481320756965544,0.02053305017675883,0.09598675737836557
120,0.25,calibrated,9.615384615384615,10,300,0.056096513286767236,0.46741609367842457,0.08589167728030501,1e-06,0.01654732486805743,0.005279284750248787,0.03432493971737906,0.0834325917471114
120,0.25,calibrated,9.615384615384615,11,300,0.01800717157679621,0.4899171354029802,0.08589167728030501,1e-06,0.009978633573381608,0.003390192081781141,0.024042233980379073,0.013647057498129823
120,0.25,calibrated,9.615384615384615,12,46,0.008127290846899893,0.5083605701375978,0.08589167728030501,1e-06,0.0021560335081124283,0.0010805702214896308,0.0063853574291202015,0.009725597544423932
120,0.25,calibrated,9.615384615384615,13,46,0.012541795713215509,0.4911092733198255,0.08589167728030501,1e-06,0.0016332411586071332,5.4153560222237715e-05,0.0024532878497943856,0.016257935360952658
120,0.25,calibrated,9.615384615384615,14,32,0.02608130493918892,0.5297338412582934,0.08589167728030501,1e-06,0.0025632348405733134,0.00043763580688255564,0.00552125857110703,0.0307352599515532
120,0.25,calibrated,9.615384615384615,15,300,0.0968109880522186,0.406839409269314,0.08589167728030501,1e-06,0.0096649698887437,0.0029549588258297116,0.0296530545381052,0.14539075100244356
120,0.25,calibrated,9.615384615384615,16,22,0.1252253438825438,0.6288890628366024,0.08589167728030501,1e-06,0.015067522355324473,0.0021126928084513035,0.025497445685598773,0.1314496691812807
120,0.25,calibrated,9.615384615384615,17,300,0.04522992277260318,0.4993197179530608,0.08589167728030501,1e-06,0.017789714243324595,0.007632985740445548,0.039307449951657455,0.029351569727790586
120,0.25,calibrated,9.615384615384615,18,300,0.011667740756593492,0.49210083313707625,0.08589167728030501,1e-06,0.00705120618749225,0.0031305943536786415,0.014807384624064251,0.009034315216706407
120,0.25,calibrated,9.615384615384615,19,300,0.021348172353382378,0.48232266613555863,0.08589167728030501,1e-06,0.001647859310183202,0.0004358776209514388,0.006199707832681162,0.022013142696743083
120,0.25,calibrated,9.615384615384615,20,300,0.03220922924569247,0.47146160924324854,0.08589167728030501,1e-06,0.0012954306620672023,0.000558492643378345,0.008513150535294686,0.029514268540503527
120,0.25,calibrated,9.615384615384615,21,74,0.02450608559519457,0.47916475289374644,0.08589167728030501,1e-06,0.004283523941853731,0.002327890644958943,0.015476592168005534,0.008739065964735629
120,0.25,calibrated,9.615384615384615,22,26,0.05307442062201251,0.5567277798414496,0.08589167728030501,1e-06,0.0041621206893725,0.0007136294795507121,0.012335108791951354,0.05866817863464601
120,0.25,calibrated,9.615384615384615,23,300,0.01600135925792756,0.5025350059196042,0.08589167728030501,1e-06,0.006717079146423693,0.002640288739883644,0.013889015706159384,0.009784611050504568
120,0.25,calibrated,9.615384615384615,24,300,0.0273748854501622,0.4762959530387788,0.08589167728030501,1e-06,0.0019114873255372713,0.0005170657592804169,0.0070271365691946105,0.032125367900364105
120,0.25,calibrated,9.615384615384615,25,300,0.08734271952496409,0.4163281189639769,0.08589167728030501,1e-06,0.003126414777359173,0.0030375516234307574,0.019783885330828824,0.09557944741696829
120,0.25,calibrated,9.615384615384615,26,21,0.12924686498608573,0.632906909388681,0.08589167728030501,1e-06,0.013373416260310834,0.0014499643008849504,0.026608778778891257,0.1323350512907937
120,0.25,calibrated,9.615384615384615,27,300,0.039719714992415334,0.5003957919539509,0.08589167728030501,1e-06,0.015980650334223245,0.006693945644878363,0.03435880108854524,0.02504985446880891
120,0.25,calibrated,9.615384615384615,28,300,0.010232525928730918,0.4934383125602101,0.08589167728030501,1e-06,0.004918662244479372,0.002427813425394352,0.009157078626092817,0.005080368485532574
120,0.25,calibrated,9.615384615384615,29,300,0.016800407435045073,0.48687043105389594,0.08589167728030501,1e-06,0.0008588827337285925,0.0002888788196386662,0.005663602744745552,0.015574184894102647
120,0.25,calibrated,9.615384615384615,30,300,0.026529411365918187,0.4771414271230228,0.08589167728030501,1e-06,0.0010019184946678187,0.00046272432766850027,0.006473461821994947,0.024463204247676854
120,0.25,calibrated,9.615384615384615,31,300,0.05738589223876778,0.44628494625017323,0.08589167728030501,1e-06,0.0017075701369215096,0.0008755331944595044,0.015985226644389998,0.05343367396140858
120,0.25,calibrated,9.615384615384615,32,25,0.07941735914944503,0.5830821562450631,0.08589167728030501,1e-06,0.009273340337696036,0.0018063790378069983,0.01967543627402878,0.09077515887853953
120,0.25,calibrated,9.615384615384615,33,300,0.04612344686433878,0.46807491033635507,0.08589167728030501,1e-06,0.01259290769711951,0.0035058460241738725,0.024918276419520182,0.07894725087377158
120,0.25,calibrated,9.615384615384615,34,300,0.05397726510184714,0.44969357338709387,0.08589167728030501,1e-06,0.004557463265419687,0.0025534559945514608,0.019200659221050596,0.04236324935130326
120,0.25,calibrated,9.615384615384615,35,23,0.07932805795203535,0.5829937752160304,0.08589167728030501,1e-06,0.009010045015676794,0.0019432952915108862,0.020205246938699187,0.09053212514149948
120,0.25,calibrated,9.615384615384615,36,300,0.051208243342281023,0.46222961672843904,0.08589167728030501,1e-06,0.013274569893045785,0.0034179774986194253,0.027539381190422676,0.09357118677765511
120,0.25,calibrated,9.615384615384615,37,300,0.024588058535020163,0.47908277995392085,0.08589167728030501,1e-06,0.006289438491736533,0.003113750404215524,0.01635628791253218,0.007087711122162
120,0.25,calibrated,9.615384615384615,38,31,0.03859796401258275,0.5422637979369649,0.08589167728030501,1e-06,0.005160352345215743,0.0017103314102606053,0.012746132212981967,0.050146674453333887
120,0.25,calibrated,9.615384615384615,39,300,0.07683853986536104,0.4268148110456129,0.08589167728030501,1e-06,0.010050209080137974,0.003700910661329027,0.025457384867795068,0.1204378414043691
120,0.25,calibrated,9.615384615384615,40,25,0.09142842755214775,0.5950970964538295,0.08589167728030501,1e-06,0.012994665441768347,0.002309488035526907,0.021078710631002123,0.1046895169033644
120,0.25,calibrated,9.615384615384615,41,300,0.046035342519481603,0.4891483972112139,0.08589167728030501,1e-06,0.016382330047635726,0.00673902324611768,0.03557649944313377,0.044231211918216655
120,0.25,calibrated,9.615384615384615,42,300,0.020352899591292717,0.4833179388976483,0.08589167728030501,1e-06,0.007530949041304624,0.0032650900856127088,0.01974402583591052,0.007465254689343285
120,0.25,calibrated,9.615384615384615,43,300,0.021951927116387937,0.48171891137255307,0.08589167728030501,1e-06,0.0007890214450094538,0.00045240339211870663,0.008714892940944347,0.018499014457182418
120,0.25,calibrated,9.615384615384615,44,50,0.008879047000988738,0.5032329000999838,0.08589167728030501,1e-06,0.004155850243957461,0.0014889218917361296,0.008041637971216426,0.00450645942685008
120,0.25,calibrated,9.615384615384615,45,32,0.006644883741335872,0.5102966909468087,0.08589167728030501,1e-06,0.0008000953225985164,0.0001233572591865259,0.0024636593469687363,0.0071095502612832295
120,0.25,calibrated,9.615384615384615,46,54,0.021988619731049874,0.4816620839318343,0.08589167728030501,1e-06,0.0019541534653361946,0.00034846894025259193,0.005268511553331297,0.027694954206465
120,0.25,calibrated,9.615384615384615,47,28,0.0432268686921895,0.5468799800594014,0.08589167728030501,1e-06,0.004216696807607703,0.0006878617028455141,0.0090753603719544,0.049670172820484304
120,0.25,calibrated,9.615384615384615,48,300,0.07828773226477709,0.4317335463881488,0.08589167728030501,1e-06,0.015626434887495922,0.005647962359811126,0.04323060507408279,0.1503275909292472
120,0.25,calibrated,9.615384615384615,49,28,0.07748242176652442,0.5756690841113641,0.08589167728030501,1e-06,0.0185885932485647,0.0030543445068791086,0.027009845676730756,0.10364516622996299
120,0.25,calibrated,9.615384615384615,50,300,0.03476509301097641,0.5384319048382715,0.08589167728030501,1e-06,0.010238876933536747,0.004451513047806508,0.022171434100448823,0.011270977025374287
120,0.25,calibrated,9.615384615384615,51,300,0.01156048326410175,0.4941409608253128,0.08589167728030501,1e-06,0.0021843496545439984,0.0007843048551025628,0.007821776423143925,0.018274595430852913
120,0.25,calibrated,9.615384615384615,52,300,0.014447831194632499,0.4892230072943085,0.08589167728030501,1e-06,0.0010174819366469126,0.0007180056635746691,0.00684402546000866,0.008599940373632037
120,0.25,calibrated,9.615384615384615,53,300,0.021212963786264527,0.4824578747026765,0.08589167728030501,1e-06,0.0005901287456750371,0.00045183503381094616,0.005197488380572104,0.019806592233814216
120,0.25,calibrated,9.615384615384615,54,300,0.029315909924318484,0.4743549285646225,0.08589167728030501,1e-06,0.0011649002571415342,0.0009812950959089167,0.009955280840273641,0.023029369412612452
120,0.25,calibrated,9.615384615384615,55,62,0.01474378384699504,0.48892705464194597,0.08589167728030501,1e-06,0.0038070669969639975,0.0018894512277753683,0.011756643426944666,0.004144180357385798
120,0.25,calibrated,9.615384615384615,56,28,0.035616040628823176,0.5392688539874255,0.08589167728030501,1e-06,0.0027364631176378337,0.0004052401024257234,0.00869418327432722,0.040199219541048214
120,0.25,calibrated,9.615384615384615,57,300,0.05007106184080323,0.5537349969041904,0.08589167728030501,1e-06,0.0034811014757283945,0.002333846522000351,0.015082356125906134,0.03454061124362608
120,0.25,calibrated,9.615384615384615,58,300,0.018053073913923745,0.49571162172426325,0.08589167728030501,1e-06,0.005380397864546984,0.001381455805494536,0.014137361830440391,0.019629323443486894
120,0.25,calibrated,9.615384615384615,59,300,0.012260998406657175,0.49140984008228383,0.08589167728030501,1e-06,0.0019310028168976114,0.001220991798644094,0.0064197616119871384,0.005323601798654937
120,0.25,calibrated,9.615384615384615,60,300,0.018234089703846323,0.4854367487850947,0.08589167728030501,1e-06,0.0004983751722398809,0.0003247823113020511,0.005420954753989759,0.016476674339812255
120,0.25,fixed,0.2,1,3,0.001077155062211732,0.9999928830043316,0.0,1e-06,0.00015611217908806485,8.110803849613907e-05,0.00028168303108635167,0.0007586820485191
120,0.25,fixed,0.2,2,3,2.420260412638875e-06,0.9999355033786598,0.00015611217908806485,1e-06,5.827451137165276e-07,4.6422444085841495e-08,3.9052351258832136e-07,2.2294354318274335e-06
120,0.25,fixed,0.2,3,2,5.691167537236197e-09,0.9999378548600897,0.00015622880052395668,1e-06,0.0,,,
120,0.25,fixed,0.47692307692307695,1,3,0.006541382790637651,0.9934521195811528,0.0,1e-06,0.0006266219916383802,0.00010490182924500986,0.001146562596484142,0.00520415461272277
120,0.25,fixed,0.47692307692307695,2,3,5.9902752704843465e-06,0.9998458365887308,0.0006266219916383802,1e-06,1.5824270486704706e-06,3.619362469557499e-08,1.0112638389471307e-06,5.761122954743148e-06
120,0.25,fixed,0.47692307692307695,3,2,2.7679499359223314e-08,0.999851741651422,0.0006268964714417714,1e-06,0.0,,,
120,0.25,fixed,0.7538461538461538,1,4,0.014265466124849024,0.9857254625728358,0.0,1e-06,0.0010991485047702006,0.0003331947900476087,0.0020400995717651514,0.011365906792217568
120,0.25,fixed,0.7538461538461538,2,4,5.594425819555049e-05,0.9997102272212481,0.0010991485047702006,1e-06,1.4799893532467712e-05,6.339793599726934e-07,8.915047278788112e-06,5.341464247250795e-05
120,0.25,fixed,0.7538461538461538,3,3,5.993983027696714e-07,0.9997648086111922,0.001101526492810676,1e-06,0.0,,,
120,0.25,fixed,1.0307692307692309,1,4,0.022109085769980497,0.9778784110754463,0.0,1e-06,0.0015737848495150492,0.0005804852090830242,0.002964042965087942,0.017738295319435896
120,0.25,fixed,1.0307692307692309,2,4,0.0001511817599466614,0.9995297284293116,0.0015737848495150492,1e-06,4.039313911446521e-05,1.7738343583804887e-06,2.3888261324169876e-05,0.0001442100035650877
120,0.25,fixed,1.0307692307692309,3,3,2.5635478241303744e-06,0.9996762006642332,0.0015801358961828793,1e-06,1.4559928092845446e-06,1.3468882658764464e-09,5.081237549514478e-07,2.541937938584502e-06
120,0.25,fixed,1.0307692307692309,4,2,4.014108667682592e-08,0.9996787217702396,0.0015801654616210254,1e-06,0.0,,,
120,0.25,fixed,1.3076923076923077,1,4,0.030078693067064677,0.9699063052325818,0.0,1e-06,0.002050631726373559,0.0007989003797587281,0.003920301316148717,0.02433407166184457
120,0.25,fixed,1.3076923076923077,2,5,0.00029052135472684704,0.9993054683289577,0.002050631726373559,1e-06,7.853330551924496e-05,3.439183111538931e-06,4.5808857990974884e-05,0.0002771158160972108
120,0.25,fixed,1.3076923076923077,3,3,6.728468863514969e-06,0.9995851087000733,0.002062742461804059,1e-06,3.871388741104577e-06,2.8059233663941308e-09,1.330398688578102e-06,6.670677305459501e-06
120,0.25,fixed,1.3076923076923077,4,2,1.506757609792686e-07,0.9995916821798535,0.0020628192535030124,1e-06,0.0,,,
120,0.25,fixed,1.5846153846153845,1,5,0.03818082976797321,0.9618031971027502,0.0,1e-06,0.0025298018254957476,0.0010157697734938707,0.004910969842042164,0.03116718598683519
120,0.25,fixed,1.5846153846153845,2,5,0.00047272972234435606,0.9990386260470926,0.0025298018254957476,1e-06,0.00012940516919847085,5.597482027960794e-06,7.455139936800638e-05,0.00045106762584577894
120,0.25,fixed,1.5846153846153845,3,4,1.3822866702373204e-05,0.999490802607731,0.0025547901188695196,1e-06,8.070182220770578e-06,5.5470511865005205e-09,2.729406555275385e-06,1.3703997367536965e-05
120,0.25,fixed,1.5846153846153845,4,2,3.516651624346778e-07,0.9995042618477697,0.0025556552523558953,1e-06,0.0,,,
120,0.25,fixed,1.8615384615384616,1,5,0.046420277875336424,0.9535627586186194,0.0,1e-06,0.003011409995545471,0.0012377254618792832,0.005938331345136065,0.0382528065355663
120,0.25,fixed,1.8615384615384616,2,5,0.0006965405863509355,0.9987304168197031,0.003011409995545471,1e-06,0.0001932080476157731,8.217049868476002e-06,0.00010998621408358602,0.0006649777460426996
120,0.25,fixed,1.8615384615384616,3,4,2.446979179637765e-05,0.9993926526390099,0.0030743207136515434,1e-06,1.4537679771733858e-05,6.903528772974132e-09,4.83529024431081e-06,2.4271498639315868e-05
120,0.25,fixed,1.8615384615384616,4,3,6.64194641397664e-07,0.9994164375211281,0.003075819484555446,1e-06,0.0,,,
120,0.25,fixed,2.138461538461539,1,5,0.05480397188534203,0.945178054213971,0.0,1e-06,0.0034958502032095035,0.0014650690689182082,0.007004907248496089,0.04560762209938099
120,0.25,fixed,2.138461538461539,2,6,0.0009606132369782694,0.9983821306813295,0.0034958502032095035,1e-06,0.00027015576267818233,1.1265056365341886e-05,0.00015197592707503045,0.000917699341916309
120,0.25,fixed,2.138461538461539,3,4,3.920259227907508e-05,0.9992901168887428,0.0036067174554999335,1e-06,2.3755197080028063e-05,1.148299374932493e-08,7.764662746392004e-06,3.891981151467673e-05
120,0.25,fixed,2.138461538461539,4,3,1.2228412978876335e-06,0.9993280838828569,0.0036090627102627116,1e-06,1.3443489344093723e-06,3.386669732870778e-09,2.5059680168134454e-07,1.2052527038360016e-06
120,0.25,fixed,2.138461538461539,5,2,4.7853296214483976e-08,0.9993292515257632,0.0036090784262490694,1e-06,0.0,,,
120,0.25,fixed,2.4153846153846157,1,5,0.06333942546752669,0.9366415690639767,0.0,1e-06,0.004007221400506216,0.0016981306717873605,0.008113475204731805,0.05324995986115719
120,0.25,fixed,2.4153846153846157,2,6,0.0012633665570589425,0.9979952766539939,0.004007221400506216,1e-06,0.00036047854915566903,1.4697045918824914e-05,0.0002003698664376811,0.0012078989252205094
120,0.25,fixed,2.4153846153846157,3,4,5.8598857966551954e-05,0.9991826204041079,0.00415212456691485,1e-06,3.6196737188075575e-05,2.5780155112924126e-08,1.162183257355324e-05,5.8214049048509e-05
120,0.25,fixed,2.4153846153846157,4,3,2.0518146570669415e-06,0.9992391759338842,0.004155541192632254,1e-06,2.3423019474905506e-06,7.667123096384201e-09,4.2813445275395743e-07,2.0080386464979765e-06
120,0.25,fixed,2.4153846153846157,5,2,9.510072784824075e-08,0.9992411104955754,0.004155558956050596,1e-06,0.0,,,
120,0.25,fixed,2.6923076923076925,1,6,0.07203496531005182,0.9279449751756506,0.0,1e-06,0.004528075227644164,0.0019372748366666822,0.009267128701771061,0.061200148404353095
120,0.25,fixed,2.6923076923076925,2,6,0.0016030788352145997,0.9975715003631839,0.004528075227644164,1e-06,0.00046442308401258454,1.8464821181306956e-05,0.00025500371123147954,0.0015341236001741537
120,0.25,fixed,2.6923076923076925,3,5,8.294465977276566e-05,0.9990698668617822,0.00471070757037073,1e-06,5.233068755438565e-05,5.1282518926908977e-08,1.648995577871785e-05,8.247111020341985e-05
120,0.25,fixed,2.6923076923076925,4,3,3.2653864866505344e-06,0.9991495749579626,0.00471540942900499,1e-06,3.802199127103863e-06,9.344564642125614e-09,6.805899118314956e-07,3.213069915402238e-06
120,0.25,fixed,2.6923076923076925,5,2,1.8122609857229577e-07,0.9991526368835159,0.004715428069540355,1e-06,0.0,,,
120,0.25,fixed,2.9692307692307693,1,6,0.08089939847065641,0.9190794641481013,0.0,1e-06,0.005058932330536288,0.002182899243900413,0.01046925878721613,0.06948041776408592
120,0.25,fixed,2.9692307692307693,2,6,0.0019780863736460486,0.9971124152605185,0.005058932330536288,1e-06,0.0005822534783671722,2.253123113792807e-05,0.00031570181974579007,0.0018949413382312289
120,0.25,fixed,2.9692307692307693,3,5,0.00011270056746792712,0.9989513932627958,0.005282642801201939,1e-06,7.261888848522661e-05,9.033211200258226e-08,2.2444373795356732e-05,0.0001121427972610748
120,0.25,fixed,2.9692307692307693,4,4,4.919919960211239e-06,0.999059230242205,0.005288839981195029,1e-06,5.84458747535623e-06,8.048064635246273e-09,1.0240210158901022e-06,4.867505310526983e-06
120,0.25,fixed,2.9692307692307693,5,2,1.8913838273348915e-07,0.9990639291488171,0.00528885367634608,1e-06,0.0,,,
120,0.25,fixed,3.2461538461538466,1,6,0.0899426325532835,0.9100351268200232,0.0,1e-06,0.00560037838019927,0.0024354471867320798,0.011723680379975746,0.07811566092752241
120,0.25,fixed,3.2461538461538466,2,7,0.002386161454978497,0.9966201419287593,0.00560037838019927,1e-06,0.0007142549249970353,2.682898600282032e-05,0.00038225898268882827,0.00228847242062207
120,0.25,fixed,3.2461538461538466,3,5,0.00014817510021170044,0.9988268873682935,0.005868114761447256,1e-06,9.750732552891982e-05,1.3229802011732812e-07,2.953625988982218e-05,0.00014753676717050543
120,0.25,fixed,3.2461538461538466,4,4,7.006807018927752e-06,0.9989681831073524,0.005876139095430028,1e-06,8.60023013249612e-06,1.1125337335243155e-08,1.5044434246336858e-06,6.913075893798566e-06
120,0.25,fixed,3.2461538461538466,5,2,2.88272425263969e-07,0.9989748395388622,0.005877620384907109,1e-06,0.0,,,
120,0.25,fixed,3.5230769230769234,1,7,0.09917559744682936,0.9008010315740925,0.0,1e-06,0.00615306001512353,0.0026954112369712018,0.01303466532023827,0.08713364251051708
120,0.25,fixed,3.5230769230769234,2,7,0.002825178163179398,0.9960967419015799,0.00615306001512353,1e-06,0.0008607287449180974,3.130838959364427e-05,0.0004544503984521097,0.002712870140526828
120,0.25,fixed,3.5230769230769234,3,5,0.00018933046906499662,0.9986963725544469,0.006492460046315065,1e-06,0.00012743847735435053,1.9870531895622756e-07,3.779454712721508e-05,0.000188665470872453
120,0.25,fixed,3.5230769230769234,4,4,9.599707157414983e-06,0.998876345306986,0.006538741527510214,1e-06,1.220133876883508e-05,1.6354457051254135e-08,2.134393417204299e-06,9.443150669455237e-06
120,0.25,fixed,3.5230769230769234,5,3,3.2031395913456606e-07,0.9988855762012531,0.00654074222329587,1e-06,0.0,,,
120,0.25,fixed,3.8000000000000003,1,7,0.1086101732419793,0.8913652964601352,0.0,1e-06,0.0067176808228735,0.0029927207625976213,0.014406981877241177,0.09656524021726526
120,0.25,fixed,3.8000000000000003,2,7,0.003292588987838019,0.9955446694108983,0.0067176808228735,1e-06,0.0010220013395975695,3.590295032165986e-05,0.000532017394117185,0.0031659253266385547
120,0.25,fixed,3.8000000000000003,3,6,0.0002364063329488575,0.9985596104384953,0.007169368317128386,1e-06,0.00016283157037495912,3.0730014669442716e-07,4.723261272852827e-05,0.00023574970577289967
120,0.25,fixed,3.8000000000000003,4,4,1.2663217738073662e-05,0.9987837941408202,0.0072272020882955534,1e-06,1.6796127659348214e-05,2.6328242579688478e-08,2.9381748560672688e-06,1.2363000100942224e-05
120,0.25,fixed,3.8000000000000003,5,3,4.3349508205281495e-07,0.9987959283599924,0.007229813062841952,1e-06,0.0,,,
120,0.25,fixed,4.0769230769230775,1,7,0.11825972080914626,0.8817145584788703,0.0,1e-06,0.007295032551570136,0.003317043136475655,0.015846038976927285,0.1064453180271768
120,0.25,fixed,4.0769230769230775,2,8,0.003785602346650596,0.9949666291879186,0.007295032551570136,1e-06,0.0011984190609514106,4.0544815424549874e-05,0.0006146624686242785,0.0036451798474177724
120,0.25,fixed,4.0769230769230775,3,6,0.00028901671871317536,0.9984169797496018,0.007871424874381854,1e-06,0.0002040963093464902,4.7545755108164594e-07,5.7827282759160955e-05,0.00028846786011690927
120,0.25,fixed,4.0769230769230775,4,5,1.626791385822557e-05,0.9986905092956326,0.0079422241616411,1e-06,2.2521189154131486e-05,4.8980201325688755e-08,3.939685765847649e-06,1.5695824295619952e-05
120,0.25,fixed,4.0769230769230775,5,3,6.002692615192373e-07,0.9987058686494136,0.00794552418970164,1e-06,0.0,,,
120,0.25,fixed,4.353846153846154,1,7,0.12813909021079217,0.8718339651953306,0.0,1e-06,0.007885995957166493,0.0036584801822005693,0.01735796445024986,0.1168131987689893
120,0.25,fixed,4.353846153846154,2,8,0.00430070732404042,0.994365989457772,0.007885995957166493,1e-06,0.0013903590042167442,4.513456422809131e-05,0.0007020340833389587,0.004147560255926122
120,0.25,fixed,4.353846153846154,3,6,0.000347227826195895,0.9982684858826708,0.008599422313703087,1e-06,0.00025160023392446936,6.887831344103958e-07,6.95323994411614e-05,0.0003467949263390796
120,0.25,fixed,4.353846153846154,4,5,2.0497925310336562e-05,0.9985963756667807,0.00868454297602229,1e-06,2.9522610272172508e-05,8.951835270053755e-08,5.1644866884321395e-06,1.956613297025744e-05
120,0.25,fixed,4.353846153846154,5,3,7.681639393464224e-07,0.9986155802928064,0.008688605664393136,1e-06,0.0,,,
120,0.25,fixed,4.630769230769231,1,8,0.1382651060813357,0.8617066892677177,0.0,1e-06,0.008491568892146216,0.004018675204978558,0.018949777778964845,0.12771370528613024
120,0.25,fixed,4.630769230769231,2,8,0.0048340428238196065,0.9937464779184433,0.008491568892146216,1e-06,0.0015982224413370095,4.95710612213889e-05,0.0007937232733445878,0.004669627346860829
120,0.25,fixed,4.630769230769231,3,6,0.00041051261493219027,0.998114602485859,0.009354240585430527,1e-06,0.0003056857973321545,8.323832897363849e-07,8.226129435199107e-05,0.00040996495179736306
120,0.25,fixed,4.630769230769231,4,5,2.524679870397062e-05,0.9985015406564911,0.009454931521262032,1e-06,3.793662314191388e-05,1.3495587871673968e-07,6.6364156269090665e-06,2.3812861649115954e-05
120,0.25,fixed,4.630769230769231,5,3,9.525456362569074e-07,0.9985250106601224,0.009459803290642008,1e-06,0.0,,,
120,0.25,fixed,4.907692307692308,1,8,0.14865630832012466,0.8513141878040142,0.0,1e-06,0.009112853738209227,0.004399497853681381,0.020629461803039206,0.13919757709000652
120,0.25,fixed,4.907692307692308,2,8,0.005381372248511429,0.9931122134070589,0.009112853738209227,1e-06,0.0018224401115641538,5.375412615792463e-05,0.0008892536904597062,0.005207534688268872
120,0.25,fixed,4.907692307692308,3,7,0.0004781436399736716,0.9979560639030317,0.01013683780695162,1e-06,0.0003666613305051701,9.381245273602134e-07,9.58873756231511e-05,0.00047729311066869296
120,0.25,fixed,4.907692307692308,4,5,3.05148963891666e-05,0.9984059622897499,0.010254192144841814,1e-06,4.788012422400241e-05,1.7274994920385336e-07,8.375930076505741e-06,2.8491696174579514e-05
120,0.25,fixed,4.907692307692308,5,4,1.2056927528591999e-06,0.9984339942212538,0.01025988625822488,1e-06,4.064712730479777e-06,9.275117502152757e-09,7.110390753280373e-07,7.236591984332064e-07
120,0.25,fixed,4.907692307692308,6,2,7.449386041358252e-08,0.9984347754452173,0.010259782714998458,1e-06,0.0,,,
120,0.25,fixed,5.184615384615385,1,8,0.1593340857121993,0.8406350685360373,0.0,1e-06,0.009751121642513504,0.00480311791841621,0.022406297182560486,0.15132347894975487
120,0.25,fixed,5.184615384615385,2,9,0.005937202320067225,0.9924684780905736,0.009751121642513504,1e-06,0.0020634843448940577,5.752965934070322e-05,0.0009880483542222872,0.005756342158655494
120,0.25,fixed,5.184615384615385,3,7,0.0005498384749633711,0.9977932820290286,0.010948274730449249,1e-06,0.0004347497316514188,9.800563381924613e-07,0.00011023663966484912,0.0005485239749124818
120,0.25,fixed,5.184615384615385,4,5,3.616731840172527e-05,0.9983099498364335,0.01108317186966699,1e-06,5.947629492659883e-05,2.2891741945270904e-07,1.040458827951993e-05,3.327357859070003e-05
120,0.25,fixed,5.184615384615385,5,4,1.4344354841711038e-06,0.9983428472984384,0.011089662272172661,1e-06,5.236537467637851e-06,1.3418917835514643e-08,9.160264633974087e-07,7.074470379905331e-07
120,0.25,fixed,5.184615384615385,6,2,1.3189504777244565e-07,0.9983436643643709,0.011089456886136547,1e-06,0.0,,,
120,0.25,fixed,5.461538461538462,1,9,0.17032292016977058,0.829644845526665,0.0,1e-06,0.010469305317389708,0.0052320599673591275,0.024291093049172725,0.16415936055016622
120,0.25,fixed,5.461538461538462,2,9,0.006495687318312515,0.9918209665328855,0.010469305317389708,1e-06,0.0023218496610048923,6.076142829160473e-05,0.0010894260436014878,0.006310642430546717
120,0.25,fixed,5.461538461538462,3,7,0.0006242670700523645,0.9976277244058235,0.011789742486175307,1e-06,0.0005101393400331775,7.669564874617749e-07,0.00012506899161419168,0.0006221114315086589
120,0.25,fixed,5.461538461538462,4,6,4.2240890419043e-05,0.9982134534782088,0.011942767553629878,1e-06,7.278068982404404e-05,1.7266739160084577e-07,1.2732119931244682e-05,3.8219287668807016e-05
120,0.25,fixed,5.461538461538462,5,4,1.6204268372677078e-06,0.9982516432291207,0.011949964982440707,1e-06,6.623242078536702e-06,1.7066195104732138e-08,1.1586029412461272e-06,4.501630112070148e-07
120,0.25,fixed,5.461538461538462,6,2,2.575216238032141e-07,0.9982522989866506,0.011949609889258772,1e-06,0.0,,,
120,0.25,fixed,5.7384615384615385,1,9,0.1816505574133468,0.8183157684967952,0.0,1e-06,0.011218498790658876,0.005689266022785581,0.02629644839843922,0.17778397079751668
120,0.25,fixed,5.7384615384615385,2,9,0.00704962313957036,0.9911766638206226,0.011218498790658876,1e-06,0.0025980845734852034,6.326847139827184e-05,0.0011925663929577201,0.0068637765357515
120,0.25,fixed,5.7384615384615385,3,7,0.0007000823220298935,0.9974606840374473,0.01266255039494688,1e-06,0.000592903723186854,4.3625550509931346e-07,0.0001400756128249065,0.0006967864064707722
120,0.25,fixed,5.7384615384615385,4,6,4.83367046565375e-05,0.9981170021559209,0.012833910479552497,1e-06,8.783994062897705e-05,3.5646685437355247e-07,1.536669305576993e-05,4.2772160298770334e-05
120,0.25,fixed,5.7384615384615385,5,4,1.7880462733765867e-06,0.9981601680341174,0.01284164483757545,1e-06,8.20353166497469e-06,2.322796437486403e-08,1.4350434667576635e-06,1.2982748921872528e-07
120,0.25,fixed,5.7384615384615385,6,2,4.045354140558288e-07,0.9981606316298234,0.012841076630048598,1e-06,0.0,,,
120,0.25,fixed,6.015384615384616,1,9,0.19334953362871754,0.8066152958460652,0.0,1e-06,0.011999826209658913,0.006178226444302444,0.02843733389743131,0.19229030130458033
120,0.25,fixed,6.015384615384616,2,10,0.007590602797537427,0.9905437552523931,0.011999826209658913,1e-06,0.00289277321237511,6.485181023498449e-05,0.0012964735607049517,0.007407874230979524
120,0.25,fixed,6.015384615384616,3,8,0.0007754294962684094,0.9972939938654846,0.013568184944921638,1e-06,0.0006830040496058725,4.170149244975191e-07,0.00015485992851724473,0.0007706923600040837
120,0.25,fixed,6.015384615384616,4,6,5.415393335206353e-05,0.998020984293863,0.013757602295646904,1e-06,0.00010463131035667594,4.588031219963799e-07,1.830433960230152e-05,4.657067981351372e-05
120,0.25,fixed,6.015384615384616,5,4,1.959091446290806e-06,0.9980686255840993,0.013765604893970346,1e-06,9.961156909457973e-06,3.300943071251391e-08,1.7425054729162537e-06,5.588592510064901e-07
120,0.25,fixed,6.015384615384616,6,2,6.176434701465894e-07,0.9980687026689113,0.01376473684140092,1e-06,0.0,,,
120,0.25,fixed,6.292307692307693,1,10,0.20545813375794886,0.7945051362304697,0.0,1e-06,0.012816427591484273,0.006703116386097795,0.03073167991332389,0.2077889992927159
120,0.25,fixed,6.292307692307693,2,10,0.008107646279874148,0.9899328371510904,0.012816427591484273,1e-06,0.003206575136523165,6.4944251162257e-05,0.001399915955228583,0.007932759782970122
120,0.25,fixed,6.292307692307693,3,8,0.0008479360804728442,0.9971300564438017,0.014508320695429015,1e-06,0.0007802092833839587,1.536502169489e-06,0.00016888835464307891,0.0008413966963199146
120,0.25,fixed,6.292307692307693,4,6,5.946257461686422e-05,0.9979255111010819,0.014714865896199312,1e-06,0.00012302566732070005,5.645810402121318e-07,2.152247682280338e-05,4.9470978803572453e-05
120,0.25,fixed,6.292307692307693,5,4,2.062746070174981e-06,0.9979770227053932,0.01472275326360804,1e-06,1.1869410971188666e-05,4.0558544337411035e-08,2.0763170556832914e-06,1.4152383140892805e-06
120,0.25,fixed,6.292307692307693,6,2,9.035843033800006e-07,0.9979765157025756,0.014721492144191701,1e-06,0.0,,,
120,0.25,fixed,6.56923076923077,1,10,0.21802094345556355,0.7819406964659071,0.0,1e-06,0.013671974979129073,0.00726894613889623,0.03320101406591443,0.22441199785019508
120,0.25,fixed,6.56923076923077,2,10,0.008588546804563224,0.9893558229747696,0.013671974979129073,1e-06,0.003540191987170764,6.14310681516191e-05,0.0015013987631625012,0.008426851635231474
120,0.25,fixed,6.56923076923077,3,8,0.0009162890008305169,0.9969718037097981,0.015484862859271002,1e-06,0.0008841062027737464,2.262613896377097e-06,0.0001856624464125516,0.000905967389862921
120,0.25,fixed,6.56923076923077,4,6,6.37342511575767e-05,0.9978312291386573,0.015706812359945612,1e-06,0.0001428047050488389,6.83736461586466e-07,2.4982913583231695e-05,5.086820941017536e-05
120,0.25,fixed,6.56923076923077,5,4,2.668893622104207e-06,0.9978854618721349,0.015714048829517244,1e-06,1.3856443290846031e-05,4.9085468033647176e-08,2.4239091216078217e-06,2.441936417979943e-06
120,0.25,fixed,6.56923076923077,6,2,1.2837076186489327e-06,0.9978840883416252,0.01571227708278005,1e-06,4.6519715661365633e-07,2.169382627846496e-08,2.790028322186229e-07,1.1930372108963247e-06
120,0.25,fixed,6.56923076923077,7,2,1.689823005968094e-07,0.9978830169626225,0.015711935308041033,1e-06,0.0,,,
120,0.25,fixed,6.846153846153847,1,11,0.2310922640272317,0.7688676660010205,0.0,1e-06,0.014570896666015265,0.00788188126785356,0.035871877051424625,0.2423207593343425
120,0.25,fixed,6.846153846153847,2,11,0.009017139676070096,0.9888283653359063,0.014570896666015265,1e-06,0.003894421589198879,5.572145551257812e-05,0.0015990357821771294,0.008874980905061376
120,0.25,fixed,6.846153846153847,3,8,0.0009764150645650282,0.9968228855772138,0.016500024347697033,1e-06,0.000993937201640293,3.1380633624962537e-06,0.00020228113087284252,0.0009607833613508182
120,0.25,fixed,6.846153846153847,4,7,6.765453622270545e-05,0.9977390660676884,0.016734600956450688,1e-06,0.0001635938424150046,8.390887220715625e-07,2.862010727287433e-05,5.185738697432729e-05
120,0.25,fixed,6.846153846153847,5,5,4.417012177349022e-06,0.9977940769971801,0.016819622053349345,1e-06,1.5799194466298593e-05,5.7250647349818775e-08,2.763754362756514e-06,4.146920747759546e-06
120,0.25,fixed,6.846153846153847,6,3,1.1997895568160999e-06,0.9977909128503382,0.016835421247815643,1e-06,6.284466416372097e-07,7.2410202055679404e-09,3.5219817489743626e-07,1.1683443004479863e-06
120,0.25,fixed,6.846153846153847,7,2,2.661656341995666e-07,0.9977899705743651,0.016835796996055308,1e-06,0.0,,,
120,0.25,fixed,7.1230769230769235,1,11,0.2447372732755665,0.7552208558761648,0.0,1e-06,0.015518513638121572,0.008549539076223005,0.03877708604894332,0.26171334600373597
120,0.25,fixed,7.1230769230769235,2,11,0.009374679034569566,0.9883687808924271,0.015518513638121572,1e-06,0.004270121396918395,5.1007162595467467e-05,0.0016904831548886184,0.00925924890214647
120,0.25,fixed,7.1230769230769235,3,9,0.0010239187366715141,0.9966887423521107,0.01755638380095111,1e-06,0.0011086331237459958,3.303190465493005e-06,0.00021755733960003253,0.0010004629787646704
120,0.25,fixed,7.1230769230769235,4,7,7.000479558394446e-05,0.9976492044475829,0.018019031295026463,1e-06,0.00018473034166450366,9.677362986583608e-07,3.231809103257625e-05,4.87511364026943e-05
120,0.25,fixed,7.1230769230769235,5,5,6.574045316121158e-06,0.997702775259391,0.018203761636690966,1e-06,1.7559322486235824e-05,5.955705926375814e-08,3.0716521732026863e-06,6.277058703638619e-06
120,0.25,fixed,7.1230769230769235,6,3,1.545986165085722e-06,0.9976977825564047,0.018221320959177202,1e-06,8.360774578686761e-07,1.3284765935266517e-08,4.3998039570253384e-07,1.487943314498267e-06
120,0.25,fixed,7.1230769230769235,7,2,3.6398780345336945e-07,0.9976965980750694,0.018221539105617236,1e-06,0.0,,,
120,0.25,fixed,7.4,1,12,0.2590374252494565,0.7409187979597733,0.0,1e-06,0.016521426295409467,0.009281584925712086,0.04195835551995807,0.2828394247640341
120,0.25,fixed,7.4,2,11,0.009636053840356706,0.9880014545238418,0.016521426295409467,1e-06,0.004668289405666994,4.366307617444386e-05,0.0017727195827797163,0.009555933167493622
120,0.25,fixed,7.4,3,9,0.0010521669867161743,0.9965752471075231,0.01865701736928593,1e-06,0.0012264667365965243,4.2137845362043814e-06,0.00023050612996371335,0.0010193879915739855
120,0.25,fixed,7.4,4,7,6.95596734465731e-05,0.9975632141276958,0.019464241161837384,1e-06,0.00020532927925506989,5.990994135467514e-07,3.592199779680704e-05,4.1224320767975885e-05
120,0.25,fixed,7.4,5,5,9.377584079262036e-06,0.9976117887533924,0.019669570441092455,1e-06,1.8869036863638978e-05,5.774678549336807e-08,3.4307250983372066e-06,9.064668719651881e-06
120,0.25,fixed,7.4,6,3,1.9503952655153256e-06,0.9976043591859401,0.019688439477956093,1e-06,1.0888493609671756e-06,1.795818256409932e-08,5.355071185570973e-07,1.850448500534916e-06
120,0.25,fixed,7.4,7,2,4.859237641152703e-07,0.9976029076790928,0.019688361425813764,1e-06,0.0,,,
120,0.25,fixed,7.676923076923077,1,12,0.27409427228384087,0.7258599221681841,0.0,1e-06,0.017587868424182827,0.010090427543030137,0.045469298815350445,0.3060169542884812
120,0.25,fixed,7.676923076923077,2,12,0.00977034276127775,0.9877565857088739,0.017587868424182827,1e-06,0.005090032334138099,3.271146255638018e-05,0.0018418605122647194,0.009735567299412246
120,0.25,fixed,7.676923076923077,3,9,0.0010577492351454554,0.9964911957580003,0.019805630371679473,1e-06,0.0013450270407694466,5.184874196799059e-06,0.00023984104068233028,0.0010079075747948178
120,0.25,fixed,7.676923076923077,4,7,6.670089764071463e-05,0.9974823716869746,0.0209978916805834,1e-06,0.00022398954769611593,1.2169021961973422e-06,3.9186626263432586e-05,2.8216295607203933e-05
120,0.25,fixed,7.676923076923077,5,4,1.2497779769971018e-05,0.997520820020498,0.021221881228279515,1e-06,1.935609457810803e-05,4.112277535517541e-08,4.359013742990226e-06,1.2271966740191366e-05
120,0.25,fixed,7.676923076923077,6,4,2.9327635586717804e-06,0.9975112206468131,0.021241237322857622,1e-06,1.3553419281627303e-06,2.275709267459867e-08,6.34553169066991e-07,2.847789464145278e-06
120,0.25,fixed,7.676923076923077,7,3,2.5143872095512165e-07,0.9975084894167955,0.021240714479913037,1e-06,0.0,,,
120,0.25,fixed,7.953846153846155,1,13,0.290040249076161,0.7099117704358825,0.0,1e-06,0.018728500819397587,0.010992540623891683,0.04938122353143814,0.33166477689918494
120,0.25,fixed,7.953846153846155,2,12,0.009734745478209184,0.9876757487525417,0.018728500819397587,1e-06,0.005536698366923788,1.8873425601054298e-05,0.0018927221129953938,0.009757861972808209
120,0.25,fixed,7.953846153846155,3,9,0.0010342233589799577,0.9964474946445472,0.021166700489489106,1e-06,0.0014606175256040275,7.694517536865706e-06,0.0002557914543630082,0.0009556290070024985
120,0.25,fixed,7.953846153846155,4,8,5.9822615747329166e-05,0.9974080599494712,0.022627318015093132,1e-06,0.00023865680377614673,1.2586614147706534e-06,4.175246257843181e-05,8.292843422429738e-06
120,0.25,fixed,7.953846153846155,5,4,1.7053344451900543e-05,0.9974308928915092,0.02286597481886928,1e-06,1.8556183960938432e-05,3.2792988961579917e-08,5.426910498538981e-06,1.6785518684313845e-05
120,0.25,fixed,7.953846153846155,6,4,3.4382962335044454e-06,0.9974172571857152,0.02288453100283022,1e-06,1.693026747108656e-06,1.3752392683209336e-08,7.897561470956575e-07,3.3789740544834206e-06
120,0.25,fixed,7.953846153846155,7,3,2.6696599086939443e-07,0.9974139388026703,0.02288324366753991,1e-06,0.0,,,
120,0.25,fixed,8.23076923076923,1,14,0.30705040397118466,0.6928992633122468,0.0,1e-06,0.01995737578026644,0.01201032331002377,0.05379123020211685,0.3603471264719005
120,0.25,fixed,8.23076923076923,2,13,0.009487594948368705,0.9878139536130476,0.01995737578026644,1e-06,0.006009886457224014,1.7997782286000603e-05,0.001918323548219458,0.009569642619891676
120,0.25,fixed,8.23076923076923,3,10,0.0009693703679979349,0.9964592118418065,0.02279357084035537,1e-06,0.0015678572931166544,6.832150546868395e-06,0.00027457321951006146,0.0008479937984542186
120,0.25,fixed,8.23076923076923,4,8,4.881684107649331e-05,0.9973431922549865,0.024361428133472026,1e-06,0.00024635754201448803,1.28742899293669e-06,4.309915498732487e-05,2.541621661000986e-05
120,0.25,fixed,8.23076923076923,5,3,2.1478610746417104e-05,0.9973405495545901,0.024607785675486514,1e-06,1.5631808995262307e-05,6.097046982197909e-08,6.579363593761378e-06,2.139117976590843e-05
120,0.25,fixed,8.23076923076923,6,4,4.533401360751199e-06,0.9973234310644268,0.024623417484481776,1e-06,2.3652757243393596e-06,4.775687685951973e-08,9.329166097146347e-07,4.301278623416798e-06
120,0.25,fixed,8.23076923076923,7,3,3.41070131248955e-07,0.9973191457613216,0.024621052208757436,1e-06,0.0,,,
120,0.25,fixed,8.507692307692308,1,15,0.3253665621113493,0.6745805320339862,0.0,1e-06,0.021293835259912533,0.013175517216436023,0.05883715673223227,0.3928558212176602
120,0.25,fixed,8.507692307692308,2,13,0.00897506059172637,0.9882477506084342,0.021293835259912533,1e-06,0.006511535877069201,3.465383205446401e-05,0.0019088845814195434,0.009026343947881292
120,0.25,fixed,8.507692307692308,3,10,0.0008463720103587535,0.9965491689538193,0.02455277063970635,1e-06,0.001658761951846772,1.0909590870401554e-05,0.0002904820405794545,0.0006622358800202459
120,0.25,fixed,8.507692307692308,4,8,6.794071535654034e-05,0.9972904748401537,0.02621153259155312,1e-06,0.00024240258119406224,1.1944752912992436e-06,4.240622327412562e-05,6.261867258675744e-05
120,0.25,fixed,8.507692307692308,5,5,2.808677579713148e-05,0.9972520110893804,0.026453935172747182,1e-06,1.3057667924105632e-05,3.390730243950377e-08,7.836629017249502e-06,2.801422762359067e-05
120,0.25,fixed,8.507692307692308,6,5,4.027355357871798e-06,0.9972276447574829,0.0264633510173735,1e-06,4.03540222460039e-06,1.9535691170839218e-08,1.0768377102737337e-06,3.772855672900017e-06
120,0.25,fixed,8.507692307692308,7,3,2.6974697875381537e-07,0.9972238833732995,0.0264593156151489,1e-06,0.0,,,
120,0.25,fixed,8.784615384615384,1,17,0.34533985582566507,0.6546043803972442,0.0,1e-06,0.022765804046340255,0.014535445815715912,0.06472489375222168,0.43035865369818027
120,0.25,fixed,8.784615384615384,2,14,0.008236536119978655,0.9890901648066932,0.022765804046340255,1e-06,0.007044238529605588,7.005395253507436e-05,0.0018501121134652217,0.008016342689636545
120,0.25,fixed,8.784615384615384,3,10,0.0006785140829673741,0.996749968004507,0.02647177600428087,1e-06,0.0017207447274556877,1.2875996982657206e-05,0.0003013059388742288,0.00040170395089726
120,0.25,fixed,8.784615384615384,4,8,0.0001272466415436213,0.9972546544506761,0.02819252073173656,1e-06,0.00021959972837115385,9.420876292107858e-07,4.347464565069866e-05,0.00012237941013458112
120,0.25,fixed,8.784615384615384,5,6,3.4946069014551995e-05,0.9971632988696268,0.02841212046010771,1e-06,1.748005307050225e-05,1.5370849791482817e-08,8.9744216170998e-06,3.480994480796885e-05
120,0.25,fixed,8.784615384615384,6,5,4.034267503616462e-06,0.9971315441052028,0.028410304614779943,1e-06,6.3848651072766175e-06,6.288146189636743e-08,1.2618036153462135e-06,3.1499966272051074e-06
120,0.25,fixed,8.784615384615384,7,3,2.750266212547814e-07,0.9971280476924778,0.028403919749672667,1e-06,0.0,,,
120,0.25,fixed,9.061538461538461,1,18,0.3675126117164146,0.6324283817819774,0.0,1e-06,0.024416247272207276,0.016165480859840695,0.07178296985399187,0.47469275525675647
120,0.25,fixed,9.061538461538461,2,14,0.007183370445188464,0.9905176597333079,0.024416247272207276,1e-06,0.007611687791468747,0.00011125287252745526,0.0017198459619681983,0.006406303948640359
120,0.25,fixed,9.061538461538461,3,10,0.00045896607928730404,0.9971127941006216,0.02859232964962323,1e-06,0.001733082958298868,1.3758187493596853e-05,0.0003034063574252945,9.576430589278369e-05
120,0.25,fixed,9.061538461538461,4,6,0.00020989366942014698,0.9972422089665227,0.030325412607922098,1e-06,0.00016614248791568196,4.057270925164216e-07,6.296288247377331e-05,0.00020630967692806856
120,0.25,fixed,9.061538461538461,5,7,4.2176582433217646e-05,0.9970738545290564,0.03049155509583778,1e-06,2.2946008779695528e-05,1.619088274830263e-07,1.0703074546848552e-05,4.1060057924994665e-05
120,0.25,fixed,9.061538461538461,6,5,3.925550105643438e-06,0.997034699403107,0.03047056767459707,1e-06,9.613477539358958e-06,6.455625272009314e-08,1.6816700909700523e-06,2.3746961609392477e-06
120,0.25,fixed,9.061538461538461,7,2,2.5665606873115365e-07,0.9970322639023851,0.030460954197057712,1e-06,0.0,,,
120,0.25,fixed,9.338461538461539,1,21,0.392813423896504,0.6071237684440117,0.0,1e-06,0.02631831095695657,0.018198601865404083,0.08059220132563198,0.5290551474213404
120,0.25,fixed,9.338461538461539,2,15,0.0058339427789251275,0.9922068791714714,0.02631831095695657,1e-06,0.008219704884335391,0.0001772732731221984,0.0017072459723339382,0.00403801555959883
120,0.25,fixed,9.338461538461539,3,10,0.0008067041445902756,0.9977273728100449,0.030984590496175368,1e-06,0.0016586841729116129,1.34518953045835e-05,0.000341904532443924,0.0007401228213457765
120,0.25,fixed,9.338461538461539,4,8,0.0003287259909543483,0.9972658854357365,0.03264327466908698,1e-06,0.00013574220028983097,3.915348328687025e-07,8.968363461670909e-05,0.0003273366539168996
120,0.25,fixed,9.338461538461539,5,8,5.073607219285847e-05,0.9969828990354755,0.032704044011356834,1e-06,5.311025454690641e-05,3.9659900631007053e-07,1.3793579862641178e-05,4.607980097734486e-05
120,0.25,fixed,9.338461538461539,6,6,3.396384362641669e-06,0.9969356674429177,0.03265093375680993,1e-06,1.4168015705563978e-05,5.0592572040726566e-08,2.478387093575731e-06,6.212768326094976e-07
120,0.25,fixed,9.338461538461539,7,2,1.4477343497354411e-06,0.9969347518678753,0.032636765741104364,1e-06,1.3242483369869528e-06,1.5628293915324667e-09,4.5686120246536874e-07,1.4320664975068261e-06
120,0.25,fixed,9.338461538461539,8,2,6.548216390234174e-07,0.9969355852812919,0.03263544149276738,1e-06,0.0,,,
120,0.25,fixed,9.615384615384615,1,25,0.42309449284738954,0.5768379885618176,0.0,1e-06,0.028617083529175538,0.0209095575024794,0.09235511856105982,0.5999438468379841
120,0.25,fixed,9.615384615384615,2,15,0.00408700471401191,0.9947776152866414,0.028617083529175538,1e-06,0.008879209284395513,0.00025479887054180524,0.002097409082159742,0.0007093504490167928
120,0.25,fixed,9.615384615384615,3,6,0.001940051983884361,0.9987679271253936,0.03378624737639954,1e-06,0.0014213134302852478,1.1349883869146445e-05,0.0005424745897700599,0.001860542524719643
120,0.25,fixed,9.615384615384615,4,9,0.0005131689861588296,0.9973530555968371,0.03520756080668479,1e-06,0.0002354737573693207,4.410214692799585e-07,0.0001279081106830142,0.00051023490079817
120,0.25,fixed,9.615384615384615,5,8,6.31081531883293e-05,0.9968905973888079,0.03506798352163791,1e-06,0.00010865750773553465,7.195886447136667e-07,1.9453630231668575e-05,5.0114916319540334e-05
120,0.25,fixed,9.615384615384615,6,6,6.305502157744058e-06,0.9968334160213894,0.03495932601390238,1e-06,2.1090731828401942e-05,1.1377367588167817e-07,3.689367052671261e-06,5.823016757254721e-06
120,0.25,fixed,9.615384615384615,7,3,2.8313185502781835e-06,0.9968367731497797,0.03493823528207397,1e-06,1.4020159481219297e-06,8.146134998687416e-09,8.129034190864028e-07,2.796549487119437e-06
120,0.25,fixed,9.615384615384615,8,3,6.0707725380027e-07,0.9968390176285264,0.03493731758838121,1e-06,0.0,,,
120,0.5,calibrated,0.2,1,3,0.004998826299555503,1.0000011985793809,0.0,1e-06,0.08595345330853416,1.4788415189231274e-05,0.005011856478133396,0.004441937695266587
120,0.5,calibrated,0.2,2,3,2.473935409108563e-05,1.0024851378700215,0.08595345330853416,1e-06,0.0004263930773403341,1.1631790268125399e-09,2.461703507581605e-05,2.424912649129355e-05
120,0.5,calibrated,0.2,3,2,2.485578431965507e-07,1.0024973510531545,0.0863798463858745,1e-06,0.0,,,
120,0.5,calibrated,0.47692307692307695,1,3,0.004997201152928676,0.9943024455810746,0.0,1e-06,0.0859392361888275,3.6688871797525e-05,0.005014732407418589,0.00366903014101086
120,0.5,calibrated,0.47692307692307695,2,3,2.788354575411489e-05,0.9975498666269313,0.0859392361888275,1e-06,0.0004261165995541324,7.1639231615009025e-09,2.4601393982434707e-05,2.7603916276585482e-05
120,0.5,calibrated,0.47692307692307695,3,2,2.4831839784411613e-07,0.9975775600976942,0.08636535278838163,1e-06,0.0,,,
120,0.5,calibrated,0.7538461538461538,1,4,0.004995575979665934,0.9870873229045912,0.0,1e-06,0.08592501895101047,5.9196140629488334e-05,0.005019544631869659,0.0028737475567406686
120,0.5,calibrated,0.7538461538461538,2,3,3.570776549943755e-05,0.989297914337483,0.08592501895101047,1e-06,0.0004258402170578106,1.780066709363513e-08,2.4585757986908997e-05,3.51814035355993e-05
120,0.5,calibrated,0.7538461538461538,3,2,2.4807912479829497e-07,0.9893335101824939,0.08635085916806828,1e-06,0.0,,,
120,0.5,calibrated,1.0307692307692309,1,4,0.004993950779764944,0.9797628733986186,0.0,1e-06,0.08591080159504402,8.246839244794507e-05,0.005024370070974823,0.0020545313680553493
120,0.5,calibrated,1.0307692307692309,2,3,4.8546014535855164e-05,0.9809096565879014,0.08591080159504402,1e-06,0.0004255639299237212,3.326447628144764e-08,2.4570127093607747e-05,4.767204852831425e-05
120,0.5,calibrated,1.0307692307692309,3,2,2.4784002450317644e-07,0.9809582436579893,0.08633636552496775,1e-06,0.0,,,
120,0.5,calibrated,1.3076923076923077,1,4,0.004992325553223154,0.9723243397244091,0.0,1e-06,0.08589658412091203,0.00010655641474115808,0.005029204506873565,0.001209659995379077
120,0.5,calibrated,1.3076923076923077,2,3,6.715009474067557e-05,0.9723780356335836,0.08589658412091203,1e-06,0.00042528773813663195,5.3751774876326633e-08,2.4554501301843172e-05,6.587915558939483e-05
120,0.5,calibrated,1.3076923076923077,3,3,3.6837749595175495e-07,0.9724455536647835,0.08632187185904866,1e-06,0.0,,,
120,0.5,calibrated,1.5846153846153845,1,5,0.004990700300038231,0.9647665626006846,0.0,1e-06,0.08588236652858683,0.00013149619797363316,0.005034043198297727,0.0010113198119820414
120,0.5,calibrated,1.5846153846153845,2,4,9.240031914825586e-05,0.9636953420020421,0.08588236652858683,1e-06,0.0004250538194912915,7.948001240478472e-08,2.4541315948913524e-05,9.074707747535972e-05
120,0.5,calibrated,1.5846153846153845,3,3,9.358798462866247e-07,0.9637886786575462,0.08630742034807812,1e-06,0.0,,,
120,0.5,calibrated,1.8615384615384616,1,5,0.004989075020208067,0.9570840677983791,0.0,1e-06,0.08586814881807416,0.0001573571790581391,0.0050388806186736435,0.001948867041151331
120,0.5,calibrated,1.8615384615384616,2,4,0.00012526944454094302,0.9548531877402797,0.08586814881807416,1e-06,0.0004247777716871785,1.1066995901738341e-07,2.4525697695347713e-05,0.00012334075334485974
120,0.5,calibrated,1.8615384615384616,3,3,1.7918610715206285e-06,0.9549802496736175,0.08629292658976133,1e-06,4.1964598631395285e-06,5.36574090407631e-10,2.85758300918284e-07,1.810627376924898e-06
120,0.5,calibrated,1.8615384615384616,4,2,2.0054801597169103e-08,0.9549784411299027,0.08629712304962447,1e-06,0.0,,,
120,0.5,calibrated,2.138461538461539,1,5,0.004987449713729886,0.949270882612094,0.0,1e-06,0.08585393098932925,0.0001842162617849679,0.005043710524237085,0.0029636015052256007
120,0.5,calibrated,2.138461538461539,2,4,0.00016692656342909284,0.9458423294078905,0.08585393098932925,1e-06,0.00042450181943950657,1.4755681089188424e-07,2.451008455591805e-05,0.00016493885005674898
120,0.5,calibrated,2.138461538461539,3,3,3.0838382253373098e-06,0.9460123406619068,0.08627843280876876,1e-06,4.192402715666242e-06,1.56493342701243e-09,4.739741738362171e-07,3.135939271662289e-06
120,0.5,calibrated,2.138461538461539,4,2,3.709461171563788e-08,0.9460092279155871,0.08628262521148443,1e-06,0.0,,,
120,0.5,calibrated,2.4153846153846157,1,5,0.004985824380601467,0.9413205611651121,0.0,1e-06,0.08583971304234261,0.0002121601612676746,0.00504852571598792,0.003235645600801999
120,0.5,calibrated,2.4153846153846157,2,4,0.0002187206140429332,0.9366525995008977,0.08583971304234261,1e-06,0.00042422596279777995,1.9039414397203033e-07,2.6693993269557986e-05,0.00021703281332898476
120,0.5,calibrated,2.4153846153846157,3,4,4.9976642698679186e-06,0.936876318920094,0.0862639390051404,1e-06,4.188557417624409e-06,2.6902041791290476e-09,7.508146433475722e-07,5.108086563703143e-06
120,0.5,calibrated,2.4153846153846157,4,2,8.414555674463031e-08,0.9368712420359467,0.08626812756255803,1e-06,0.0,,,
120,0.5,calibrated,2.6923076923076925,1,6,0.005679589588902911,0.9332259925079498,0.0,1e-06,0.08582549497710089,0.00024128498464116955,0.0050533180707216085,0.003884066858478763
120,0.5,calibrated,2.6923076923076925,2,5,0.0002822662727548497,0.927272720704706,0.08582549497710089,1e-06,0.0004239499931855566,2.3949317471519376e-07,3.510675505955179e-05,0.0002814100272438496
120,0.5,calibrated,2.6923076923076925,3,4,7.857149543544217e-06,0.9275628456435236,0.08624944497028644,1e-06,4.184712026286192e-06,8.685704321270917e-10,1.1490858678429553e-06,8.044857197072438e-06
120,0.5,calibrated,2.6923076923076925,4,2,1.4957471783372256e-07,0.9275548494008933,0.08625362968231273,1e-06,0.0,,,
120,0.5,calibrated,2.9692307692307693,1,6,0.006939609427546789,0.9249796899209439,0.0,1e-06,0.08581127679358032,0.0002723062787390084,0.005058077808249486,0.004849474641162205
120,0.5,calibrated,2.9692307692307693,2,5,0.0003593839000470833,0.9176902483956699,0.08581127679358032,1e-06,0.0004236743279289853,2.951076956102661e-07,4.5295419395372095e-05,0.0003601300609707941
120,0.5,calibrated,2.9692307692307693,3,4,1.1776631392290682e-05,0.9180614109104622,0.0862349511215093,1e-06,4.180662723325174e-06,1.405204405886596e-09,1.7064881103196556e-06,1.2120031604377233e-05
120,0.5,calibrated,2.9692307692307693,4,2,2.502640995549754e-07,0.9180494053586954,0.08623913178423263,1e-06,0.0,,,
120,0.5,calibrated,3.2461538461538466,1,6,0.008240282476865923,0.9165732739132006,0.0,1e-06,0.0857970584917561,0.00030512541470755487,0.005062793882604093,0.0056132220177579325
120,0.5,calibrated,3.2461538461538466,2,5,0.00045229582835981663,0.9078912344363756,0.0857970584917561,1e-06,0.00042339875832024743,3.575820615422653e-07,5.755282990251668e-05,0.00045570212444655153
120,0.5,calibrated,3.2461538461538466,3,4,1.7204408312987418e-05,0.9083607372401823,0.08622045725007635,1e-06,4.492439056929889e-06,2.7395825974376643e-09,2.477534496501816e-06,1.779962617411385e-05
120,0.5,calibrated,3.2461538461538466,4,2,4.053901908607216e-07,0.9083431689040466,0.08622463386628608,1e-06,0.0,,,
120,0.5,calibrated,3.5230769230769234,1,6,0.009585487775321977,0.9079976281609193,0.0,1e-06,0.08578284007161116,0.00033978692218881496,0.005067453308324669,0.006754276999319779
120,0.5,calibrated,3.5230769230769234,2,6,0.0005636876994883355,0.8978599989768463,0.08578284007161116,1e-06,0.00042312328640995946,4.2732411226657697e-07,7.223021338545608e-05,0.0005711721451039474
120,0.5,calibrated,3.5230769230769234,3,4,2.4690509890290535e-05,0.8984483804543155,0.08620596335802112,1e-06,6.254842820121472e-06,3.4216903093367934e-09,3.534326089334833e-06,2.567204779467014e-05
120,0.5,calibrated,3.5230769230769234,4,3,8.69056592245343e-07,0.8984228207639497,0.08621013592845221,1e-06,0.0,,,
120,0.5,calibrated,3.8000000000000003,1,7,0.010979538254245913,0.8992426007290811,0.0,1e-06,0.08576862153312068,0.00037522239584664185,0.005072041163637509,0.00794921854568754
120,0.5,calibrated,3.8000000000000003,2,6,0.000696501972868746,0.8875791359433377,0.08576862153312068,1e-06,0.00042284790811592844,5.045378994694066e-07,8.973995804411277e-05,0.0007099899189623208
120,0.5,calibrated,3.8000000000000003,3,4,3.480048463144758e-05,0.8883104425939011,0.08619146944123661,1e-06,8.57328966642427e-06,6.721019058613007e-09,4.964983660935847e-06,3.638355041724892e-05
120,0.5,calibrated,3.8000000000000003,4,3,1.3743295619317308e-06,0.8882742678301311,0.0861956379707119,1e-06,4.6361793380621426e-07,4.2290836852847195e-09,2.0121434747915214e-07,1.481356085000452e-06
120,0.5,calibrated,3.8000000000000003,5,2,2.0562735847384772e-08,0.8882756388263443,0.08619567916251239,1e-06,0.0,,,
120,0.5,calibrated,4.0769230769230775,1,7,0.012427727140309597,0.8902973065989594,0.0,1e-06,0.08575440287627897,0.0004108474473918346,0.005076539133339641,0.00920387972455557
120,0.5,calibrated,4.0769230769230775,2,6,0.0008547591246303998,0.8770284480294493,0.08575440287627897,1e-06,0.00042257262552494734,5.898585084446011e-07,0.00011059562529250211,0.0008767443731477471
120,0.5,calibrated,4.0769230769230775,3,4,4.843042591273772e-05,0.8779316428894615,0.08617697550180392,1e-06,1.1606241906544923e-05,1.1026531895824414e-08,6.8935640735386214e-06,5.092276870504714e-05
120,0.5,calibrated,4.0769230769230775,4,3,2.1335072190042936e-06,0.877881079770854,0.08618113999309376,1e-06,7.041657287890757e-07,7.704805367061618e-09,3.178447537127829e-07,2.3216323120329126e-06
120,0.5,calibrated,4.0769230769230775,5,2,3.3077332428632644e-08,0.8778831998593717,0.08618118113184478,1e-06,0.0,,,
120,0.5,calibrated,4.353846153846154,1,7,0.013935923260002592,0.8811494243132538,0.0,1e-06,0.08574018410106893,0.0004483198677235722,0.005080926109582304,0.010524804140011619
120,0.5,calibrated,4.353846153846154,2,6,0.0010430138826290625,0.8661851917630891,0.08574018410106893,1e-06,0.00042229743863320774,6.836995531488057e-07,0.00013541245417785883,0.0010767833263533393
120,0.5,calibrated,4.353846153846154,3,5,6.715016947467234e-05,0.8672953625518395,0.08616248153970213,1e-06,1.5558636857384336e-05,6.983408901349183e-09,9.490159970881496e-06,7.092196981236356e-05
120,0.5,calibrated,4.353846153846154,4,4,3.8290585973044244e-06,0.8672243827842935,0.08616664199454678,1e-06,1.067345741786475e-06,2.29698391165224e-09,5.123239675031435e-07,4.065389413574243e-06
120,0.5,calibrated,4.353846153846154,5,2,1.1885071182771156e-07,0.8672283037062692,0.08616668308335568,1e-06,0.0,,,
120,0.5,calibrated,4.630769230769231,1,7,0.015511072828130912,0.8717853287114786,0.0,1e-06,0.08572596520744862,0.0004880203080873031,0.005085176695860358,0.011919702567878122
120,0.5,calibrated,4.630769230769231,2,6,0.0012669537695837452,0.8550231099655906,0.08572596520744862,1e-06,0.00042202234749021405,7.866051224496351e-07,0.00016494985145227653,0.001316806544279658
120,0.5,calibrated,4.630769230769231,3,5,9.190163015382335e-05,0.8563819738448871,0.08614798755493883,1e-06,2.0684764551382687e-05,1.000181457180456e-08,1.2960356933437594e-05,9.76289701977064e-05
120,0.5,calibrated,4.630769230769231,4,4,5.9060506815145075e-06,0.8562841653748922,0.08615214397713868,1e-06,1.586035760132724e-06,3.392430135814737e-09,7.941332540894342e-07,6.3104818085160345e-06
120,0.5,calibrated,4.630769230769231,5,2,1.977189002522195e-07,0.856290217813473,0.08615218501299901,1e-06,0.0,,,
120,0.5,calibrated,4.907692307692308,1,8,0.017161109716160916,0.8621895402598054,0.0,1e-06,0.0857117461954133,0.0005291453449295083,0.005089260871996788,0.013397444910571288
120,0.5,calibrated,4.907692307692308,2,6,0.0015333472510667967,0.8435120226032636,0.0857117461954133,1e-06,0.00042174735208454217,8.989532702943864e-07,0.00020014078124670716,0.0016049449902439288
120,0.5,calibrated,4.907692307692308,3,6,0.00012511202196985316,0.8451704926363338,0.08613349354749784,1e-06,2.7328617546662156e-05,1.52773815586577e-08,1.760469038529988e-05,0.00013369296633204236
120,0.5,calibrated,4.907692307692308,4,4,9.137820720650502e-06,0.8450362416755403,0.08613764593985941,1e-06,2.3423483378593496e-06,4.1522153400235026e-09,1.2267700043470746e-06,9.809241840010813e-06
120,0.5,calibrated,4.907692307692308,5,2,3.3014292477595575e-07,0.8450456139763142,0.08613768692280356,1e-06,0.0,,,
120,0.5,calibrated,5.184615384615385,1,8,0.018896086555026392,0.8523452736102856,0.0,1e-06,0.08569752706495158,0.0005699627259707475,0.0050931409194834324,0.014969064973931762
120,0.5,calibrated,5.184615384615385,2,7,0.0018520316754387922,0.8316152565446003,0.08569752706495158,1e-06,0.0004214724524485602,1.0223523777185595e-06,0.00024219430247702795,0.0019526351697631132
120,0.5,calibrated,5.184615384615385,3,6,0.0001702679646871097,0.8336375695403101,0.08611899951740014,1e-06,3.5956614147638634e-05,1.9713207429483294e-08,2.3845850647437502e-05,0.00018292642504178847
120,0.5,calibrated,5.184615384615385,4,4,1.398572390609587e-05,0.8334533144866094,0.08612314788266519,1e-06,3.4433131879868978e-06,8.06936106617277e-09,1.8873042084308075e-06,1.511302804212705e-05
120,0.5,calibrated,5.184615384615385,5,3,8.644235200971906e-07,0.8334681584021731,0.08612318881276551,1e-06,0.0,,,
120,0.5,calibrated,5.461538461538462,1,8,0.020727517905365533,0.842233035041423,0.0,1e-06,0.08568330781602816,0.0006227149625182882,0.005096771814206956,0.016647335291894952
120,0.5,calibrated,5.461538461538462,2,8,0.002233324191172059,0.8192914888027212,0.08568330781602816,1e-06,0.00042119764860702036,1.1722053967648645e-06,0.0002925967930604349,0.0023726797447724884
120,0.5,calibrated,5.461538461538462,3,6,0.00023062329977041607,0.8217554530291865,0.08610450546463518,1e-06,4.716014633307248e-05,2.847462559229819e-08,3.222240086172453e-05,0.00024929205381061083
120,0.5,calibrated,5.461538461538462,4,4,2.1254382294388918e-05,0.8215035734461809,0.08610864980556641,1e-06,5.035447837923743e-06,1.6082113331557155e-08,2.8853028251941845e-06,2.3131422592867403e-05
120,0.5,calibrated,5.461538461538462,5,3,1.4376970328688898e-06,0.821526251905334,0.08610869068288764,1e-06,4.605772707435698e-07,1.2141189801885709e-08,2.388659762681824e-07,1.6594010218383525e-06
120,0.5,calibrated,5.461538461538462,6,2,6.628250426299331e-08,0.8215248942646962,0.08610869108605368,1e-06,0.0,,,
120,0.5,calibrated,5.7384615384615385,1,9,0.0226693264973582,0.8318305999919513,0.0,1e-06,0.08566908844863265,0.0006762137434517759,0.005100098204175781,0.018447675062657036
120,0.5,calibrated,5.7384615384615385,2,8,0.0026917003625147595,0.8064900991791026,0.08566908844863265,1e-06,0.0004209229405713466,1.3624212120941587e-06,0.0003532754692244874,0.0028826881824076263
120,0.5,calibrated,5.7384615384615385,3,6,0.0003121156335667008,0.8094939362828627,0.086090011389204,1e-06,6.175841897744028e-05,3.856941772506766e-08,4.351890533566099e-05,0.00033954362784734257
120,0.5,calibrated,5.7384615384615385,4,5,3.291055248311192e-05,0.809148907345363,0.08609415170859462,1e-06,7.359718318917187e-06,9.443213190141237e-09,4.421229782489705e-06,3.592817479268467e-05
120,0.5,calibrated,5.7384615384615385,5,4,3.2653300578999733e-06,0.8091850836583084,0.08609419253314626,1e-06,7.781390717100484e-07,3.802581737521272e-09,4.434298366625087e-07,3.5938793256467747e-06
120,0.5,calibrated,5.7384615384615385,6,2,1.3882802418763163e-07,0.8091817427149479,0.08609419293570493,1e-06,0.0,,,
120,0.5,calibrated,6.015384615384616,1,9,0.024739146280428947,0.8211130377114407,0.0,1e-06,0.08565486896275358,0.0007247933396528196,0.0051030491337993086,0.020389423245382936
120,0.5,calibrated,6.015384615384616,2,8,0.0032464975961514764,0.7931491886805255,0.08565486896275358,1e-06,0.00042064832836438703,1.5843370162741145e-06,0.00042678682465948584,0.003506301816182833
120,0.5,calibrated,6.015384615384616,3,7,0.00042350748160946416,0.7968192204493452,0.08607551729111797,1e-06,8.090179583510027e-05,6.216941564162272e-08,5.887689586723003e-05,0.00046366610945585405
120,0.5,calibrated,6.015384615384616,4,6,5.085723554421051e-05,0.796344851946548,0.08607965359171545,1e-06,1.0777469650862778e-05,5.048448661161254e-09,6.7959123121925655e-06,5.5781407635892665e-05
120,0.5,calibrated,6.015384615384616,5,4,5.798569125747832e-06,0.7964015082359657,0.0860796943635851,1e-06,1.2974141624683584e-06,6.570750838773739e-09,7.861345513650846e-07,6.409965127259594e-06
120,0.5,calibrated,6.015384615384616,6,2,2.642328780222414e-07,0.7963955762285464,0.0860796947654926,1e-06,0.0,,,
120,0.5,calibrated,6.292307692307693,1,9,0.026958452304676417,0.8100511213385359,0.0,1e-06,0.08564064935835289,0.0007799706508518379,0.005105536130556079,0.02249618746722514
120,0.5,calibrated,6.292307692307693,2,8,0.0039228144272259735,0.7791929603610077,0.08564064935835289,1e-06,0.0004874752194907279,1.8180257179373663e-06,0.000516508562406204,0.004274717159276575
120,0.5,calibrated,6.292307692307693,3,7,0.0005761177789228578,0.7836919264658668,0.08606102317034284,1e-06,0.00010617538470798424,8.591868908611517e-08,7.990924678339459e-05,0.0006350198172533366
120,0.5,calibrated,6.292307692307693,4,6,7.807753901101222e-05,0.7830377257084661,0.08606515545493465,1e-06,1.5811315267306173e-05,8.80914872530893e-09,1.045830565729851e-05,8.62423018141871e-05
120,0.5,calibrated,6.292307692307693,5,4,9.990905017409624e-06,0.7831257949522877,0.0860651961741642,1e-06,2.1476009614755446e-06,1.2441125618301797e-08,1.369641426419316e-06,1.1140545302611525e-05
120,0.5,calibrated,6.292307692307693,6,3,8.620096171307878e-07,0.7831149608601325,0.08606519657541671,1e-06,0.0,,,
120,0.5,calibrated,6.56923076923077,1,10,0.029354186440616714,0.7986105919793761,0.0,1e-06,0.08562642963542007,0.0008402077869442458,0.005107445776499968,0.02479754066348901
120,0.5,calibrated,6.56923076923077,2,9,0.004755278264507057,0.7645255898885265,0.08562642963542007,1e-06,0.0005797587253456443,2.0299836429321667e-06,0.0006270466362327399,0.005231224886260781
120,0.5,calibrated,6.56923076923077,3,8,0.0007890782791845075,0.7700699896893533,0.0860465290269176,1e-06,0.00013990268295613253,1.3803281410600156e-07,0.00010908340288319679,0.0008756226972299042
120,0.5,calibrated,6.56923076923077,4,6,0.00012112961545474032,0.7691597742585792,0.08605065729826264,1e-06,2.3366589022578684e-05,1.4781781427061187e-08,1.6249932839331066e-05,0.0001347569853578624
120,0.5,calibrated,6.56923076923077,5,5,1.8045017874390723e-05,0.7692989502201396,0.08605069796489778,1e-06,3.602097354081472e-06,1.1946892800078976e-08,2.431497828625034e-06,2.0154424128889294e-05
120,0.5,calibrated,6.56923076923077,6,4,2.492437960133209e-06,0.7692784124098924,0.08605069836550865,1e-06,5.325795922139396e-07,4.903213577373068e-09,3.5151578242220925e-07,2.8205429102978845e-06
120,0.5,calibrated,6.56923076923077,7,2,1.2150863215598662e-07,0.7692809420487728,0.08605069836944994,1e-06,0.0,,,
120,0.5,calibrated,6.846153846153847,1,10,0.03196197282184676,0.7867520499684124,0.0,1e-06,0.0856122097939361,0.0009054969873338391,0.005108627018213761,0.02733219412123579
120,0.5,calibrated,6.846153846153847,2,10,0.005791672397919334,0.7490242750067885,0.0856122097939361,1e-06,0.0006917678315904782,2.2627628018127957e-06,0.0007648584880092715,0.00643648860757038
120,0.5,calibrated,6.846153846153847,3,8,0.0010888846244125894,0.7559048877746483,0.08603203486082325,1e-06,0.0001854549988720023,1.9990281327407802e-07,0.00015007582697238475,0.001216864613148439
120,0.5,calibrated,6.846153846153847,4,7,0.00019016717269615402,0.7546258249944267,0.08603615912168425,1e-06,3.482933569237142e-05,1.7714221991296386e-08,2.550333411950891e-05,0.00021307782863520125
120,0.5,calibrated,6.846153846153847,5,6,3.287802577012222e-05,0.7548488722568616,0.0860361997357821,1e-06,6.124360167104268e-06,7.013444883416221e-09,4.38275300650781e-06,3.686081626401836e-05
120,0.5,calibrated,6.846153846153847,6,4,5.28852245085254e-06,0.7548107053017883,0.08603620013575321,1e-06,1.0497621390150785e-06,9.721934389166546e-09,7.429586668684385e-07,6.012818106284182e-06
120,0.5,calibrated,6.846153846153847,7,2,2.7498450927421203e-07,0.7548160633895912,0.0860362001396907,1e-06,0.0,,,
120,0.5,calibrated,7.1230769230769235,1,11,0.03482754557296319,0.7744275684655144,0.0,1e-06,0.08559798983387436,0.000995359598003081,0.005108881054481694,0.030149882723394
120,0.5,calibrated,7.1230769230769235,2,10,0.007100449094312955,0.7325269076215595,0.08559798983387436,1e-06,0.0008294247047432573,2.5666895105613234e-06,0.0009391658878461457,0.00797840532891126
120,0.5,calibrated,7.1230769230769235,3,8,0.0015192856131300836,0.74114671517303,0.0860175406720503,1e-06,0.000247970700108843,2.372231540343985e-07,0.00020870187175458184,0.0017101647115720466
120,0.5,calibrated,7.1230769230769235,4,8,0.00030247196624133554,0.7393249412733219,0.08602166092520899,1e-06,5.2578292430876454e-05,2.8361806463060657e-08,4.0614678417731424e-05,0.0003416510085013875
120,0.5,calibrated,7.1230769230769235,5,6,5.982946373983555e-05,0.7396872462169567,0.08602170148681335,1e-06,1.0563709772218837e-05,1.426391376584529e-08,7.999042401167435e-06,6.760729492921398e-05
120,0.5,calibrated,7.1230769230769235,6,4,1.081988788476096e-05,0.7396165960918685,0.0860217018861409,1e-06,2.064008709978447e-06,2.367297881267444e-08,1.542236867261443e-06,1.2436930994920405e-05
120,0.5,calibrated,7.1230769230769235,7,4,1.2967534932517566e-06,0.7396286868151156,0.08602170189007267,1e-06,3.6817241768596744e-07,1.894591850751521e-08,2.527690850141258e-07,1.618461341717592e-06
120,0.5,calibrated,7.1230769230769235,8,2,5.7273716436156974e-08,0.7396274734110665,0.08602170189010695,1e-06,0.0,,,
120,0.5,calibrated,7.4,1,11,0.038013579575942646,0.7615803116332804,0.0,1e-06,0.08558376975523956,0.0010819947830548657,0.005107931807560732,0.0333181646335866
120,0.5,calibrated,7.4,2,11,0.008785555539931988,0.7148100358052296,0.08558376975523956,1e-06,0.0010014172183448085,3.0741675787807827e-06,0.0011638559293831315,0.009991633926635636
120,0.5,calibrated,7.4,3,10,0.002154679787217284,0.7257503676166133,0.08600304646062437,1e-06,0.00033568189898365835,2.7037798220339225e-07,0.00029461345555672325,0.00244269883550463
120,0.5,calibrated,7.4,4,8,0.000492955277658691,0.7231027084817497,0.08600716270883588,1e-06,8.087530115167521e-05,5.130925133718157e-08,6.612234673177571e-05,0.0005613318670690114
120,0.5,calibrated,7.4,5,7,0.00011255062537596228,0.723708220108905,0.08600720321801528,1e-06,1.8709089936822936e-05,1.8275197938758092e-08,1.5034223240771059e-05,0.00012813298114675722
120,0.5,calibrated,7.4,6,6,2.533577253505115e-05,0.7235703322276626,0.08600720361668786,1e-06,4.2493054585806566e-06,1.083410144224219e-08,3.4062428475264706e-06,2.8900585562327005e-05
120,0.5,calibrated,7.4,7,4,5.154818842889597e-06,0.7236008232160589,0.08600720362061011,1e-06,9.476234267166001e-07,1.3893317653598401e-08,7.470283475428098e-07,5.997645028219804e-06
120,0.5,calibrated,7.4,8,2,2.816883095668743e-07,0.7235956750992598,0.08600720362064819,1e-06,0.0,,,
120,0.5,calibrated,7.676923076923077,1,12,0.04160613472913122,0.748139722171251,0.0,1e-06,0.08556954955798032,0.0011808237414402986,0.005105393065259521,0.036929421810820845
120,0.5,calibrated,7.676923076923077,2,12,0.01100587882876014,0.6955581618803823,0.08556954955798032,1e-06,0.001220825102804319,3.72620631607038e-06,0.0014605041074208232,0.012686295665850757
120,0.5,calibrated,7.676923076923077,3,10,0.003117058432698716,0.7096812298684048,0.0859885522265246,1e-06,0.00046202990066166686,4.0501919768884087e-07,0.0004240678905181275,0.003559117411048763
120,0.5,calibrated,7.676923076923077,4,9,0.0008243041074705859,0.7057398299316916,0.08599266447254972,1e-06,0.0001273453588736444,8.977689448189524e-08,0.00011051497478519559,0.0009471845626297347
120,0.5,calibrated,7.676923076923077,5,8,0.00021895834718965723,0.7067831025255257,0.08599270492934606,1e-06,3.4181108335667684e-05,2.1467294988286872e-08,2.920439334632332e-05,0.00025125657661123233
120,0.5,calibrated,7.676923076923077,6,6,5.710471248643323e-05,0.7065070366811875,0.08599270532737319,1e-06,9.018159186871191e-06,2.7993792932601273e-08,7.697204093548015e-06,6.572955410891687e-05
120,0.5,calibrated,7.676923076923077,7,6,1.428819860926911e-05,0.7065784306111453,0.08599270533128973,1e-06,2.3478831410669153e-06,2.184110617302107e-08,1.9828936767954347e-06,1.6571160125526636e-05
120,0.5,calibrated,7.676923076923077,8,4,3.2532776650384676e-06,0.706560888669105,0.08599270533132401,1e-06,5.860603671426667e-07,1.1019595947549886e-08,4.816460730654974e-07,3.841242562998313e-06
120,0.5,calibrated,7.676923076923077,9,2,1.8049727235069923e-07,0.706564096202257,0.08599270533132401,1e-06,0.0,,,
120,0.5,calibrated,7.953846153846155,1,12,0.045730725412126305,0.7340191161901619,0.0,1e-06,0.08555532924208996,0.001278796909135386,0.005100694717595544,0.041117036335312905
120,0.5,calibrated,7.953846153846155,2,13,0.014027698187089044,0.6742928155248962,0.08555532924208996,1e-06,0.0015086686416716372,4.8118523861714135e-06,0.0018650063418370686,0.016419411336886926
120,0.5,calibrated,7.953846153846155,3,12,0.004638469536441536,0.6929591651385428,0.08597405796974807,1e-06,0.0006508548876867342,6.882172749089519e-07,0.0006269039279620237,0.00533200706322475
120,0.5,calibrated,7.953846153846155,4,10,0.001432586762623811,0.6868880491011926,0.08597816621635333,1e-06,0.00020734006012174035,1.9448381715439476e-07,0.00019186415614918037,0.001662730396408439
120,0.5,calibrated,7.953846153846155,5,8,0.00044585501766769564,0.6887665096611065,0.08597820662082754,1e-06,6.530193064757097e-05,4.9470897925887536e-08,5.9479421427041075e-05,0.0005162417798563225
120,0.5,calibrated,7.953846153846155,6,8,0.00013705923542461917,0.6881835890926882,0.0859782070182016,1e-06,2.0171332406713626e-05,4.011494127156987e-08,1.8381354312492918e-05,0.00015903344701951938
120,0.5,calibrated,7.953846153846155,7,6,4.1552003607225885e-05,0.6883622025961571,0.08597820702211624,1e-06,6.206030559267303e-06,2.569192361041223e-08,5.628157039937431e-06,4.832776519554073e-05
120,0.5,calibrated,7.953846153846155,8,5,1.177966629328786e-05,0.6883088700372098,0.08597820702215242,1e-06,1.8579123270403975e-06,2.1580146413991352e-08,1.6593222532541856e-06,1.3846134127922943e-05
120,0.5,calibrated,7.953846153846155,9,4,2.8377310160587754e-06,0.6883234879353942,0.08597820702215242,1e-06,5.159941373058568e-07,1.4757007937583453e-08,4.403058563718683e-07,3.4291041588634255e-06
120,0.5,calibrated,7.953846153846155,10,2,1.516420300440302e-07,0.6883207591134687,0.08597820702215242,1e-06,0.0,,,
120,0.5,calibrated,8.23076923076923,1,13,0.050575718650962775,0.7191067672215425,0.0,1e-06,0.08554110880756945,0.0014044023130382578,0.0050929668626975046,0.046079526406776296
120,0.5,calibrated,8.23076923076923,2,14,0.018323586632472466,0.6502413365556247,0.08554110880756945,1e-06,0.001901131026960337,6.500704498898932e-06,0.002441741344134145,0.021839839369852437
120,0.5,calibrated,8.23076923076923,3,12,0.007173393110018078,0.6757385796582224,0.08595956369030339,1e-06,0.0009472999544157569,1.1097270807403001e-06,0.0009613308609598376,0.008293580410272677
120,0.5,calibrated,8.23076923076923,4,12,0.00262286566123926,0.6659422195404138,0.08596366794025721,1e-06,0.00035346404104658665,4.0043465799369045e-07,0.000350778945065416,0.0030798831886726394
120,0.5,calibrated,8.23076923076923,5,10,0.0009742317129074474,0.6695393546525886,0.08596370829243975,1e-06,0.00013275796752420578,1.181603480607718e-07,0.00012943504657249937,0.0011376521609871536
120,0.5,calibrated,8.23076923076923,6,10,0.0003585465995223913,0.6682065621726617,0.08596370868918929,1e-06,4.8794182436882666e-05,3.611865671325073e-08,4.7754971877695784e-05,0.00041967722791175395
120,0.5,calibrated,8.23076923076923,7,8,0.00013180220965414158,0.6686969164012095,0.0859637086930925,1e-06,1.8014611674695277e-05,2.459651590306623e-08,1.7588583220229637e-05,0.0001542529505210134
120,0.5,calibrated,8.23076923076923,8,6,4.693668842337129e-05,0.6685181754068829,0.08596370869313058,1e-06,6.577044719590825e-06,4.236245619089821e-08,6.391261025734795e-06,5.522742020449744e-05
120,0.5,calibrated,8.23076923076923,9,6,1.5703041557846298e-05,0.6685808163484354,0.08596370869313438,1e-06,2.3305138530997865e-06,3.294936356882771e-08,2.2271049870871485e-06,1.8675524692370572e-05
120,0.5,calibrated,8.23076923076923,10,4,4.567100480246111e-06,0.6685605454782811,0.08596370869313438,1e-06,7.717558562575123e-07,2.4761949429276947e-08,7.106861808395953e-07,5.574692009179318e-06
120,0.5,calibrated,8.23076923076923,11,2,2.527694213938503e-07,0.6685648756454795,0.08596370869313438,1e-06,0.0,,,
120,0.5,calibrated,8.507692307692308,1,14,0.0564455810750657,0.7032577218379471,0.0,1e-06,0.08552688825435785,0.0015515917551120056,0.005080783851199866,0.05213368095414918
120,0.5,calibrated,8.507692307692308,2,16,0.024845666555781354,0.6220021838442311,0.08552688825435785,1e-06,0.0024678150856818695,9.221846188040155e-06,0.003320796313721108,0.030289128370843132
120,0.5,calibrated,8.507692307692308,3,14,0.011739688980710539,0.6585879427556054,0.08594506938818673,1e-06,0.001447355175113612,2.010905233014325e-06,0.001554276597121327,0.013616948855137947
120,0.5,calibrated,8.507692307692308,4,14,0.005188922615871561,0.6416591469845738,0.08594916964425946,1e-06,0.0006450743771881512,9.243914160335815e-07,0.0006927226164379701,0.006182620266406232
120,0.5,calibrated,8.507692307692308,5,12,0.0023456390135832006,0.6491937918560351,0.08594920994420935,1e-06,0.00029572139515685915,3.783271980167809e-07,0.00030994696696551375,0.002761802343121278
120,0.5,calibrated,8.507692307692308,6,12,0.0010478812573235796,0.6458002340831122,0.08594921034031153,1e-06,0.00013152575048360838,1.4567689117835943e-07,0.00013901721596522478,0.0012405292106475777
120,0.5,calibrated,8.507692307692308,7,10,0.00046980016403119773,0.6473179325127582,0.08594921034421284,1e-06,5.916759398985703e-05,5.128170336431781e-08,6.227671007445473e-05,0.0005549632033254727
120,0.5,calibrated,8.507692307692308,8,10,0.00020950745066650178,0.6466386170964513,0.0859492103442433,1e-06,2.6429063059948282e-05,3.294882463279973e-08,2.7845246562927256e-05,0.0002478693598710972
120,0.5,calibrated,8.507692307692308,9,8,9.291655103360608e-05,0.646941044762765,0.0859492103442471,1e-06,1.1791748197574029e-05,2.8085303097040095e-08,1.2393967535503435e-05,0.00010998811274244421
120,0.5,calibrated,8.507692307692308,10,6,3.941260093942578e-05,0.6468087138667006,0.0859492103442471,1e-06,5.178437894907736e-06,5.270570835529629e-08,5.4037061987191245e-06,4.698980376944909e-05
120,0.5,calibrated,8.507692307692308,11,6,1.5483459659182408e-05,0.6468636112051778,0.0859492103442471,1e-06,2.1789416988201954e-06,4.221218214734024e-08,2.2274066203248104e-06,1.869639236095623e-05
120,0.5,calibrated,8.507692307692308,12,4,5.113165804870867e-06,0.6468430137032459,0.0859492103442471,1e-06,8.407611096219051e-07,3.75678898667426e-08,8.230370250323302e-07,6.374047807211049e-06
120,0.5,calibrated,8.507692307692308,13,2,4.253433798506734e-07,0.6468477020764248,0.0859492103442471,1e-06,0.0,,,
120,0.5,calibrated,8.784615384615384,1,15,0.06387419766077485,0.6862761572392909,0.0,1e-06,0.0855126675824761,0.0017166354591409308,0.0050616158015705445,0.05982640586330325
120,0.5,calibrated,8.784615384615384,2,20,0.03588844958111004,0.5865511194700747,0.0855126675824761,1e-06,0.003367813645740486,1.4213025409207488e-05,0.004819016465707331,0.04512332971932208
120,0.5,calibrated,8.784615384615384,3,16,0.02098988106632027,0.6434301260708171,0.08593057506340761,1e-06,0.0023910605089796574,3.948477264407125e-06,0.0027269265461724963,0.024269329021043593
120,0.5,calibrated,8.784615384615384,4,16,0.011610610472427063,0.6108292581698446,0.08593467132835053,1e-06,0.0013123561497919989,2.3212492081820986e-06,0.0015493036546096808,0.014138529974091228
120,0.5,calibrated,8.784615384615384,5,14,0.006587641803280753,0.6290277256764598,0.0859347115761287,1e-06,0.0007614602691966479,1.2034519165696621e-06,0.0008613169603529421,0.007793274271447934
120,0.5,calibrated,8.784615384615384,6,14,0.003681422022183578,0.6187585414912914,0.08593471197158732,1e-06,0.0004212035261275506,6.484293446347439e-07,0.0004865652237218964,0.004426920130164134
120,0.5,calibrated,8.784615384615384,7,14,0.002074512827239694,0.6245145446058161,0.08593471197547341,1e-06,0.00023887054286433288,3.52384624023626e-07,0.00027254297204184694,0.0024719440427401736
120,0.5,calibrated,8.784615384615384,8,12,0.001162664565429572,0.6212773289312012,0.08593471197550769,1e-06,0.0001334958284321566,1.6707282476899996e-07,0.00015332989256336673,0.0013926909360492115
120,0.5,calibrated,8.784615384615384,9,12,0.0006524138152556036,0.6230924290578266,0.08593471197550769,1e-06,7.514124318897648e-05,7.587899930332238e-08,8.594529657999246e-05,0.0007794003618073237
120,0.5,calibrated,8.784615384615384,10,10,0.00036447029573905,0.6220755325254687,0.08593471197550769,1e-06,4.203076571023434e-05,5.6772906963429903e-08,4.814489722146704e-05,0.00043629889986310515
120,0.5,calibrated,8.784615384615384,11,10,0.0002026834617505635,0.622642693507907,0.08593471197550769,1e-06,2.3489869275845063e-05,5.328741833914098e-08,2.683985175311789e-05,0.00024259719736742828
120,0.5,calibrated,8.784615384615384,12,8,0.00011138508311259177,0.622328620667276,0.08593471197550769,1e-06,1.302193755963374e-05,6.400653639008401e-08,1.4850625806052805e-05,0.00013360550652706795
120,0.5,calibrated,8.784615384615384,13,8,5.9946946910027776e-05,0.6224999553936137,0.08593471197550769,1e-06,7.131024399584563e-06,5.7064987595750334e-08,8.08850972448982e-06,7.210929399649357e-05
120,0.5,calibrated,8.784615384615384,14,8,3.2197745180706505e-05,0.6224078088605252,0.08593471197550769,1e-06,3.849242923826979e-06,3.099718862838495e-08,4.347708351735294e-06,3.874667370256418e-05
120,0.5,calibrated,8.784615384615384,15,6,1.655030431790827e-05,0.62245655787357,0.08593471197550769,1e-06,2.0439564073037945e-06,3.377008258658305e-08,2.2923416950743502e-06,2.0046244955210796e-05
120,0.5,calibrated,8.784615384615384,16,6,7.747849002259777e-06,0.6224322590172134,0.08593471197550769,1e-06,1.0335997565512652e-06,2.7893598377950964e-08,1.1351679117672728e-06,9.526397676834935e-06
120,0.5,calibrated,8.784615384615384,17,4,2.9138084737256875e-06,0.622442921223789,0.08593471197550769,1e-06,4.6922023821692813e-07,2.8230730550317335e-08,4.901851230366405e-07,3.7280170077673755e-06
120,0.5,calibrated,8.784615384615384,18,2,3.779423877192656e-07,0.6224403849553432,0.08593471197550769,1e-06,0.0,,,
120,0.5,calibrated,9.061538461538461,1,16,0.07392644388373326,0.6678861756783969,0.0,1e-06,0.08549844679188517,0.0018576494764716042,0.005030356133249854,0.07022641600683907
120,0.5,calibrated,9.061538461538461,2,30,0.059573750076826304,0.534425425017619,0.08549844679188517,1e-06,0.005124401748453591,2.124012714109719e-05,0.008077360543652238,0.07892851887357144
120,0.5,calibrated,9.061538461538461,3,18,0.04437330684647056,0.6383738361890233,0.08591608071595366,1e-06,0.004605899096073576,8.992653821830974e-06,0.005561777888800202,0.0501074364564867
120,0.5,calibrated,9.061538461538461,4,24,0.03346153000481833,0.5605380263947485,0.08592017299252187,1e-06,0.0033211327013693143,8.009555440799956e-06,0.004502882832230986,0.042734785810454784
120,0.5,calibrated,9.061538461538461,5,18,0.024782113609251866,0.6187824217215848,0.08592021318817211,1e-06,0.002598154347371956,5.1831795028232256e-06,0.0031510697111106338,0.028856273479995406
120,0.5,calibrated,9.061538461538461,6,20,0.01854250462810303,0.5754572589394895,0.08592021358299479,1e-06,0.0018774253782872924,4.206612452510711e-06,0.0024587220277633767,0.023123515438540798
120,0.5,calibrated,9.061538461538461,7,18,0.013751581872101348,0.6077517591937346,0.08592021358688087,1e-06,0.0014334366460525168,2.8831697269587785e-06,0.0017673956621230475,0.016292860789382038
120,0.5,calibrated,9.061538461538461,8,18,0.010257318364330414,0.5837425556410771,0.08592021358691895,1e-06,0.0010481924180746963,2.2362598720838184e-06,0.0013493785408732128,0.01262401598102265
120,0.5,calibrated,9.061538461538461,9,16,0.00761332843878515,0.6016134307235314,0.08592021358691515,1e-06,0.0007904975480196551,1.5319952701200664e-06,0.0009844908331208655,0.00910847099206362
120,0.5,calibrated,9.061538461538461,10,18,0.0056692846583786816,0.5883306487770521,0.08592021358691515,1e-06,0.0005821147865472803,1.1752916787823663e-06,0.0007426023003909606,0.006926911648457407
120,0.5,calibrated,9.061538461538461,11,16,0.004210958124448938,0.598211017868774,0.08592021358691515,1e-06,0.0004361188814604091,8.546772357951775e-07,0.000546323550031697,0.005065114665558568
120,0.5,calibrated,9.061538461538461,12,16,0.003132483264048247,0.5908674830353828,0.08592021358691515,1e-06,0.0003224683652927711,6.115462430563323e-07,0.00040937165032907993,0.0038121347130518545
120,0.5,calibrated,9.061538461538461,13,16,0.002326846190860876,0.5963268824444863,0.08592021358691515,1e-06,0.00024068997183250692,4.4423722915043027e-07,0.00030249229306815445,0.0028073234961482306
120,0.5,calibrated,9.061538461538461,14,14,0.0017288817504176324,0.5922711026518829,0.08592021358691515,1e-06,0.00017830340298678228,2.885964859116019e-07,0.00022572572818125368,0.0020995294115457603
120,0.5,calibrated,9.061538461538461,15,14,0.0012823207849170792,0.5952823440656044,0.08592021358691515,1e-06,0.00013269388950419223,1.7523779517441258e-07,0.0001670222117341864,0.001550018899342751
120,0.5,calibrated,9.061538461538461,16,14,0.0009516238420926859,0.5930483702741796,0.08592021358691515,1e-06,9.829832474003404e-05,1.3140271389029555e-07,0.00012421596286932675,0.0011543665769563598
120,0.5,calibrated,9.061538461538461,17,12,0.0007043699054306574,0.594704385605687,0.08592021358691515,1e-06,7.296735102618529e-05,8.678182447720363e-08,9.189847404842286e-05,0.0008524337015100474
120,0.5,calibrated,9.061538461538461,18,12,0.00051990920727496,0.5934800901500658,0.08592021358691515,1e-06,5.392496743701126e-05,1.0375201832999398e-07,6.802059769602943e-05,0.0006306707095090127
120,0.5,calibrated,9.061538461538461,19,12,0.0003835934664383478,0.5943836053215151,0.08592021358691515,1e-06,3.984003084489345e-05,7.74339719515741e-08,5.0146495430891194e-05,0.00046466202302268
120,0.5,calibrated,9.061538461538461,20,12,0.00028305942436213094,0.5937169432040463,0.08592021358691515,1e-06,2.9383000421440186e-05,5.67495009014558e-08,3.7026290650501674e-05,0.0003432424642858759
120,0.5,calibrated,9.061538461538461,21,10,0.00020745852416681476,0.5942074679059048,0.08592021358691515,1e-06,2.1638516344164188e-05,6.815498680962431e-08,2.7218816302556586e-05,0.00025158795591392023
120,0.5,calibrated,9.061538461538461,22,10,0.00015062335949023176,0.5938493807348986,0.08592021358691515,1e-06,1.581751854021264e-05,8.636949140469076e-08,1.986701909839644e-05,0.00018299399598150544
120,0.5,calibrated,9.061538461538461,23,10,0.00010928609246241283,0.594109294418214,0.08592021358691515,1e-06,1.1499179675290752e-05,6.30347965630164e-08,1.441437541557996e-05,0.00013272982331445675
120,0.5,calibrated,9.061538461538461,24,10,7.928645735111317e-05,0.593920718794032,0.08592021358691515,1e-06,8.342981207791364e-06,4.570811625842328e-08,1.0458703931141247e-05,9.632359804690875e-05
120,0.5,calibrated,9.061538461538461,25,8,5.6344824187259945e-05,0.5940563522609696,0.08592021358691515,1e-06,6.010766752809497e-06,5.161499103770981e-08,7.512629409302147e-06,6.862302246644897e-05
120,0.5,calibrated,9.061538461538461,26,8,3.882947613276233e-05,0.5939611761170355,0.08592021358691515,1e-06,4.239503871559505e-06,6.190985372689057e-08,5.2630958303062346e-06,4.7495446058692456e-05
120,0.5,calibrated,9.061538461538461,27,8,2.6686322947444552e-05,0.5940266935274924,0.08592021358691515,1e-06,2.9324884731986693e-06,4.318973530884593e-08,3.6209720768910046e-06,3.265167034973139e-05
120,0.5,calibrated,9.061538461538461,28,6,1.714610953085227e-05,0.5939828600240609,0.08592021358691515,1e-06,1.973126617648664e-06,4.4402992244576067e-08,2.4123822713765376e-06,2.1178150868407915e-05
120,0.5,calibrated,9.061538461538461,29,6,9.795893211927975e-06,0.5940098030257185,0.08592021358691515,1e-06,1.2365649000766432e-06,4.8855011966316915e-08,1.4728321824661444e-06,1.2318282587758376e-05
120,0.5,calibrated,9.061538461538461,30,4,4.20185324667699e-06,0.593995804379608,0.08592021358691515,1e-06,6.704659577906814e-07,5.563219365740117e-08,7.52074398608984e-07,5.563917604891224e-06
120,0.5,calibrated,9.061538461538461,31,2,8.598550831351304e-07,0.5939991471530524,0.08592021358691515,1e-06,0.0,,,
120,0.5,calibrated,9.338461538461539,1,18,0.08925606478729842,0.6476772693933566,0.0,1e-06,0.08548422588256603,0.0020422862451864405,0.005379569740274104,0.085920978841408
120,0.5,calibrated,9.338461538461539,2,300,0.16778183640444028,0.3906834323644397,0.08548422588256603,1e-06,0.014696299937795532,0.002616358090388292,0.03151286423655294,0.29751359082986956
120,0.5,calibrated,9.338461538461539,3,17,0.13846936939505816,0.6969411673436148,0.08590158634583632,1e-06,0.01629881589207338,0.0010885748125420791,0.019395266966954913,0.14452475043432822
120,0.5,calibrated,9.338461538461539,4,300,0.10919276362417363,0.44927375727909674,0.08590567463679254,1e-06,0.013088257966491906,0.00247130980721937,0.024300684249216657,0.1875958698766077
120,0.5,calibrated,9.338461538461539,5,21,0.07135017510159702,0.6295813083154377,0.08590571478036435,1e-06,0.011763163188150155,0.0014633738571185394,0.014059513685670252,0.08920220752525385
120,0.5,calibrated,9.338461538461539,6,300,0.11448116548550896,0.44398073268780375,0.08590571517454919,1e-06,0.009634601550696176,6.874509097086945e-05,0.01643131361004237,0.1699911732078661
120,0.5,calibrated,9.338461538461539,7,18,0.10754104770729589,0.666006635969092,0.08590571517842384,1e-06,0.010197244825436297,3.0540391337553836e-05,0.012460307595441988,0.11225436873015078
120,0.5,calibrated,9.338461538461539,8,300,0.07235638425955104,0.486109498077607,0.08590571517846192,1e-06,0.009417850762061614,0.001683266404642135,0.01571930892241031,0.1162904240010558
120,0.5,calibrated,9.338461538461539,9,23,0.03888263695789873,0.5962976244868587,0.08590571517846192,1e-06,0.0076395397647461005,0.0011616964731897355,0.009179343792604874,0.05339082031986157
120,0.5,calibrated,9.338461538461539,10,36,0.041842347109107836,0.5166208944878474,0.08590571517846192,1e-06,0.004376683295012215,9.132189689056566e-06,0.005821691476485907,0.055632811285065475
120,0.5,calibrated,9.338461538461539,11,20,0.04216291844076925,0.6006273678736922,0.08590571517846192,1e-06,0.004007729842469748,9.73839568370793e-06,0.005157504938422356,0.048542404393754415
120,0.5,calibrated,9.338461538461539,12,40,0.05487637436748072,0.5035866627948825,0.08590571517846192,1e-06,0.004613697836785641,1.51733054647937e-05,0.007311277480464534,0.07348983544002849
120,0.5,calibrated,9.338461538461539,13,20,0.055077298306538514,0.6135419014933082,0.08590571517846192,1e-06,0.005110190392981592,1.2336540492890697e-05,0.006701231585885323,0.062151803158911195
120,0.5,calibrated,9.338461538461539,14,62,0.08121393288240708,0.47724862004817264,0.08590571517846192,1e-06,0.006537659964451631,2.37429750365613e-05,0.011005857231953055,0.11332832397701541
120,0.5,calibrated,9.338461538461539,15,18,0.07932847100374918,0.6377933448218024,0.08590571517846192,1e-06,0.007377135799530601,1.7167440334491424e-05,0.009424364065676214,0.08626473030503662
120,0.5,calibrated,9.338461538461539,16,300,0.15807287789788033,0.40038952173392917,0.08590571517846192,1e-06,0.012436939085288479,0.0010138459367575018,0.025097231979437258,0.2588502517274507
120,0.5,calibrated,9.338461538461539,17,16,0.13705498670836003,0.6955267846569166,0.08590571517846192,1e-06,0.013981130259391295,0.0003902661015871444,0.01680194252995579,0.1392227530723446
120,0.5,calibrated,9.338461538461539,18,300,0.1251537434326282,0.43472077528385505,0.08590571517846192,1e-06,0.016558363025027806,0.005152836702290367,0.03413895106061882,0.24200846215505106
120,0.5,calibrated,9.338461538461539,19,19,0.0856892759647725,0.6401653004985555,0.08590571517846192,1e-06,0.015861312500088987,0.0023217228490676582,0.01930744149534276,0.10749335294277544
120,0.5,calibrated,9.338461538461539,20,300,0.17987846712949818,0.37858271791124726,0.08590571517846192,1e-06,0.014493624025445073,0.0008669239660344175,0.029007639376454737,0.30452958647989825
120,0.5,calibrated,9.338461538461539,21,16,0.15629077587928308,0.7147617694515508,0.08590571517846192,1e-06,0.015520779455745926,0.00034633500812397987,0.018105685132021352,0.15336631044803944
120,0.5,calibrated,9.338461538461539,22,300,0.11157290163306638,0.44703328071077053,0.08590571517846192,1e-06,0.014391775394080708,0.003660106304589752,0.027913909138285186,0.2028392461186715
120,0.5,calibrated,9.338461538461539,23,21,0.06685561901900605,0.6226035364865704,0.08590571517846192,1e-06,0.01289237270106966,0.0019211328941534378,0.015502020284297802,0.08704869385415548
120,0.5,calibrated,9.338461538461539,24,60,0.07900337397818136,0.479459181811437,0.08590571517846192,1e-06,0.007648469744747741,1.9173648025969773e-05,0.011435125987736506,0.11157958470584417
120,0.5,calibrated,9.338461538461539,25,18,0.07651764818098239,0.634982491509097,0.08590571517846192,1e-06,0.0073446067081671534,1.6784067187381913e-05,0.009063244165118842,0.08358707726396686
120,0.5,calibrated,9.338461538461539,26,300,0.19498365446392485,0.36348071281645905,0.08590571517846192,1e-06,0.01601915073573479,0.0027073454905390867,0.03568969771296025,0.3572094927573614
120,0.5,calibrated,9.338461538461539,27,16,0.16193615424727348,0.7204079521958301,0.08590571517846192,1e-06,0.018303610245794077,0.0009461511134338896,0.02112098536214543,0.16153858214558098
120,0.5,calibrated,9.338461538461539,28,300,0.11805556337240414,0.44093037308135163,0.08590571517846192,1e-06,0.015500356045566516,0.004496589607847063,0.031149957531484508,0.2215737171047789
120,0.5,calibrated,9.338461538461539,29,19,0.07300361060298377,0.6278938667489824,0.08590571517846192,1e-06,0.01415292092716594,0.0021198107013099604,0.01704397892249869,0.09407335554844751
120,0.5,calibrated,9.338461538461539,30,72,0.08762891497192837,0.47083346242733454,0.08590571517846192,1e-06,0.008369594820269777,2.1534618517053293e-05,0.012829056816296607,0.12559245709420722
120,0.5,calibrated,9.338461538461539,31,18,0.08424872511896231,0.6427136510633086,0.08590571517846192,1e-06,0.00809724497495487,1.8322607391541233e-05,0.009902726002118764,0.09096216839483198
120,0.5,calibrated,9.338461538461539,32,300,0.11692253108121742,0.4560325567987551,0.08590571517846192,1e-06,0.01894286659813793,0.006566526539719026,0.04028857539671203,0.2369355909853385
120,0.5,calibrated,9.338461538461539,33,20,0.08912164248099597,0.6310289930139222,0.08590571517846192,1e-06,0.019313892930798104,0.003294591601597767,0.024087974854022434,0.10839796208771493
120,0.5,calibrated,9.338461538461539,34,42,0.05584615554711403,0.5026167290574323,0.08590571517846192,1e-06,0.007235000466392291,5.199238221009733e-06,0.009709953201884284,0.0793271757647945
120,0.5,calibrated,9.338461538461539,35,20,0.054298523205464244,0.6127631170046823,0.08590571517846192,1e-06,0.005572622343889,1.2522071203937396e-05,0.006542364902055785,0.06144188719380924
120,0.5,calibrated,9.338461538461539,36,60,0.07838457980579255,0.4800780277486544,0.08590571517846192,1e-06,0.006368334413975774,2.283726169074357e-05,0.01058085975856211,0.10889230292055535
120,0.5,calibrated,9.338461538461539,37,18,0.07674830682852718,0.6352131527277678,0.08590571517846192,1e-06,0.007137858524457183,1.667631497624124e-05,0.009139844586018776,0.08378598165333545
120,0.5,calibrated,9.338461538461539,38,300,0.09219648541840697,0.5045679068715548,0.08590571517846192,1e-06,0.019801696963680726,0.0070799046290123,0.04052107159407315,0.12892846646475348
120,0.5,calibrated,9.338461538461539,39,38,0.044494115819814994,0.5392045423489148,0.08590571517846192,1e-06,0.018084756536300872,0.004791052899874717,0.03437649137075473,0.02967524279161316
120,0.5,calibrated,9.338461538461539,40,16,0.06231068234228432,0.6207751034021725,0.08590571517846192,1e-06,0.00253973574792532,2.1545005804877447e-05,0.010407976109345197,0.06392444685353393
120,0.5,calibrated,9.338461538461539,41,300,0.13005113024649778,0.42841052955001474,0.08590571517846192,1e-06,0.009487167058120805,0.00017426803124089872,0.018451238405599483,0.19645937570642943
120,0.5,calibrated,9.338461538461539,42,16,0.12124990919244127,0.6797161355582553,0.08590571517846192,1e-06,0.011319153923657899,7.123672318253836e-05,0.01402495372970886,0.1241587241770154
120,0.5,calibrated,9.338461538461539,43,300,0.04479091983567607,0.5215407151388564,0.08590571517846192,1e-06,0.009520666478577341,0.0026025150590752956,0.015521129203978584,0.07333325937372212
120,0.5,calibrated,9.338461538461539,44,42,0.04913826924061193,0.5093335287079447,0.08590571517846192,1e-06,0.004423670273362293,0.0017812254060698073,0.011813112418316521,0.03657748571891498
120,0.5,calibrated,9.338461538461539,45,18,0.057636201895744144,0.6161007870662427,0.08590571517846192,1e-06,0.004069743726909492,1.6127179830791795e-05,0.006282439275831814,0.06340793763633612
120,0.5,calibrated,9.338461538461539,46,88,0.094340168204058,0.4641221217069773,0.08590571517846192,1e-06,0.0072124883359281355,2.7996815518463555e-05,0.012936373243039161,0.13430623051217802
120,0.5,calibrated,9.338461538461539,47,18,0.09126596450570934,0.6497309637725655,0.08590571517846192,1e-06,0.008457407489013469,1.948477056954083e-05,0.010724601641963814,0.09747162173425447
120,0.5,calibrated,9.338461538461539,48,300,0.1209996321094946,0.43746379890477777,0.08590571517846192,1e-06,0.010809179048423212,0.0009267355516831361,0.01992595668840423,0.18979847078796053
120,0.5,calibrated,9.338461538461539,49,18,0.10167924536444639,0.660151043313003,0.08590571517846192,1e-06,0.011239356911294962,0.00048660173476727645,0.01367161673623148,0.11027549372708248
120,0.5,calibrated,9.338461538461539,50,300,0.02476004396349396,0.5574147073899842,0.08590571517846192,1e-06,0.008600090634651988,0.002776828783940963,0.01335143097619357,0.01501776622860141
120,0.5,calibrated,9.338461538461539,51,300,0.09703207730508484,0.4614397206434718,0.08590571517846192,1e-06,0.0018645756062825314,0.0019881856072048415,0.0132920812896738,0.1060377073858084
120,0.5,calibrated,9.338461538461539,52,19,0.07530756302889308,0.6337793609774497,0.08590571517846192,1e-06,0.008651192184125023,0.000978235618070718,0.0117742833862459,0.08814134437609558
120,0.5,calibrated,9.338461538461539,53,300,0.03646610581506937,0.5949356231951772,0.08590571517846192,1e-06,0.004725776874181679,0.002052171114029986,0.009716998131872443,0.020104302221384693
120,0.5,calibrated,9.338461538461539,54,300,0.07540267654438876,0.48306912140416786,0.08590571517846192,1e-06,0.006044949181339854,0.00043505785356197813,0.011012988041623054,0.1089393315742416
120,0.5,calibrated,9.338461538461539,55,32,0.015118791749071603,0.5434074017227926,0.08590571517846192,1e-06,0.007451490060762171,0.002450003498216906,0.014192310386162107,0.008517978935610557
120,0.5,calibrated,9.338461538461539,56,18,0.02747532737213676,0.5859395237928136,0.08590571517846192,1e-06,0.0013354334634763793,1.0622971332355193e-05,0.0040993429779955124,0.030332292879509986
120,0.5,calibrated,9.338461538461539,57,32,0.03554117266430146,0.522922187789704,0.08590571517846192,1e-06,0.002892651925183398,9.017554630466542e-06,0.004744251273928248,0.04611880691978126
120,0.5,calibrated,9.338461538461539,58,20,0.036785127110447347,0.5952495109092764,0.08590571517846192,1e-06,0.003371044561140339,8.431613308826598e-06,0.004571056409192247,0.04270051485402716
120,0.5,calibrated,9.338461538461539,59,36,0.04642384898921659,0.5120393327946287,0.08590571517846192,1e-06,0.0039484661421919365,1.2599092305894284e-05,0.006154534241445045,0.061355052189622755
120,0.5,calibrated,9.338461538461539,60,20,0.04708998593952263,0.6055544950237243,0.08590571517846192,1e-06,0.004359132264071322,1.0668038100766896e-05,0.005773210720842851,0.05379503926477901
120,0.5,calibrated,9.615384615384615,1,20,0.1214209080647316,0.6249903987309673,0.0,1e-06,0.0854700048545044,0.0025157765227579567,0.008275019756714465,0.11765536517089499
120,0.5,calibrated,9.615384615384615,2,300,0.04165792709937022,0.5041724713279542,0.0854700048545044,1e-06,0.012827265236351693,0.005599822009419385,0.028652287224011475,0.02551679498890057
120,0.5,calibrated,9.615384615384615,3,300,0.011407242616594315,0.49439678080917215,0.0858870919530413,1e-06,0.0054352061600304105,0.0020356916325299807,0.00912469858394622,0.007080463193493267
120,0.5,calibrated,9.615384615384615,4,300,0.016721602906380972,0.486901619718965,0.08589117626115395,1e-06,0.0012473956528638343,0.00014280482067436566,0.003390241101912169,0.017903035984568112
120,0.5,calibrated,9.615384615384615,5,300,0.02349587293737254,0.48012734968797344,0.08589121635270637,1e-06,0.0006254568483828327,0.00046809961794275234,0.003921730064125336,0.02157936004648229
120,0.5,calibrated,9.615384615384615,6,300,0.028519539293580864,0.4751036833317651,0.08589121674625717,1e-06,0.000635407505970853,0.0004868431030959638,0.006766448004001886,0.024246181476884718
120,0.5,calibrated,9.615384615384615,7,44,0.017726775512205695,0.5155268792552161,0.08589121675012422,1e-06,0.004213724765802451,0.0013469109829053675,0.006603694590228325,0.023370011574409613
120,0.5,calibrated,9.615384615384615,8,72,0.030686451227104283,0.47292769836266824,0.08589121675015468,1e-06,0.0031066238407465863,5.688322931057656e-06,0.00433395607991369,0.04141658717451442
120,0.5,calibrated,9.615384615384615,9,28,0.055743040521705645,0.5593586162073416,0.0858912167501623,1e-06,0.004416079481687096,1.384436238550865e-05,0.006537081901778293,0.06429509624730578
120,0.5,calibrated,9.615384615384615,10,300,0.06282877125654357,0.4414652162726882,0.0858912167501623,1e-06,0.00875046354332884,0.0026980701394368526,0.016721561718789125,0.11167703502453377
120,0.5,calibrated,9.615384615384615,11,29,0.050970567754292095,0.5529713212464608,0.0858912167501623,1e-06,0.00937113542432981,0.001744117643585683,0.012606166318335941,0.07209333210517799
120,0.5,calibrated,9.615384615384615,12,300,0.0456655653632817,0.4907693194083338,0.0858912167501623,1e-06,0.012754665675951044,0.004722145768087783,0.02654033364156297,0.04414765246872146
120,0.5,calibrated,9.615384615384615,13,300,0.026512954350052687,0.4771102682752933,0.0858912167501623,1e-06,0.00914801014743187,0.00303138894787258,0.023355544721076704,0.009973617367644384
120,0.5,calibrated,9.615384615384615,14,35,0.02735439210459567,0.53089095613217,0.0858912167501623,1e-06,0.0027344514718694035,0.0009053996273203323,0.005491169129177123,0.03683212887118659
120,0.5,calibrated,9.615384615384615,15,300,0.04296978753095093,0.4606454430991254,0.0858912167501623,1e-06,0.0044817727084569825,0.0007068617276334639,0.007975566131894308,0.06412891939305565
120,0.5,calibrated,9.615384615384615,16,29,0.0535595903013919,0.5571828129267379,0.0858912167501623,1e-06,0.005799503088975991,0.0005363045884341835,0.008215470291028941,0.06591785787880866
120,0.5,calibrated,9.615384615384615,17,300,0.051103812205403054,0.47585739433130636,0.0858912167501623,1e-06,0.011837247270856999,0.004532505687679087,0.025169690520894423,0.06984255830881961
120,0.5,calibrated,9.615384615384615,18,300,0.022926572299081793,0.48991769773676025,0.0858912167501623,1e-06,0.00959695853133774,0.0029827653085480175,0.021363299362988423,0.015451741740134237
120,0.5,calibrated,9.615384615384615,19,37,0.020767458852553156,0.5243897995114283,0.0858912167501623,1e-06,0.0014402077809021752,0.0004680711758979375,0.004754033633234967,0.026314003295792907
120,0.5,calibrated,9.615384615384615,20,300,0.03897111353882876,0.5425943361641747,0.0858912167501623,1e-06,0.01404958551839014,0.0061096043785733535,0.03728139078218248,0.023868072691604438
120,0.5,calibrated,9.615384615384615,21,300,0.035329249541206864,0.4937637739469103,0.0858912167501623,1e-06,0.011761466102928997,0.0038319909501243286,0.02985229210104152,0.020036334791660775
120,0.5,calibrated,9.615384615384615,22,300,0.019786843438498847,0.48383637918684713,0.0858912167501623,1e-06,0.003166365751934519,0.0002293214561853746,0.0067810688376458966,0.03089401769853236
120,0.5,calibrated,9.615384615384615,23,300,0.027874718043859048,0.47574850458148693,0.0858912167501623,1e-06,0.001359099229041334,0.0007709645656178857,0.006892050914894809,0.02422942954869642
120,0.5,calibrated,9.615384615384615,24,52,0.010041072644092042,0.5007236215235388,0.0858912167501623,1e-06,0.003685754124748114,0.0015222625834699637,0.008754779223061558,0.005770338162361841
120,0.5,calibrated,9.615384615384615,25,28,0.013181746016147633,0.5167966541632384,0.0858912167501623,1e-06,0.0005465534343695871,6.465156673890377e-06,0.0025063638388947316,0.014929461604590778
120,0.5,calibrated,9.615384615384615,26,300,0.07243650310061112,0.4311768984232852,0.0858912167501623,1e-06,0.004823368838973496,0.00011360666877219291,0.009394721955291957,0.10144583384867095
120,0.5,calibrated,9.615384615384615,27,22,0.1103481841594981,0.6139651141958836,0.0858912167501623,1e-06,0.009015571908220554,5.534105037494774e-05,0.01259545666441112,0.11762517955443047
120,0.5,calibrated,9.615384615384615,28,300,0.04308360246307408,0.48665769956959476,0.0858912167501623,1e-06,0.011770156255163977,0.004576377457059697,0.022614437036593257,0.046718783914023156
120,0.5,calibrated,9.615384615384615,29,300,0.018578294289498087,0.4850449283358479,0.0858912167501623,1e-06,0.00426055086843765,0.0014243703990382268,0.0075553398427052046,0.006496988935241315
120,0.5,calibrated,9.615384615384615,30,300,0.04013477186347286,0.4634884507618731,0.0858912167501623,1e-06,0.0009143828079481199,0.0006578468721378664,0.006965910840449786,0.041123986152397395
120,0.5,calibrated,9.615384615384615,31,40,0.025619287478521602,0.5240624963560984,0.0858912167501623,1e-06,0.005518981351290475,0.0016309074231465833,0.008511927501088324,0.038252096603548676
120,0.5,calibrated,9.615384615384615,32,300,0.025619571706641087,0.5292360553725705,0.0858912167501623,1e-06,0.0013691516010519511,0.0006260925320113119,0.00377377158938903,0.02350603723423202
120,0.5,calibrated,9.615384615384615,33,300,0.04838288724157769,0.4633420025897479,0.0858912167501623,1e-06,0.008475260495604153,0.0029179218694967007,0.01676813401490125,0.08840957949436862
120,0.5,calibrated,9.615384615384615,34,170,0.049156665561847446,0.45446655706349853,0.0858912167501623,1e-06,0.007073324183798531,0.0031126081590180208,0.021318173136438457,0.021685315125462616
120,0.5,calibrated,9.615384615384615,35,22,0.09689231284081123,0.6005083031598063,0.0858912167501623,1e-06,0.005845309850795344,2.6336211662678432e-05,0.00987057804472112,0.10264919313582352
120,0.5,calibrated,9.615384615384615,36,300,0.026718873935296483,0.5128720815625126,0.0858912167501623,1e-06,0.009673455868863978,0.004121075268310621,0.020980621097587217,0.01738497702803614
120,0.5,calibrated,9.615384615384615,37,300,0.01071325503524806,0.4929099675900979,0.0858912167501623,1e-06,0.0021598195192904512,0.0006784769317527106,0.0037814075985641194,0.0066733106129412655
120,0.5,calibrated,9.615384615384615,38,300,0.018265811326885817,0.48535741129846016,0.0858912167501623,1e-06,0.0004020760663662748,0.00024237218854347454,0.0041084198465023425,0.0165154067679901
120,0.5,calibrated,9.615384615384615,39,300,0.02906194976239379,0.4745612728629522,0.0858912167501623,1e-06,0.0004766867227239402,0.0004482778812962056,0.005090148358666295,0.027638950239177257
120,0.5,calibrated,9.615384615384615,40,300,0.019736036277863744,0.48388718634748223,0.0858912167501623,1e-06,0.00156776733139735,0.0009175364723254185,0.0073886635651623294,0.011238646663772462
120,0.5,calibrated,9.615384615384615,41,39,0.02177626798057508,0.5244086351766665,0.0858912167501623,1e-06,0.0035972661817738616,0.0010139900807615157,0.005721405131504095,0.03279936121121514
120,0.5,calibrated,9.615384615384615,42,300,0.11097819676769893,0.3926354805433768,0.0858912167501623,1e-06,0.008278667982655308,0.0008009500092266005,0.016941828145203123,0.1725377658910517
120,0.5,calibrated,9.615384615384615,43,20,0.14335573428760018,0.6469789569129462,0.0858912167501623,1e-06,0.012985820113019964,0.00042023173434615937,0.017031136946720277,0.14769463256320603
120,0.5,calibrated,9.615384615384615,44,300,0.04510098957335007,0.4975882370769418,0.0858912167501623,1e-06,0.013930799198267785,0.005443850344026566,0.02768148166851615,0.034005055823354904
120,0.5,calibrated,9.615384615384615,45,300,0.00925965855248434,0.49513863185972257,0.0858912167501623,1e-06,0.0051219201451864205,0.0017908270564830067,0.006959113429817977,0.005371212901444411
120,0.5,calibrated,9.615384615384615,46,300,0.014742822923831889,0.4888803997015141,0.0858912167501623,1e-06,0.0010645005524515284,0.0001652777625396934,0.0034582046829275607,0.014766731875332648
120,0.5,calibrated,9.615384615384615,47,300,0.022012438183642624,0.48161078444170335,0.0858912167501623,1e-06,0.00043944333762867965,0.00042929041469913444,0.0033181454043610145,0.02103581759483613
120,0.5,calibrated,9.615384615384615,48,300,0.03794507784628598,0.46567814477906,0.0858912167501623,1e-06,0.0007452174193170458,0.000540490518932065,0.008251277926090579,0.03394086133736265
120,0.5,calibrated,9.615384615384615,49,39,0.024587114200493754,0.5245692224615511,0.0858912167501623,1e-06,0.004874013745978012,0.0014997047470585753,0.007630258644916814,0.03755972442158621
120,0.5,calibrated,9.615384615384615,50,300,0.058112110153295315,0.5617302986385846,0.0858912167501623,1e-06,0.0011268258235597323,0.001176370858010023,0.005958573391396471,0.055467340614640294
120,0.5,calibrated,9.615384615384615,51,300,0.02552213201148479,0.5024578678038502,0.0858912167501623,1e-06,0.007639915534422281,0.003179696812841568,0.01792410237551493,0.016625346973103756
120,0.5,calibrated,9.615384615384615,52,300,0.009465924678633442,0.49415729794671254,0.0858912167501623,1e-06,0.002374462515000817,0.000972263898454597,0.0038397444494132483,0.003870843003899657
120,0.5,calibrated,9.615384615384615,53,300,0.014510902568627804,0.4891123200567182,0.0858912167501623,1e-06,0.0004086438352168941,0.0002028405638509828,0.003313540968238072,0.013618307863328055
120,0.5,calibrated,9.615384615384615,54,300,0.02220188886796065,0.48142133375738533,0.0858912167501623,1e-06,0.00038120488751092543,0.00037296720693897353,0.0037022587653654194,0.020921060682359167
120,0.5,calibrated,9.615384615384615,55,300,0.034046101185677025,0.46957712143966895,0.0858912167501623,1e-06,0.0008029403990323335,0.0005907005307401994,0.007927364719078006,0.029211996886258487
120,0.5,calibrated,9.615384615384615,56,44,0.01743179472320222,0.5149060417322128,0.0858912167501623,1e-06,0.004189549331379661,0.0014009972930162313,0.006791214562328268,0.022378033790886945
120,0.5,calibrated,9.615384615384615,57,68,0.02794970149772108,0.47566449918810316,0.0858912167501623,1e-06,0.0029413648338567563,4.164366850474542e-06,0.004006004077687033,0.03769835307226675
120,0.5,calibrated,9.615384615384615,58,28,0.05153917360186888,0.5551546916049144,0.0858912167501623,1e-06,0.004084311130113677,1.2909051719901002e-05,0.006060500745646852,0.05982280319848516
120,0.5,calibrated,9.615384615384615,59,300,0.08058681269653162,0.4239144255488962,0.0858912167501623,1e-06,0.010577334704059527,0.0036472681435989066,0.021667370244054636,0.1489502628219843
120,0.5,calibrated,9.615384615384615,60,25,0.07999956910254669,0.5828986834244766,0.0858912167501623,1e-06,0.012617964371460316,0.0020882180964613044,0.016943211558621586,0.10406087818169055
120,0.5,fixed,0.2,1,3,0.0014186112711944698,1.0000011985793809,0.0,1e-06,6.12403432388969e-05,3.13647650273917e-05,0.00015667565287774747,0.0010873549707553125
120,0.5,fixed,0.2,2,3,2.82186477651436e-06,0.9999866179594175,6.12403432388969e-05,1e-06,4.6588866718991805e-07,5.263331643491355e-09,3.539785566947747e-07,2.692457824904384e-06
120,0.5,fixed,0.2,3,2,6.510202377185692e-09,0.9999893309482347,6.124012427894817e-05,1e-06,0.0,,,
120,0.5,fixed,0.47692307692307695,1,3,0.0056918649403422394,0.9943024455810746,0.0,1e-06,0.00027245011104371636,6.904731654353851e-05,0.00045567132883531385,0.0045553781698532475
120,0.5,fixed,0.47692307692307695,2,3,8.431434676547944e-06,0.9999664336517399,0.00027245011104371636,1e-06,1.4179315336126983e-06,4.00176896205337e-09,1.0652200150811511e-06,8.073873693465378e-06
120,0.5,fixed,0.47692307692307695,3,2,3.7711045175470304e-08,0.9999745055648598,0.0002726137963013954,1e-06,0.0,,,
120,0.5,fixed,0.7538461538461538,1,4,0.012905009597353856,0.9870873229045912,0.0,1e-06,0.00048502960983028143,0.00019817216777166403,0.0008342124254101,0.010380082846300334
120,0.5,fixed,0.7538461538461538,2,4,6.224486804518037e-05,0.9998998718600796,0.00048502960983028143,1e-06,1.0194961883022876e-05,4.5688138116997104e-08,7.86608785340393e-06,5.9626655919689766e-05
120,0.5,fixed,0.7538461538461538,3,3,6.61705521598499e-07,0.9999591025787424,0.0004862213050489665,1e-06,0.0,,,
120,0.5,fixed,1.0307692307692309,1,4,0.020228572342136486,0.9797628733986186,0.0,1e-06,0.0006986610270391658,0.00032600577104399594,0.0012378729937872048,0.016397077110703366
120,0.5,fixed,1.0307692307692309,2,4,0.0001633460127993258,0.9997877706474805,0.0006986610270391658,1e-06,2.7141919450979603e-05,1.299447525339181e-07,2.0659723105497955e-05,0.00015653979006413627
120,0.5,fixed,1.0307692307692309,3,3,2.7500647808986756e-06,0.9999422414568226,0.0007017699160964549,1e-06,1.026155946691165e-06,2.9832328768557205e-10,3.794101926304955e-07,2.732395588530963e-06
120,0.5,fixed,1.0307692307692309,4,2,4.249054386118445e-08,0.9999449358547171,0.0007017958619222682,1e-06,0.0,,,
120,0.5,fixed,1.3076923076923077,1,4,0.027666204784658865,0.9723243397244091,0.0,1e-06,0.0009133884074420118,0.0004571286169929454,0.0016583129839786543,0.022617548969409956
120,0.5,fixed,1.3076923076923077,2,5,0.0003107611091350826,0.9996310152628171,0.0009133884074420118,1e-06,5.233647634869188e-05,2.5637591244327443e-07,3.934869896869624e-05,0.0002979736618824476
120,0.5,fixed,1.3076923076923077,3,3,7.142484168665142e-06,0.9999230878406811,0.0009374894789075418,1e-06,2.7096959226756713e-06,5.12212073691918e-10,9.8316093059442e-07,7.0973937272526935e-06
120,0.5,fixed,1.3076923076923077,4,2,1.578587707218304e-07,0.9999300419671324,0.0009389530688560563,1e-06,0.0,,,
120,0.5,fixed,1.5846153846153845,1,5,0.035223065481439164,0.9647665626006846,0.0,1e-06,0.0011292603696324288,0.000594088130351073,0.0020920565285081003,0.02905369373168968
120,0.5,fixed,1.5846153846153845,2,5,0.0005034917884360057,0.9994305145771369,0.0011292603696324288,1e-06,8.59359283937695e-05,4.246066574384032e-07,6.383435697193783e-05,0.0004830819092793459
120,0.5,fixed,1.5846153846153845,3,4,1.4610927834057819e-05,0.9999008727880522,0.0012001402199485912,1e-06,5.636009476005143e-06,3.7425837518250614e-10,2.0049553623428187e-06,1.452001750932623e-05
120,0.5,fixed,1.5846153846153845,4,2,3.659457802340782e-07,0.9999150505129191,0.0012031353378957718,1e-06,0.0,,,
120,0.5,fixed,1.8615384615384616,1,5,0.0429046279122246,0.9570840677983791,0.0,1e-06,0.0013639749672517687,0.0007366091113811036,0.002539917682935846,0.035718726845977745
120,0.5,fixed,1.8615384615384616,2,5,0.0007405209399247159,0.9991871982132573,0.0013639749672517687,1e-06,0.00012810867079415637,6.34290702886327e-07,9.401561880808671e-05,0.0007110128609077195
120,0.5,fixed,1.8615384615384616,3,4,2.5817121627413897e-05,0.9998749266919221,0.001479672658441773,1e-06,1.0150438693341286e-05,1.2911162656193808e-09,3.5369876986938015e-06,2.5670193069284064e-05
120,0.5,fixed,1.8615384615384616,4,3,6.90145190218594e-07,0.9998999364222207,0.0014849780571594491,1e-06,0.0,,,
120,0.5,fixed,2.138461538461539,1,5,0.050716863944433865,0.949270882612094,0.0,1e-06,0.001616514188974183,0.0008850481953422045,0.003002790851428069,0.042627128615668225
120,0.5,fixed,2.138461538461539,2,6,0.001020792882524546,0.9989020344374382,0.001616514188974183,1e-06,0.00017903445433381081,8.851140121816472e-07,0.00012978708570443869,0.0009808906649082898
120,0.5,fixed,2.138461538461539,3,4,4.135032652863302e-05,0.9998446494426279,0.001776411234762047,1e-06,1.6600093817743257e-05,9.295597664644259e-10,5.661477507631506e-06,4.11490887813716e-05
120,0.5,fixed,2.138461538461539,4,3,1.2696640064868703e-06,0.9998845772771767,0.00178494161742136,1e-06,9.82307787766665e-07,1.1474773680445801e-09,2.2647239842701105e-07,1.2485965953113122e-06
120,0.5,fixed,2.138461538461539,5,2,4.8515154893458146e-08,0.9998857953323999,0.0017851940021224328,1e-06,0.0,,,
120,0.5,fixed,2.4153846153846157,1,5,0.05866621855168952,0.9413205611651121,0.0,1e-06,0.0018797315763314226,0.0010397954962956708,0.0034816548040103924,0.049794735417372636
120,0.5,fixed,2.4153846153846157,2,6,0.0013430559964157096,0.9985738764314706,0.0018797315763314226,1e-06,0.00023890590630606598,1.1766553554559007e-06,0.00017103560663914535,0.001291693381997988
120,0.5,fixed,2.4153846153846157,3,4,6.18387659516717e-05,0.999809422614907,0.0020907062973924764,1e-06,2.533228527298962e-05,1.7948277977330228e-09,8.450538862055661e-06,6.157485731493762e-05
120,0.5,fixed,2.4153846153846157,4,3,2.130589662807658e-06,0.9998689447772092,0.0021034996851539574,1e-06,1.7163098319365573e-06,2.3887271299931966e-09,3.908292012627316e-07,2.0790623086652607e-06
120,0.5,fixed,2.4153846153846157,5,2,9.64179036611057e-08,0.9998709673168731,0.002103923880451824,1e-06,0.0,,,
120,0.5,fixed,2.6923076923076925,1,6,0.0667598016813653,0.9332259925079498,0.0,1e-06,0.0021541219482577034,0.0012012813221739306,0.003977593962870152,0.057239033752521415
120,0.5,fixed,2.6923076923076925,2,6,0.001705967145356535,0.9982025102422024,0.0021541219482577034,1e-06,0.0003079288524432738,1.5085062864172e-06,0.0002176396596920757,0.0016423265919770214
120,0.5,fixed,2.6923076923076925,3,5,8.762543209572815e-05,0.9997688722748826,0.002422939277953822,1e-06,3.669641704990298e-05,4.348970233175007e-09,1.1961963020552293e-05,8.732493029889584e-05
120,0.5,fixed,2.6923076923076925,4,3,3.3939012573647176e-06,0.9998523571690289,0.0024411417356617338,1e-06,2.7955645319961516e-06,1.9831572832469187e-09,6.283847814304375e-07,3.3292637525123264e-06
120,0.5,fixed,2.6923076923076925,5,2,1.8425714176650843e-07,0.9998555048251007,0.0024418051145815457,1e-06,0.0,,,
120,0.5,fixed,2.9692307692307693,1,6,0.0750050990003478,0.9249796899209439,0.0,1e-06,0.0024402177428797245,0.0013699749279997256,0.004491784922330835,0.06497905585031635
120,0.5,fixed,2.9692307692307693,2,6,0.002108254988927527,0.9977919057580084,0.0024402177428797245,1e-06,0.0003863230993250179,1.8804133333134537e-06,0.00026946882976549614,0.0020317409219344066
120,0.5,fixed,2.9692307692307693,3,5,0.000119254503995192,0.9997224655647632,0.0027735207318734315,1e-06,5.10430705011124e-05,7.138502477873948e-09,1.6246916952062118e-05,0.00011893242405739919
120,0.5,fixed,2.9692307692307693,4,4,5.1206071665088615e-06,0.9998305169292558,0.0027983762008603947,1e-06,4.313786765507247e-06,9.42440330838031e-10,9.57007127679283e-07,5.049340609835596e-06
120,0.5,fixed,2.9692307692307693,5,2,1.8807515322905033e-07,0.9998353015973975,0.0027993579252507134,1e-06,0.0,,,
120,0.5,fixed,3.2461538461538466,1,6,0.08341048881059321,0.9165732739132006,0.0,1e-06,0.002738602611142116,0.0015463982134249414,0.005025544626868639,0.07303600444979767
120,0.5,fixed,3.2461538461538466,2,7,0.0025481846367972905,0.9973437447015733,0.002738602611142116,1e-06,0.00047432546847507237,2.291827159231134e-06,0.00032637532933185145,0.0024585236912150876
120,0.5,fixed,3.2461538461538466,3,5,0.00015712240707843605,0.999669821424372,0.003142896845752405,1e-06,6.87204058652613e-05,7.74525072285426e-09,2.133915510597988e-05,0.00015678020178566264
120,0.5,fixed,3.2461538461538466,4,4,7.30834441287076e-06,0.9998071049610797,0.003175726775404304,1e-06,6.374541683643338e-06,1.928891945284684e-09,1.395420787546039e-06,7.18138412894305e-06
120,0.5,fixed,3.2461538461538466,5,2,2.8607515500933545e-07,0.9998139416907226,0.0031771149819576857,1e-06,0.0,,,
120,0.5,fixed,3.5230769230769234,1,6,0.0919850861390955,0.9079976281609193,0.0,1e-06,0.0030499129199361708,0.0017311283880160672,0.00558033023962941,0.08143332451462558
120,0.5,fixed,3.5230769230769234,2,7,0.003024226377384309,0.9968595411280288,0.0030499129199361708,1e-06,0.0005721869723517171,2.7425490889045945e-06,0.0003881976906406783,0.002921393276878205
120,0.5,fixed,3.5230769230769234,3,5,0.00020130722230693454,0.9996108199520606,0.003531552108698391,1e-06,9.008248998932777e-05,1.025651012375289e-08,2.7259851798842863e-05,0.00020099425388156418
120,0.5,fixed,3.5230769230769234,4,4,1.0041727580678561e-05,0.999782010273971,0.003573742148638684,1e-06,9.086508750651972e-06,3.394574930958567e-09,1.9614494633083453e-06,9.830938173034803e-06
120,0.5,fixed,3.5230769230769234,5,3,3.2229975599484817e-07,0.9997915043524214,0.0035756293703475047,1e-06,0.0,,,
120,0.5,fixed,3.8000000000000003,1,7,0.10073904145839185,0.8992426007290811,0.0,1e-06,0.003374849684017356,0.0019226887850727556,0.006157775949715623,0.09019722291174823
120,0.5,fixed,3.8000000000000003,2,7,0.003534264797708575,0.9963413506952256,0.003374849684017356,1e-06,0.0006801789827552713,3.2320231471081186e-06,0.000454748449774415,0.0034185959207572733
120,0.5,fixed,3.8000000000000003,3,6,0.0002521539505246917,0.9995413749607661,0.003940013109235585,1e-06,0.00011547454853846287,1.160385376794087e-08,3.401484703825243e-05,0.0002518753569221778
120,0.5,fixed,3.8000000000000003,4,4,1.3299439669101076e-05,0.9997552046221208,0.003992990614639164,1e-06,1.2572261920796467e-05,2.068676378193467e-09,2.6752078007387895e-06,1.2898622843617674e-05
120,0.5,fixed,3.8000000000000003,5,3,4.3131005045271564e-07,0.999767852517549,0.003995474595169556,1e-06,0.0,,,
120,0.5,fixed,4.0769230769230775,1,7,0.10968323824151849,0.8902973065989594,0.0,1e-06,0.003714175870379255,0.0021133356431951474,0.006759684661807758,0.09935666265298268
120,0.5,fixed,4.0769230769230775,2,7,0.004076253427120591,0.9957911889071377,0.003714175870379255,1e-06,0.0007985924468175871,3.759930002691159e-06,0.0005258180305623572,0.003948389971757643
120,0.5,fixed,4.0769230769230775,3,6,0.00030955993646997193,0.9994638387618463,0.004368848375990761,1e-06,0.0001452474400374295,1.3780115562348584e-08,4.211530476673727e-05,0.00030925249536164725
120,0.5,fixed,4.0769230769230775,4,5,1.7158989863652607e-05,0.999726609849724,0.004444831374474026,1e-06,1.6954316291649922e-05,3.0126385457018173e-09,3.5536316876159056e-06,1.644394940584016e-05
120,0.5,fixed,4.0769230769230775,5,3,5.988777459497996e-07,0.9997429407155626,0.004461785690765676,1e-06,0.0,,,
120,0.5,fixed,4.353846153846154,1,7,0.11882999616220913,0.8811494243132538,0.0,1e-06,0.004068740971046925,0.002311347709327411,0.007388103344418069,0.10894437746140859
120,0.5,fixed,4.353846153846154,2,8,0.004647896346492986,0.9952113221524054,0.004068740971046925,1e-06,0.00092773721757251,4.326029870041996e-06,0.0006011631375292426,0.0045087899506318155
120,0.5,fixed,4.353846153846154,3,6,0.00037338158876187855,0.9993787277366131,0.004818680475830936,1e-06,0.00017974917062923155,1.4553655455529063e-08,5.153055637330462e-05,0.00037282221568745686
120,0.5,fixed,4.353846153846154,4,5,2.1662935641764136e-05,0.9996961321404196,0.004941595204036144,1e-06,2.2360029489117768e-05,4.606779944125816e-09,4.612486750442517e-06,2.056212722163618e-05
120,0.5,fixed,4.353846153846154,5,3,7.59465333399767e-07,0.9997168363927244,0.0049639552335252616,1e-06,0.0,,,
120,0.5,fixed,4.630769230769231,1,7,0.12819293840684332,0.8717853287114786,0.0,1e-06,0.004439485106910279,0.002517318064800615,0.008045336115844936,0.11899716389382445
120,0.5,fixed,4.630769230769231,2,8,0.005246010005368507,0.9946048404368395,0.004439485106910279,1e-06,0.0010679544721005456,4.929503209316914e-06,0.0006804963837511738,0.005097073989864715
120,0.5,fixed,4.630769230769231,3,6,0.0004436831763158233,0.9992859475983483,0.005290187151877124,1e-06,0.00021930756359209679,2.115782571232056e-08,6.212884978242121e-05,0.0004427805927681586
120,0.5,fixed,4.630769230769231,4,5,2.6772112075246213e-05,0.9996637635239893,0.0054688008165087055,1e-06,2.8927362598706963e-05,6.645151193200032e-09,5.868594588182573e-06,2.5151688059413512e-05
120,0.5,fixed,4.630769230769231,5,3,9.549780024542542e-07,0.9996894834383225,0.005497728179107412,1e-06,0.0,,,
120,0.5,fixed,4.907692307692308,1,8,0.1377875422683591,0.8621895402598054,0.0,1e-06,0.004827461937286559,0.0027319216116220187,0.008734019035267684,0.12955694410342827
120,0.5,fixed,4.907692307692308,2,8,0.005867280971958322,0.9939749899116371,0.004827461937286559,1e-06,0.001219608047644833,5.569841509850274e-06,0.0007634834693427548,0.005710332635448147
120,0.5,fixed,4.907692307692308,3,7,0.0005198579426879402,0.9991857974837854,0.0057841146672608645,1e-06,0.0002642535221820618,2.778666182063695e-08,7.393327967329576e-05,0.0005184038650651321
120,0.5,fixed,4.907692307692308,4,5,3.250022803025221e-05,0.9996294546732044,0.006027914448719153,1e-06,3.678101044234122e-05,6.295887868530161e-09,7.330488525025494e-06,3.0269162903551903e-05
120,0.5,fixed,4.907692307692308,5,4,1.2119967132129261e-06,0.9996607651161211,0.006064695459161494,1e-06,3.322877140165913e-06,2.8191843173379822e-09,3.9225324807268703e-07,6.509586346317477e-07
120,0.5,fixed,4.907692307692308,6,2,9.51761527367978e-08,0.9996618036678628,0.00606801833630166,1e-06,0.0,,,
120,0.5,fixed,5.184615384615385,1,8,0.147630590623832,0.8523452736102856,0.0,1e-06,0.005233837224921212,0.002955908854846732,0.00945710755368274,0.14067080290532835
120,0.5,fixed,5.184615384615385,2,9,0.006507934037690899,0.9933254759585484,0.005233837224921212,1e-06,0.0013830950442349915,6.246449508088627e-06,0.000849731831974404,0.006345199775771922
120,0.5,fixed,5.184615384615385,3,7,0.0006017912106905943,0.9990783477236236,0.0063055983329280835,1e-06,0.0003148918351929056,3.066044308087112e-08,8.694885697787717e-05,0.0005996700634413883
120,0.5,fixed,5.184615384615385,4,5,3.8672243300119646e-05,0.9995933153842741,0.006620490168120989,1e-06,4.606453025301203e-05,8.353338364377779e-09,9.010866656058528e-06,3.5590063375793386e-05
120,0.5,fixed,5.184615384615385,5,4,1.4442223793542652e-06,0.9996308294937652,0.006666554698374001,1e-06,4.335086849714884e-06,4.115233240009716e-09,5.055570298258899e-07,6.053992924699499e-07
120,0.5,fixed,5.184615384615385,6,2,1.6269838498672584e-07,0.999631998036714,0.006670889785223716,1e-06,0.0,,,
120,0.5,fixed,5.461538461538462,1,8,0.15774157433681757,0.842233035041423,0.0,1e-06,0.005659936460868709,0.0031901483978084427,0.010218040066254212,0.1523932052311609
120,0.5,fixed,5.461538461538462,2,9,0.007163729083162762,0.9926604790107738,0.005659936460868709,1e-06,0.0015588404711035786,6.958951098782082e-06,0.0009387746614145957,0.006997817968377061
120,0.5,fixed,5.461538461538462,3,7,0.0006885405848481296,0.9989642259278949,0.0068766905814690304,1e-06,0.00037152618932583155,3.8495446726641314e-08,0.00010116560528859214,0.0006854243207554931
120,0.5,fixed,5.461538461538462,4,6,4.551193339563664e-05,0.9995553014680594,0.007248216770794862,1e-06,5.688784238780251e-05,9.415286977272833e-09,1.0907112935699986e-05,4.125231703218277e-05
120,0.5,fixed,5.461538461538462,5,4,1.633561299674291e-06,0.9995996836066247,0.007305104613182664,1e-06,5.5608819532000205e-06,1.0558808108038907e-09,6.485092897571195e-07,2.9453188786976614e-07
120,0.5,fixed,5.461538461538462,6,2,3.063036162487265e-07,0.9996008846119271,0.007310665495135864,1e-06,0.0,,,
120,0.5,fixed,5.7384615384615385,1,9,0.16814271467105613,0.8318305999919513,0.0,1e-06,0.006107265703364284,0.003435638475814518,0.011035361582589534,0.16478701126111187
120,0.5,fixed,5.7384615384615385,2,9,0.00782912460809515,0.9919854127681507,0.006107265703364284,1e-06,0.0017473155320188796,7.706389554062689e-06,0.001030048147753535,0.007663171622984593
120,0.5,fixed,5.7384615384615385,3,7,0.0007791160842320899,0.9988440767755994,0.007478493220340145,1e-06,0.00043441436677943077,4.7585347305199405e-08,0.0001165420999852356,0.0007747074389537474
120,0.5,fixed,5.7384615384615385,4,6,5.2754685049616334e-05,0.999515685481802,0.007912907587119575,1e-06,6.936778264544832e-05,1.1918541799545357e-08,1.3016254683736518e-05,4.669579728158625e-05
120,0.5,fixed,5.7384615384615385,5,4,1.8279881622840222e-06,0.9995672095504154,0.007982275369765025,1e-06,7.001713888167815e-06,1.3574739680001885e-09,8.165392677841103e-07,1.676381390646133e-07
120,0.5,fixed,5.7384615384615385,6,2,4.7603992370248704e-07,0.9995683944270598,0.007989277083653193,1e-06,0.0,,,
120,0.5,fixed,6.015384615384616,1,9,0.1788589386925138,0.8211130377114407,0.0,1e-06,0.006577526213569218,0.0036935210060354564,0.01192350322626927,0.17792460324311177
120,0.5,fixed,6.015384615384616,2,10,0.0084983481138734,0.9913059845900577,0.006577526213569218,1e-06,0.0019490291850578836,8.488358783900753e-06,0.00112288463892231,0.008335860717165453
120,0.5,fixed,6.015384615384616,3,8,0.0008726264402566519,0.9987187622888579,0.008112735205406542,1e-06,0.0005037922419830363,5.798172034033791e-08,0.00013301406254704365,0.0008663058666175322
120,0.5,fixed,6.015384615384616,4,6,6.006866597829674e-05,0.9994746718137074,0.008616527447389579,1e-06,8.35988685380125e-05,1.532819195715535e-08,1.5325230096721153e-05,5.164633222869151e-05
120,0.5,fixed,6.015384615384616,5,4,2.019135074138312e-06,0.9995335061224553,0.008700126315927592,1e-06,8.668384500888227e-06,1.7199118929951125e-09,1.010906675744743e-06,8.419691676080401e-07
120,0.5,fixed,6.015384615384616,6,2,7.219901891897251e-07,0.9995345250401818,0.00870879470042848,1e-06,0.0,,,
120,0.5,fixed,6.292307692307693,1,9,0.18991946888718014,0.8100511213385359,0.0,1e-06,0.007072689861671977,0.003965137270384105,0.012871954572916813,0.191891215578129
120,0.5,fixed,6.292307692307693,2,10,0.009163520451398233,0.9906298932207485,0.007072689861671977,1e-06,0.002164554364345317,9.30349339766222e-06,0.0012164638057386454,0.009008613675701712
120,0.5,fixed,6.292307692307693,3,8,0.0009674479126664526,0.9985895837607499,0.008781392951898948,1e-06,0.0005798286672992524,6.999345749007492e-08,0.00015050777899785122,0.0009584268902117267
120,0.5,fixed,6.292307692307693,4,6,6.743241548634593e-05,0.9994323577914255,0.009361221619198199,1e-06,9.96249593876161e-05,1.8972847964478156e-08,1.7802585876379024e-05,5.598514868278928e-05
120,0.5,fixed,6.292307692307693,5,4,2.153602667198662e-06,0.9994985530824428,0.009460846578585815,1e-06,1.0567632428748994e-05,2.1971465781769523e-09,1.2323973841364122e-06,1.7766578493519716e-06
120,0.5,fixed,6.292307692307693,6,2,1.0541341695091688e-06,0.9994992442761135,0.009471414211014564,1e-06,5.208119941340123e-07,7.966850120670047e-09,1.6197655420437763e-07,9.886822189566534e-07
120,0.5,fixed,6.292307692307693,7,2,1.5957859389459372e-07,0.9994985895677962,0.009471935023008698,1e-06,0.0,,,
120,0.5,fixed,6.56923076923077,1,10,0.2013585590259126,0.7986105919793761,0.0,1e-06,0.007595050169230566,0.004252071288971275,0.013888582294168431,0.20678781115191675
120,0.5,fixed,6.56923076923077,2,10,0.009815596679141225,0.9899660183457702,0.007595050169230566,1e-06,0.0023945186546290506,1.0150701621508282e-05,0.0013097878551438617,0.009672931789564371
120,0.5,fixed,6.56923076923077,3,8,0.0010617270467689899,0.9984581644067186,0.009486715613191941,1e-06,0.000662626988847427,8.360718163970896e-08,0.00016967641727181859,0.0010489165779956548
120,0.5,fixed,6.56923076923077,4,7,7.441340829228427e-05,0.9993892768823494,0.010149342602039368,1e-06,0.0001174660263319364,2.431651226408965e-08,2.04065492165244e-05,5.889822226698782e-05
120,0.5,fixed,6.56923076923077,5,5,3.2779423619899717e-06,0.9994624659523782,0.010266808628371305,1e-06,1.2673894515430422e-05,2.747023275306181e-09,1.5466597968077895e-06,3.051793064237982e-06
120,0.5,fixed,6.56923076923077,6,3,1.057298254281136e-06,0.9994623433528069,0.010279482522886735,1e-06,5.657871172053863e-07,2.660242851724951e-09,2.1543621104224126e-07,1.0341430648960922e-06
120,0.5,fixed,6.56923076923077,7,2,2.1573133035523995e-07,0.9994615597010028,0.010280048310003941,1e-06,0.0,,,
120,0.5,fixed,6.846153846153847,1,10,0.21321560278367857,0.7867520499684124,0.0,1e-06,0.008147269147447345,0.004555632386718489,0.014982768540506966,0.2227337579970859
120,0.5,fixed,6.846153846153847,2,11,0.010443720690949565,0.9893250312531371,0.008147269147447345,1e-06,0.002639627574301119,1.1028627433619227e-05,0.0014016348466089504,0.010318515197393192
120,0.5,fixed,6.846153846153847,3,8,0.0011531770205596148,0.9983264956263334,0.010231283290330219,1e-06,0.0007521898538620005,9.95970269616358e-08,0.0001897546830343319,0.001135787293627518
120,0.5,fixed,6.846153846153847,4,7,8.098409832479891e-05,0.9993456346727077,0.01098347314419222,1e-06,0.00013706511908774413,2.976945004931675e-08,2.3071972014972763e-05,6.213999341226507e-05
120,0.5,fixed,6.846153846153847,5,5,5.143102608684558e-06,0.9994251861906489,0.011120538263279963,1e-06,1.4966465692020833e-05,3.356894323382004e-09,2.02544327842644e-06,4.876726465853001e-06
120,0.5,fixed,6.846153846153847,6,3,1.4128238090549416e-06,0.9994240724740308,0.011135504728971984,1e-06,5.941920266340701e-07,4.081671740444582e-09,2.8250182500134334e-07,1.3701795299270473e-06
120,0.5,fixed,6.846153846153847,7,2,3.0697124020484523e-07,0.9994230080600721,0.011136098920998618,1e-06,0.0,,,
120,0.5,fixed,7.1230769230769235,1,11,0.22553851970701344,0.7744275684655144,0.0,1e-06,0.008732534165842853,0.004875664319270891,0.01616604294991244,0.2398744947566336
120,0.5,fixed,7.1230769230769235,2,11,0.011034598915696248,0.9887200124481765,0.008732534165842853,1e-06,0.0029006641138250785,1.1521354628868302e-05,0.001490480942993961,0.010932649959269647
120,0.5,fixed,7.1230769230769235,3,9,0.0012381614660147422,0.9981976137142694,0.011018105589450398,1e-06,0.0008484158201890746,1.1888642091143142e-07,0.00021051241410546728,0.0012140225528660532
120,0.5,fixed,7.1230769230769235,4,7,8.641657470120911e-05,0.999302058287614,0.011866521409639473,1e-06,0.0001582546228147009,3.3854733310068036e-08,2.5695309810983986e-05,6.169260698020483e-05
120,0.5,fixed,7.1230769230769235,5,5,7.542003054306079e-06,0.9993867889198561,0.012024776032454174,1e-06,1.7377749084200356e-05,4.007494801555459e-09,2.598430221803402e-06,7.240127924364324e-06
120,0.5,fixed,7.1230769230769235,6,3,1.84026996263853e-06,0.9993842739352957,0.012042153781538374,1e-06,7.768163852352019e-07,5.796783859329693e-09,3.6158326172326757e-07,1.7719500924928279e-06
120,0.5,fixed,7.1230769230769235,7,2,4.242745577087703e-07,0.9993828663648123,0.012042732006762863,1e-06,0.0,,,
120,0.5,fixed,7.4,1,11,0.23838413695010174,0.7615803116332804,0.0,1e-06,0.00935463664545777,0.005196591159968409,0.01745255063633525,0.2583867330035313
120,0.5,fixed,7.4,2,11,0.011571638967767472,0.9881672771545704,0.00935463664545777,1e-06,0.0031785337084955234,1.1557737461236695e-05,0.0015744274334063865,0.011499421318871932
120,0.5,fixed,7.4,3,9,0.001313923926168914,0.998074762403942,0.011850723302657573,1e-06,0.0009509834727444051,1.3958603806191885e-07,0.00023161175345034362,0.0012803222377514936
120,0.5,fixed,7.4,4,7,8.986319371695473e-05,0.9992594202525243,0.012801706775401978,1e-06,0.00018079348740184333,3.995314312006101e-08,2.815689504927161e-05,5.824801393038002e-05
120,0.5,fixed,7.4,5,5,1.0674849836966871e-05,0.9993474159592896,0.012982500262803821,1e-06,1.9800268104661373e-05,4.40905358165324e-09,3.2856820098917732e-06,1.0341734376629076e-05
120,0.5,fixed,7.4,6,3,2.3567765596865797e-06,0.9993429219049537,0.013002300530908483,1e-06,1.088452527790004e-06,8.096704349698783e-09,4.543532498584435e-07,2.2417532355934585e-06
120,0.5,fixed,7.4,7,2,5.752992133789547e-07,0.9993410922878966,0.013002785654448273,1e-06,0.0,,,
120,0.5,fixed,7.676923076923077,1,12,0.25182300095783694,0.748139722171251,0.0,1e-06,0.010018233229996287,0.0055245422190223535,0.01886015288103322,0.2784914344161674
120,0.5,fixed,7.676923076923077,2,12,0.012033931427908318,0.9876873970994877,0.010018233229996287,1e-06,0.003474269853583442,9.782868079726366e-06,0.001651055340107886,0.01199869029757343
120,0.5,fixed,7.676923076923077,3,9,0.0013754778900630926,0.997962841656509,0.012733383681809082,1e-06,0.001059351202493744,1.6331118752251828e-07,0.000252594191818556,0.0013284110828252474
120,0.5,fixed,7.676923076923077,4,8,9.050728497772553e-05,0.9992185688566881,0.013792734884302826,1e-06,0.0002041941773351047,4.6016971152390057e-08,3.0262413142208906e-05,5.0905793858521496e-05
120,0.5,fixed,7.676923076923077,5,5,1.4839089301110775e-05,0.9993072063832149,0.01399692906163793,1e-06,2.2090124461677523e-05,6.7954176982886756e-09,4.080786368549278e-06,1.4417794942699769e-05
120,0.5,fixed,7.676923076923077,6,4,3.288826979419568e-06,0.9993002001838864,0.014019019186099609,1e-06,1.4868839358443173e-06,3.1939841451633956e-10,5.925280812594627e-07,3.2681035023685113e-06
120,0.5,fixed,7.676923076923077,7,3,2.753110175390816e-07,0.9992973941785462,0.014019307239706976,1e-06,0.0,,,
120,0.5,fixed,7.953846153846155,1,12,0.2659417821142539,0.7340191161901619,0.0,1e-06,0.010729059173389288,0.005873859256527762,0.020411563135254975,0.30046649565881567
120,0.5,fixed,7.953846153846155,2,12,0.012394403259141318,0.987306977569178,0.010729059173389288,1e-06,0.0037891047622832935,7.96212116258158e-06,0.0017172600815794784,0.012404412640113726
120,0.5,fixed,7.953846153846155,3,10,0.0014153139577740559,0.997867670322142,0.013671256566734027,1e-06,0.0011725622078082136,1.8763834220813063e-07,0.00027280263524697996,0.0013521675302456335
120,0.5,fixed,7.953846153846155,4,8,9.063922220264864e-05,0.9991809419566322,0.014843818774542241,1e-06,0.00022778603556428373,5.343414517421654e-08,3.1776764302795385e-05,3.736638876659184e-05
120,0.5,fixed,7.953846153846155,5,5,1.981151923047264e-05,0.9992661691931997,0.015071604810106524,1e-06,2.3985318265148287e-05,7.462488013182848e-09,4.993953032064875e-06,1.9367983143045815e-05
120,0.5,fixed,7.953846153846155,6,4,4.113230584135152e-06,0.9992557080071313,0.015095590128371672,1e-06,1.990869914475147e-06,2.0143717454772023e-09,7.655356545696436e-07,4.090439230125023e-06
120,0.5,fixed,7.953846153846155,7,3,3.2079705158949423e-07,0.9992521135759389,0.015095512742322868,1e-06,0.0,,,
120,0.5,fixed,8.23076923076923,1,13,0.2808521893879834,0.7191067672215425,0.0,1e-06,0.011494432418756695,0.0062482037100576905,0.02213665715197614,0.324673375722129
120,0.5,fixed,8.23076923076923,2,13,0.01261755074389137,0.9870609075925052,0.011494432418756695,1e-06,0.0041245085356662325,7.3198231328140735e-06,0.0017689631678984633,0.012682449260294298
120,0.5,fixed,8.23076923076923,3,10,0.0014300301848582109,0.9977977318834105,0.014670801575918907,1e-06,0.001289160558946064,2.134406402053936e-07,0.0002913290120209709,0.0013407385188813482
120,0.5,fixed,8.23076923076923,4,8,8.649518970860193e-05,0.9991479699739151,0.01595996213486497,1e-06,0.00025042693266053213,6.059665316892135e-08,3.233541706958273e-05,1.6819990517088858e-05
120,0.5,fixed,8.23076923076923,5,4,2.519105744847039e-05,0.9992241341112226,0.016210389067525505,1e-06,2.514822006624258e-05,9.542617349467929e-09,5.975546363493678e-06,2.4874185476694177e-05
120,0.5,fixed,8.23076923076923,6,4,5.398645978482719e-06,0.9992096611985195,0.016235537287591747,1e-06,2.5811224632307195e-06,1.4724336559531212e-08,9.590386045328552e-07,5.284863714390628e-06
120,0.5,fixed,8.23076923076923,7,3,4.128662109970094e-07,0.9992050919953586,0.016234896675837017,1e-06,0.0,,,
120,0.5,fixed,8.507692307692308,1,14,0.29669915342885855,0.7032577218379471,0.0,1e-06,0.012323817623687283,0.006652352505378636,0.024075483927822643,0.35159054950278185
120,0.5,fixed,8.507692307692308,2,13,0.012657242470916374,0.9869738933481618,0.012323817623687283,1e-06,0.0044822671484104765,3.7099075380788667e-06,0.0018007408981960127,0.012788305489876604
120,0.5,fixed,8.507692307692308,3,10,0.001402740876695785,0.9977642592489037,0.015740219072924097,1e-06,0.0014069329360521798,2.4106255029175754e-07,0.0003069032540231636,0.0012811400443501764
120,0.5,fixed,8.507692307692308,4,8,7.623640196918746e-05,0.9991219631229662,0.017147152008976277,1e-06,0.00027046121899013576,6.7589769722648e-08,3.15446747300397e-05,1.8442236286282062e-05
120,0.5,fixed,8.507692307692308,5,4,3.242937991498884e-05,0.999181855547617,0.01741761322796641,1e-06,2.5071542353094568e-05,3.717141339325631e-09,7.021490487855203e-06,3.210131505581229e-05
120,0.5,fixed,8.507692307692308,6,5,5.796622420506381e-06,0.9991614225141782,0.017442684770319506,1e-06,3.344539493624762e-06,2.805852827370502e-09,1.1948794702766971e-06,5.637071424999016e-06
120,0.5,fixed,8.507692307692308,7,3,4.5617470556535977e-07,0.9991561804941037,0.017441103989806157,1e-06,0.0,,,
120,0.5,fixed,8.784615384615384,1,15,0.31367846577573055,0.6862761572392909,0.0,1e-06,0.013229950774268584,0.007092768798679041,0.026283777969106623,0.38187501599970264
120,0.5,fixed,8.784615384615384,2,14,0.012458290417929785,0.9870894386689156,0.013229950774268584,1e-06,0.0048646541515659225,5.0129298969039586e-06,0.0018051183932277079,0.012660532045002348
120,0.5,fixed,8.784615384615384,3,10,0.0013265689610948428,0.9977830213174282,0.016890362252630547,1e-06,0.0015224337803295494,2.70298236459521e-07,0.0003176767251345666,0.0011543746462913378
120,0.5,fixed,8.784615384615384,4,8,6.386709732508766e-05,0.9991059326112575,0.018412796032960095,1e-06,0.0002853469295923839,7.38543291758002e-08,3.3280498942506e-05,5.907134534267037e-05
120,0.5,fixed,8.784615384615384,5,5,4.0489986352199026e-05,0.999139004877345,0.01869814296255248,1e-06,2.2932018014981532e-05,2.9076719412549903e-09,8.050294406734162e-06,4.027707335711581e-05
120,0.5,fixed,8.784615384615384,6,5,6.498863673209954e-06,0.9991113496833023,0.01872107498056746,1e-06,4.177061551836481e-06,3.5222293475911135e-09,1.461366924665482e-06,6.146116984424936e-06
120,0.5,fixed,8.784615384615384,7,4,5.09745742727219e-07,0.9991053757415521,0.018718154630848367,1e-06,0.0,,,
120,0.5,fixed,9.061538461538461,1,16,0.3320659800071478,0.6678861756783969,0.0,1e-06,0.014230647538845176,0.007581278863386844,0.028842539553129598,0.4164677575139155
120,0.5,fixed,9.061538461538461,2,14,0.011992270327364385,0.987517935662143,0.014230647538845176,1e-06,0.005274726490243228,1.3431188826462893e-05,0.0017714595702153784,0.012117448650827546
120,0.5,fixed,9.061538461538461,3,11,0.001201697630223597,0.9978770334529944,0.0181362118380977,1e-06,0.0016302254197792312,2.951138720205798e-07,0.0003208769547787909,0.0009366601533003457
120,0.5,fixed,9.061538461538461,4,8,0.00011866222281087246,0.9991039283497634,0.019766437257876933,1e-06,0.00029109878697878904,7.754501737201119e-08,4.349729662881247e-05,0.00011147125796255133
120,0.5,fixed,9.061538461538461,5,6,4.969139393229405e-05,0.999095729494479,0.02005753604485572,1e-06,1.761991282024907e-05,9.81424960750419e-09,9.124981283873363e-06,4.9584450293562384e-05
120,0.5,fixed,9.061538461538461,6,6,6.954085712829183e-06,0.9990590999102457,0.02007515595767597,1e-06,5.1094380108462225e-06,2.4104051208739547e-09,1.7875608192574746e-06,6.221131403072662e-06
120,0.5,fixed,9.061538461538461,7,4,4.0017518143642405e-07,0.999052254971825,0.02007027636669859,1e-06,0.0,,,
120,0.5,fixed,9.338461538461539,1,18,0.35227213726414497,0.6476772693933566,0.0,1e-06,0.015352289502788441,0.00826985236620408,0.0318764231806784,0.456793744727653
120,0.5,fixed,9.338461538461539,2,15,0.011182889330784929,0.9883881181910136,0.015352289502788441,1e-06,0.005716765792719403,9.402886097686798e-06,0.0016838323324413658,0.011064281898804866
120,0.5,fixed,9.338461538461539,3,11,0.0010017199058325321,0.9980809831680689,0.0194995995533902,1e-06,0.0017214459501299888,3.060596599430138e-07,0.0003121746949265833,0.0006246730165147462
120,0.5,fixed,9.338461538461539,4,8,0.00019775288047862993,0.9991223811300727,0.02122104550352019,1e-06,0.0002813900164802056,7.866338359446725e-08,5.612529195229379e-05,0.00019113252418389247
120,0.5,fixed,9.338461538461539,5,7,5.883931272609999e-05,0.9990515241651465,0.021502435520000397,1e-06,2.4758340384225305e-05,4.563533944317209e-09,1.0393969537899987e-05,5.845412484847616e-05
120,0.5,fixed,9.338461538461539,6,6,7.180405227513731e-06,0.9990043479972429,0.02150965143527798,1e-06,7.624899591069612e-06,7.554781630955173e-09,2.094297762202203e-06,5.822200189117436e-06
120,0.5,fixed,9.338461538461539,7,4,6.332311941470437e-07,0.9989970848121762,0.021502026535686912,1e-06,0.0,,,
120,0.5,fixed,9.615384615384615,1,20,0.3749558693099224,0.6249903987309673,0.0,1e-06,0.016636972614318513,0.00909060418185114,0.035593053144398645,0.5051840112246782
120,0.5,fixed,9.615384615384615,2,15,0.009974961180762687,0.9892340510803831,0.016636972614318513,1e-06,0.006197299570891143,6.974043959913331e-06,0.0017243855490078795,0.00929723504809377
120,0.5,fixed,9.615384615384615,3,11,0.0007203942639998351,0.998452606233181,0.021014881403672622,1e-06,0.0017809551360641104,2.908873993984215e-07,0.0002843926970033296,8.579349369418674e-05
120,0.5,fixed,9.615384615384615,4,6,0.00030543162650742417,0.9991707655762885,0.022795836539736734,1e-06,0.00024530116780781047,7.251652053796171e-08,7.163217642631523e-05,0.000300536293059075
120,0.5,fixed,9.615384615384615,5,8,6.92920294471655e-05,0.9990068894037583,0.023041137707544544,1e-06,3.6237414003531976e-05,3.382946607660463e-08,1.3556466118432294e-05,6.78543593141983e-05
120,0.5,fixed,9.615384615384615,6,6,6.7669909014078655e-06,0.9989464497292,0.023029834406619605,1e-06,1.1610509508849505e-05,3.4904543376614136e-09,2.3629243885640285e-06,4.042663532210044e-06
120,0.5,fixed,9.615384615384615,7,4,1.5474353021183163e-06,0.998939440019734,0.023018223897110755,1e-06,2.0915452685353635e-06,2.8314006240418955e-09,4.0809611843097667e-07,1.484533100721097e-06
120,0.5,fixed,9.615384615384615,8,2,7.332288401995513e-07,0.9989399225280805,0.02301613235184222,1e-06,0.0,,,
350,0.1,calibrated,0.2,1,3,0.004999940670524117,1.0000025270815385,0.0,1e-06,0.08596245597959667,4.637334999173644e-06,0.005012427675434345,0.004905381743861092
350,0.1,calibrated,0.2,2,3,2.4750443455623383e-05,1.001000237778896,0.08596245597959667,1e-06,0.000426582726548684,6.340495385978814e-09,2.4628156230950433e-05,2.3800196193411478e-05
350,0.1,calibrated,0.2,3,2,2.48726111928832e-07,1.0010049279443027,0.08638903870614535,1e-06,0.0,,,
350,0.1,calibrated,0.47692307692307695,1,3,0.004999858521966827,0.992983885120095,0.0,1e-06,0.08596101867187882,1.2735968724234517e-05,0.00501664606845916,0.004786415318857487
350,0.1,calibrated,0.47692307692307695,2,3,2.4749640374022164e-05,0.9976112292033136,0.08596101867187882,1e-06,0.00042656874437196744,4.5693471491310065e-08,2.462736522563875e-05,2.391159387627484e-05
350,0.1,calibrated,0.47692307692307695,3,2,2.487139973972319e-07,0.9976350564941897,0.08638758741625079,1e-06,0.0,,,
350,0.1,calibrated,0.7538461538461538,1,4,0.0049997763733482525,0.9849483534459067,0.0,1e-06,0.08595958136390773,2.1136948664510383e-05,0.005021761196818727,0.0046636712296911475
350,0.1,calibrated,0.7538461538461538,2,3,2.4917769953725077e-05,0.9893663088216137,0.08595958136390773,1e-06,0.00042655476239707575,1.1071607553922336e-07,2.4626574230943568e-05,2.4656513313834854e-05
350,0.1,calibrated,0.7538461538461538,3,2,2.487018830876764e-07,0.9893910493970286,0.0863861361263048,1e-06,0.0,,,
350,0.1,calibrated,1.0307692307692309,1,4,0.004999694224668172,0.9767879864159709,0.0,1e-06,0.08595814405567768,2.9864087638533733e-05,0.005026946397373024,0.004536864089995209
350,0.1,calibrated,1.0307692307692309,2,4,2.6713229640762393e-05,0.9809907789312359,0.08595814405567768,1e-06,0.000426583219543912,2.0573562104716574e-07,2.4628233523996116e-05,2.6286989203821068e-05
350,0.1,calibrated,1.0307692307692309,3,2,2.4625216221707547e-07,0.9810173648920726,0.08638472727522159,1e-06,0.0,,,
350,0.1,calibrated,1.3076923076923077,1,4,0.004999612075926807,0.9684969725365659,0.0,1e-06,0.08595670674719823,3.8943900103959306e-05,0.0050322038345756845,0.004405676634359189
350,0.1,calibrated,1.3076923076923077,2,4,2.9573271729477213e-05,0.9724783226109598,0.08595670674719823,1e-06,0.00042656923519281847,3.3600127344113704e-07,2.4627442391646377e-05,2.8904572636062947e-05
350,0.1,calibrated,1.3076923076923077,3,2,2.462402064473679e-07,0.972507843271423,0.08638327598239105,1e-06,0.0,,,
350,0.1,calibrated,1.5846153846153845,1,5,0.00499952992712438,0.9600689752051531,0.0,1e-06,0.08595526943846933,4.840394476503641e-05,0.005037535854228664,0.004269795241910838
350,0.1,calibrated,1.5846153846153845,2,4,3.36167282339872e-05,0.9638221469766043,0.08595526943846933,1e-06,0.0004265552510416458,5.062158116942828e-07,2.4626651269803055e-05,3.2641897829106994e-05
350,0.1,calibrated,1.5846153846153845,3,2,2.462282513437941e-07,0.9638558229376165,0.08638182468951097,1e-06,0.0,,,
350,0.1,calibrated,1.8615384615384616,1,5,0.004999447778260446,0.9514972431912112,0.0,1e-06,0.0859538321294853,5.827922868945257e-05,0.005042944805392467,0.004128790161399244
350,0.1,calibrated,1.8615384615384616,2,4,3.909808658342229e-05,0.9550147564116022,0.0859538321294853,1e-06,0.000426541267094202,7.179463226482331e-07,2.462586015868603e-05,3.773312695663183e-05
350,0.1,calibrated,1.8615384615384616,3,2,2.4621629579613113e-07,0.9550540783721264,0.0863803733965795,1e-06,0.0,,,
350,0.1,calibrated,2.138461538461539,1,5,0.004999365629335228,0.9427743643180938,0.0,1e-06,0.08595239482024805,6.860620797352822e-05,0.005048433250509816,0.003982235694761104
350,0.1,calibrated,2.138461538461539,2,4,4.622899165507288e-05,0.9460480609316069,0.08595239482024805,1e-06,0.000426527283339063,9.7499997564729e-07,2.4625069057635748e-05,4.439423279143615e-05
350,0.1,calibrated,2.138461538461539,3,3,6.102588362422168e-07,0.9460949002561755,0.08637892210358711,1e-06,0.0,,,
350,0.1,calibrated,2.4153846153846157,1,5,0.004999283480348504,0.9338922931606071,0.0,1e-06,0.08595095751075375,7.942710820648029e-05,0.005054003859676431,0.003829632445692737
350,0.1,calibrated,2.4153846153846157,2,4,5.528675544930195e-05,0.9369131862790273,0.08595095751075375,1e-06,0.00042651329977813277,1.2865013587437978e-06,2.462427796676217e-05,5.2899933222529564e-05
350,0.1,calibrated,2.4153846153846157,3,3,1.0371121080821055e-06,0.9369695101736844,0.08637747081053189,1e-06,4.2220410613973205e-06,3.560717819574961e-08,2.437430287778595e-07,1.0032337528892874e-06
350,0.1,calibrated,2.4153846153846157,4,2,1.5138832076821984e-08,0.9369684617212871,0.08638169285159329,1e-06,0.0,,,
350,0.1,calibrated,2.6923076923076925,1,6,0.00499920133130094,0.9248421002511346,0.0,1e-06,0.08594952020101573,9.078467033120141e-05,0.0050596596375319415,0.0036705146068375513
350,0.1,calibrated,2.6923076923076925,2,4,6.645235149138617e-05,0.9276005404307804,0.08594952020101573,1e-06,0.00042649931641331536,1.6595681942054438e-06,2.4623486886175218e-05,6.347228889466292e-05
350,0.1,calibrated,2.6923076923076925,3,3,1.631545222480213e-06,0.9276686243922829,0.08637601951742904,1e-06,4.221835005861698e-06,5.257916878746419e-08,2.437312940332774e-07,1.5856063482406025e-06
350,0.1,calibrated,2.6923076923076925,4,2,2.4957932942548666e-08,0.9276669753412081,0.0863802413524349,1e-06,0.0,,,
350,0.1,calibrated,2.9692307692307693,1,6,0.004999119182191647,0.9156143134532984,0.0,1e-06,0.08594808289101878,0.00010273944346274428,0.00506540333959854,0.003504126285978461
350,0.1,calibrated,2.9692307692307693,2,4,8.027474710381455e-05,0.9180992372704783,0.08594808289101878,1e-06,0.00042648533324651474,2.1035521317157947e-06,2.462269581598486e-05,7.661200987308957e-05
350,0.1,calibrated,2.9692307692307693,3,3,2.4544660740533075e-06,0.9181819665157728,0.0863745682242653,1e-06,4.2216289560381e-06,7.568325680710982e-08,2.4371955960301525e-07,2.3950223093673843e-06
350,0.1,calibrated,2.9692307692307693,4,2,4.005561471398522e-08,0.9181794859245451,0.08637878985322134,1e-06,0.0,,,
350,0.1,calibrated,3.2461538461538466,1,6,0.004999037033021181,0.9061982607050321,0.0,1e-06,0.08594664558076955,0.00011535122115203516,0.005071238188683474,0.0033297877414846687
350,0.1,calibrated,3.2461538461538466,2,4,9.712949404727667e-05,0.908397504490805,0.08594664558076955,1e-06,0.000426471350287251,2.6285490632126185e-06,2.462190475674076e-05,9.272150481733229e-05
350,0.1,calibrated,3.2461538461538466,3,3,3.5747361570859226e-06,0.9084982087021192,0.0863731169310568,1e-06,4.221422911926525e-06,1.0821787487214717e-07,3.2255648459062305e-07,3.5023513681189665e-06
350,0.1,calibrated,3.2461538461538466,4,2,6.249540795977282e-08,0.908494596596717,0.08637733835396873,1e-06,0.0,,,
350,0.1,calibrated,3.5230769230769234,1,7,0.004998954883789319,0.8965821374036889,0.0,1e-06,0.08594520827026612,0.00012868803908846425,0.005077167653262732,0.0031467331622893726
350,0.1,calibrated,3.5230769230769234,2,5,0.0001171605244236762,0.8984825832043636,0.08594520827026612,1e-06,0.00042645715705317026,3.245659551474844e-06,2.4621101555844487e-05,0.00011206648473580234
350,0.1,calibrated,3.5230769230769234,3,4,4.8471838353103536e-06,0.8986045911115317,0.08637166542731929,1e-06,4.221636743430134e-06,1.5018435317753572e-07,4.485641961625332e-07,4.832423217797405e-06
350,0.1,calibrated,3.5230769230769234,4,2,1.250880130587717e-07,0.8985996331788992,0.08637588706406273,1e-06,0.0,,,
350,0.1,calibrated,3.8000000000000003,1,7,0.004998872734496174,0.8867530805327368,0.0,1e-06,0.08594377095951042,0.00014283756736515002,0.005083194989094533,0.002953912373582383
350,0.1,calibrated,3.8000000000000003,2,5,0.000141603323586037,0.888339214136656,0.08594377095951042,1e-06,0.00042644317449374816,3.821814274638425e-06,2.4620310517605554e-05,0.0001357233622487052
350,0.1,calibrated,3.8000000000000003,3,4,6.796742198167394e-06,0.8884876144313968,0.08637021413400417,1e-06,4.2214306745664576e-06,2.089508972046203e-07,6.218763996697183e-07,6.799082928793806e-06
350,0.1,calibrated,3.8000000000000003,4,2,1.910121774084672e-07,0.8884806524240092,0.08637443556467873,1e-06,0.0,,,
350,0.1,calibrated,4.0769230769230775,1,7,0.004998790585141855,0.8766965817956383,0.0,1e-06,0.08594233364850529,0.00015789478725657528,0.00508932390470318,0.0027502410337739867
350,0.1,calibrated,4.0769230769230775,2,5,0.0001709706972544689,0.8779512206945644,0.08594233364850529,1e-06,0.0004264291921323429,4.689341897699293e-06,2.461951948976329e-05,0.0001643035234218371
350,0.1,calibrated,4.0769230769230775,3,4,9.410222512440392e-06,0.8781316018750678,0.08636876284063763,1e-06,4.221224613318812e-06,2.71238374316806e-07,8.530017811960064e-07,9.445577047747164e-06
350,0.1,calibrated,4.0769230769230775,4,2,2.8680428143523784e-07,0.8781219497895258,0.08637298406525094,1e-06,0.0,,,
350,0.1,calibrated,4.353846153846154,1,7,0.00499870843572614,0.8663964655959,0.0,1e-06,0.08594089633724501,0.0001739737068317712,0.005095558158850001,0.002534403964531718
350,0.1,calibrated,4.353846153846154,2,5,0.00020620827735895464,0.8673000714573914,0.08594089633724501,1e-06,0.0004264152099632424,5.719882920329618e-06,2.461872847198792e-05,0.00019878410083091024
350,0.1,calibrated,4.353846153846154,3,4,1.2902631271738407e-05,0.8675191826542842,0.08636731154720825,1e-06,4.221018563495213e-06,3.6298595365423865e-07,1.16017226627785e-06,1.2996221884670512e-05
350,0.1,calibrated,4.353846153846154,4,2,4.245193505614253e-07,0.8675059322334472,0.08637153256577175,1e-06,0.0,,,
350,0.1,calibrated,4.630769230769231,1,8,0.0049986262862489195,0.8558343438553653,0.0,1e-06,0.08593945902572867,0.00019120171130351056,0.0051019019842291685,0.002304989664721019
350,0.1,calibrated,4.630769230769231,2,5,0.0002482763554072509,0.8563649502874427,0.08593945902572867,1e-06,0.0004264012279959667,6.94243572344552e-06,2.461793746482913e-05,0.00024022039197500294
350,0.1,calibrated,4.630769230769231,3,4,1.7544388936752142e-05,0.8566307714962017,0.08636586025372463,1e-06,4.220812513671615e-06,4.82034303928184e-07,1.5664139189769448e-06,1.7736076469692406e-05
350,0.1,calibrated,4.630769230769231,4,3,9.358194748010362e-07,0.856612292747139,0.0863700810662383,1e-06,0.0,,,
350,0.1,calibrated,4.907692307692308,1,8,0.0049985441367108585,0.8449898722029047,0.0,1e-06,0.08593802171396764,0.00020974982676381552,0.005108358882094765,0.0020599674556283205
350,0.1,calibrated,4.907692307692308,2,5,0.0002988921551924095,0.845121581391867,0.08593802171396764,1e-06,0.00042638724622289984,8.343996450589613e-06,2.4617146467847194e-05,0.00029032247268955344
350,0.1,calibrated,4.907692307692308,3,4,2.3739368712361042e-05,0.8454442134938271,0.08636440896019054,1e-06,4.220606475272063e-06,6.479578615072815e-07,2.105582292263782e-06,2.408958098797569e-05
350,0.1,calibrated,4.907692307692308,4,3,1.392407640854465e-06,0.8454190851230566,0.08636862956666581,1e-06,1.3631390627779842e-07,3.622217920749741e-08,1.4448294597482525e-07,1.507644933246973e-06
350,0.1,calibrated,4.907692307692308,5,2,2.9741669904659318e-08,0.8454204443936209,0.08636867144417378,1e-06,0.0,,,
350,0.1,calibrated,5.184615384615385,1,8,0.004998461987110958,0.8338394874853435,0.0,1e-06,0.08593658440194576,0.0002298080761632376,0.0051149330015653706,0.0017971968129866086
350,0.1,calibrated,5.184615384615385,2,5,0.0003597638192605057,0.8335424487578184,0.08593658440194576,1e-06,0.0004263732646497538,9.947620294855693e-06,2.785611221491784e-05,0.0003509119369137343
350,0.1,calibrated,5.184615384615385,3,5,3.2393484729720257e-05,0.8339346068170029,0.08636295766659552,1e-06,4.220399385860189e-06,8.960978130039831e-07,2.8280279430818735e-06,3.2889766395247154e-05
350,0.1,calibrated,5.184615384615385,4,4,2.575780771452152e-06,0.8338996374009332,0.08636717806598138,1e-06,1.9977684623424686e-07,7.555145024194397e-08,2.289093609277711e-07,2.6495323072637104e-06
350,0.1,calibrated,5.184615384615385,5,2,9.661446565001341e-08,0.8339022778258499,0.08636721994390631,1e-06,0.0,,,
350,0.1,calibrated,5.461538461538462,1,9,0.0049983798374498845,0.8223560829689335,0.0,1e-06,0.08593514708967162,0.0002516045675758989,0.005121628682345614,0.0015141345052313206
350,0.1,calibrated,5.461538461538462,2,5,0.00043299121926354545,0.8215956992609884,0.08593514708967162,1e-06,0.00042635928326510453,1.213057051453257e-05,3.3797045391208236e-05,0.0004242532613620344
350,0.1,calibrated,5.461538461538462,3,5,4.366127789512397e-05,0.8220723528633447,0.08636150637293673,1e-06,4.2201933626927e-06,1.2268837561784338e-06,3.782299039862464e-06,4.4486261983898335e-05
350,0.1,calibrated,5.461538461538462,4,4,3.881226746771382e-06,0.8220248101016151,0.08636572656629941,1e-06,2.878580272948403e-07,1.141868394923097e-07,3.4370054046947213e-07,4.0104165280747765e-06
350,0.1,calibrated,5.461538461538462,5,2,1.546954775388798e-07,0.8220287874238629,0.08636576844151114,1e-06,0.0,,,
350,0.1,calibrated,5.7384615384615385,1,9,0.0049982976877278595,0.8105087913607546,0.0,1e-06,0.0859337097771528,0.0002754416068719663,0.005128448860226792,0.0012072788762692124
350,0.1,calibrated,5.7384615384615385,2,4,0.0005210281883913925,0.8092442797253195,0.0859337097771528,1e-06,0.00042634551240469724,1.4710719402528452e-05,4.0990677437470987e-05,0.0005131263127239696
350,0.1,calibrated,5.7384615384615385,3,6,5.803818074223699e-05,0.8098233482207385,0.0863600552895575,1e-06,4.219779111516653e-06,1.6622339538817882e-06,5.043363949565002e-06,5.957892909049672e-05
350,0.1,calibrated,5.7384615384615385,4,4,5.843588782306064e-06,0.8097594653231613,0.086364275068669,1e-06,4.1237170008963753e-07,1.6769326472924634e-07,5.11950054954628e-07,6.0495127358792985e-06
350,0.1,calibrated,5.7384615384615385,5,2,2.474719817957549e-07,0.8097654513234933,0.08636431693908835,1e-06,0.0,,,
350,0.1,calibrated,6.015384615384616,1,9,0.004998215537944328,0.7982611903705998,0.0,1e-06,0.08593227246437504,0.00030167877736448284,0.005135396762825057,0.0014390705041196546
350,0.1,calibrated,6.015384615384616,2,6,0.0006302160124787015,0.7964412178921182,0.08593227246437504,1e-06,0.000426331323180457,1.7747956357427287e-05,4.9836069507708585e-05,0.0006234467814990343
350,0.1,calibrated,6.015384615384616,3,6,7.972633559660824e-05,0.7971511621834834,0.0863586037875555,1e-06,4.338287241299685e-06,2.3158917384344517e-06,6.788300686856291e-06,8.179879414917046e-05
350,0.1,calibrated,6.015384615384616,4,4,9.010624619998353e-06,0.7970624245831761,0.08636282356682505,1e-06,5.999871456412097e-07,2.478641803817261e-07,7.83816660615593e-07,9.364159094561388e-06
350,0.1,calibrated,6.015384615384616,5,3,7.08159415441223e-07,0.7970721319829358,0.08636286543657037,1e-06,0.0,,,
350,0.1,calibrated,6.292307692307693,1,10,0.004998133388099291,0.7855701237711556,0.0,1e-06,0.0859308351513431,0.0003307627261333628,0.005142475111216318,0.0018445207389559454
350,0.1,calibrated,6.292307692307693,2,6,0.0007629277836640469,0.7831358936950525,0.0859308351513431,1e-06,0.00042631734239557023,2.143789988472085e-05,6.0684579088184635e-05,0.0007586569618033832
350,0.1,calibrated,6.292307692307693,3,6,0.00010813190225722469,0.7840069562213505,0.08635715249373867,1e-06,5.647188032406384e-06,3.171911430117291e-06,9.125764953618626e-06,0.00011135566387604644
350,0.1,calibrated,6.292307692307693,4,4,1.3666580491289437e-05,0.7838851566879418,0.08636137206699077,1e-06,8.676917318249405e-07,3.7532286833355234e-07,1.184955825173288e-06,1.4277150754940346e-05
350,0.1,calibrated,6.292307692307693,5,3,1.1631952165913617e-06,0.7838999627387844,0.08636141393402479,1e-06,1.1220201527128209e-07,4.488044728997944e-08,1.324055653124244e-07,1.3420444520028883e-06
350,0.1,calibrated,6.292307692307693,6,2,1.0551012030735052e-07,0.7838989288829464,0.08636141434941456,1e-06,0.0,,,
350,0.1,calibrated,6.56923076923077,1,10,0.004998051238193302,0.7723849630562395,0.0,1e-06,0.08592939783806458,0.0003633079321221258,0.00514968300114757,0.0022760521971219973
350,0.1,calibrated,6.56923076923077,2,6,0.0009276235960573587,0.7692618184372357,0.08592939783806458,1e-06,0.0004263033618010842,2.5982236485089194e-05,7.418544314032788e-05,0.0009273641238527313
350,0.1,calibrated,6.56923076923077,3,6,0.00014749100168787166,0.7703369369708432,0.08635570119986566,1e-06,7.379699929675065e-06,4.254939500556217e-06,1.233497473333934e-05,0.0001524824396991502
350,0.1,calibrated,6.56923076923077,4,5,2.1584126249529767e-05,0.7701678600182624,0.08635992056711933,1e-06,1.2642635437441435e-06,6.063205383580136e-07,1.8175310412777415e-06,2.2463755282375604e-05
350,0.1,calibrated,6.56923076923077,5,4,2.908499998399705e-06,0.7701923531703778,0.08635996243142299,1e-06,1.897802970621671e-07,8.110001309567859e-08,2.5391813127307054e-07,3.077967924230213e-06
350,0.1,calibrated,6.56923076923077,6,2,1.387912115236034e-07,0.7701894012701522,0.08635996284680895,1e-06,0.0,,,
350,0.1,calibrated,6.846153846153847,1,11,0.0049979690882256955,0.7586434532795071,0.0,1e-06,0.08592796052452711,0.0004000742358920155,0.005157018938678815,0.0026279943275153276
350,0.1,calibrated,6.846153846153847,2,8,0.001135109155374292,0.7547373468263224,0.08592796052452711,1e-06,0.00042628938139319095,3.164825045039371e-05,9.120891710749421e-05,0.001140841351915937
350,0.1,calibrated,6.846153846153847,3,7,0.00020496896946320398,0.7560774297037672,0.0863542499059203,1e-06,9.712365246812592e-06,5.7656707871702025e-06,1.6852697304077642e-05,0.0002122181971069016
350,0.1,calibrated,6.846153846153847,4,6,3.4633578901432927e-05,0.755837825656294,0.0863584690671908,1e-06,1.8713516235257323e-06,9.870135980314518e-07,2.84554250341593e-06,3.599063074134068e-05
350,0.1,calibrated,6.846153846153847,5,4,5.420754387142068e-06,0.75587788037424,0.08635851092877744,1e-06,3.225399071912125e-07,1.5698553707698753e-07,4.635626744834011e-07,5.731591145698468e-06
350,0.1,calibrated,6.846153846153847,6,2,2.75668162519338e-07,0.7558723878479272,0.08635851134412532,1e-06,0.0,,,
350,0.1,calibrated,7.1230769230769235,1,11,0.004997886938196694,0.7442701382025477,0.0,1e-06,0.08592652321073548,0.00044213434848996736,0.005164473763547538,0.003062995583518465
350,0.1,calibrated,7.1230769230769235,2,8,0.001398557746278506,0.73946130307063,0.08592652321073548,1e-06,0.00042627540119283454,3.8798077909635066e-05,0.00011294386026895029,0.001413601078600322
350,0.1,calibrated,7.1230769230769235,3,8,0.00028611696004388065,0.7411459842176215,0.08635279861192831,1e-06,1.2882675124770919e-05,8.256671263827387e-06,2.3224651280782254e-05,0.00029720548062611804
350,0.1,calibrated,7.1230769230769235,4,6,5.507040791064011e-05,0.7408047946109889,0.0863570175672061,1e-06,2.790615579722806e-06,1.5634309419209887e-06,4.470682199440247e-06,5.7411605219176075e-05
350,0.1,calibrated,7.1230769230769235,5,4,9.677330143120777e-06,0.7408695429949651,0.08635705942607382,1e-06,5.449276312816213e-07,2.861875714069868e-07,8.278236140714319e-07,1.0303362065350979e-05
350,0.1,calibrated,7.1230769230769235,6,3,1.0206254367206569e-06,0.7408588880000709,0.08635705984139504,1e-06,9.46800587202063e-08,4.5898482626856295e-08,1.2632754324161247e-07,1.2305838246548504e-06
350,0.1,calibrated,7.1230769230769235,7,1,2.568339094732863e-07,0.7408596087250988,0.08635705984551341,1e-06,0.0,,,
350,0.1,calibrated,7.4,1,12,0.00499780478810663,0.7291694489129337,0.0,1e-06,0.08592508589669536,0.0004832838790521032,0.005172032666187046,0.003367873843061875
350,0.1,calibrated,7.4,2,8,0.0017394060868587413,0.7233006185858782,0.08592508589669536,1e-06,0.000426261421192399,4.79791945277678e-05,0.00014120911472180052,0.0017685938901373026
350,0.1,calibrated,7.4,3,8,0.0004051475831891027,0.7254451815069091,0.08635134731788775,1e-06,1.728160281901902e-05,1.1604493705939e-05,3.244099854145109e-05,0.0004222719141943496
350,0.1,calibrated,7.4,4,6,8.901757499113483e-05,0.7249510127572465,0.08635556606717855,1e-06,4.227135644222984e-06,2.518847747696086e-06,7.144937176551715e-06,9.316086255220339e-05
350,0.1,calibrated,7.4,5,6,1.8820319626411397e-05,0.725058851978527,0.08635560792332926,1e-06,9.446452087651942e-07,5.343011236543464e-07,1.5360713625844725e-06,1.984977691149733e-05
350,0.1,calibrated,7.4,6,4,3.687065782242982e-06,0.7250363438555589,0.08635560833861812,1e-06,2.0118185431194983e-07,1.0928395879908156e-07,3.1737199484095964e-07,3.963621319875788e-06
350,0.1,calibrated,7.4,7,2,1.9773668391565025e-07,0.7250400252290667,0.08635560834273459,1e-06,0.0,,,
350,0.1,calibrated,7.676923076923077,1,13,0.004997722637955171,0.7132201599281719,0.0,1e-06,0.085923648582402,0.0005231862378436373,0.005179663559532733,0.003850684064307305
350,0.1,calibrated,7.676923076923077,2,10,0.0021926722851823843,0.7060750344585665,0.085923648582402,1e-06,0.00042624744137855614,6.006012261356342e-05,0.00017892075711786328,0.0022430107898808536
350,0.1,calibrated,7.676923076923077,3,8,0.0005870356788321152,0.7088547549200209,0.08634989602378056,1e-06,2.3569136303369434e-05,1.6346024335318986e-05,4.622685034242282e-05,0.0006135524964417063
350,0.1,calibrated,7.676923076923077,4,8,0.00014954868624905693,0.7081181655123926,0.0863541145670977,1e-06,6.571621574312135e-06,4.19235238912844e-06,1.1780166862115351e-05,0.00015680557309126757
350,0.1,calibrated,7.676923076923077,5,6,3.757556243755289e-05,0.708305291534181,0.08635415642053519,1e-06,1.7001427511879763e-06,1.0526814374218643e-06,2.9648002406472124e-06,3.947803592538872e-05
350,0.1,calibrated,7.676923076923077,6,4,8.343887936801409e-06,0.7082593714175596,0.08635415683578787,1e-06,4.2295946122661655e-07,2.4312854254709507e-07,7.163941893387245e-07,9.034401819876153e-06
350,0.1,calibrated,7.676923076923077,7,4,1.1426206523168503e-06,0.7082688197865592,0.08635415683990624,1e-06,9.436406918370404e-08,5.670675665372406e-08,1.4133392726810034e-07,1.4051178766090499e-06
350,0.1,calibrated,7.676923076923077,8,1,2.9046996086190546e-07,0.7082680059646446,0.08635415683994813,1e-06,0.0,,,
350,0.1,calibrated,7.953846153846155,1,13,0.005923228645195344,0.6962626331981309,0.0,1e-06,0.08592221126785923,0.000567722524155257,0.005187306797660078,0.004247436744087395
350,0.1,calibrated,7.953846153846155,2,10,0.002811519382622474,0.6875363721891233,0.08592221126785923,1e-06,0.0004262334617703462,7.80209435451416e-05,0.00023070894846898682,0.0028945727673966
350,0.1,calibrated,7.953846153846155,3,10,0.0008737140595439508,0.6912216237392906,0.08634844472962958,1e-06,3.284820805519154e-05,2.289660379392701e-05,6.754264016798278e-05,0.000915624223168538
350,0.1,calibrated,7.953846153846155,4,8,0.0002601392025520788,0.690087762900353,0.08635266306697305,1e-06,1.0539862320939323e-05,7.222271435916564e-06,2.00993063069474e-05,0.0002734170813357565
350,0.1,calibrated,7.953846153846155,5,7,7.665114521659966e-05,0.6904245558961211,0.08635270491769734,1e-06,3.177182085144982e-06,2.126300863565231e-06,5.927479952441116e-06,8.065902820739919e-05
350,0.1,calibrated,7.953846153846155,6,6,2.2128324865144933e-05,0.6903257752387774,0.08635270533290623,1e-06,9.347362458574225e-07,6.193827221638445e-07,1.7300086694662973e-06,2.337727598896421e-05
350,0.1,calibrated,7.953846153846155,7,4,5.543072299052376e-06,0.690353447186861,0.0863527053370265,1e-06,2.6703872037268926e-07,1.6055527440434742e-07,4.787014192851206e-07,6.065248313430664e-06
350,0.1,calibrated,7.953846153846155,8,2,3.0904153647259847e-07,0.6903480444044381,0.0863527053370722,1e-06,0.0,,,
350,0.1,calibrated,8.23076923076923,1,15,0.007079103899620076,0.6780780338615586,0.0,1e-06,0.08592077395305465,0.0006180765616412867,0.005194855656235556,0.004668079993419327
350,0.1,calibrated,8.23076923076923,2,12,0.0036912375974477163,0.6673167532291122,0.08592077395305465,1e-06,0.000426219482358249,0.00010519566397583296,0.00030474977275691276,0.003826136333094167
350,0.1,calibrated,8.23076923076923,3,10,0.0013491682665138782,0.6723571862032303,0.0863469934354129,1e-06,4.71841649039548e-05,3.562850345825604e-05,0.00010498558261132938,0.0014173036206963354
350,0.1,calibrated,8.23076923076923,4,10,0.0004747540403386985,0.6705332514292336,0.08635121156679222,1e-06,1.76491066465786e-05,1.2439242259361007e-05,3.623800633883292e-05,0.0005004737652571091
350,0.1,calibrated,8.23076923076923,5,8,0.00016654803135329743,0.6711745583622859,0.08635125341479377,1e-06,6.287745111568248e-06,4.408522276962078e-06,1.2685214448195007e-05,0.0001755323194231161
350,0.1,calibrated,8.23076923076923,6,7,5.7604904052488415e-05,0.6709504033559983,0.08635125382997601,1e-06,2.198710821903364e-06,1.5417307910968828e-06,4.4077119764206615e-06,6.087227086248268e-05
350,0.1,calibrated,8.23076923076923,7,6,1.9422242444666615e-05,0.6710274316251529,0.08635125383409818,1e-06,7.592069100135489e-07,5.323361218632601e-07,1.5013620772906804e-06,2.0625815343409697e-05
350,0.1,calibrated,8.23076923076923,8,4,5.50928640985493e-06,0.6710024994772564,0.08635125383414007,1e-06,2.5196259841537573e-07,1.5881540379068656e-07,4.79520420600382e-07,6.101862334020549e-06
350,0.1,calibrated,8.23076923076923,9,3,7.273856492684416e-07,0.6710086453489055,0.08635125383414007,1e-06,0.0,,,
350,0.1,calibrated,8.507692307692308,1,16,0.008521132566980172,0.6583576153138121,0.0,1e-06,0.08591933663800636,0.0007062909822591351,0.005202089963417927,0.005283151811377219
350,0.1,calibrated,8.507692307692308,2,12,0.005012944187845592,0.6448332349402348,0.08591933663800636,1e-06,0.0004262055031365527,0.000147420197153714,0.0004216813129167521,0.0052344248638355765
350,0.1,calibrated,8.507692307692308,3,12,0.002196335298665142,0.6520425577086543,0.08634554214114291,1e-06,7.080940581826032e-05,5.707119892623852e-05,0.00017318745338353687,0.002311292416349416
350,0.1,calibrated,8.507692307692308,4,10,0.0009305680946327666,0.6489156320464858,0.0863497600665562,1e-06,3.1462709291272036e-05,2.4327707196280624e-05,7.246358521306891e-05,0.0009841449861584506
350,0.1,calibrated,8.507692307692308,5,10,0.0003941384705898887,0.6502403487431867,0.08634980191184645,1e-06,1.3492784653481928e-05,1.0323941831995051e-05,3.0611571089029e-05,0.0004163039860813618
350,0.1,calibrated,8.507692307692308,6,8,0.00016562796514074662,0.6496805773588527,0.08634980232699822,1e-06,5.697522410991008e-06,4.357919795556181e-06,1.2903017994859017e-05,0.00017526972790036236
350,0.1,calibrated,8.507692307692308,7,8,6.872812571234732e-05,0.6499149360797225,0.0863498023311204,1e-06,2.3948189173181852e-06,1.8301571326705238e-06,5.379262562826186e-06,7.291087945065843e-05
350,0.1,calibrated,8.507692307692308,8,6,2.7716930904420067e-05,0.6498184893652681,0.08634980233115848,1e-06,9.91781184693771e-07,7.511932805613265e-07,2.192088991680694e-06,2.958284973069678e-05
350,0.1,calibrated,8.507692307692308,9,6,1.0396678423285621e-05,0.6498566041201945,0.08634980233115848,1e-06,3.981746192785444e-07,2.8087155167021076e-07,8.453832675930814e-07,1.1273990973388564e-05
350,0.1,calibrated,8.507692307692308,10,4,3.3087625054273317e-06,0.6498428977525033,0.08634980233115848,1e-06,1.4879406841524677e-07,9.681571745682144e-08,2.949903005413203e-07,3.7328586722417935e-06
350,0.1,calibrated,8.507692307692308,11,2,2.5268784820120516e-07,0.649845954484667,0.08634980233115848,1e-06,0.0,,,
350,0.1,calibrated,8.784615384615384,1,17,0.010418824612447475,0.6366330864075461,0.0,1e-06,0.08591789932270294,0.0008401361760413025,0.005208552226191823,0.0070182840395027705
350,0.1,calibrated,8.784615384615384,2,14,0.007171225700741912,0.6190534472238245,0.08591789932270294,1e-06,0.0004261915241204891,0.00021930642293073793,0.0006226858433627625,0.007549417365813135
350,0.1,calibrated,8.784615384615384,3,14,0.003873649751139463,0.6300983959467594,0.08634409084682343,1e-06,0.0001136647365113832,0.00010351394322818058,0.0003093791664352546,0.004077438839722021
350,0.1,calibrated,8.784615384615384,4,12,0.0020355631856864287,0.62418913923724,0.08634830856628019,1e-06,6.175364095451757e-05,5.436299732866036e-05,0.0001618264399734883,0.0021605526828299953
350,0.1,calibrated,8.784615384615384,5,12,0.0010728313558049374,0.627297557603594,0.08634835040886103,1e-06,3.286768894838097e-05,2.8549125331599432e-05,8.487418712018274e-05,0.001134251102370846
350,0.1,calibrated,8.784615384615384,6,12,0.0005636412092735466,0.6256610717516932,0.08634835082397091,1e-06,1.7245319365326544e-05,1.5017270763872642e-05,4.469101198333569e-05,0.0005971879793586704
350,0.1,calibrated,8.784615384615384,7,10,0.00029589519715222945,0.6265206150936352,0.08634835082808928,1e-06,9.07897678721149e-06,7.887279670098906e-06,2.3455796870096525e-05,0.00031329391558134254
350,0.1,calibrated,8.784615384615384,8,10,0.00015448360209291412,0.6260702322487717,0.08634835082813117,1e-06,4.75701891160583e-06,4.128783497040559e-06,1.2273705497791593e-05,0.00016381097772417104
350,0.1,calibrated,8.784615384615384,9,8,7.989852425005495e-05,0.6263046168867562,0.08634835082813117,1e-06,2.482521005976871e-06,2.145296872847076e-06,6.367918840588101e-06,8.485801227065587e-05
350,0.1,calibrated,8.784615384615384,10,8,4.0523350454013674e-05,0.626184193269057,0.08634835082813117,1e-06,1.280896139823992e-06,1.0940129713999357e-06,3.2521899668497284e-06,4.320841490731175e-05
350,0.1,calibrated,8.784615384615384,11,6,1.9727600332752893e-05,0.6262444455479559,0.08634835082813117,1e-06,6.469797301054284e-07,5.029256190983608e-07,1.6066123487697436e-06,2.1206837314006636e-05
350,0.1,calibrated,8.784615384615384,12,6,8.78258245351482e-06,0.62621593424099,0.08634835082813117,1e-06,3.123947598072367e-07,2.383718107047452e-07,7.393438874286166e-07,9.62112044863714e-06
350,0.1,calibrated,8.784615384615384,13,4,3.1800408160087557e-06,0.6262278978616153,0.08634835082813117,1e-06,1.373375360333584e-07,9.709758895089162e-08,2.905825212991648e-07,3.658425005020569e-06
350,0.1,calibrated,8.784615384615384,14,2,3.763270136625252e-07,0.6262250933397483,0.08634835082813117,1e-06,0.0,,,
350,0.1,calibrated,9.061538461538461,1,19,0.013132400192233495,0.6121340609721269,0.0,1e-06,0.08591646200714532,0.0010084531276772707,0.005213143226354722,0.009552925233775725
350,0.1,calibrated,9.061538461538461,2,18,0.011201807077869663,0.5878110832315676,0.08591646200714532,1e-06,0.0004261775452872104,0.000333242984305535,0.0010147516707447973,0.011910440568047617
350,0.1,calibrated,9.061538461538461,3,16,0.007786604583418177,0.6067996363820599,0.08634263955243253,1e-06,0.0002042809699745665,0.00021515586430320157,0.0006287347186433321,0.008170097643991583
350,0.1,calibrated,9.061538461538461,4,16,0.0053375397808401726,0.593675388133207,0.0863468570659499,1e-06,0.0001423858457751074,0.00015081403824957146,0.00043443622213886276,0.005698094680728258
350,0.1,calibrated,9.061538461538461,5,16,0.003660730910795662,0.6026737313455623,0.08634689890581182,1e-06,9.873639139645337e-05,0.00010164059575424166,0.0002944386841084535,0.0038627480600747126
350,0.1,calibrated,9.061538461538461,6,14,0.0025063879760920393,0.5965065630163533,0.08634689932089123,1e-06,6.728161516261771e-05,7.042301549651016e-05,0.00020320108598352889,0.0026660855047092413
350,0.1,calibrated,9.061538461538461,7,14,0.0017160576602784916,0.600729043329632,0.08634689932501341,1e-06,4.62668935582043e-05,4.777926627354271e-05,0.0001384266285395057,0.0018157187812411742
350,0.1,calibrated,9.061538461538461,8,14,0.0011743176912935027,0.5978386435645013,0.08634689932505529,1e-06,3.158704922319672e-05,3.2881843206522576e-05,9.506505349830697e-05,0.0012471670005884828
350,0.1,calibrated,9.061538461538461,9,12,0.0008025588934568173,0.599815536792101,0.08634689932505529,1e-06,2.1650520024644966e-05,2.23549395341582e-05,6.48471795260649e-05,0.0008504127027058004
350,0.1,calibrated,9.061538461538461,10,12,0.0005469726537628006,0.5984659931846328,0.08634689932505529,1e-06,1.4769074765595808e-05,1.5243706610081226e-05,4.4306352861424154e-05,0.0005808527092808263
350,0.1,calibrated,9.061538461538461,11,12,0.0003727780728840502,0.5993857528785126,0.08634689932505529,1e-06,1.0080417463377521e-05,1.0365235797239727e-05,3.015854598253486e-05,0.0003954162400223238
350,0.1,calibrated,9.061538461538461,12,10,0.0002526609241424449,0.5987603078106765,0.08634689932505529,1e-06,6.855165543185321e-06,7.00440216375603e-06,2.049567027795076e-05,0.0002684678789249879
350,0.1,calibrated,9.061538461538461,13,10,0.0001698620375079063,0.5991828355963749,0.08634689932505529,1e-06,4.642147461487054e-06,4.670987886675911e-06,1.3808776877496474e-05,0.00018065238304130257
350,0.1,calibrated,9.061538461538461,14,10,0.00011413277295990731,0.5988988367727893,0.08634689932505529,1e-06,3.1249345495764595e-06,3.13583780922986e-06,9.278226686505164e-06,0.00012144288536825588
350,0.1,calibrated,9.061538461538461,15,8,7.535123799162768e-05,0.599088323430931,0.08634689932505529,1e-06,2.090026451027054e-06,2.0399199270971205e-06,6.1626762367284366e-06,8.040308477654908e-05
350,0.1,calibrated,9.061538461538461,16,8,4.837298604642992e-05,0.5989645967516428,0.08634689932505529,1e-06,1.373533232412428e-06,1.297919966335606e-06,3.993888399018532e-06,5.188758803559498e-05
350,0.1,calibrated,9.061538461538461,17,8,3.097709912536217e-05,0.5990439491836316,0.08634689932505529,1e-06,8.867727745592509e-07,8.322599396442511e-07,2.5546691073578733e-06,3.324430473807212e-05
350,0.1,calibrated,9.061538461538461,18,6,1.8677024775204387e-05,0.5989942935842862,0.08634689932505529,1e-06,5.592380084925357e-07,4.938300092742183e-07,1.5749057370883918e-06,2.0268190054344532e-05
350,0.1,calibrated,9.061538461538461,19,6,1.007662653096375e-05,0.5990230487663851,0.08634689932505529,1e-06,3.321730834500737e-07,2.620502157587093e-07,8.84349331223571e-07,1.1183143902091162e-05
350,0.1,calibrated,9.061538461538461,20,4,4.16020512794546e-06,0.5990088104285824,0.08634689932505529,1e-06,1.741493346878848e-07,1.5788367826123783e-07,4.060883125989195e-07,4.914678254998208e-06
350,0.1,calibrated,9.061538461538461,21,2,7.669510234675769e-07,0.5990122050835239,0.08634689932505529,1e-06,0.0,,,
350,0.1,calibrated,9.338461538461539,1,23,0.017631938690398252,0.5834152207846537,0.0,1e-06,0.08591502469133257,0.0011761976224808279,0.005212557691371763,0.013838750132826401
350,0.1,calibrated,9.338461538461539,2,24,0.02108911828914839,0.5447063343942244,0.08591502469133257,1e-06,0.0004261635666671805,0.0005846731447464133,0.0020435145400318536,0.02277109406533313
350,0.1,calibrated,9.338461538461539,3,20,0.0201717839827249,0.5859675914522146,0.08634118825799975,1e-06,0.00046100120763419044,0.0005856395775426685,0.0017026117195672351,0.02085639208865477
350,0.1,calibrated,9.338461538461539,4,24,0.020526720385258712,0.5452687246016293,0.0863454055655682,1e-06,0.0004599523929784238,0.0006069780603295382,0.0018643311565373292,0.02232246898812866
350,0.1,calibrated,9.338461538461539,5,20,0.019510519222011413,0.5853063211638566,0.0863454474027131,1e-06,0.00045341325806658866,0.0005711764212612962,0.0016439714297978544,0.020191899440849224
350,0.1,calibrated,9.338461538461539,6,24,0.01981371230469453,0.5459817397837045,0.08634544781776396,1e-06,0.00044490181253281625,0.0005859822634845213,0.0017972833340004163,0.02152790109087647
350,0.1,calibrated,9.338461538461539,7,20,0.018849277334306302,0.5846450739933899,0.08634544782188423,1e-06,0.0004378990121051416,0.0005518138070028921,0.0015900678109248166,0.019523695162943593
350,0.1,calibrated,9.338461538461539,8,24,0.019114369184479174,0.5466810898216631,0.08634544782192231,1e-06,0.000429552158057497,0.0005654019746579431,0.0017313488230987922,0.02075036316672058
350,0.1,calibrated,9.338461538461539,9,20,0.01819990438876684,0.5839956958452069,0.08634544782192231,1e-06,0.00042265884795230794,0.000532820417807628,0.001536971948164145,0.018866431935091188
350,0.1,calibrated,9.338461538461539,10,24,0.018429764034383345,0.5473657017180362,0.08634544782192231,1e-06,0.00041450083668945144,0.0005452476584838326,0.0016669906822824208,0.019990469935418594
350,0.1,calibrated,9.338461538461539,11,20,0.017563227036506812,0.5833590133771297,0.08634544782192231,1e-06,0.00040772485728175,0.0005141946235044013,0.001484805692367514,0.018220962245979713
350,0.1,calibrated,9.338461538461539,12,24,0.017760648947057533,0.5480348233744773,0.08634544782192231,1e-06,0.0003997636778434863,0.0005255400329235991,0.0016042672028023354,0.01924897290604319
350,0.1,calibrated,9.338461538461539,13,20,0.01694000010534058,0.5827357814236195,0.08634544782192231,1e-06,0.0003931142221478304,0.0004962310723770853,0.0014336364637203148,0.01758811521307613
350,0.1,calibrated,9.338461538461539,14,24,0.017107652729263734,0.5486878259798899,0.08634544782192231,1e-06,0.000385356622508384,0.0005062985417633148,0.0015432237247494291,0.018526484299978854
350,0.1,calibrated,9.338461538461539,15,20,0.016330863423040687,0.582126639818262,0.08634544782192231,1e-06,0.00037884170205494905,0.00047904056963083417,0.0013835229154555695,0.016968606257490065
350,0.1,calibrated,9.338461538461539,16,24,0.016471282735689874,0.5493242021764672,0.08634544782192231,1e-06,0.00037129294720003467,0.00048753901056503316,0.0014838941198766914,0.017823479958572513
350,0.1,calibrated,9.338461538461539,17,20,0.015736346817098457,0.5815321183935601,0.08634544782192231,1e-06,0.00036491942125747027,0.0004622189146076543,0.0013345149917899572,0.016363041312859244
350,0.1,calibrated,9.338461538461539,18,24,0.015851932286115034,0.5499435586424289,0.08634544782192231,1e-06,0.00035758339572751686,0.0004692738750320369,0.0014263016405127546,0.01714030881513451
350,0.1,calibrated,9.338461538461539,19,20,0.015156876038051048,0.5809526429042897,0.08634544782192231,1e-06,0.0003513570178221797,0.0004457810539268885,0.0012866543070877657,0.01577192180866727
350,0.1,calibrated,9.338461538461539,20,24,0.01524988864455401,0.5505456081127746,0.08634544782192231,1e-06,0.0003442363323387845,0.0004515124089015499,0.0013704598204284655,0.016477202814207143
350,0.1,calibrated,9.338461538461539,21,20,0.014592779307481818,0.5803885415755352,0.08634544782192231,1e-06,0.0003381618054234848,0.0004297392454624759,0.0012399745856829095,0.015195650398231248
350,0.1,calibrated,9.338461538461539,22,24,0.014665341354380135,0.5511301610440619,0.08634544782192231,1e-06,0.0003312579064947088,0.0004342609641551771,0.0013163733842703794,0.015834287072854746
350,0.1,calibrated,9.338461538461539,23,20,0.014044294284252024,0.5798400520689615,0.08634544782192231,1e-06,0.00032533894473593477,0.0004141032152515599,0.0011945021462440278,0.014634537225750767
350,0.1,calibrated,9.338461538461539,24,24,0.0140983907269,0.5516971171257321,0.08634544782192231,1e-06,0.00031865222479644936,0.00041752321740008296,0.0012640391473424226,0.015211590062849178
350,0.1,calibrated,9.338461538461539,25,20,0.013511575264920306,0.5793073286832761,0.08634544782192231,1e-06,0.00031289161994789904,0.00039888032578450777,0.0011502564157713497,0.014088806545662464
350,0.1,calibrated,9.338461538461539,26,22,0.013547327208401683,0.5522481859713693,0.08634544782192231,1e-06,0.00030640552144245556,0.0004012752739387661,0.0012132996675448449,0.014607414546048875
350,0.1,calibrated,9.338461538461539,27,20,0.012991600534412506,0.5787873504147525,0.08634544782192231,1e-06,0.00030077624858229564,0.00038384998742161443,0.0011069931910817398,0.013555663185174779
350,0.1,calibrated,9.338461538461539,28,22,0.013012422782063715,0.5527830955090478,0.08634544782192231,1e-06,0.0002944849790751963,0.0003854768545971868,0.0011641331678764095,0.014021474929814558
350,0.1,calibrated,9.338461538461539,29,20,0.012487703087320723,0.578283448767544,0.08634544782192231,1e-06,0.0002890145652425922,0.00036939291281868356,0.0010649932953132987,0.013038085562765788
350,0.1,calibrated,9.338461538461539,30,22,0.012495270000851044,0.5533002532192318,0.08634544782192231,1e-06,0.0002829393610557602,0.00037019367164930957,0.0011167122534752837,0.013455684540745983
350,0.1,calibrated,9.338461538461539,31,20,0.01199989418407399,0.57779563578995,0.08634544782192231,1e-06,0.00027763382419066895,0.0003553658520136869,0.0010242661599604865,0.012536405469507265
350,0.1,calibrated,9.338461538461539,32,22,0.011995687354521944,0.5537998406141554,0.08634544782192231,1e-06,0.00027177254674846317,0.0003554259311655179,0.0010709968801587188,0.012909789660894025
350,0.1,calibrated,9.338461538461539,33,20,0.01152804807067831,0.5773237857275465,0.08634544782192231,1e-06,0.0002666315645176778,0.000341768144162689,0.0009848070224383791,0.012050554440153348
350,0.1,calibrated,9.338461538461539,34,22,0.011513429639295247,0.5542821029013271,0.08634544782192231,1e-06,0.00026098061376269666,0.00034116687819855484,0.0010269544870116416,0.012383452790625122
350,0.1,calibrated,9.338461538461539,35,20,0.01107198991836078,0.5768677237507474,0.08634544782192231,1e-06,0.00025600322161441246,0.00032852803638243154,0.0009466073593833658,0.011580410489552521
350,0.1,calibrated,9.338461538461539,36,22,0.0110482099718201,0.5547473269681348,0.08634544782192231,1e-06,0.0002505585390568617,0.00032740848543871804,0.0009845492822813061,0.011876294777650275
350,0.1,calibrated,9.338461538461539,37,20,0.010631503289503685,0.5764272334207661,0.08634544782192231,1e-06,0.00024574326642602353,0.0003154661882796591,0.0009096549080056054,0.01112580595007911
350,0.1,calibrated,9.338461538461539,38,22,0.010599706169019951,0.5551958350019417,0.08634544782192231,1e-06,0.00024050041399120204,0.0003141416415071406,0.00094374287126192,0.01138790183829034
350,0.1,calibrated,9.338461538461539,39,20,0.010206335916861597,0.576002062468876,0.08634544782192231,1e-06,0.00023584534581079,0.00030285737557942706,0.0008739341332378497,0.010686533274864504
350,0.1,calibrated,9.338461538461539,40,22,0.010167566581508525,0.5556279786566157,0.08634544782192231,1e-06,0.00023079957585104253,0.00030135632521919876,0.0009044947858213666,0.010917831968522293
350,0.1,calibrated,9.338461538461539,41,20,0.009796205058972163,0.5755919281518594,0.08634544782192231,1e-06,0.0002263024105769295,0.00029069341010242204,0.0008394266601119781,0.010262350468824958
350,0.1,calibrated,9.338461538461539,42,22,0.00975141541120117,0.5560441337348695,0.08634544782192231,1e-06,0.00022144872917173762,0.00028904176499986334,0.0008667629596357712,0.01046562073615099
350,0.1,calibrated,9.338461538461539,43,20,0.009400802422159127,0.5751965221740484,0.08634544782192231,1e-06,0.00021710683279449976,0.00027896532395374853,0.0008061116760785859,0.009852986123604796
350,0.1,calibrated,9.338461538461539,44,22,0.009350857524861977,0.5564446953746679,0.08634544782192231,1e-06,0.00021244005655432995,0.00027718658358413844,0.0008305041515219597,0.01003078647686687
350,0.1,calibrated,9.338461538461539,45,20,0.009019798653410627,0.5748155151802367,0.08634544782192231,1e-06,0.00020825051256157285,0.0002676635044711645,0.0007739663020037395,0.009458144052813915
350,0.1,calibrated,9.338461538461539,46,22,0.008965482782654632,0.5568300737206404,0.08634544782192231,1e-06,0.00020376531924769375,0.00026577892835723764,0.0007956743198930253,0.009612834924028806
350,0.1,calibrated,9.338461538461539,47,20,0.00865284741520489,0.5744485608305387,0.08634544782192231,1e-06,0.00019972497446472387,0.0002567778167926877,0.0007429659327871413,0.009077507531593833
350,0.1,calibrated,9.338461538461539,48,22,0.008594869905607094,0.5572006900565826,0.08634544782192231,1e-06,0.00019541594779317418,0.0002548065881270563,0.0007622289519836136,0.00921126330626895
350,0.1,calibrated,9.338461538461539,49,20,0.008299589058455292,0.5740952994733625,0.08634544782192231,1e-06,0.00019152145425506016,0.00024629771442358895,0.0007130845475879624,0.008710743150500756
350,0.1,calibrated,9.338461538461539,50,22,0.008238589909284388,0.5575569733717535,0.08634544782192231,1e-06,0.00018738312328409344,0.0002442570969365551,0.0007301233509372571,0.008825563949683089
350,0.1,calibrated,9.338461538461539,51,20,0.00795965391345621,0.5737553614363827,0.08634544782192231,1e-06,0.00018363097618564095,0.00023621233844293223,0.0006842949912569783,0.00835750429826862
350,0.1,calibrated,9.338461538461539,52,20,0.007894518151895236,0.5579010483708108,0.08634544782192231,1e-06,0.00017964249997681512,0.00023409386625040078,0.0006991729909729651,0.0084536537569855
350,0.1,calibrated,9.338461538461539,53,20,0.007629489056061534,0.5734251945230653,0.08634544782192231,1e-06,0.0001759988761480406,0.00022644617053767382,0.0006563005387209343,0.008014382409222854
350,0.1,calibrated,9.338461538461539,54,20,0.007562440041437801,0.5582331295600698,0.08634544782192231,1e-06,0.00017214931837969668,0.00022426186421023377,0.0006693168170046559,0.00809476026590479
350,0.1,calibrated,9.338461538461539,55,20,0.007312113184361424,0.5731078159002008,0.08634544782192231,1e-06,0.00016863795743412687,0.00021702795839779535,0.0006293582310444748,0.007684026814145418
350,0.1,calibrated,9.338461538461539,56,20,0.007243686265269833,0.5585518862878084,0.08634544782192231,1e-06,0.00016494543681083536,0.00021481833431902215,0.000640707683488763,0.007750524157967611
350,0.1,calibrated,9.338461538461539,57,20,0.00700720573745528,0.5728029058073922,0.08634544782192231,1e-06,0.00016156835988110997,0.0002079790541143467,0.0006034463017375098,0.007366402039561504
350,0.1,calibrated,9.338461538461539,58,20,0.006937816388568052,0.5588577589922903,0.08634544782192231,1e-06,0.0001580281384816879,0.00020575556981529834,0.0006132885828211323,0.007420454484230362
350,0.1,calibrated,9.338461538461539,59,18,0.0067126702102388025,0.5725083676757764,0.08634544782192231,1e-06,0.00015476679997943204,0.00019926558570482563,0.0005784029748264009,0.00705961470764309
350,0.1,calibrated,9.338461538461539,60,20,0.006640757722554791,0.5591548195409407,0.08634544782192231,1e-06,0.00015133736976673134,0.00019698692841356807,0.0005866914614445235,0.007100428323667678
350,0.1,calibrated,9.615384615384615,1,30,0.0282768768492756,0.5470329994433425,0.0,1e-06,0.08591358737526944,0.0015876539101239665,0.005190294248730179,0.024107460114385106
350,0.1,calibrated,9.615384615384615,2,300,0.030253937236154604,0.4885169481998046,0.08591358737526944,1e-06,0.0008012696032482111,0.001194488342778936,0.0039026394722169646,0.03817346083037769
350,0.1,calibrated,9.615384615384615,3,29,0.024511772265136234,0.5432882237864778,0.08633973696350508,1e-06,0.0008570319793329851,0.0010972028544164079,0.00279508395147855,0.02963725035268827
350,0.1,calibrated,9.615384615384615,4,300,0.07709645003743504,0.4416723727297486,0.08634395406513795,1e-06,0.0013596221930749094,0.002320695567762397,0.008815903947012128,0.08891315278915157
350,0.1,calibrated,9.615384615384615,5,20,0.10130433646644554,0.6200753978289755,0.08634399589957345,1e-06,0.001994911992735677,0.0026005127476670326,0.008355454644297024,0.09508856708771284
350,0.1,calibrated,9.615384615384615,6,300,0.036788405098654664,0.5093639787751771,0.08634399631458432,1e-06,0.0026085379137998663,0.005207810011190038,0.028811854861764935,0.03728047729670993
350,0.1,calibrated,9.615384615384615,7,300,0.03790137527373899,0.48087507624760256,0.0863439963187027,1e-06,0.0009254987832874852,0.0012984518419954909,0.018146242056543596,0.01682440762388318
350,0.1,calibrated,9.615384615384615,8,82,0.04757635951966904,0.4712000920016725,0.08634399631874078,1e-06,0.0006621122428124313,0.0008274391722093486,0.019611719524773103,0.025446130101939347
350,0.1,calibrated,9.615384615384615,9,22,0.07392731331215951,0.5926975363470954,0.08634399631874078,1e-06,0.0009524777578001429,0.0017029079598430113,0.007763931346725468,0.0695190229073607
350,0.1,calibrated,9.615384615384615,10,300,0.05233406023293807,0.4694030612856495,0.08634399631874078,1e-06,0.0020315835703255,0.0037721466514930107,0.014114410484984005,0.08203629301572925
350,0.1,calibrated,9.615384615384615,11,41,0.017447945432140788,0.5211459389450239,0.08634399631874078,1e-06,0.001692351902073259,0.002330821564131801,0.013998125926053866,0.015190607537934947
350,0.1,calibrated,9.615384615384615,12,25,0.0077103883785842875,0.5264801549637814,0.08634399631874078,1e-06,0.00037558878955774053,0.00027469694962889413,0.0021836595144184667,0.005970686977848003
350,0.1,calibrated,9.615384615384615,13,38,0.018277472503047454,0.5004921945757149,0.08634399631874078,1e-06,0.0002589173159400864,0.0005047558065909793,0.0019738443223720078,0.019614578115749275
350,0.1,calibrated,9.615384615384615,14,26,0.029811013576471312,0.5485811809584429,0.08634399631874078,1e-06,0.0005537036019524137,0.0008004900285503997,0.0027450395056588515,0.030442999959933572
350,0.1,calibrated,9.615384615384615,15,300,0.08518697648389217,0.4335823103812536,0.08634399631874078,1e-06,0.0014746845477427526,0.0026251091901238095,0.010610571048813373,0.1009678841769177
350,0.1,calibrated,9.615384615384615,16,20,0.1053206533233646,0.6240966280897396,0.08634399631874078,1e-06,0.0021725741985699027,0.0027644625398166173,0.008763275825681234,0.09953101369416432
350,0.1,calibrated,9.615384615384615,17,300,0.05880144439571944,0.47080131647073814,0.08634399631874078,1e-06,0.002837121498604809,0.005225943024717626,0.02457136633992197,0.09888582422961421
350,0.1,calibrated,9.615384615384615,18,300,0.06793855757245115,0.4508378939488904,0.08634399631874078,1e-06,0.0011223757686722412,0.0013628648594322186,0.02819134309486908,0.03911206816406188
350,0.1,calibrated,9.615384615384615,19,21,0.09689139463291696,0.6156678461542585,0.08634399631874078,1e-06,0.0016494121073343934,0.002358656687142558,0.010500303733768736,0.09384156034474572
350,0.1,calibrated,9.615384615384615,20,300,0.06446750263764056,0.462356794370231,0.08634399631874078,1e-06,0.0028127705760847034,0.005303479750075039,0.0235987457730528,0.10777357644042874
350,0.1,calibrated,9.615384615384615,21,56,0.023917693373617988,0.49485875814772357,0.08634399631874078,1e-06,0.002111263355053426,0.0028481938575154724,0.0251761852200163,0.015485734155608815
350,0.1,calibrated,9.615384615384615,22,22,0.05356911091098393,0.5723391178977622,0.08634399631874078,1e-06,0.000588508573770414,0.0009424607960242432,0.006969580700256648,0.050019829005497785
350,0.1,calibrated,9.615384615384615,23,300,0.10129080620807662,0.41748362720084,0.08634399631874078,1e-06,0.002363649289317557,0.0052579999461777,0.017123854216862654,0.14521586832926975
350,0.1,calibrated,9.615384615384615,24,21,0.10178002439156719,0.6205564759129087,0.08634399631874078,1e-06,0.003010758539111377,0.003757839753651382,0.010241690594116153,0.10653493563596304
350,0.1,calibrated,9.615384615384615,25,300,0.05484409378483579,0.47328377896906615,0.08634399631874078,1e-06,0.0028056290577571368,0.0052084354770391035,0.022106273230699327,0.09157304527678937
350,0.1,calibrated,9.615384615384615,26,300,0.09526291063931897,0.4235135408820226,0.08634399631874078,1e-06,0.0009984424351635222,0.002163693293892555,0.03376704289183208,0.06719853629748146
350,0.1,calibrated,9.615384615384615,27,19,0.12710858111695011,0.6458850326382917,0.08634399631874078,1e-06,0.0018732206636897421,0.0032259814369800448,0.012328197468968018,0.1148110127237719
350,0.1,calibrated,9.615384615384615,28,300,0.04633110620523284,0.5036231885348955,0.08634399631874078,1e-06,0.0030734223474107782,0.0063982032583723885,0.03478800883038479,0.05026093937021886
350,0.1,calibrated,9.615384615384615,29,300,0.03600102954030421,0.48277542198103734,0.08634399631874078,1e-06,0.0012939415992021662,0.0020067238340991,0.022420530593566294,0.008488932519198286
350,0.1,calibrated,9.615384615384615,30,300,0.0705802658166153,0.44819618570472625,0.08634399631874078,1e-06,0.0006758172123234862,0.0009142773100928732,0.021979275700722348,0.050928549985992555
350,0.1,calibrated,9.615384615384615,31,22,0.09283969169847806,0.6116161432198196,0.08634399631874078,1e-06,0.0014646652320240614,0.0025079572254124924,0.009222602738390177,0.08766519634162642
350,0.1,calibrated,9.615384615384615,32,300,0.03314606631652117,0.5108901527546198,0.08634399631874078,1e-06,0.002360482085589424,0.004718562815205684,0.02625503510659306,0.03354543329817308
350,0.1,calibrated,9.615384615384615,33,300,0.039400407077072985,0.47937604444426857,0.08634399631874078,1e-06,0.0007479883601081198,0.0009516445632406904,0.016121246903151417,0.021538879753738333
350,0.1,calibrated,9.615384615384615,34,56,0.02853155950854791,0.49024489201279364,0.08634399631874078,1e-06,0.0007000389381653752,0.0014475434205647798,0.016744603686161177,0.006824281999662474
350,0.1,calibrated,9.615384615384615,35,24,0.05021476532590685,0.5689848501624173,0.08634399631874078,1e-06,0.0005879525942934509,0.0010280293549081432,0.005847882519147827,0.04796481041761634
350,0.1,calibrated,9.615384615384615,36,300,0.10983000847667457,0.4089449111747129,0.08634399631874078,1e-06,0.0025538143660640443,0.005788998047311584,0.019196352583032296,0.15926537066017013
350,0.1,calibrated,9.615384615384615,37,21,0.11295316607768302,0.6317296175990246,0.08634399631874078,1e-06,0.0032552320767941637,0.004049671379821592,0.011130855485105366,0.11581710394416782
350,0.1,calibrated,9.615384615384615,38,300,0.0639071977625858,0.47122820223334194,0.08634399631874078,1e-06,0.003339947082553211,0.006927581243042042,0.031252118912888836,0.10643432708344375
350,0.1,calibrated,9.615384615384615,39,300,0.029471946441761432,0.4893045050795801,0.08634399631874078,1e-06,0.002049437361485202,0.0028722887443753398,0.0287490854073166,0.015400615931323688
350,0.1,calibrated,9.615384615384615,40,25,0.03942804384707077,0.5582044953684123,0.08634399631874078,1e-06,0.0005929234799317597,0.0013527753289518626,0.0062390238496026415,0.04195813372622153
350,0.1,calibrated,9.615384615384615,41,300,0.10467472494623725,0.4140960107277552,0.08634399631874078,1e-06,0.002008488016451556,0.004015110913247397,0.01459775018713743,0.13429938940324965
350,0.1,calibrated,9.615384615384615,42,20,0.1171811956449823,0.6359576471663239,0.08634399631874078,1e-06,0.0027231964599726964,0.002949535169446626,0.009966800653355786,0.11210045917744053
350,0.1,calibrated,9.615384615384615,43,300,0.062298405074440066,0.47346314669875916,0.08634399631874078,1e-06,0.0032431506910268197,0.006747677971672949,0.03110515131831357,0.10075192055149909
350,0.1,calibrated,9.615384615384615,44,300,0.06820805762667242,0.45056839389466913,0.08634399631874078,1e-06,0.0014834227288189309,0.002072016008863871,0.034061148515569066,0.031452838677930514
350,0.1,calibrated,9.615384615384615,45,21,0.08774785921186745,0.606524310733209,0.08634399631874078,1e-06,0.0015196001933284852,0.0028967797845725024,0.010405592677793974,0.0871088708607821
350,0.1,calibrated,9.615384615384615,46,300,0.043373465978970405,0.48563760052788796,0.08634399631874078,1e-06,0.002283306703227777,0.004500154228708687,0.01948760350456198,0.07056601965071538
350,0.1,calibrated,9.615384615384615,47,300,0.050594868440147045,0.4681815830811945,0.08634399631874078,1e-06,0.0009832428181578488,0.001181784680768877,0.02079581915247993,0.02772725069732966
350,0.1,calibrated,9.615384615384615,48,23,0.06517913343866544,0.583955584960007,0.08634399631874078,1e-06,0.0010922661962293968,0.0020654205796987023,0.007746801242237127,0.06667889334870197
350,0.1,calibrated,9.615384615384615,49,300,0.09009325830710846,0.4287769894026801,0.08634399631874078,1e-06,0.002632663431779435,0.005452963157882373,0.01574764655065949,0.1375350826561646
350,0.1,calibrated,9.615384615384615,50,21,0.08054226587652313,0.5989985923495458,0.08634399631874078,1e-06,0.002949218964569511,0.003702921475418519,0.009540506865984004,0.09255732244045713
350,0.1,calibrated,9.615384615384615,51,300,0.04053971177246474,0.5053589226169464,0.08634399631874078,1e-06,0.0028542418379131256,0.005655985563014527,0.030033284751148276,0.04335489766226039
350,0.1,calibrated,9.615384615384615,52,300,0.0391015753648864,0.47967487615645515,0.08634399631874078,1e-06,0.001412972987756946,0.0020871996781532238,0.025887185482371355,0.007283950382491466
350,0.1,calibrated,9.615384615384615,53,33,0.023860754380587768,0.5398450762004959,0.08634399631874078,1e-06,0.0007809919955396665,0.0015421766341896558,0.00662921802326238,0.03197482693192302
350,0.1,calibrated,9.615384615384615,54,78,0.05075420440850248,0.4680149018983848,0.08634399631874078,1e-06,0.0010488590005459878,0.0014628419474515912,0.004832739379908606,0.0579830945017777
350,0.1,calibrated,9.615384615384615,55,22,0.07136286531079272,0.5901333447904334,0.08634399631874078,1e-06,0.0014365822193777847,0.0018706073891594174,0.0060735272224926055,0.06941710743770507
350,0.1,calibrated,9.615384615384615,56,300,0.08355978290951172,0.4376841767017676,0.08634399631874078,1e-06,0.0028078384643212685,0.00575771965442076,0.02079506430065121,0.13506399130075683
350,0.1,calibrated,9.615384615384615,57,25,0.06572050434046994,0.5802309661076442,0.08634399631874078,1e-06,0.0030027695906786546,0.004169262526456451,0.013157020871918987,0.0822283223877991
350,0.1,calibrated,9.615384615384615,58,300,0.0798230474226106,0.4389486463437866,0.08634399631874078,1e-06,0.002394171315727177,0.0033841662370974203,0.009773476436498283,0.10931658050622915
350,0.1,calibrated,9.615384615384615,59,23,0.08042963253971502,0.5992060840610566,0.08634399631874078,1e-06,0.00238788056138467,0.002452617148463574,0.007562501953364269,0.08457064382293493
350,0.1,calibrated,9.615384615384615,60,300,0.07762432714673906,0.44680060661518345,0.08634399631874078,1e-06,0.003069156619777435,0.0060122789888274,0.024559826893267942,0.12984138569325773
350,0.1,fixed,0.2,1,3,0.0009055019386470242,1.0000025270815385,0.0,1e-06,4.3338941951103527e-05,2.295252161700004e-05,0.00025339689184187577,0.000624069435900208
350,0.1,fixed,0.2,2,3,2.139323550531813e-06,0.9999874220776761,4.3338941951103527e-05,1e-06,1.0845356507956466e-07,6.168841830519413e-08,1.5308981656664508e-07,1.9305742892120877e-06
350,0.1,fixed,0.2,3,2,5.034211714161074e-09,0.9999895625525966,4.3338832426860993e-05,1e-06,0.0,,,
350,0.1,fixed,0.47692307692307695,1,3,0.007010376502640248,0.992983885120095,0.0,1e-06,0.000135191271446125,0.0001706117819618218,0.0009591081900746219,0.005097821935141064
350,0.1,fixed,0.47692307692307695,2,3,3.4872903785787557e-06,0.9999716113917954,0.000135191271446125,1e-06,2.0123438996558222e-07,9.044143956857183e-08,2.9010955760513503e-07,3.2318283800832203e-06
350,0.1,fixed,0.47692307692307695,3,2,1.6119890200450016e-08,0.9999750793799594,0.00013520675736585473,1e-06,0.0,,,
350,0.1,fixed,0.7538461538461538,1,4,0.015045694546112154,0.9849483534459067,0.0,1e-06,0.00024077926113611687,0.00037020961090596967,0.0017355842736852009,0.011005066771080744
350,0.1,fixed,0.7538461538461538,2,4,4.857059127283403e-05,0.9999120845288292,0.00024077926113611687,1e-06,2.731733275547028e-06,1.3004154478962505e-06,3.8118732361814927e-06,4.4716028989817e-05
350,0.1,fixed,0.7538461538461538,3,2,5.187982787813183e-07,0.9999600880210057,0.00024091756010303396,1e-06,0.0,,,
350,0.1,fixed,1.0307692307692309,1,4,0.023205843644727553,0.9767879864159709,0.0,1e-06,0.00034649689763448113,0.0005831782686256892,0.002538618641347625,0.017108417258336187
350,0.1,fixed,1.0307692307692309,2,4,0.00013617772876928225,0.9998100487189288,0.00034649689763448113,1e-06,7.738226701034084e-06,3.672577674348045e-06,1.0655778858077063e-05,0.00012536977773769452
350,0.1,fixed,1.0307692307692309,3,3,2.242331488488958e-06,0.9999438480290745,0.00034686378458539566,1e-06,2.9803472351729394e-07,4.3171730460095225e-08,2.1648428069162967e-07,2.1991207311417838e-06
350,0.1,fixed,1.0307692307692309,4,2,3.412518678747034e-08,0.9999460562335146,0.0003468638520722091,1e-06,0.0,,,
350,0.1,fixed,1.3076923076923077,1,4,0.031496635060967115,0.9684969725365659,0.0,1e-06,0.00045235073835921526,0.0008106975380723388,0.003369902721976086,0.023419565650773647
350,0.1,fixed,1.3076923076923077,2,5,0.0002650012635655452,0.999666805859134,0.00045235073835921526,1e-06,1.5261949804891023e-05,7.172292798224534e-06,2.0757166558406933e-05,0.0002441187794861504
350,0.1,fixed,1.3076923076923077,3,3,5.970355900442037e-06,0.9999255762873016,0.0004530453871150534,1e-06,8.053752155151036e-07,1.126752594495583e-07,5.753191842478048e-07,5.855493111865731e-06
350,0.1,fixed,1.3076923076923077,4,2,1.3022731304435098e-07,0.9999314175191784,0.00045304581292182313,1e-06,0.0,,,
350,0.1,fixed,1.5846153846153845,1,5,0.03992440513436979,0.9600689752051531,0.0,1e-06,0.0005583488398559028,0.0010470615108366464,0.004231297233791639,0.029951299470545582
350,0.1,fixed,1.5846153846153845,2,5,0.00043366170381298197,0.9994837300379508,0.0005583488398559028,1e-06,2.5347194717955454e-05,1.1767781225226793e-05,3.40491165035415e-05,0.0003998396575637593
350,0.1,fixed,1.5846153846153845,3,4,1.2341588743081111e-05,0.999904634048481,0.000559463588513455,1e-06,1.693448971238862e-06,2.270162407447555e-07,1.1884081545468018e-06,1.2108468866668084e-05
350,0.1,fixed,1.5846153846153845,4,2,3.053227817240156e-07,0.9999166721570041,0.0005594646441000259,1e-06,0.0,,,
350,0.1,fixed,1.8615384615384616,1,5,0.048495904835572756,0.9514972431912112,0.0,1e-06,0.0006644980966187274,0.00129286474257714,0.005124831646419479,0.036717513209300834
350,0.1,fixed,1.8615384615384616,2,5,0.0006407362147675677,0.9992622403303573,0.0006644980966187274,1e-06,3.804158048628243e-05,1.742587157411772e-05,5.0462067087670955e-05,0.0005913746743525699
350,0.1,fixed,1.8615384615384616,3,4,2.191170523901942e-05,0.9998804654813761,0.0006661187939611864,1e-06,3.0673086532812003e-06,3.9216515289007e-07,2.112324776915776e-06,2.151968114433782e-05
350,0.1,fixed,1.8615384615384616,4,3,5.783416766602656e-07,0.999901806113581,0.0006661200903941813,1e-06,0.0,,,
350,0.1,fixed,2.138461538461539,1,5,0.057218546036870044,0.9427743643180938,0.0,1e-06,0.0007708073857167414,0.0015487632311003295,0.006052752927365418,0.0437334916711561
350,0.1,fixed,2.138461538461539,2,6,0.0008847003318834812,0.9990038578661838,0.0007708073857167414,1e-06,5.3396024126672565e-05,2.411110924668422e-05,6.99220649243899e-05,0.0008174871430059355
350,0.1,fixed,2.138461538461539,3,4,3.5137934758511236e-05,0.9998526134969655,0.0007730130503426177,1e-06,5.031234866670853e-06,6.160077182407779e-07,3.3966095379642123e-06,3.456502037786808e-05
350,0.1,fixed,2.138461538461539,4,3,1.0646044094064777e-06,0.9998867056575572,0.0007730129878567669,1e-06,2.893886330901908e-07,6.364461639728854e-09,1.3427375622177034e-07,1.04910399461601e-06
350,0.1,fixed,2.138461538461539,5,2,4.0408145940418194e-08,0.9998877140901133,0.000773012072514528,1e-06,0.0,,,
350,0.1,fixed,2.4153846153846157,1,5,0.06610037383581824,0.9338922931606071,0.0,1e-06,0.0008772859792170864,0.0018154801229822357,0.007017541141696703,0.051016014234876055
350,0.1,fixed,2.4153846153846157,2,6,0.0011637718705501676,0.9987103568860964,0.0008772859792170864,1e-06,7.14652801375389e-05,3.180532035808263e-05,9.234760713749128e-05,0.0010767518319634568
350,0.1,fixed,2.4153846153846157,3,4,5.251988547505526e-05,0.9998205800600195,0.0008801459870734388,1e-06,7.687949822075039e-06,9.003951021618285e-07,5.084878923263354e-06,5.1727652081877726e-05
350,0.1,fixed,2.4153846153846157,4,3,1.785260572151337e-06,0.9998713575687854,0.000880143942482528,1e-06,5.057408444823011e-07,1.3739391013374725e-08,2.337086456380586e-07,1.746038453754796e-06
350,0.1,fixed,2.4153846153846157,5,2,8.030457354646359e-08,0.9998730226811036,0.0008801419563994777,1e-06,0.0,,,
350,0.1,fixed,2.6923076923076925,1,6,0.07515031732110544,0.9248421002511346,0.0,1e-06,0.0009839461655060157,0.0020938197270509553,0.008021966273575019,0.05858369068152476
350,0.1,fixed,2.6923076923076925,2,6,0.0014759940798219073,0.9983836856903783,0.0009839461655060157,1e-06,9.230789216370229e-05,4.0613639269784134e-05,0.00011764976478038867,0.0013676030599936739
350,0.1,fixed,2.6923076923076925,3,5,7.427319343011884e-05,0.9997841580358962,0.0009875193566434251,1e-06,1.1139010548641026e-05,1.2420880547811696e-06,7.209564571831157e-06,7.326849610862048e-05
350,0.1,fixed,2.6923076923076925,4,3,2.836521703630801e-06,0.9998556372576575,0.0009875118726709012,1e-06,8.228247617279599e-07,1.9567447699334442e-08,3.786153196916358e-07,2.7862230457472048e-06
350,0.1,fixed,2.6923076923076925,5,2,1.5295765998235566e-07,0.9998582718086327,0.0009875097160185057,1e-06,0.0,,,
350,0.1,fixed,2.9692307692307693,1,6,0.08437784825444539,0.9156143134532984,0.0,1e-06,0.0010907967193691495,0.0023846669561415935,0.0090690681936722,0.06645686283315179
350,0.1,fixed,2.9692307692307693,2,6,0.001819450718679505,0.9980257602805934,0.0010907967193691495,1e-06,0.00011598654166166895,5.04285328091906e-05,0.00014573374469586852,0.00168847012334656
350,0.1,fixed,2.9692307692307693,3,5,0.00010076398181102508,0.9997429796110275,0.0010951345041018943,1e-06,1.5484421187957727e-05,1.6404335825445474e-06,9.799124713422919e-06,9.954013097574459e-05
350,0.1,fixed,2.9692307692307693,4,4,4.26258306063243e-06,0.9998395098769023,0.001103894299667003,1e-06,1.2669200587071647e-06,2.602819426144283e-08,5.804066799948506e-07,4.2049380890015295e-06
350,0.1,fixed,2.9692307692307693,5,2,1.5542747378027855e-07,0.9998435606361622,0.0011051612197257102,1e-06,0.0,,,
350,0.1,fixed,3.2461538461538466,1,6,0.09379363824652387,0.9061982607050321,0.0,1e-06,0.0011978512260231618,0.0026890152431738937,0.01016227873587438,0.07465831212348811
350,0.1,fixed,3.2461538461538466,2,7,0.002191625005055653,0.997639083509112,0.0011978512260231618,1e-06,0.00014256891861821818,6.0281821854698975e-05,0.00017648852167190262,0.002037340807983148
350,0.1,fixed,3.2461538461538466,3,5,0.00013221051525791339,0.9996968204107591,0.0012316319671818688,1e-06,2.0820640846400655e-05,2.1361881692990972e-06,1.2869876347212438e-05,0.00013076390843926584
350,0.1,fixed,3.2461538461538466,4,4,6.051144074148418e-06,0.9998230308556262,0.0012524526080282695,1e-06,1.8665187086222161e-06,4.1568148534989755e-08,8.512198748598773e-07,5.949135400010225e-06
350,0.1,fixed,3.2461538461538466,5,2,2.3510160895856558e-07,0.9998287471829549,0.0012543191267368916,1e-06,0.0,,,
350,0.1,fixed,3.5230769230769234,1,7,0.10340949139884947,0.8965821374036889,0.0,1e-06,0.0013051249737238246,0.0030079774843997206,0.011305452165737851,0.0832134523795223
350,0.1,fixed,3.5230769230769234,2,7,0.002590045461176693,0.9972261246893211,0.0013051249737238246,1e-06,0.0001721265818061646,7.102695764020797e-05,0.0002097934123556657,0.002412178325085773
350,0.1,fixed,3.5230769230769234,3,5,0.00016849454703371514,0.9996458262694922,0.0013822695285047658,1e-06,2.72431300941279e-05,2.702735389969519e-06,1.642540738177252e-05,0.00016688447343924208
350,0.1,fixed,3.5230769230769234,4,4,8.26040356838309e-06,0.9998061300343899,0.0014095126585988937,1e-06,2.650284167554164e-06,6.353353243600167e-08,1.2028606104392097e-06,8.087690861540152e-06
350,0.1,fixed,3.5230769230769234,5,3,2.649556267719788e-07,0.9998140353020442,0.0014121629427664478,1e-06,0.0,,,
350,0.1,fixed,3.8000000000000003,1,7,0.11323827019158594,0.8867530805327368,0.0,1e-06,0.0014126318781952116,0.003342798133144311,0.012502900661295084,0.09215054122173279
350,0.1,fixed,3.8000000000000003,2,7,0.0030117979819342944,0.9967897909147363,0.0014126318781952116,1e-06,0.0002047371973455768,8.186091445544822e-05,0.0002455096957800944,0.0028105859369814256
350,0.1,fixed,3.8000000000000003,3,6,0.00020973578536909177,0.9995898732785682,0.0015406279294347932,1e-06,3.484193022827126e-05,3.3360860985995417e-06,2.0461879423534933e-05,0.00020799681560176056
350,0.1,fixed,3.8000000000000003,4,4,1.0859610559799115e-05,0.9997889011790313,0.0015754698596630644,1e-06,3.649979755073681e-06,1.019723404841889e-07,1.6483126834645935e-06,1.0528636673998839e-05
350,0.1,fixed,3.8000000000000003,5,3,3.5329220671176387e-07,0.9997992244633218,0.001579119839418138,1e-06,0.0,,,
350,0.1,fixed,4.0769230769230775,1,7,0.1232944822995089,0.8766965817956383,0.0,1e-06,0.0015203901450520601,0.003694888233845135,0.013759534770512007,0.10150150299169869
350,0.1,fixed,4.0769230769230775,2,8,0.003453648292556677,0.9963333121312768,0.0015203901450520601,1e-06,0.0002404834053055652,9.29470612683703e-05,0.00028347877418791775,0.0032298687973889234
350,0.1,fixed,4.0769230769230775,3,6,0.0002554710712729946,0.9995294721492523,0.0017070419501065545,1e-06,4.370452560989353e-05,4.026525208838762e-06,2.4955206960327267e-05,0.000253724707151454
350,0.1,fixed,4.0769230769230775,4,4,1.393177930852918e-05,0.9997712159551979,0.001750746475716448,1e-06,4.894233152858642e-06,1.467784622261176e-07,2.1984691125944697e-06,1.3402744153804353e-05
350,0.1,fixed,4.0769230769230775,5,3,4.6090184857572325e-07,0.9997844036999157,0.0017556407088693067,1e-06,0.0,,,
350,0.1,fixed,4.353846153846154,1,7,0.133594302623938,0.8663964655959,0.0,1e-06,0.001628419451955316,0.004065847846369701,0.015080937275035521,0.11130235982943354
350,0.1,fixed,4.353846153846154,2,8,0.0039115989302783705,0.9958606701154615,0.001628419451955316,1e-06,0.0002794554766876234,0.0001041167359032898,0.000323513496013521,0.003666721521506658
350,0.1,fixed,4.353846153846154,3,6,0.0003055720118702032,0.9994647614666995,0.0018818813450075433,1e-06,5.3908537506031356e-05,4.765208585172633e-06,3.0005689844616267e-05,0.0003038956835903822
350,0.1,fixed,4.353846153846154,4,5,1.7337752539203777e-05,0.9997533632623938,0.0019357898825135746,1e-06,6.414987052075446e-06,1.604412069958682e-07,2.865425769802787e-06,1.643763781775363e-05
350,0.1,fixed,4.353846153846154,5,3,6.14335872728411e-07,0.9997694185227499,0.00194220486956565,1e-06,0.0,,,
350,0.1,fixed,4.630769230769231,1,8,0.14415611843953946,0.8558343438553653,0.0,1e-06,0.0017438051953833197,0.004457509874116555,0.01647353225585924,0.12159420915324749
350,0.1,fixed,4.630769230769231,2,8,0.004381199230051758,0.9953763039401246,0.0017438051953833197,1e-06,0.0003217499053106325,0.00011517886400276232,0.0003653974505898367,0.004117407733531297
350,0.1,fixed,4.630769230769231,3,6,0.00035941540549966344,0.9993963821604284,0.002065555100693952,1e-06,6.552514162521311e-05,5.536896310885462e-06,3.600295704020409e-05,0.0003579436107435844
350,0.1,fixed,4.630769230769231,4,5,2.118658934358031e-05,0.999735133942528,0.002131080242319165,1e-06,8.238239646717646e-06,2.5040412273800746e-07,3.657879502935965e-06,1.9838226616560046e-05
350,0.1,fixed,4.630769230769231,5,3,7.493740800113002e-07,0.999754553948304,0.002139318481965883,1e-06,0.0,,,
350,0.1,fixed,4.907692307692308,1,8,0.1550002732376472,0.8449898722029047,0.0,1e-06,0.0018910449947891035,0.00487196410719187,0.017944650495345733,0.1324235982649655
350,0.1,fixed,4.907692307692308,2,8,0.004857557101903054,0.9948851024540671,0.0018910449947891035,1e-06,0.00036747092798029846,0.00012591755835452862,0.00040888009728119956,0.004577740734873644
350,0.1,fixed,4.907692307692308,3,6,0.00041630855932017763,0.9993250847666956,0.0022585159227694017,1e-06,7.861600768146684e-05,6.197618614845487e-06,4.2602569650131526e-05,0.00041494697845028875
350,0.1,fixed,4.907692307692308,4,5,2.531487743895333e-05,0.9997167743503212,0.0023371319304508684,1e-06,1.0388970656965533e-05,2.9882069316529287e-07,4.5833676610093355e-06,2.33258157939716e-05
350,0.1,fixed,4.907692307692308,5,4,9.198636724550013e-07,0.9997395736852752,0.002347520901107834,1e-06,0.0,,,
350,0.1,fixed,5.184615384615385,1,8,0.16615032912846361,0.8338394874853435,0.0,1e-06,0.002044540162307556,0.00531163980516509,0.019502862553048464,0.14384442735262856
350,0.1,fixed,5.184615384615385,2,9,0.005334404405947568,0.9943933101884637,0.002044540162307556,1e-06,0.00041673349458886755,0.0001387613161056892,0.0004536581633491957,0.0050424222045056585
350,0.1,fixed,5.184615384615385,3,7,0.00047527431631966266,0.9992519564950069,0.0024612736568964235,1e-06,9.322618744471446e-05,6.487074091391977e-06,4.977251482619855e-05,0.0004731734398045911
350,0.1,fixed,5.184615384615385,4,5,2.9749932661027323e-05,0.9996982140217748,0.002554499844341138,1e-06,1.2883297012522231e-05,3.53426785814701e-07,5.644568013801598e-06,2.70384132747845e-05
350,0.1,fixed,5.184615384615385,5,4,1.073942913043524e-06,0.9997247079750489,0.00256738314135366,1e-06,1.1411811914458382e-06,3.424735043364202e-08,4.3216012149300466e-07,3.990450972497838e-07
350,0.1,fixed,5.184615384615385,6,2,1.324319340856306e-07,0.9997251944626685,0.002568524322545106,1e-06,0.0,,,
350,0.1,fixed,5.461538461538462,1,9,0.17763339163348424,0.8223560829689335,0.0,1e-06,0.002204740255121845,0.005779370268394134,0.021158207269405524,0.1559192408906506
350,0.1,fixed,5.461538461538462,2,9,0.0058049256160740415,0.9939077372095273,0.002204740255121845,1e-06,0.0004696593493453147,0.00015521505199428756,0.00049937623629245,0.0055055431350106475
350,0.1,fixed,5.461538461538462,3,7,0.0005350447700995797,0.9991782586360857,0.0026743996044671595,1e-06,0.00010938526919552741,6.5560000525423994e-06,5.746343961565499e-05,0.0005319464973637297
350,0.1,fixed,5.461538461538462,4,6,3.427627597052396e-05,0.9996798506333625,0.002783784873662687,1e-06,1.5732650110898713e-05,4.6702270425028217e-07,6.841173921529625e-06,3.0476982486310953e-05
350,0.1,fixed,5.461538461538462,5,4,1.1806776528677787e-06,0.9997100905461512,0.0027995175237735858,1e-06,1.436460989973387e-06,6.77229771628268e-08,5.348728190666091e-07,1.1403271213399867e-07
350,0.1,fixed,5.461538461538462,6,2,2.433372934262934e-07,0.9997103477469356,0.002800953984763559,1e-06,0.0,,,
350,0.1,fixed,5.7384615384615385,1,9,0.1894803266671662,0.8105087913607546,0.0,1e-06,0.0023721571876180866,0.0062784655527038154,0.02292244834912724,0.16872062949365915
350,0.1,fixed,5.7384615384615385,2,9,0.006260836068397113,0.9934366536919714,0.0023721571876180866,1e-06,0.0005263846215349068,0.0001725826929822002,0.0005456069146057889,0.005959922389222291
350,0.1,fixed,5.7384615384615385,3,7,0.0005942194711686666,0.9991057146778725,0.0028985418091529934,1e-06,0.00012709880746622092,6.220431571166078e-06,6.559912147450524e-05,0.0005895510287468454
350,0.1,fixed,5.7384615384615385,4,6,3.859088470903327e-05,0.9996620887907427,0.0030256406166192145,1e-06,1.8935815773472202e-05,5.868291201545665e-07,8.166000976691424e-06,3.347364107500147e-05
350,0.1,fixed,5.7384615384615385,5,4,1.264734477257612e-06,0.9996955039295893,0.0030445764323926866,1e-06,1.7682396981845563e-06,7.819499162976534e-08,6.454315932178082e-07,3.812230350227941e-07
350,0.1,fixed,5.7384615384615385,6,2,3.7377300166063776e-07,0.9996954922358893,0.003046344672090871,1e-06,0.0,,,
350,0.1,fixed,6.015384615384616,1,9,0.20172755486408744,0.7982611903705998,0.0,1e-06,0.0025473850025160044,0.006812865036315643,0.024809667505558214,0.18233456749213345
350,0.1,fixed,6.015384615384616,2,10,0.006692350169914318,0.9929898345848313,0.0025473850025160044,1e-06,0.0005870565506571813,0.0001908485893788545,0.0005918331820067642,0.006396997481260307
350,0.1,fixed,6.015384615384616,3,7,0.0006506165782047546,0.9990367167264912,0.0031344415531731856,1e-06,0.00014634410134692764,5.051369990595857e-06,7.407234487329196e-05,0.0006435680684816174
350,0.1,fixed,6.015384615384616,4,6,4.256982767980588e-05,0.9996452023015802,0.003280785654520113,1e-06,2.2471417823817922e-05,8.464232158095172e-07,9.601302727375989e-06,3.572127930954825e-05
350,0.1,fixed,6.015384615384616,5,4,1.2982807675587793e-06,0.9996811063441786,0.003303257072343931,1e-06,2.130441963334376e-06,9.125147378782305e-08,7.595926728747748e-07,9.610082758466817e-07
350,0.1,fixed,6.015384615384616,6,2,5.540765770639666e-07,0.9996806579052929,0.0033053875143072655,1e-06,0.0,,,
350,0.1,fixed,6.292307692307693,1,10,0.21441823046901232,0.7855701237711556,0.0,1e-06,0.0027311183429657247,0.0073872980619698,0.026836868703364183,0.1968637067404666
350,0.1,fixed,6.292307692307693,2,10,0.007086832309636137,0.992579873162303,0.0027311183429657247,1e-06,0.000651843284918297,0.00020485510810182574,0.0006374147422733854,0.006805831990015516
350,0.1,fixed,6.292307692307693,3,8,0.0007021796683515102,0.9989735057202437,0.0033829616278840216,1e-06,0.00016704500882330192,5.212002638388458e-06,8.272693498913557e-05,0.000691878739919492
350,0.1,fixed,6.292307692307693,4,6,4.582182102041976e-05,0.9996298169279155,0.0035500066367073237,1e-06,2.630202509524571e-05,1.1747162621168866e-06,1.1121247541995976e-05,3.626952127696349e-05
350,0.1,fixed,6.292307692307693,5,4,1.930908746672344e-06,0.9996669971897367,0.003576308661802569,1e-06,2.509334036952411e-06,1.6131812692611085e-07,8.69406957868253e-07,1.6571031861656787e-06
350,0.1,fixed,6.292307692307693,6,2,8.025671580647042e-07,0.9996658627581143,0.0035788179958395217,1e-06,0.0,,,
350,0.1,fixed,6.56923076923077,1,10,0.22760297965083054,0.7723849630562395,0.0,1e-06,0.0029241723716130897,0.008007464831786076,0.02902462949225903,0.21243086573273273
350,0.1,fixed,6.56923076923077,2,10,0.007430033291997429,0.9922210112370107,0.0029241723716130897,1e-06,0.0007209277880901895,0.00021669657676428187,0.0006815775775161211,0.007173816367153148
350,0.1,fixed,6.56923076923077,3,8,0.0007456993919187083,0.998920096542625,0.0036451001597032793,1e-06,0.00018908710867581629,7.3904750172622974e-06,9.13612625899095e-05,0.0007308974461524654
350,0.1,fixed,6.56923076923077,4,6,4.812907471340999e-05,0.9996161781314109,0.0038341872683790956,1e-06,3.034552272403557e-05,1.4087175567293334e-06,1.2677108267668747e-05,3.5698640908766484e-05
350,0.1,fixed,6.56923076923077,5,4,3.185277696715616e-06,0.9996531819366011,0.0038645327911031313,1e-06,2.8847264072130867e-06,1.6223009407556205e-07,9.645648007462956e-07,2.858428640168568e-06
350,0.1,fixed,6.56923076923077,6,2,1.1196036182603564e-06,0.9996511069523045,0.003867417517510344,1e-06,8.791361883525013e-08,2.106212810418785e-08,1.1491251231508161e-07,1.0148057709914192e-06
350,0.1,fixed,6.56923076923077,7,2,1.017541813030931e-07,0.9996500724004241,0.0038675054311291795,1e-06,0.0,,,
350,0.1,fixed,6.846153846153847,1,11,0.24134405443251128,0.7586434532795071,0.0,1e-06,0.003127529196497687,0.008680417812065251,0.031398606176767256,0.22918723608901972
350,0.1,fixed,6.846153846153847,2,11,0.007703133261414141,0.9919320175036821,0.003127529196497687,1e-06,0.0007945219740171025,0.00022552756314446357,0.0007233414977232138,0.007484508296379256
350,0.1,fixed,6.846153846153847,3,8,0.0007777081130330155,0.9988691241549899,0.003922051170514789,1e-06,0.00021226359263855157,9.13971527286748e-06,9.982011240156702e-05,0.0007553702519419752
350,0.1,fixed,6.846153846153847,4,6,4.883020337709265e-05,0.9996051205140352,0.004134314763153341,1e-06,3.448405318797283e-05,1.2565398972156202e-06,1.4202743956226953e-05,3.196477927997738e-05
350,0.1,fixed,6.846153846153847,5,4,4.862650726522588e-06,0.9996397610155962,0.004168798816341314,1e-06,3.2224550941403136e-06,2.4671199220799205e-07,1.028330726807118e-06,4.482321928255736e-06
350,0.1,fixed,6.846153846153847,6,3,1.1884589217192598e-06,0.999636085716287,0.004172021271435454,1e-06,9.520044297138429e-08,1.6876133011800265e-08,1.4178428596724087e-07,1.1541439964729047e-06
350,0.1,fixed,6.846153846153847,7,2,2.6965426602743037e-07,0.9996351645854824,0.004172082379642561,1e-06,0.0,,,
350,0.1,fixed,7.1230769230769235,1,11,0.25571690748789355,0.7442701382025477,0.0,1e-06,0.0033423745747983235,0.009414923396278042,0.03399087710549152,0.24731933866910197
350,0.1,fixed,7.1230769230769235,2,11,0.007883969898742849,0.9917350432006972,0.0033423745747983235,1e-06,0.000872861340377581,0.0002002667892592287,0.0007614891013549781,0.00771823792864894
350,0.1,fixed,7.1230769230769235,3,8,0.0007935093346365107,0.9988337211488252,0.004215235915175904,1e-06,0.00023628238462499067,8.811678277380389e-06,0.00011023699378338446,0.0007597839305124737
350,0.1,fixed,7.1230769230769235,4,7,4.7690819670154205e-05,0.9995932122937793,0.004451518299800895,1e-06,3.853543634250239e-05,1.4278895020450045e-06,1.5599745565506967e-05,2.450265467481151e-05
350,0.1,fixed,7.1230769230769235,5,4,6.777937753055241e-06,0.9996265519140514,0.004490053736143397,1e-06,3.4636727318668423e-06,2.9119609139924927e-07,1.2321154026567622e-06,6.454572764189104e-06
350,0.1,fixed,7.1230769230769235,6,3,1.3809466778980095e-06,0.9996211543291416,0.004493517408875264,1e-06,1.2999405381768482e-07,9.082173598045813e-09,1.6754823257324128e-07,1.375807577909689e-06
350,0.1,fixed,7.1230769230769235,7,2,3.3479250971524266e-07,0.9996201015433293,0.004493528701252817,1e-06,0.0,,,
350,0.1,fixed,7.4,1,12,0.2708171031445338,0.7291694489129337,0.0,1e-06,0.003570184799635055,0.01022219814949775,0.036842832209017094,0.2670644107908217
350,0.1,fixed,7.4,2,11,0.007942802987311648,0.991659763543294,0.003570184799635055,1e-06,0.0009562275253646427,0.0001750717689888298,0.0007944407624050306,0.007848922516531342
350,0.1,fixed,7.4,3,9,0.0007890316976657541,0.9988221860732952,0.004526412324999698,1e-06,0.00026069298783623,9.54857633970992e-06,0.00012050111584962331,0.0007380307841308644
350,0.1,fixed,7.4,4,7,4.4013312291424356e-05,0.9995851415597024,0.004787105312835928,1e-06,4.221157307693626e-05,2.061289009766525e-06,1.671895536000401e-05,1.3787351979815694e-05
350,0.1,fixed,7.4,5,4,9.428879828687897e-06,0.9996140488584981,0.004829316885912864,1e-06,3.5453837000551754e-06,3.1338617720051915e-07,1.5758380706248963e-06,9.10622524238725e-06
350,0.1,fixed,7.4,6,3,1.6292973259446342e-06,0.9996062008750745,0.004832862269612919,1e-06,1.8289200055005427e-07,1.7600037979776712e-08,2.2383565179451465e-07,1.581582598395326e-06
350,0.1,fixed,7.4,7,2,4.1289372121333656e-07,0.9996050220895083,0.004832784526825089,1e-06,0.0,,,
350,0.1,fixed,7.676923076923077,1,13,0.2867658610028505,0.7132201599281719,0.0,1e-06,0.0038128209634315947,0.011116803724765615,0.04000860624536454,0.28872802233876255
350,0.1,fixed,7.676923076923077,2,12,0.00784711045778863,0.9917435429257038,0.0038128209634315947,1e-06,0.0010449478113198993,0.00013771691180246778,0.000820151250795066,0.007843552159757279
350,0.1,fixed,7.676923076923077,3,9,0.0007572464599997497,0.9988436241403488,0.004857768774751494,1e-06,0.00028484245081065014,1.186826293501433e-05,0.00013020783723241328,0.0006809241597132206
350,0.1,fixed,7.676923076923077,4,7,3.732056119643001e-05,0.9995831314704898,0.0051426112255621445,1e-06,4.511671104152618e-05,2.203858002979361e-06,1.73592090767182e-05,9.084973685139933e-06
350,0.1,fixed,7.676923076923077,5,3,1.2561300670510533e-05,0.9996011099474816,0.005187727936603671,1e-06,3.350305912401869e-06,3.0054958778823114e-07,1.970427083134872e-06,1.2314245195310222e-05
350,0.1,fixed,7.676923076923077,6,4,2.2789697831093747e-06,0.9995917054753518,0.005191078242516073,1e-06,2.949609116152234e-07,2.5933677368023165e-08,2.927254336135479e-07,2.210466687837952e-06
350,0.1,fixed,7.676923076923077,7,2,2.9631895315240797e-07,0.9995897295662277,0.005190859066542763,1e-06,0.0,,,
350,0.1,fixed,7.953846153846155,1,13,0.3037228112716598,0.6962626331981309,0.0,1e-06,0.00407270194118863,0.012118248178895712,0.04356140962772587,0.312716534555936
350,0.1,fixed,7.953846153846155,2,12,0.007590092862473252,0.9920375349321139,0.00407270194118863,1e-06,0.001139435122186285,0.0001272147466424239,0.0008358767785038605,0.007616827053377671
350,0.1,fixed,7.953846153846155,3,9,0.0006954024037958417,0.9989106170021375,0.005212137063374915,1e-06,0.00030775426769950827,1.4575437372536844e-05,0.00013876548794259513,0.0005737995756921238
350,0.1,fixed,7.953846153846155,4,7,3.614651854189077e-05,0.9995891698575075,0.005519891331074423,1e-06,4.6645416626913556e-05,2.4056654252880157e-06,1.721993351678578e-05,2.941984114149487e-05
350,0.1,fixed,7.953846153846155,5,5,1.6729545829319292e-05,0.9995862090025266,0.005566536747701336,1e-06,2.7084663209684896e-06,3.2744963855380697e-07,2.4200199897658047e-06,1.6542847962571537e-05
350,0.1,fixed,7.953846153846155,6,4,2.384172309577437e-06,0.999572859929387,0.005569245214022305,1e-06,4.5577632784716073e-07,2.0336220000430923e-08,3.7059080705253076e-07,2.324842104349836e-06
350,0.1,fixed,7.953846153846155,7,2,2.0316105620032943e-07,0.999570661121365,0.005568805037672643,1e-06,0.0,,,
350,0.1,fixed,8.23076923076923,1,15,0.32190677790164846,0.6780780338615586,0.0,1e-06,0.004353095476051568,0.013165924633114763,0.04760418038872939,0.3395911384424177
350,0.1,fixed,8.23076923076923,2,13,0.007157705539248438,0.9924765567613835,0.004353095476051568,1e-06,0.0012402107600239145,0.00010038131406953054,0.0008378330995600661,0.007021775503208688
350,0.1,fixed,8.23076923076923,3,9,0.0005967677081807343,0.9990410799990882,0.005593306236075483,1e-06,0.0003279676085185527,2.336410078756818e-05,0.0001453040137777271,0.00041087625698548586
350,0.1,fixed,8.23076923076923,4,7,7.395641220830917e-05,0.9996062361918063,0.005921273844594036,1e-06,4.5885306845206584e-05,3.1910281898971855e-06,1.5855215186701018e-05,6.728034572181993e-05
350,0.1,fixed,8.23076923076923,5,5,2.1261092606472687e-05,0.9995715835872968,0.005967159151439242,1e-06,1.7721459993250926e-06,3.121001558137893e-07,2.8783280395507868e-06,2.1103968673350826e-05
350,0.1,fixed,8.23076923076923,6,4,2.6451303700714135e-06,0.9995535631043978,0.005968544611026278,1e-06,7.673014576373095e-07,2.7332450417526906e-08,4.5303154998006226e-07,2.518098882334861e-06
350,0.1,fixed,8.23076923076923,7,3,2.6833583910423897e-07,0.9995508644365888,0.005967777309568641,1e-06,0.0,,,
350,0.1,fixed,8.507692307692308,1,16,0.3416264918925903,0.6583576153138121,0.0,1e-06,0.004658571697928461,0.014324641467692854,0.052287277770862874,0.3701553336852619
350,0.1,fixed,8.507692307692308,2,13,0.006538721049005769,0.9929955649916576,0.004658571697928461,1e-06,0.001347958086568417,0.00016505244818602402,0.0008237110466556851,0.006051766473841047
350,0.1,fixed,8.507692307692308,3,10,0.000459241822611256,0.9992494199694475,0.006006529784496878,1e-06,0.0003432618830596718,2.1413987128998286e-05,0.00014851895559867857,0.00015421082314405016
350,0.1,fixed,8.507692307692308,4,6,0.000126372392648344,0.999638534321786,0.0063497916675565496,1e-06,4.14402886309546e-05,4.206288581144044e-06,2.0290457584509038e-05,0.0001204169833106868
350,0.1,fixed,8.507692307692308,5,6,2.7149824385785948e-05,0.9995579117064826,0.006391231956187504,1e-06,2.6603612617835855e-06,1.8896195387188194e-07,3.405943351673742e-06,2.6846222398206886e-05
350,0.1,fixed,8.507692307692308,6,5,2.6472725549453457e-06,0.9995333377637218,0.006390248664020951,1e-06,1.2682349493166978e-06,9.165171778737706e-08,6.302083543141116e-07,1.8997190378573645e-06
350,0.1,fixed,8.507692307692308,7,2,1.1343532313468074e-07,0.999531010198545,0.006388980429071635,1e-06,0.0,,,
350,0.1,fixed,8.784615384615384,1,17,0.3633502203370905,0.6366330864075461,0.0,1e-06,0.004995964203171288,0.015719904494002717,0.05784578573390864,0.4056383982536718
350,0.1,fixed,8.784615384615384,2,14,0.005728496199012834,0.9938918132703677,0.004995964203171288,1e-06,0.0014636603316317844,0.00020808008826361197,0.0008636454625353182,0.004653811009399666
350,0.1,fixed,8.784615384615384,3,10,0.0003233695332063302,0.9994524532407137,0.006459624534803072,1e-06,0.0003500495181093033,2.980943818293192e-05,0.00014632708891857134,0.00027826057620193155
350,0.1,fixed,8.784615384615384,4,7,0.0001999482140475628,0.9996701062471888,0.006809674052912376,1e-06,3.103802741361149e-05,4.66545692095889e-06,2.9092156057393308e-05,0.00019558825238823264
350,0.1,fixed,8.784615384615384,5,7,3.339924199119437e-05,0.9995441206150406,0.006840712080325988,1e-06,5.430879411990819e-06,4.812718093356226e-07,4.966631742626809e-06,3.169309948307353e-05
350,0.1,fixed,8.784615384615384,6,5,2.5866446167199797e-06,0.9995123431334026,0.0068356881220856345,1e-06,1.969317134660249e-06,9.90877113842958e-08,8.803085035759655e-07,1.070336089016569e-06
350,0.1,fixed,8.784615384615384,7,2,3.8811864544463504e-07,0.9995103829145809,0.006833718804950974,1e-06,0.0,,,
350,0.1,fixed,9.061538461538461,1,19,0.387848309185013,0.6121340609721269,0.0,1e-06,0.005376363600730902,0.017560501740345406,0.06468018355743776,0.448083781507106
350,0.1,fixed,9.061538461538461,2,14,0.004684803607399535,0.9950809797602171,0.005376363600730902,1e-06,0.001588872048342635,0.00028777859450895957,0.0008967879617573769,0.0028834456289407373
350,0.1,fixed,9.061538461538461,3,10,0.0009582233970575338,0.9995358185798631,0.006965235649073537,1e-06,0.00034208492353103776,3.754478576767294e-05,0.00016168767849374379,0.0008460013791273961
350,0.1,fixed,9.061538461538461,4,8,0.00030450355747069224,0.9996854990234242,0.007307320572604575,1e-06,2.0136702243508825e-05,4.719313184207071e-06,4.1124009287563016e-05,0.00030254239171106
350,0.1,fixed,9.061538461538461,5,7,4.1463941940156346e-05,0.9995305396627532,0.007318092962233456,1e-06,1.1734350947428522e-05,6.675025242454977e-07,7.122382267316957e-06,3.6350943948820045e-05
350,0.1,fixed,9.061538461538461,6,5,2.3369505139925195e-06,0.9994898067403247,0.007306358611286028,1e-06,2.998706958755363e-06,2.1791532097953852e-07,1.2125680626303717e-06,1.4077589130597832e-06
350,0.1,fixed,9.061538461538461,7,2,1.1369725855248092e-06,0.9994889877525209,0.0073033599043272725,1e-06,2.663212889516266e-07,2.5698368762401268e-08,1.8491780443484423e-07,1.1142164606997998e-06
350,0.1,fixed,9.061538461538461,8,2,3.197408775523769e-07,0.99948978269594,0.007303093583038321,1e-06,0.0,,,
350,0.1,fixed,9.338461538461539,1,23,0.4165659997967681,0.5834152207846537,0.0,1e-06,0.005820294981216843,0.019941656838881088,0.07357121374399403,0.50136575690094
350,0.1,fixed,9.338461538461539,2,15,0.003389423561778626,0.996282861773627,0.005820294981216843,1e-06,0.001726400395743372,0.0004119702241460393,0.0011164431492465146,0.0013967137042835568
350,0.1,fixed,9.338461538461539,3,8,0.0019424074980485262,0.9996901182188268,0.007546695376960216,1e-06,0.0003072171405841824,5.104323624208017e-05,0.00023649737315485704,0.0018021934338538403
350,0.1,fixed,9.338461538461539,4,9,0.000460394116868601,0.9997204360011315,0.007853912517544397,1e-06,3.768793845355344e-05,4.762626787287929e-06,5.815708056717331e-05,0.0004544042789440169
350,0.1,fixed,9.338461538461539,5,8,5.275975806129374e-05,0.9995169141548036,0.007826943639686472,1e-06,2.3034702861047416e-05,1.5650422799037596e-06,1.118482591876213e-05,4.053207797493354e-05
350,0.1,fixed,9.338461538461539,6,6,5.847581878049013e-06,0.9994649511902172,0.0078039089368254246,1e-06,4.548755394878255e-06,3.5132399243879046e-07,1.6582561139497463e-06,5.155766415798007e-06
350,0.1,fixed,9.338461538461539,7,3,2.206018084316419e-06,0.9994668220957927,0.007799360181430546,1e-06,2.3308688609103279e-07,3.067814027062272e-08,3.1566613467436303e-07,2.161909136960964e-06
350,0.1,fixed,9.338461538461539,8,2,7.888370224806707e-07,0.9994683949716276,0.007799127094544455,1e-06,0.0,,,
350,0.1,fixed,9.615384615384615,1,30,0.45294667162938285,0.5470329994433425,0.0,1e-06,0.006375940692968643,0.022964946828912168,0.08646186446720054,0.5748117153711216
350,0.1,fixed,9.615384615384615,2,15,0.0073570850709319124,0.998015242974862,0.006375940692968643,1e-06,0.0018827771952486464,0.0005499874031462036,0.001725854244500838,0.004572977733479449
350,0.1,fixed,9.615384615384615,3,11,0.003606902386792621,0.9997984519144328,0.008258717888217288,1e-06,0.0002157067477082397,6.284924651262587e-05,0.00040485766369502586,0.0034203210428374806
350,0.1,fixed,9.615384615384615,4,10,0.00071773438885403,0.9997712196725306,0.008474424635925529,1e-06,0.00010063645088364976,8.950347612623545e-06,8.680434176570985e-05,0.0006967128959581724
350,0.1,fixed,9.615384615384615,5,8,6.940535181798602e-05,0.9995009047724485,0.00837378818504188,1e-06,4.3582227753642454e-05,2.206222352267497e-06,1.947902494096424e-05,4.005713636895018e-05
350,0.1,fixed,9.615384615384615,6,6,1.536465580476154e-05,0.9994350511391723,0.008330205957288237,1e-06,7.026180465719755e-06,6.999223850615627e-07,2.6144296732784996e-06,1.430335871805729e-05
350,0.1,fixed,9.615384615384615,7,5,4.3998760727026465e-06,0.9994431380708696,0.008323179776822518,1e-06,4.1091643321171505e-07,3.435655312267532e-08,5.494427852954727e-07,4.3771750855303895e-06
350,0.1,fixed,9.615384615384615,8,3,5.024768980899097e-07,0.9994470243160164,0.008323128569581263,1e-06,0.0,,,
350,0.25,calibrated,0.2,1,3,0.004999940670427527,1.0000008963777058,0.0,1e-06,0.08596231614854748,4.2321890576690335e-06,0.005012435869498153,0.004742718333494055
350,0.25,calibrated,0.2,2,3,2.4880390375958683e-05,1.002493245176309,0.08596231614854748,1e-06,0.00042658272396494534,5.141363866102096e-09,2.462823600855709e-05,2.4707576041425334e-05
350,0.25,calibrated,0.2,3,2,2.487269208373277e-07,1.0025052813456725,0.08638889887251243,1e-06,0.0,,,
350,0.25,calibrated,0.47692307692307695,1,3,0.0049998585217361224,0.9935169819450839,0.0,1e-06,0.08596087884071156,1.0799651041356526e-05,0.005014056157756714,0.004393695271251508
350,0.25,calibrated,0.47692307692307695,2,3,2.748764869509035e-05,0.9976130886398668,0.08596087884071156,1e-06,0.0004265687416340042,3.3049066734718286e-08,2.4627444991866594e-05,2.717584020326227e-05
350,0.25,calibrated,0.47692307692307695,3,2,2.48714806083683e-07,0.9976403533905595,0.08638744758234557,1e-06,0.0,,,
350,0.25,calibrated,0.7538461538461538,1,4,0.004999776372983655,0.9857977304379967,0.0,1e-06,0.08595944153262433,1.7621685761337343e-05,0.005016069149360363,0.004034269001255334
350,0.25,calibrated,0.7538461538461538,2,3,3.247280112272932e-05,0.9893644887375561,0.08595944153262433,1e-06,0.0004265547594877518,8.378729074764271e-08,2.462665398480323e-05,3.186339779499871e-05
350,0.25,calibrated,0.7538461538461538,3,2,2.4870269266230594e-07,0.9893967821588469,0.08638599629211208,1e-06,0.0,,,
350,0.25,calibrated,1.0307692307692309,1,4,0.004999694224169682,0.9779597690208349,0.0,1e-06,0.08595800422428004,2.4720316879700865e-05,0.0050181084283370675,0.003663700332123404
350,0.25,calibrated,1.0307692307692309,2,3,4.018934167748789e-05,0.9809831106300285,0.08595800422428004,1e-06,0.00042654077755094024,1.5969105133189273e-07,2.462586298879613e-05,3.912140351820956e-05
350,0.25,calibrated,1.0307692307692309,3,2,2.4869057857479504e-07,0.981023211786626,0.08638454500183099,1e-06,0.0,,,
350,0.25,calibrated,1.3076923076923077,1,4,0.004999612075294424,0.9699985710905443,0.0,1e-06,0.08595656691568634,3.211453716679375e-05,0.00502017475193582,0.0032811708085130277
350,0.25,calibrated,1.3076923076923077,2,4,5.103884797941216e-05,0.9724627413433568,0.08595656691568634,1e-06,0.00042656923209499775,2.6444760878174346e-07,2.4627522137626033e-05,4.93529675636108e-05
350,0.25,calibrated,1.3076923076923077,3,2,2.4624100380954417e-07,0.9725138537468422,0.08638313614778134,1e-06,0.0,,,
350,0.25,calibrated,1.5846153846153845,1,5,0.00499952992635766,0.9619083431532246,0.0,1e-06,0.0859551296068337,3.9663419461774474e-05,0.00502226893106688,0.0028858076249103277
350,0.25,calibrated,1.5846153846153845,2,4,6.543195869768148e-05,0.9637962965291035,0.0859551296068337,1e-06,0.00042655524778579244,4.0198638480741994e-07,2.4626731004183605e-05,6.298623045582941e-05
350,0.25,calibrated,1.5846153846153845,3,3,4.3066438104588656e-07,0.9638621592276959,0.08638168485461949,1e-06,0.0,,,
350,0.25,calibrated,1.8615384615384616,1,5,0.004999447777360055,0.9536829225646051,0.0,1e-06,0.08595369229773829,4.748563808469795e-05,0.005024391791470705,0.0024765691716662564
350,0.25,calibrated,1.8615384615384616,2,4,8.394932139255129e-05,0.9549759546857036,0.08595369229773829,1e-06,0.00042654126367460397,5.78895377931946e-07,2.462593988113768e-05,8.059553400945319e-05
350,0.25,calibrated,1.8615384615384616,3,3,9.217258254423655e-07,0.9550608258316472,0.08638023356141289,1e-06,0.0,,,
350,0.25,calibrated,2.138461538461539,1,5,0.004999365628300834,0.9453155638992209,0.0,1e-06,0.08595225498838394,5.5602996067115305e-05,0.0050265442210778045,0.0020523412213163837
350,0.25,calibrated,2.138461538461539,2,4,0.00010718794159936262,0.9459932408504856,0.08595225498838394,1e-06,0.00042652727975952826,8.004129537945447e-07,2.4625148768378376e-05,0.00010279638228662686
350,0.25,calibrated,2.138461538461539,3,3,1.6576824544145552e-06,0.9461020866028413,0.08637878226814347,1e-06,4.222253904720865e-06,1.110475004298806e-08,2.43755946409956e-07,1.6342053939367858e-06
350,0.25,calibrated,2.138461538461539,4,2,2.3232359258607005e-08,0.946100410517744,0.08638300452204818,1e-06,0.0,,,
350,0.25,calibrated,2.4153846153846157,1,5,0.0049992834791802165,0.9367989642102346,0.0,1e-06,0.0859508176787754,6.4040183363022e-05,0.005028727147244044,0.0016118564246212267
350,0.25,calibrated,2.4153846153846157,2,4,0.00013586774836227278,0.9368388385546002,0.0859508176787754,1e-06,0.0004265132960367574,1.0733876453918876e-06,2.4624357665685856e-05,0.00013032701845200093
350,0.25,calibrated,2.4153846153846157,3,3,2.7237586637252065e-06,0.9369774302268616,0.08637733097481215,1e-06,4.222047839665204e-06,1.7800827972196203e-08,2.437442110943085e-07,2.7005506440512456e-06
350,0.25,calibrated,2.4153846153846157,4,2,3.9420458231020916e-08,0.9369746775942737,0.08638155302265181,1e-06,0.0,,,
350,0.25,calibrated,2.6923076923076925,1,6,0.004999201329998537,0.9281250442970501,0.0,1e-06,0.08594938036891837,7.282369113621522e-05,0.005030941584515406,0.0011537760852499655
350,0.25,calibrated,2.6923076923076925,2,3,0.0001705535616390863,0.9275027725110655,0.08594938036891837,1e-06,0.0004264568900255918,1.4031226355593202e-06,2.4621117227457095e-05,0.00016385658153772828
350,0.25,calibrated,2.6923076923076925,3,4,4.1078529788851625e-06,0.9276774341381652,0.08637583725894396,1e-06,4.264054822063467e-06,2.5496416949997907e-08,2.769336593242618e-07,4.126852483586563e-06
350,0.25,calibrated,2.6923076923076925,4,2,8.19409491370493e-08,0.9276732502821822,0.08638010131376603,1e-06,0.0,,,
350,0.25,calibrated,2.9692307692307693,1,6,0.004999119180755129,0.919285255118971,0.0,1e-06,0.08594794305880146,8.19864140445741e-05,0.005033188513804798,0.001176756922057692
350,0.25,calibrated,2.9692307692307693,2,4,0.00021281780387782945,0.9179731335175442,0.08594794305880146,1e-06,0.0004264853291928821,1.8232726489942336e-06,2.4622775491930318e-05,0.00020482859943013877
350,0.25,calibrated,2.9692307692307693,3,4,6.362811985849426e-06,0.9181923144063904,0.08637442838799435,1e-06,4.221847260056107e-06,4.2020311919921805e-08,4.0189907472751315e-07,6.36075730006588e-06
350,0.25,calibrated,2.9692307692307693,4,2,1.402476607070824e-07,0.9181858228131452,0.0863786502352544,1e-06,0.0,,,
350,0.25,calibrated,3.2461538461538466,1,6,0.004999037031450659,0.9102700008364545,0.0,1e-06,0.08594650574843514,9.15633233868871e-05,0.005035469032108545,0.0015757416625457226
350,0.25,calibrated,3.2461538461538466,2,4,0.00026330958059350706,0.9082378763879079,0.08594650574843514,1e-06,0.0004264713460584496,2.3281665918084633e-06,2.462198442009782e-05,0.00025408893465245035
350,0.25,calibrated,3.2461538461538466,3,4,9.227906505371308e-06,0.908510414221087,0.08637297709449358,1e-06,4.221641202616477e-06,6.152955460335042e-08,5.690465841267959e-07,9.27401557972071e-06
350,0.25,calibrated,3.2461538461538466,4,2,2.2184379377954144e-07,0.9085009867709887,0.0863771987356962,1e-06,0.0,,,
350,0.25,calibrated,3.5230769230769234,1,6,0.004998954882085127,0.9010687942129217,0.0,1e-06,0.08594506843782032,0.00010159509323701624,0.00503778426805142,0.0020973248947915423
350,0.25,calibrated,3.5230769230769234,2,5,0.0003237818263868153,0.8982826339561498,0.08594506843782032,1e-06,0.00042645715267014425,2.9432489728010986e-06,2.4621181207782954e-05,0.0003133553692151721
350,0.25,calibrated,3.5230769230769234,3,4,1.333230995526069e-05,0.8986197485273159,0.08637152559049047,1e-06,4.221643506465954e-06,9.12550264646777e-08,7.919737714186389e-07,1.3404860292695601e-05
350,0.25,calibrated,3.5230769230769234,4,2,3.5101830253569943e-07,0.898606105852378,0.08637574723399694,1e-06,0.0,,,
350,0.25,calibrated,3.8000000000000003,1,7,0.004998872732658088,0.8916698977258928,0.0,1e-06,0.08594363112695037,0.00011212672876286404,0.00504013546501892,0.0026051731021425853
350,0.25,calibrated,3.8000000000000003,2,5,0.00039546174109217347,0.8880921560023595,0.08594363112695037,1e-06,0.0004264431699469775,3.6636898126051738e-06,2.462039015761523e-05,0.0003840619309055485
350,0.25,calibrated,3.8000000000000003,3,4,1.8709833147778632e-05,0.8885063281248893,0.08637007429689735,1e-06,4.221437443314301e-06,1.2935901807915764e-07,1.0846084363880299e-06,1.888232914496144e-05
350,0.25,calibrated,3.8000000000000003,4,3,7.416868385012876e-07,0.888486876851774,0.08637429573434066,1e-06,0.0,,,
350,0.25,calibrated,4.0769230769230775,1,7,0.004998790583169654,0.8820606726770224,0.0,1e-06,0.0859421938158253,0.00012402749279855917,0.00504252377017122,0.003058519803266189
350,0.25,calibrated,4.0769230769230775,2,5,0.0004806832263491989,0.8776484457825924,0.0859421938158253,1e-06,0.0004264291874294435,4.485100949209807e-06,2.4619599118283924e-05,0.0004685741474024296
350,0.25,calibrated,4.0769230769230775,3,4,2.591738424928547e-05,0.8781550470785803,0.08636862300325474,1e-06,4.221231376354632e-06,1.8126921423652817e-07,1.4675654057818136e-06,2.625714494437563e-05
350,0.25,calibrated,4.0769230769230775,4,3,1.14066855383399e-06,0.8781279898118247,0.0863728442346311,1e-06,7.97214703800836e-08,6.64742186950757e-09,8.810538763409704e-08,1.2112632059036581e-06
350,0.25,calibrated,4.0769230769230775,5,2,1.832237039867124e-08,0.8781291234589452,0.08637288612042149,1e-06,0.0,,,
350,0.25,calibrated,4.353846153846154,1,7,0.004998708433619825,0.872226727563945,0.0,1e-06,0.08594075650444698,0.0001370253240506744,0.0050449504890478685,0.0032923843588320905
350,0.25,calibrated,4.353846153846154,2,6,0.0005819050373807588,0.8669314598364827,0.08594075650444698,1e-06,0.00042641520718719896,5.4559228640819696e-06,2.5560156530312552e-05,0.0005695051513203995
350,0.25,calibrated,4.353846153846154,3,4,3.563376340487423e-05,0.8675489994867129,0.08636717171163417,1e-06,4.22102325687452e-06,2.4508232487677856e-07,1.9672369250617826e-06,3.6220700424938476e-05
350,0.25,calibrated,4.353846153846154,4,3,1.7360629207541223e-06,0.8675116318408174,0.08637139273489106,1e-06,1.1892823633156361e-07,1.051506085455242e-08,1.3211614128782084e-07,1.8589640273126237e-06
350,0.25,calibrated,4.353846153846154,5,2,2.8709011612448876e-08,0.8675133487805753,0.0863714346179511,1e-06,0.0,,,
350,0.25,calibrated,4.630769230769231,1,7,0.005533199053253002,0.8621520550079351,0.0,1e-06,0.08593931919281925,0.00015104869186028318,0.0050474169235399345,0.0036401231484242623
350,0.25,calibrated,4.630769230769231,2,6,0.0007020113256722693,0.8559184596036103,0.08593931919281925,1e-06,0.0004264012250599866,6.60307378990417e-06,3.0965280082557535e-05,0.0006899710360207262
350,0.25,calibrated,4.630769230769231,3,5,4.8891343449986024e-05,0.8566693633341521,0.08636572041787924,1e-06,4.2208161560385985e-06,3.3415655937347295e-07,2.6167052962710387e-06,4.978140330828986e-05
350,0.25,calibrated,4.630769230769231,4,4,3.1197031638008355e-06,0.8566173522095851,0.08636994123403528,1e-06,1.7796359173303204e-07,1.8081174736143848e-08,1.9874876143892825e-07,3.2095146660786563e-06
350,0.25,calibrated,4.630769230769231,5,2,1.0348777079727256e-07,0.8566205490539486,0.0863699831175104,1e-06,0.0,,,
350,0.25,calibrated,4.907692307692308,1,8,0.006392191162560734,0.8518183488965252,0.0,1e-06,0.08593788188093827,0.00016624189657664764,0.005049924508709344,0.004187235978945205
350,0.25,calibrated,4.907692307692308,2,6,0.0008444745829264688,0.844583415327324,0.08593788188093827,1e-06,0.0004263872431212711,7.95952919783705e-06,3.7361352094818847e-05,0.0008337725888594855
350,0.25,calibrated,4.907692307692308,3,5,6.622773906694857e-05,0.8454941189766947,0.08636426912405955,1e-06,4.220610110023016e-06,4.570706952684878e-07,3.515141517589674e-06,6.767988690584685e-05
350,0.25,calibrated,4.907692307692308,4,4,4.736671338934073e-06,0.8454231544554379,0.08636848973416957,1e-06,2.6074169951256554e-07,2.8796009313684892e-08,2.9278522413930447e-07,4.893692256160466e-06
350,0.25,calibrated,4.907692307692308,5,2,1.6836271476972087e-07,0.8454280104451066,0.08636853161493338,1e-06,0.0,,,
350,0.25,calibrated,5.184615384615385,1,8,0.007297650052152549,0.84120561311537,0.0,1e-06,0.08593644456880216,0.00018279182553975937,0.005052474396859497,0.004506111330102951
350,0.25,calibrated,5.184615384615385,2,6,0.0010144061412481475,0.8328954097355555,0.08593644456880216,1e-06,0.00042637326138438036,9.569442509686259e-06,4.495496967907944e-05,0.0010062801550704986
350,0.25,calibrated,5.184615384615385,3,6,8.9471654836637e-05,0.8339992891832357,0.08636281783018654,1e-06,4.220404081143504e-06,6.264518486298149e-07,4.7111672575162175e-06,9.175653837110758e-05
350,0.25,calibrated,5.184615384615385,4,4,7.253820671904165e-06,0.8339025635537479,0.08636703823426768,1e-06,3.809567305773908e-07,4.766564029450534e-08,4.301778076711641e-07,7.5059862978787725e-06
350,0.25,calibrated,5.184615384615385,5,2,2.76768521434434e-07,0.8339100044094799,0.08636708011230496,1e-06,0.0,,,
350,0.25,calibrated,5.461538461538462,1,8,0.008255926935458069,0.830290447700532,0.0,1e-06,0.08593500725641377,0.00020091492778977687,0.005055067909009064,0.004988839409141419
350,0.25,calibrated,5.461538461538462,2,6,0.001217549890126679,0.8208189480497267,0.08593500725641377,1e-06,0.00042635927984931447,1.1492275686097167e-05,5.399595732401082e-05,0.0012137665177094224
350,0.25,calibrated,5.461538461538462,3,6,0.00012050255192075365,0.8221570025502509,0.08636136653626308,1e-06,5.256300036932723e-06,8.666631844199694e-07,6.298241517646661e-06,0.00012405442147542093
350,0.25,calibrated,5.461538461538462,4,4,1.0936201613187535e-05,0.8220255635774857,0.08636558673431725,1e-06,5.532713652142278e-07,7.361899105215237e-08,6.283744031941637e-07,1.1367124077793228e-05
350,0.25,calibrated,5.461538461538462,5,3,7.305279894342931e-07,0.8220372228940593,0.08636562860962989,1e-06,0.0,,,
350,0.25,calibrated,5.7384615384615385,1,9,0.0092746758456832,0.819045909429329,0.0,1e-06,0.08593356994377024,0.0002208757467310892,0.005057706331237981,0.005743976118987538
350,0.25,calibrated,5.7384615384615385,2,7,0.0014619337463792625,0.8083114054168283,0.08593356994377024,1e-06,0.0004263452984932253,1.3493118787250233e-05,6.480988173682512e-05,0.0014648065122036319
350,0.25,calibrated,5.7384615384615385,3,6,0.00016298624084787328,0.8099363279697888,0.08635991524226347,1e-06,6.849689635112649e-06,1.1998646640206624e-06,8.42491179696046e-06,0.00016825028284901095
350,0.25,calibrated,5.7384615384615385,4,4,1.655855581483845e-05,0.809756782885325,0.08636413523430589,1e-06,8.046969572144086e-07,1.1434141403401004e-07,9.193944484580533e-07,1.7289857225787062e-05
350,0.25,calibrated,5.7384615384615385,5,3,1.2059532465968914e-06,0.8097745318115915,0.08636417710690342,1e-06,8.088299918294662e-08,1.313970291112025e-08,9.24101411596894e-08,1.366080713006631e-06
350,0.25,calibrated,5.7384615384615385,6,2,6.932553053839996e-08,0.809773410790301,0.08636417752235792,1e-06,0.0,,,
350,0.25,calibrated,6.015384615384616,1,9,0.010364054117638077,0.8074415280252829,0.0,1e-06,0.08593213263088013,0.00024301809183569238,0.005060390397449566,0.006651779949608986
350,0.25,calibrated,6.015384615384616,2,8,0.0017571072325049952,0.7953226051005536,0.08593213263088013,1e-06,0.00042633131734276904,1.6250097125605957e-05,7.781613628510924e-05,0.0017699943379203462
350,0.25,calibrated,6.015384615384616,3,6,0.00022009698249247922,0.7972998125259569,0.0863584639482229,1e-06,8.925522551756979e-06,1.6572305226099065e-06,1.1274917276506825e-05,0.00022803562313886578
350,0.25,calibrated,6.015384615384616,4,5,2.561054433758425e-05,0.7970541045875292,0.08636268373424787,1e-06,1.1708808664859173e-06,1.8933641382430365e-07,1.346049604742875e-06,2.6705034406993933e-05
350,0.25,calibrated,6.015384615384616,5,4,2.7855998917525326e-06,0.7970825007914492,0.08636272560411695,1e-06,1.3661204249862537e-07,1.916932812094451e-08,1.570458361977413e-07,2.9396498645179804e-06
350,0.25,calibrated,6.015384615384616,6,2,1.2276734273619638e-07,0.7970796559491301,0.08636272601957146,1e-06,0.0,,,
350,0.25,calibrated,6.292307692307693,1,9,0.011536143701609602,0.7954411422946286,0.0,1e-06,0.08593069531773205,0.0002677645771428218,0.005063120737693257,0.007640852747904927
350,0.25,calibrated,6.292307692307693,2,8,0.002116457370472169,0.7817909173649366,0.08593069531773205,1e-06,0.00042631733638842553,1.9608954990439707e-05,9.356865665291266e-05,0.002143936820931839
350,0.25,calibrated,6.292307692307693,3,6,0.00029804777167696805,0.7842054265488997,0.08635701265412048,1e-06,1.164909309960948e-05,2.3072777381392038e-06,1.5128698524278182e-05,0.00030997921003221096
350,0.25,calibrated,6.292307692307693,4,6,3.9077026054212816e-05,0.7838683011638149,0.0863612322341318,1e-06,1.7070915490682284e-06,3.044895828787712e-07,1.9874132320401256e-06,4.090032046587415e-05
350,0.25,calibrated,6.292307692307693,5,4,4.874706323487743e-06,0.7839122529905734,0.08636127410128576,1e-06,2.252732592068868e-07,3.663270781772618e-08,2.6062720544917103e-07,5.148946782138463e-06
350,0.25,calibrated,6.292307692307693,6,2,2.2855073289473893e-07,0.7839072789615236,0.086361274516706,1e-06,0.0,,,
350,0.25,calibrated,6.56923076923077,1,10,0.012806015238677415,0.7830017989791056,0.0,1e-06,0.08592925800433644,0.0002922897247022283,0.005065897509028262,0.008726215975792677
350,0.25,calibrated,6.56923076923077,2,8,0.002557536001605243,0.7676407669683977,0.08592925800433644,1e-06,0.00042630335563781087,2.3337911783274903e-05,0.00011286135562886447,0.0026060748466908883
350,0.25,calibrated,6.56923076923077,3,7,0.00040650522578900006,0.7706048133482017,0.08635556135997426,1e-06,1.5258295575313122e-05,3.238625910904021e-06,2.0403349009263734e-05,0.0004242062400433369
350,0.25,calibrated,6.56923076923077,4,6,6.0863359699792063e-05,0.770137443932499,0.08635978073397574,1e-06,2.506987722288175e-06,4.7668432672576983e-07,3.0418789263405395e-06,6.37490314694942e-05
350,0.25,calibrated,6.56923076923077,5,4,8.530445598009528e-06,0.7702068378654301,0.08635982259841458,1e-06,3.7580893184643003e-07,6.576146184686334e-08,4.386648539802713e-07,9.06056567249836e-06
350,0.25,calibrated,6.56923076923077,6,3,7.815014628764771e-07,0.7701975473851873,0.08635982301380436,1e-06,0.0,,,
350,0.25,calibrated,6.846153846153847,1,10,0.014194464343335045,0.7700734611773816,0.0,1e-06,0.08592782069068473,0.00031605297004676756,0.00506871931966983,0.009928303647981696
350,0.25,calibrated,6.846153846153847,2,8,0.0031061779836784043,0.7527754871439568,0.08592782069068473,1e-06,0.00042628937507759696,2.638920752720142e-05,0.00013822931517769253,0.0031847464564079106
350,0.25,calibrated,6.846153846153847,3,8,0.0005582096082743515,0.7564398813395196,0.08635411006576232,1e-06,2.0101365766803797e-05,4.621241059498409e-06,2.771146985161273e-05,0.0005847082538184984
350,0.25,calibrated,6.846153846153847,4,6,9.475406725234503e-05,0.7557869164612238,0.0863583292337673,1e-06,3.7100457245086826e-06,7.618175249260771e-07,4.688769429619012e-06,9.961502052509202e-05
350,0.25,calibrated,6.846153846153847,5,5,1.5527276764903952e-05,0.7558971980196356,0.08635837109549294,1e-06,6.315463560679869e-07,1.224769340775559e-07,7.745185938038191e-07,1.6421899609593163e-05
350,0.25,calibrated,6.846153846153847,6,4,2.3363065819737017e-06,0.7558793343870109,0.08635837151084272,1e-06,1.0263604437557819e-07,1.6855714980114893e-08,1.2285547078278246e-07,2.5182147540914718e-06
350,0.25,calibrated,6.846153846153847,7,2,1.1648156350574368e-07,0.7558816938620008,0.08635837151496299,1e-06,0.0,,,
350,0.25,calibrated,7.1230769230769235,1,11,0.015727467452219424,0.7565941113706001,0.0,1e-06,0.08592638337677885,0.00034161163788206967,0.005071583782475494,0.011272925419366423
350,0.25,calibrated,7.1230769230769235,2,10,0.003798657827006835,0.737070810102352,0.08592638337677885,1e-06,0.0004262753947153999,3.213819466951936e-05,0.00017100795893874,0.003920072997509208
350,0.25,calibrated,7.1230769230769235,3,8,0.000776092684546259,0.7416455691613397,0.08635265877149426,1e-06,2.6707785084280518e-05,6.632617049105993e-06,3.803055694834569e-05,0.0008157065989927836
350,0.25,calibrated,7.1230769230769235,4,7,0.0001502801794269759,0.740719194551953,0.08635687773350462,1e-06,5.563530256606731e-06,1.2623154984112356e-06,7.34032036595108e-06,0.00015848586235020243
350,0.25,calibrated,7.1230769230769235,5,6,2.8717630200070232e-05,0.7408981927133698,0.08635691959251514,1e-06,1.0832336417139704e-06,2.370299768508887e-07,1.3973426658907276e-06,3.0323862077638022e-05
350,0.25,calibrated,7.1230769230769235,6,4,5.050489860547458e-06,0.7408644245234104,0.08635692000783446,1e-06,2.0498788053772851e-07,3.802389406660957e-08,2.6009290294977533e-07,5.442210765655464e-06
350,0.25,calibrated,7.1230769230769235,7,2,2.678673898248718e-07,0.7408695126655035,0.08635692001195473,1e-06,0.0,,,
350,0.25,calibrated,7.4,1,11,0.0174418303077708,0.742488936519323,0.0,1e-06,0.08592494606262163,0.00037698539186259655,0.005074484992320529,0.012796304475102594
350,0.25,calibrated,7.4,2,10,0.004687126406276332,0.7203629670235241,0.08592494606262163,1e-06,0.00042626141455312364,4.016599935294697e-05,0.00021360829850833045,0.004870607731798616
350,0.25,calibrated,7.4,3,8,0.001093426185998947,0.7261435308659073,0.08635120747717476,1e-06,3.588638181965115e-05,9.636030731776392e-06,5.2872111574250745e-05,0.0011534355186134518
350,0.25,calibrated,7.4,4,8,0.0002421301665480602,0.7248079718843968,0.08635542623319813,1e-06,8.475694984557292e-06,2.1033299139323675e-06,1.1687842530127959e-05,0.00025639426632828686
350,0.25,calibrated,7.4,5,6,5.3076764702231216e-05,0.7251031794217392,0.08635546808948782,1e-06,1.8901445771032704e-06,4.5307133313163616e-07,2.556569301520882e-06,5.62698955223836e-05
350,0.25,calibrated,7.4,6,4,1.0493866976046817e-05,0.7250396086553331,0.08635546850477288,1e-06,4.084501671798189e-07,7.717618355442926e-08,5.41989791121791e-07,1.1402424715009564e-05
350,0.25,calibrated,7.4,7,4,1.3347259596452332e-06,0.7250514020414169,0.08635546850889315,1e-06,7.934465769580615e-08,2.1555392451297595e-08,9.610997686300677e-08,1.625284059018625e-06
350,0.25,calibrated,7.4,8,2,8.371145521213208e-08,0.7250501862577078,0.08635546850893504,1e-06,0.0,,,
350,0.25,calibrated,7.676923076923077,1,12,0.019387495170778313,0.7276626561255544,0.0,1e-06,0.08592350874821404,0.0004194422001262214,0.005077413073286508,0.01454779967804221
350,0.25,calibrated,7.676923076923077,2,10,0.005852887408874352,0.7024254323979415,0.08592350874821404,1e-06,0.00042624743458505624,5.086029262320971e-05,0.0002702837943038125,0.006127731958236918
350,0.25,calibrated,7.676923076923077,3,10,0.0015720556306412226,0.7098503905822907,0.0863497561827991,1e-06,4.89825436827563e-05,1.4142647458993613e-05,7.484649933052839e-05,0.0016637779478512146
350,0.25,calibrated,7.676923076923077,4,8,0.00040223867986610706,0.7078760922332356,0.08635397473284499,1e-06,1.3221256217788198e-05,3.5764209817161485e-06,1.911499951490536e-05,0.0004274101317939576
350,0.25,calibrated,7.676923076923077,5,7,0.0001022867576749853,0.7083806187194323,0.08635401658641767,1e-06,3.408627208769722e-06,9.05888906952141e-07,4.849951695870618e-06,0.00010873625977145899
350,0.25,calibrated,7.676923076923077,6,6,2.558720164880235e-05,0.7082527444751665,0.08635401700166655,1e-06,8.627278286531877e-07,2.235100525941996e-07,1.2226268429843852e-06,2.72814168735767e-05
350,0.25,calibrated,7.676923076923077,7,4,5.692325532824505e-06,0.7082840240773589,0.08635401700578872,1e-06,2.1309731311551202e-07,4.128034699949661e-08,2.9549310328394317e-07,6.24543731350839e-06
350,0.25,calibrated,7.676923076923077,8,2,3.170437219424116e-07,0.7082783944983122,0.0863540170058268,1e-06,0.0,,,
350,0.25,calibrated,7.953846153846155,1,13,0.021638923547281586,0.7119947436446433,0.0,1e-06,0.08592207143354656,0.00047011716606272996,0.005080349106277026,0.016600478306260196
350,0.25,calibrated,7.953846153846155,2,12,0.00743110382612544,0.6829280562856634,0.08592207143354656,1e-06,0.0004262334548150056,6.611066934195003e-05,0.00034812023207161084,0.007843635971238602
350,0.25,calibrated,7.953846153846155,3,10,0.0023210835440995448,0.6926802645276965,0.08634830488836157,1e-06,6.832646008036666e-05,2.017342774360172e-05,0.00010857703873274696,0.0024637140407422495
350,0.25,calibrated,7.953846153846155,4,10,0.0006917085877873319,0.6896674659634052,0.08635252323242809,1e-06,2.1275430452442207e-05,6.21629688280443e-06,3.2338867707334805e-05,0.0007379957028362633
350,0.25,calibrated,7.953846153846155,5,8,0.00020631018093508757,0.6905654866730516,0.08635256508328375,1e-06,6.4071206678159576e-06,1.8541385611445997e-06,9.610462910920099e-06,0.00021992667530117314
350,0.25,calibrated,7.953846153846155,6,6,6.015213196275404e-05,0.6902990237793979,0.08635256549850406,1e-06,1.8980732872564323e-06,5.445619492052958e-07,2.8374110275517628e-06,6.442372592565455e-05
350,0.25,calibrated,7.953846153846155,7,6,1.6706049764003694e-05,0.690375882163807,0.08635256550262624,1e-06,5.51850512814123e-07,1.3675546166237165e-07,8.150185251490537e-07,1.809188735983571e-05
350,0.25,calibrated,7.953846153846155,8,4,4.158519372632341e-06,0.6903550175146098,0.08635256550266432,1e-06,1.5257684777131964e-07,3.145613864260215e-08,2.1896205679485158e-07,4.62339280282498e-06
350,0.25,calibrated,7.953846153846155,9,2,2.3068431986850158e-07,0.6903590624514511,0.08635256550266432,1e-06,0.0,,,
350,0.25,calibrated,8.23076923076923,1,14,0.024309110983353865,0.6953256514779818,0.0,1e-06,0.08592063411862964,0.000522901188556642,0.0050832587888060094,0.0190650189720813
350,0.25,calibrated,8.23076923076923,2,12,0.00965044559301853,0.6613696268017614,0.08592063411862964,1e-06,0.00042621947523725973,8.877185428056051e-05,0.00045947697669718044,0.01027980843553018
350,0.25,calibrated,8.23076923076923,3,12,0.003551850607528717,0.674571952881201,0.0863468535938669,1e-06,9.820603718950494e-05,3.151486292279229e-05,0.00016280938457986942,0.00377881940455203
350,0.25,calibrated,8.23076923076923,4,10,0.0012489088148576188,0.6697711826707767,0.08635107173196738,1e-06,3.573156049470859e-05,1.1032669400216988e-05,5.7321473870061526e-05,0.0013385084201452421
350,0.25,calibrated,8.23076923076923,5,10,0.00044119122524233223,0.6714612865424582,0.08635111358010793,1e-06,1.273411252029552e-05,3.924003862177183e-06,2.0181081771675137e-05,0.0004718886131937674
350,0.25,calibrated,8.23076923076923,6,8,0.0001547568504597363,0.6708653370972789,0.08635111399529397,1e-06,4.474190158474658e-06,1.3768148064282165e-06,7.092749009963794e-06,0.00016576597029976389
350,0.25,calibrated,8.23076923076923,7,6,5.283593311322665e-05,0.671072930363965,0.08635111399941614,1e-06,1.5638694379801598e-06,4.6768010802429675e-07,2.4654699175848555e-06,5.6917718757935606e-05
350,0.25,calibrated,8.23076923076923,8,6,1.698246158876593e-05,0.6710031117639874,0.08635111399945422,1e-06,5.309356488184024e-07,1.417452752421309e-07,8.248826516643243e-07,1.853978182010979e-05
350,0.25,calibrated,8.23076923076923,9,4,4.777022720836577e-06,0.6710248713424359,0.08635111399945422,1e-06,1.69228420757445e-07,4.2000855098495635e-08,2.5424227356608897e-07,5.382313188438823e-06
350,0.25,calibrated,8.23076923076923,10,2,2.6235748784575463e-07,0.6710203221477136,0.08635111399945422,1e-06,0.0,,,
350,0.25,calibrated,8.507692307692308,1,15,0.02758256074629073,0.677438133359277,0.0,1e-06,0.08591919680345854,0.000591963898283371,0.0050860770042571255,0.02212117042849672
350,0.25,calibrated,8.507692307692308,2,14,0.012955898280908928,0.6369034098536116,0.08591919680345854,1e-06,0.00042620549586705074,0.0001238955567174471,0.0006286053097755276,0.01394809092107984
350,0.25,calibrated,8.507692307692308,3,12,0.005723977859509954,0.6555833309460549,0.0863454022993256,1e-06,0.00014746762209217473,4.9720254327088366e-05,0.00025730609900110886,0.006095416599455086
350,0.25,calibrated,8.507692307692308,4,12,0.0024195668113227153,0.6474397669046889,0.08634962023146002,1e-06,6.386106096156405e-05,2.136899619544377e-05,0.00010871607196961147,0.0026070495500325214
350,0.25,calibrated,8.507692307692308,5,10,0.001031955765878112,0.6508912977769925,0.08634966207688355,1e-06,2.748077798499747e-05,9.132364387020245e-06,4.6184518741170025e-05,0.0011069231894473325
350,0.25,calibrated,8.507692307692308,6,10,0.00043650991255284044,0.6494228285469652,0.08634966249203913,1e-06,1.1626072700749324e-05,3.86989539157972e-06,1.958009673134228e-05,0.00046939063414433424
350,0.25,calibrated,8.507692307692308,7,8,0.000184012605444428,0.650043352596678,0.0863496624961556,1e-06,4.9289568914855e-06,1.6375687783175135e-06,8.280178585462326e-06,0.00019793376314290322
350,0.25,calibrated,8.507692307692308,8,8,7.645929808342e-05,0.6497828800245757,0.0863496624962013,1e-06,2.070992912304526e-06,6.865643934144736e-07,3.470104520642725e-06,8.249528787099007e-05
350,0.25,calibrated,8.507692307692308,9,6,3.0897172573651766e-05,0.6498902367973912,0.0863496624962013,1e-06,8.578772625209225e-07,2.7391161314091285e-07,1.4273855985858814e-06,3.352459246644948e-05
350,0.25,calibrated,8.507692307692308,10,6,1.1610080752233465e-05,0.6498477294020057,0.0863496624962013,1e-06,3.4320231386335504e-07,9.84235017500256e-08,5.618255822594559e-07,1.2793573034842766e-05
350,0.25,calibrated,8.507692307692308,11,4,3.7014357942011245e-06,0.6498630409942829,0.0863496624962013,1e-06,1.2695876307574532e-07,3.756416843479744e-08,2.0001359639312228e-07,4.2382434886695115e-06
350,0.25,calibrated,8.507692307692308,12,2,2.828561354029091e-07,0.6498596223804644,0.0863496624962013,1e-06,0.0,,,
350,0.25,calibrated,8.784615384615384,1,16,0.03178695407545651,0.6580222344806621,0.0,1e-06,0.08591775948803897,0.0006711899985431242,0.005088671534124157,0.026086093277296607
350,0.25,calibrated,8.784615384615384,2,16,0.018315802111525392,0.6079234290144783,0.08591775948803897,1e-06,0.00042619151668533853,0.0001743488972353971,0.00090981177226652,0.019980956069503793
350,0.25,calibrated,8.784615384615384,3,14,0.009970359110451077,0.6362096633741545,0.0863439510047243,1e-06,0.00023682816608786017,8.406443719353585e-05,0.000450974113934363,0.010595681006146846
350,0.25,calibrated,8.784615384615384,4,14,0.005220421513668527,0.6210188441888669,0.0863481687309003,1e-06,0.0001255259281190968,4.4753471316121646e-05,0.0002380999953977532,0.005666095211657865
350,0.25,calibrated,8.784615384615384,5,14,0.0027693415257793452,0.6290086277682772,0.08634821057361251,1e-06,6.729505703198524e-05,2.3439334160615625e-05,0.00012465421160688555,0.0029733521123583243
350,0.25,calibrated,8.784615384615384,6,12,0.0014567136582476214,0.6247825617789639,0.0863482109887262,1e-06,3.526322038783884e-05,1.2405928770316407e-05,6.602466610275656e-05,0.0015731406934946035
350,0.25,calibrated,8.784615384615384,7,12,0.0007685186369292829,0.6270077997998008,0.08634821099284458,1e-06,1.8663035433335445e-05,6.518318498143365e-06,3.472506848165605e-05,0.0008276315060039458
350,0.25,calibrated,8.784615384615384,8,10,0.0004035888534503762,0.6258356892771066,0.08634821099288646,1e-06,9.80863926434419e-06,3.424649642565169e-06,1.8282801422738755e-05,0.0004355171756371617
350,0.25,calibrated,8.784615384615384,9,10,0.00021119008355929836,0.6264504698283113,0.08634821099288646,1e-06,5.155695423019694e-06,1.7899145676268476e-06,9.571578213345825e-06,0.0002279082316412095
350,0.25,calibrated,8.784615384615384,10,8,0.00010936361808389083,0.626129915262524,0.08634821099288646,1e-06,2.6903620767150353e-06,9.326691758517171e-07,4.977464390273463e-06,0.00011828943582795542
350,0.25,calibrated,8.784615384615384,11,8,5.556601202383327e-05,0.6262948453626648,0.08634821099288646,1e-06,1.3890575732557566e-06,4.796891321093557e-07,2.5483347815571542e-06,6.0308238419153865e-05
350,0.25,calibrated,8.784615384615384,12,6,2.7090486284131465e-05,0.6262121886031681,0.08634821099288646,1e-06,7.0044361426776e-07,2.4007611027089955e-07,1.2638294765489818e-06,2.964108168846649e-05
350,0.25,calibrated,8.784615384615384,13,6,1.2080185040730385e-05,0.6262513594264734,0.08634821099288646,1e-06,3.3663547412043286e-07,9.982920394814815e-08,5.854058915306161e-07,1.3460400490497261e-05
350,0.25,calibrated,8.784615384615384,14,4,4.3803664681041354e-06,0.6262348987804106,0.08634821099288646,1e-06,1.4611884287977302e-07,4.567912888924655e-08,2.4204248507293073e-07,5.1183950348743925e-06
350,0.25,calibrated,8.784615384615384,15,2,5.190057371651235e-07,0.6262387601921795,0.08634821099288646,1e-06,0.0,,,
350,0.25,calibrated,9.061538461538461,1,18,0.037582841804439826,0.6366082564758562,0.0,1e-06,0.08591632217236617,0.0007640354836439011,0.0050907432703527575,0.03159295000365571
350,0.25,calibrated,9.061538461538461,2,22,0.02842167271927709,0.570607913330069,0.08591632217236617,1e-06,0.000528122304155304,0.0002769478122069152,0.001459137004371897,0.03159400975581156
350,0.25,calibrated,9.061538461538461,3,16,0.01977077072013489,0.6188004924273514,0.0863424997100602,1e-06,0.00042689410882403023,0.00017315322658461945,0.0009129957855375381,0.020808810549535102
350,0.25,calibrated,9.061538461538461,4,18,0.013561593693254048,0.5854680364363365,0.086346717230293,1e-06,0.00029075511252077413,0.00012650926451359393,0.0006500952463930652,0.014928312978316904
350,0.25,calibrated,9.061538461538461,5,16,0.009327331498908298,0.6083570256385196,0.08634675907028629,1e-06,0.00020422789754405424,8.305105838442857e-05,0.00043239665431398156,0.009958608703419435
350,0.25,calibrated,9.061538461538461,6,16,0.006395612319467614,0.5926340383691914,0.0863467594853676,1e-06,0.00013830795886884267,5.8761514721114454e-05,0.0003032186238544629,0.006973503319665742
350,0.25,calibrated,9.061538461538461,7,16,0.004393072160575828,0.603422752936125,0.08634675948948597,1e-06,9.587945611562454e-05,3.947967779046231e-05,0.00020506890902590978,0.004721676144572499
350,0.25,calibrated,9.061538461538461,8,16,0.0030138272626482054,0.5960158329606142,0.08634675948952786,1e-06,6.538140090101702e-05,2.7492891292711433e-05,0.00014217438423118966,0.003271406537255786
350,0.25,calibrated,9.061538461538461,9,14,0.0020683448614824407,0.601098019228155,0.08634675948952786,1e-06,4.5076247554370896e-05,1.8666473095364e-05,9.688030721405839e-05,0.0022301402412635953
350,0.25,calibrated,9.061538461538461,10,14,0.0014175159729483688,0.5976121486937751,0.08634675948952786,1e-06,3.082233181283221e-05,1.2874435450535675e-05,6.67416305228626e-05,0.0015357251496228225
350,0.25,calibrated,9.061538461538461,11,14,0.0009717952851243661,0.6000014666401595,0.08634675948952786,1e-06,2.1176471258558573e-05,8.781984473752332e-06,4.559715889532293e-05,0.0010495044839424305
350,0.25,calibrated,9.061538461538461,12,12,0.0006649187032587989,0.5983647480797245,0.08634675948952786,1e-06,1.4486088362939548e-05,6.0206299753166146e-06,3.128871414892135e-05,0.0007198565318206136
350,0.25,calibrated,9.061538461538461,13,12,0.00045389431517550705,0.5994835642501724,0.08634675948952786,1e-06,9.916900935602168e-06,4.091246275735622e-06,2.133974936094555e-05,0.0004908735476850409
350,0.25,calibrated,9.061538461538461,14,12,0.00030976559779150037,0.5987199021564572,0.08634675948952786,1e-06,6.7667215683658855e-06,2.79530259348778e-06,1.4576324508625706e-05,0.000335353391471702
350,0.25,calibrated,9.061538461538461,15,10,0.00021028491794505833,0.5992399541517108,0.08634675948952786,1e-06,4.612301719710606e-06,1.8873164195691901e-06,9.905751644770463e-06,0.00022770062544625897
350,0.25,calibrated,9.061538461538461,16,10,0.00014157418268578859,0.5988880940250446,0.08634675948952786,1e-06,3.123833914700806e-06,1.2619967030884374e-06,6.68800149625445e-06,0.00015358671442320028
350,0.25,calibrated,9.061538461538461,17,10,9.526628759970457e-05,0.5991249352169998,0.08634675948952786,1e-06,2.1059728139996787e-06,8.474589034456182e-07,4.4960207840035675e-06,0.00010333038972261659
350,0.25,calibrated,9.061538461538461,18,8,6.298159754636323e-05,0.5989666868548078,0.08634675948952786,1e-06,1.4088590498362546e-06,5.521537108606471e-07,2.990787159518085e-06,6.853032776285543e-05
350,0.25,calibrated,9.061538461538461,19,8,4.048988483906779e-05,0.599070158674479,0.08634675948952786,1e-06,9.25580516489841e-07,3.476791512433238e-07,1.9381786582713066e-06,4.426858761817874e-05
350,0.25,calibrated,9.061538461538461,20,8,2.596551281475179e-05,0.5990037030289251,0.08634675948952786,1e-06,5.972544955293541e-07,2.2224650839828408e-07,1.2403332845794608e-06,2.8407147651923214e-05
350,0.25,calibrated,9.061538461538461,21,6,1.567707676097818e-05,0.5990453457704502,0.08634675948952786,1e-06,3.7611712280151313e-07,1.346581720867571e-07,7.646816040699177e-07,1.7335479791114325e-05
350,0.25,calibrated,9.061538461538461,22,6,8.469790990894843e-06,0.5990211987906681,0.08634675948952786,1e-06,2.2203795509224728e-07,7.49973891637244e-08,4.278614502869771e-07,9.572186637393898e-06
350,0.25,calibrated,9.061538461538461,23,4,3.5010782537536755e-06,0.5990331697418432,0.08634675948952786,1e-06,1.1461988617375278e-07,4.2220553814527315e-08,2.003179121470217e-07,4.204063802438473e-06
350,0.25,calibrated,9.061538461538461,24,2,6.463409022439137e-07,0.5990303149509598,0.08634675948952786,1e-06,0.0,,,
350,0.25,calibrated,9.338461538461539,1,20,0.046610065626273456,0.6124216568033787,0.0,1e-06,0.08591488485643918,0.0008582170040994526,0.005091468167943183,0.040190369027654355
350,0.25,calibrated,9.338461538461539,2,36,0.05629918664191391,0.5095167500212243,0.08591488485643918,1e-06,0.0009196179548502381,0.0005390046476361433,0.003082058517709754,0.0650396049782877
350,0.25,calibrated,9.338461538461539,3,18,0.0519408983089783,0.617757174250112,0.08634104841534752,1e-06,0.0010015441710463646,0.0004624654131351949,0.002397238928515688,0.052591308228249256
350,0.25,calibrated,9.338461538461539,4,38,0.058614774620575294,0.5072011529742039,0.08634526572963142,1e-06,0.0010340901809178793,0.0005762157722835565,0.0031386727051834046,0.06835274997340954
350,0.25,calibrated,9.338461538461539,5,18,0.053730834178223996,0.6195471147204858,0.0863453075669115,1e-06,0.001047742417636277,0.00048176902089383717,0.0024621989069227965,0.0542828425106036
350,0.25,calibrated,9.338461538461539,6,40,0.06111699445694563,0.5046989234898224,0.08634530798196235,1e-06,0.0010744075063048308,0.0006023915040178677,0.0032856837798743766,0.07148697249509749
350,0.25,calibrated,9.338461538461539,7,18,0.05591740764436137,0.6217336937795632,0.08634530798608073,1e-06,0.0010906497584305952,0.0005003853441723666,0.0025563149293516348,0.05632975246214533
350,0.25,calibrated,9.338461538461539,8,40,0.06431704755940348,0.5014988579156394,0.08634530798612261,1e-06,0.0011249210220461436,0.0006356826746755223,0.00347572998867666,0.07552311496884082
350,0.25,calibrated,9.338461538461539,9,18,0.058705713839000695,0.6245220070818746,0.08634530798612261,1e-06,0.0011453468256973354,0.000523988330251766,0.0026756875125247435,0.05892248734414858
350,0.25,calibrated,9.338461538461539,10,44,0.06858535915162511,0.497230529427133,0.08634530798612261,1e-06,0.0011912560754059331,0.0006804433980047714,0.003732246542161677,0.08095148566217775
350,0.25,calibrated,9.338461538461539,11,18,0.06241384799560945,0.6282301505461932,0.08634530798612261,1e-06,0.001217900754482415,0.000555165173900761,0.0028334463807545606,0.06233952805157468
350,0.25,calibrated,9.338461538461539,12,48,0.07465664588848081,0.49115921815589,0.08634530798612261,1e-06,0.0012835666861716888,0.0007390313110669114,0.004103301672115994,0.08876202981527978
350,0.25,calibrated,9.338461538461539,13,18,0.06766514193560436,0.6334814575081075,0.08634530798612261,1e-06,0.0013202736089060751,0.0005989058406220503,0.0030550540551143803,0.06711915586611145
350,0.25,calibrated,9.338461538461539,14,56,0.08436355616957181,0.4814522673603336,0.08634530798612261,1e-06,0.0014260195172794976,0.0008340785009415264,0.0047118972736873805,0.10146535991341052
350,0.25,calibrated,9.338461538461539,15,18,0.07601468936019351,0.6418310252001943,0.08634530798612261,1e-06,0.0014818357546386163,0.0006674447076575345,0.003403275132659808,0.07457647756575429
350,0.25,calibrated,9.338461538461539,16,92,0.10601207370800925,0.45980365329185147,0.08634530798612261,1e-06,0.0017200036690160347,0.0011049447433287142,0.006139679511023121,0.1307347665026718
350,0.25,calibrated,9.338461538461539,17,16,0.0944879661316389,0.6603043449857185,0.08634530798612261,1e-06,0.0018318626782525271,0.0008145932172020523,0.004157594027938891,0.09046792664783496
350,0.25,calibrated,9.338461538461539,18,300,0.18069846516223953,0.38511724254085244,0.08634530798612261,1e-06,0.002846177252987747,0.002129784160849672,0.01362917275426817,0.25506303711225464
350,0.25,calibrated,9.338461538461539,19,16,0.14680014549915277,0.7126174558695901,0.08634530798612261,1e-06,0.003080558199926031,0.0011636393455546042,0.00672103124831566,0.13459546303136904
350,0.25,calibrated,9.338461538461539,20,300,0.12939327830429198,0.43787166855288445,0.08634530798612261,1e-06,0.003385835128490222,0.002884763369570025,0.014280762867103867,0.21820140048433354
350,0.25,calibrated,9.338461538461539,21,17,0.08900994309770438,0.6508641854574337,0.08634530798612261,1e-06,0.0032349744537806258,0.0016291226184703604,0.0067671537685203235,0.10306777606011706
350,0.25,calibrated,9.338461538461539,22,60,0.08798508526094867,0.47783072179023817,0.08634530798612261,1e-06,0.0017676253662348151,0.0008374562545505312,0.004749351640457552,0.10927170484727389
350,0.25,calibrated,9.338461538461539,23,18,0.07821057740852055,0.6440269184860046,0.08634530798612261,1e-06,0.0015882248870656701,0.0006864862442496518,0.0034186468359452063,0.07658324363493378
350,0.25,calibrated,9.338461538461539,24,138,0.11543037569788839,0.45038530640057395,0.08634530798612261,1e-06,0.0018400631067035933,0.0012207997561437818,0.006788817922712895,0.14385569937408274
350,0.25,calibrated,9.338461538461539,25,16,0.10248240929635666,0.6682988060221162,0.08634530798612261,1e-06,0.0019791437678202684,0.0008764574238660306,0.004478157431498471,0.09709070561828231
350,0.25,calibrated,9.338461538461539,26,300,0.1666996243278301,0.39911618129329607,0.08634530798612261,1e-06,0.00274712566924995,0.0019416611635255242,0.01225478813546202,0.23312728030797697
350,0.25,calibrated,9.338461538461539,27,16,0.13463628129225202,0.7004536056542526,0.08634530798612261,1e-06,0.0029053846180973064,0.0010781735392266976,0.0062881330143982565,0.12597030783765809
350,0.25,calibrated,9.338461538461539,28,300,0.11861741352580346,0.4471988249222312,0.08634530798612261,1e-06,0.002494615661360333,0.001644509846723564,0.008953077224747707,0.16690326302657316
350,0.25,calibrated,9.338461538461539,29,18,0.08437042382040627,0.6501882526350315,0.08634530798612261,1e-06,0.0022957868586630514,0.0010348487946982945,0.004693873389263995,0.0892720795758297
350,0.25,calibrated,9.338461538461539,30,300,0.13500675210016083,0.4308088381340664,0.08634530798612261,1e-06,0.0021761331485167235,0.0014432644739530301,0.008137978790622176,0.17324998051682522
350,0.25,calibrated,9.338461538461539,31,16,0.11818921995293519,0.6840056748607434,0.08634530798612261,1e-06,0.002293231629618586,0.0010000599220093976,0.005088477622126513,0.1098029659930736
350,0.25,calibrated,9.338461538461539,32,300,0.13208860708024955,0.43372741445788193,0.08634530798612261,1e-06,0.0024641985370511543,0.0017062093978564676,0.009415074574682977,0.18128457390673153
350,0.25,calibrated,9.338461538461539,33,18,0.10204387188703312,0.6678612835068463,0.08634530798612261,1e-06,0.0024216190410645266,0.0008841307772500017,0.005117653953848061,0.10160643797903945
350,0.25,calibrated,9.338461538461539,34,300,0.021773814446692907,0.5864161639416584,0.08634530798612261,1e-06,0.0020102874364921752,0.0016198482868491093,0.014878341225345544,0.022578784968614485
350,0.25,calibrated,9.338461538461539,35,300,0.08982068377147256,0.4759971895068301,0.08634530798612261,1e-06,0.0006293562664096974,0.00043908268854346203,0.01751233186518489,0.06898160308158388
350,0.25,calibrated,9.338461538461539,36,19,0.03958024924011849,0.6003452088350618,0.08634530798612261,1e-06,0.0013912981359190946,0.0009162158053022411,0.005162724665583951,0.05100072330535928
350,0.25,calibrated,9.338461538461539,37,28,0.030889074046458798,0.5349269538143069,0.08634530798612261,1e-06,0.0007749300609571352,0.00022895197834738582,0.0015682525015604664,0.036446717283629006
350,0.25,calibrated,9.338461538461539,38,20,0.02832492836345757,0.5941411408014443,0.08634530798612261,1e-06,0.0005852074010490316,0.00026242205039055913,0.0012903539673656597,0.029636565252866717
350,0.25,calibrated,9.338461538461539,39,28,0.029312503543502233,0.53650353036884,0.08634530798612261,1e-06,0.0005412420426619546,0.000287032874188344,0.001496899578958628,0.03295954826260998
350,0.25,calibrated,9.338461538461539,40,20,0.02760680479620181,0.5934230152137346,0.08634530798612261,1e-06,0.0005337054899008098,0.0002522922842462411,0.0013047288347311306,0.028859057467768012
350,0.25,calibrated,9.338461538461539,41,28,0.028634445092451055,0.5371815911419896,0.08634530798612261,1e-06,0.0005268978700758153,0.000279549615832729,0.0014629028559910865,0.032172241707422
350,0.25,calibrated,9.338461538461539,42,20,0.026993010593093558,0.5928092192859108,0.08634530798612261,1e-06,0.0005216960439953233,0.00024668279327891675,0.001276518254778827,0.02824039935375948
350,0.25,calibrated,9.338461538461539,43,28,0.027953385480403825,0.5378626530797046,0.08634530798612261,1e-06,0.0005148131632115305,0.00027300014392654497,0.0014266107071682023,0.03138014354108043
350,0.25,calibrated,9.338461538461539,44,20,0.026371089453461782,0.5921872963953343,0.08634530798612261,1e-06,0.000509512122248007,0.0002411429565437336,0.0012480764884199586,0.027612064700150006
350,0.25,calibrated,9.338461538461539,45,26,0.027264314678495438,0.5385517262353318,0.08634530798612261,1e-06,0.0005025599664598146,0.0002663692355092633,0.0013900192683538295,0.03058031072369154
350,0.25,calibrated,9.338461538461539,46,20,0.025739791855500127,0.591555997049852,0.08634530798612261,1e-06,0.0004971675647653384,0.0002355291499741672,0.001219180343668567,0.026973408919248612
350,0.25,calibrated,9.338461538461539,47,26,0.026569440960572455,0.5392466023136111,0.08634530798612261,1e-06,0.0004901650515563571,0.0002596686575264971,0.0013531694336477147,0.02977484666808415
350,0.25,calibrated,9.338461538461539,48,20,0.025103704203614963,0.5909199075976299,0.08634530798612261,1e-06,0.0004847147485642911,0.00022989335728413167,0.001190001582194209,0.02632859278853142
350,0.25,calibrated,9.338461538461539,49,26,0.025872004028902107,0.5399440416083114,0.08634530798612261,1e-06,0.0004776969472124193,0.00025293582314521375,0.0013162661054825732,0.02896777687149816
350,0.25,calibrated,9.338461538461539,50,20,0.02446441393882781,0.5902806155198321,0.08634530798612261,1e-06,0.0004722048559331893,0.0002242202450325694,0.001160631249307112,0.02567943209728741
350,0.25,calibrated,9.338461538461539,51,26,0.0251736669027518,0.540642381094503,0.08634530798612261,1e-06,0.00046518898102590467,0.0002461885349075826,0.0012793938885885551,0.02816105169810752
350,0.25,calibrated,9.338461538461539,52,20,0.02382341534782173,0.5896396151073074,0.08634530798612261,1e-06,0.0004596678428052392,0.00021852297655696148,0.001131136706542691,0.02502743068722109
350,0.25,calibrated,9.338461538461539,53,26,0.02447603856003444,0.5413400117888559,0.08634530798612261,1e-06,0.00045267014713451514,0.00023944244180678804,0.0012426374339871544,0.02735652968612874
350,0.25,calibrated,9.338461538461539,54,20,0.023182172427108738,0.5889983703606825,0.08634530798612261,1e-06,0.0004471325677007365,0.00021281448684787628,0.0011015848458230104,0.024374071512151
350,0.25,calibrated,9.338461538461539,55,26,0.023780673177157596,0.5420353795097843,0.08634530798612261,1e-06,0.0004401686549192485,0.00023271270757308833,0.0012060778001575536,0.02655599362608782
350,0.25,calibrated,9.338461538461539,56,20,0.02254210680437496,0.5883583029116721,0.08634530798612261,1e-06,0.00043462700404078847,0.0002071074149653835,0.0010720410186378683,0.023720804381707636
350,0.25,calibrated,9.338461538461539,57,26,0.023089057456266993,0.5427269975502423,0.08634530798612261,1e-06,0.0004277117034008071,0.00022601389016893076,0.0011697918240384344,0.02576113658099731
350,0.25,calibrated,9.338461538461539,58,20,0.021904585909217178,0.5877207801937803,0.08634530798612261,1e-06,0.0004221780055358726,0.00020141399539418773,0.0010425684818054395,0.023069033493206673
350,0.25,calibrated,9.338461538461539,59,26,0.022402599813681423,0.5434134574893236,0.08634530798612261,1e-06,0.0004153252686756731,0.00021932659936939325,0.0011338516073113158,0.024973550299120482
350,0.25,calibrated,9.338461538461539,60,20,0.021270912739165704,0.5870871052082925,0.08634530798612261,1e-06,0.00040981110565598,0.0001957459629871275,0.0010132279063217516,0.022420106428669654
350,0.25,calibrated,9.615384615384615,1,23,0.06520256828845172,0.5839988777001165,0.0,1e-06,0.0859134475402561,0.0010161026461286493,0.005087354663734057,0.05770066536967659
350,0.25,calibrated,9.615384615384615,2,300,0.031579137482372066,0.49500728442531977,0.0859134475402561,1e-06,0.0013710138095653912,0.001064622191591603,0.007632991863805622,0.0492671668981398
350,0.25,calibrated,9.615384615384615,3,300,0.054521791688519006,0.46428124627970346,0.08633959712057297,1e-06,0.00038167376413973664,0.0004742727171434979,0.010641701129649725,0.039773693331469864
350,0.25,calibrated,9.615384615384615,4,23,0.07208428220134022,0.5908863251993819,0.08634381422892318,1e-06,0.0011052895547357666,0.0006626267303610272,0.004148813605915024,0.07349321375369325
350,0.25,calibrated,9.615384615384615,5,300,0.04769323845361095,0.49282394061308393,0.08634385606348244,1e-06,0.00227628779438116,0.001946238513457293,0.01605408266145307,0.06311204281610365
350,0.25,calibrated,9.615384615384615,6,300,0.029577050634387148,0.4892259873338353,0.08634385647850093,1e-06,0.0013925115791082465,0.0013653137307320666,0.015769111011910586,0.013010047128369598
350,0.25,calibrated,9.615384615384615,7,29,0.031242748785563768,0.5499447105713818,0.0863438564826193,1e-06,0.0005570628868288852,0.000489275469708995,0.002877575933159453,0.03731702342164866
350,0.25,calibrated,9.615384615384615,8,300,0.025826448343026442,0.492974821850479,0.08634385648265928,1e-06,0.0007287576863352074,0.000434156573713612,0.002009274679823763,0.035139023777147005
350,0.25,calibrated,9.615384615384615,9,31,0.014313569112004654,0.5327235414717859,0.08634385648265928,1e-06,0.000585973422183611,0.00030448872567647974,0.0014531565764881094,0.01987370861507467
350,0.25,calibrated,9.615384615384615,10,46,0.027340210960370648,0.49146084224564146,0.08634385648265928,1e-06,0.0004915943126304612,0.00026551993150239733,0.0013768290088822823,0.030993748536194403
350,0.25,calibrated,9.615384615384615,11,26,0.04196242284462948,0.5607637215669768,0.08634385648265928,1e-06,0.0006908472465297633,0.00037513856753723554,0.002031453954325221,0.04319835864712254
350,0.25,calibrated,9.615384615384615,12,300,0.012523076870419314,0.5132673044908944,0.08634385648265928,1e-06,0.0007681188261166594,0.0005828601950614899,0.00428065516113375,0.01464177307106572
350,0.25,calibrated,9.615384615384615,13,300,0.05628922929666258,0.4625138086715599,0.08634385648265928,1e-06,0.0002159753445451218,0.0005530960456414055,0.006242448056573097,0.05435850621037844
350,0.25,calibrated,9.615384615384615,14,24,0.06794919748384365,0.5867513466041054,0.08634385648265928,1e-06,0.0012190040807084634,0.0006908493148864569,0.0039374720829436485,0.07107044245945648
350,0.25,calibrated,9.615384615384615,15,300,0.02155534378799595,0.5257228844451795,0.08634385648265928,1e-06,0.00164140758150777,0.0015748579034367057,0.012743048785752675,0.015662277358697598
350,0.25,calibrated,9.615384615384615,16,300,0.043406809280156,0.47539622868806647,0.08634385648265928,1e-06,0.0003000247189277605,0.00035846571375688495,0.008423127973539384,0.03239526420086315
350,0.25,calibrated,9.615384615384615,17,54,0.025572055380980896,0.4932309825872416,0.08634385648265928,1e-06,0.0007391030105748236,0.000866079923709341,0.009701088315051993,0.004926733202011266
350,0.25,calibrated,9.615384615384615,18,24,0.04737091283315109,0.5661722272558192,0.08634385648265928,1e-06,0.0003899885526240099,0.0003218009592203321,0.0027607340356138516,0.04626398826148957
350,0.25,calibrated,9.615384615384615,19,300,0.027247449047973382,0.546049925786924,0.08634385648265928,1e-06,0.000979470126616061,0.0010734851146645208,0.01053329869383854,0.00814431787594258
350,0.25,calibrated,9.615384615384615,20,300,0.03821518277778807,0.4805878551904344,0.08634385648265928,1e-06,0.0003835122078124642,0.00040251796585307343,0.0029508399007161113,0.04401540905612405
350,0.25,calibrated,9.615384615384615,21,300,0.04459128741067292,0.47421175055754955,0.08634385648265928,1e-06,0.0005949754989218355,0.0006152228240385289,0.012363497899515572,0.020491579699237594
350,0.25,calibrated,9.615384615384615,22,23,0.04994402730792635,0.5687463639861569,0.08634385648265928,1e-06,0.00086499104165072,0.0005783784372267434,0.0034408523548489205,0.05484058791338639
350,0.25,calibrated,9.615384615384615,23,300,0.04192426959991258,0.476960519373119,0.08634385648265928,1e-06,0.001227698787049314,0.0007978043468079008,0.0037864213728817397,0.06114568430990857
350,0.25,calibrated,9.615384615384615,24,27,0.024474529106541132,0.5415179898561923,0.08634385648265928,1e-06,0.0010660801989723079,0.0006133380234331926,0.0031035691088513585,0.03404592961848965
350,0.25,calibrated,9.615384615384615,25,80,0.051294277617610295,0.4675066735385559,0.08634385648265928,1e-06,0.0009014834416511963,0.0004999573539145151,0.0026731009244203552,0.05993171926441289
350,0.25,calibrated,9.615384615384615,26,22,0.07199924256373647,0.5908006297071314,0.08634385648265928,1e-06,0.001213864179898827,0.0006293293984431876,0.003351465625931146,0.07143671408425181
350,0.25,calibrated,9.615384615384615,27,300,0.06544054864647075,0.46570073093335196,0.08634385648265928,1e-06,0.002439698464116513,0.0021389327321154955,0.015643852624404916,0.11303100347533013
350,0.25,calibrated,9.615384615384615,28,40,0.02918885671801419,0.5192285626145555,0.08634385648265928,1e-06,0.0022041990370884057,0.0015202151317366352,0.014607227801755595,0.02408447513157331
350,0.25,calibrated,9.615384615384615,29,24,0.025035414412349244,0.5438366573267799,0.08634385648265928,1e-06,0.00029042528530007737,0.00010191518461698311,0.0028914959958844006,0.02227940717424602
350,0.25,calibrated,9.615384615384615,30,300,0.027042419342678203,0.49175878413301827,0.08634385648265928,1e-06,0.0005154384505482168,0.00039262623457092397,0.0020598398142545556,0.034174524744781304
350,0.25,calibrated,9.615384615384615,31,29,0.02320839384694362,0.54201017841942,0.08634385648265928,1e-06,0.0006174218504685358,0.0003399499536040223,0.0015090327642696218,0.027948817635125703
350,0.25,calibrated,9.615384615384615,32,192,0.07028086168084641,0.4485200014729207,0.08634385648265928,1e-06,0.0010179620410583068,0.0007118069306577546,0.00400337926376082,0.08257089902016373
350,0.25,calibrated,9.615384615384615,33,20,0.09444041399725467,0.6132418615638708,0.08634385648265928,1e-06,0.00157492299189399,0.0008006112951853171,0.004320091388619129,0.09109572617932823
350,0.25,calibrated,9.615384615384615,34,300,0.03566736942536586,0.5019477214082224,0.08634385648265928,1e-06,0.0019469703548017914,0.0015407729899704614,0.012373043393143159,0.04559943158522416
350,0.25,calibrated,9.615384615384615,35,300,0.0433973119563682,0.47540572601185427,0.08634385648265928,1e-06,0.0004959085093605882,0.0005107551980020177,0.009711876510608449,0.028321807133955153
350,0.25,calibrated,9.615384615384615,36,36,0.020727392888536533,0.5317109645815709,0.08634385648265928,1e-06,0.0009268554965023434,0.0007165117447919281,0.0058101297916398915,0.025227900718783444
350,0.25,calibrated,9.615384615384615,37,42,0.019094624141349492,0.4997064613766278,0.08634385648265928,1e-06,0.0005325357352107402,9.900294204974588e-05,0.0010456654740711472,0.022981123313738416
350,0.25,calibrated,9.615384615384615,38,26,0.02952369635005303,0.5483249555839413,0.08634385648265928,1e-06,0.0005167345905811027,0.00027604501704719855,0.001401646863915606,0.03091283300081058
350,0.25,calibrated,9.615384615384615,39,300,0.058532350991705895,0.4602686615973242,0.08634385648265928,1e-06,0.0009475577686952619,0.0005671181323343825,0.003584157705901127,0.07037683680804252
350,0.25,calibrated,9.615384615384615,40,24,0.0735097333157817,0.5923114124909078,0.08634385648265928,1e-06,0.0013471582889043043,0.0006351046360043654,0.003630279074262919,0.07436931734520665
350,0.25,calibrated,9.615384615384615,41,300,0.027589672370092466,0.5193793841147567,0.08634385648265928,1e-06,0.0018502132077686806,0.0016740828025848394,0.013815188203485497,0.023643946191856387
350,0.25,calibrated,9.615384615384615,42,300,0.04334029283972757,0.4754627451284949,0.08634385648265928,1e-06,0.0004829682903115841,0.00042470134069385305,0.01045760343166648,0.02673630453506371
350,0.25,calibrated,9.615384615384615,43,44,0.009933875819622129,0.5088691621486003,0.08634385648265928,1e-06,0.0008198551379526159,0.0009475815995883719,0.008053795120006903,0.009735447468180971
350,0.25,calibrated,9.615384615384615,44,24,0.024388736687454338,0.5431899782756034,0.08634385648265928,1e-06,0.0001534942757831642,0.00011215961888469076,0.001901670602461063,0.023555464716598324
350,0.25,calibrated,9.615384615384615,45,300,0.1891035803902339,0.3296982240917966,0.08634385648265928,1e-06,0.003036298229481371,0.004010010183860356,0.021725763858432768,0.30928406397046515
350,0.25,calibrated,9.615384615384615,46,17,0.18628143906959038,0.7050844770378129,0.08634385648265928,1e-06,0.004160616456873045,0.002089710009940294,0.010012991200462824,0.1723620776303082
350,0.25,calibrated,9.615384615384615,47,300,0.05590180962238034,0.49722524996649353,0.08634385648265928,1e-06,0.003101324008702222,0.002729359347044491,0.02173193870680622,0.06587630915977119
350,0.25,calibrated,9.615384615384615,48,300,0.029687901653489335,0.48911513631473313,0.08634385648265928,1e-06,0.0012220335759270673,0.0008729466093288357,0.013265385798096824,0.008329880103062955
350,0.25,calibrated,9.615384615384615,49,300,0.0412854661216025,0.47751757184661997,0.08634385648265928,1e-06,0.0002351439477245587,0.00015862786196668314,0.007268251238700006,0.029739644270867786
350,0.25,calibrated,9.615384615384615,50,33,0.02298298077196337,0.5374357653500865,0.08634385648265928,1e-06,0.0009833751341532249,0.0006755760516828939,0.004319378634786222,0.032674429082355134
350,0.25,calibrated,9.615384615384615,51,54,0.035227029837119506,0.4835739907307657,0.08634385648265928,1e-06,0.000722267456160941,0.00030521316776679084,0.0017262124369778746,0.04116756984563258
350,0.25,calibrated,9.615384615384615,52,24,0.05184054161074492,0.5706418704359836,0.08634385648265928,1e-06,0.0008805989013139781,0.0004655637358290759,0.0024497965217004565,0.05275516007684537
350,0.25,calibrated,9.615384615384615,53,300,0.10458565254072094,0.4144670389134144,0.08634385648265928,1e-06,0.0024372309733057262,0.0023025066086079455,0.011515077128639488,0.16779118517203895
350,0.25,calibrated,9.615384615384615,54,19,0.10555711275400093,0.6242096236491183,0.08634385648265928,1e-06,0.002990827926209305,0.0015723882959701144,0.007128710279636057,0.1162925833824506
350,0.25,calibrated,9.615384615384615,55,300,0.05011193984563389,0.4801803449056166,0.08634385648265928,1e-06,0.0023386839768885226,0.0018455349134329662,0.01200158265885181,0.08366957179686582
350,0.25,calibrated,9.615384615384615,56,300,0.06562228646577495,0.4531807515024475,0.08634385648265928,1e-06,0.0008443551768296288,0.0006754245619538774,0.016243136313346156,0.040804056396895355
350,0.25,calibrated,9.615384615384615,57,22,0.08706806521779642,0.6058702340330608,0.08634385648265928,1e-06,0.0012287515138535432,0.0007800422106247142,0.004936542271158108,0.08626117218939083
350,0.25,calibrated,9.615384615384615,58,300,0.04184225504614103,0.4878444662636328,0.08634385648265928,1e-06,0.0018761120064754166,0.001463037213268871,0.010527710790058929,0.06574413172347485
350,0.25,calibrated,9.615384615384615,59,300,0.06073778230085075,0.4580652556673717,0.08634385648265928,1e-06,0.0006036035067581089,0.000723599657080965,0.013596657079659217,0.0406794985002837
350,0.25,calibrated,9.615384615384615,60,23,0.07628895002573832,0.59509134572453,0.08634385648265928,1e-06,0.001209858246145723,0.0007573657705074524,0.004602259194937902,0.07841943007971593
350,0.25,fixed,0.2,1,3,0.0011260140242681516,1.0000008963777058,0.0,1e-06,2.9368831711571244e-05,1.833034689117074e-05,0.00019992624262658683,0.0008034878895251691
350,0.25,fixed,0.2,2,3,2.486434854676034e-06,0.999991291418864,2.9368831711571244e-05,1e-06,8.49190648482073e-08,2.053808362236663e-08,1.0870447280481601e-07,2.2854320554528824e-06
350,0.25,fixed,0.2,3,2,5.824547288924009e-09,0.9999937782418555,2.937304389124258e-05,1e-06,0.0,,,
350,0.25,fixed,0.47692307692307695,1,3,0.006481641710522124,0.9935169819450839,0.0,1e-06,9.561850757293378e-05,5.031812665096733e-05,0.0006606446355216271,0.004772535499755413
350,0.25,fixed,0.47692307692307695,2,3,5.422306184055259e-06,0.9999797353971421,9.561850757293378e-05,1e-06,2.1975230235842197e-07,4.3870965308671037e-08,2.7379398368528307e-07,5.0265806010209375e-06
350,0.25,fixed,0.47692307692307695,3,2,2.392499531822523e-08,0.9999851229048604,9.563556014044621e-05,1e-06,0.0,,,
350,0.25,fixed,0.7538461538461538,1,4,0.014201352540421097,0.9857977304379967,0.0,1e-06,0.00016198838256339942,0.00010830715554204155,0.0011363114774821468,0.010526062603834326
350,0.25,fixed,0.7538461538461538,2,4,5.3501422495383366e-05,0.9999231001990605,0.00016198838256339942,1e-06,2.090907262105885e-06,4.438809145258042e-07,2.570337078541027e-06,4.9542735203030956e-05
350,0.25,fixed,0.7538461538461538,3,2,5.699110925405648e-07,0.9999759299911208,0.00016212388511417793,1e-06,0.0,,,
350,0.25,fixed,1.0307692307692309,1,4,0.022038967043264135,0.9779597690208349,0.0,1e-06,0.00022848411433928906,0.00016397828588251992,0.0016278300813093425,0.016467173854216796
350,0.25,fixed,1.0307692307692309,2,4,0.0001456378954449722,0.9998224663372028,0.00022848411433928906,1e-06,5.702829123223644e-06,1.1989593428463604e-06,6.966068212603769e-06,0.00013492294804616213
350,0.25,fixed,1.0307692307692309,3,3,2.392750639734764e-06,0.9999654368273413,0.0002288383676770768,1e-06,1.7374928660975444e-07,9.0806723503801e-09,1.8236363120752145e-07,2.3529160512072493e-06
350,0.25,fixed,1.0307692307692309,4,2,3.6258954394519094e-08,0.9999677935022485,0.00022883851605301966,1e-06,0.0,,,
350,0.25,fixed,1.3076923076923077,1,4,0.029999918791232982,0.9699985710905443,0.0,1e-06,0.0002951118404622144,0.00023674470056350607,0.002136185573988875,0.022606809561599363
350,0.25,fixed,1.3076923076923077,2,5,0.00028066673814852727,0.9996789916311952,0.0002951118404622144,1e-06,1.1060861985393022e-05,2.294450039529016e-06,1.3428121599369206e-05,0.00026021002289449265
350,0.25,fixed,1.3076923076923077,3,3,6.306909532183269e-06,0.9999528307977603,0.0002957791532278123,1e-06,4.616477026723472e-07,2.353521400483684e-08,4.845380093327013e-07,6.203210465471448e-06
350,0.25,fixed,1.3076923076923077,4,2,1.369756102986841e-07,0.9999590021630717,0.0002957795959198259,1e-06,0.0,,,
350,0.25,fixed,1.5846153846153845,1,5,0.03809004862276322,0.9619083431532246,0.0,1e-06,0.0003618787636567311,0.000307278330249297,0.0026624591282593028,0.02895690860256088
350,0.25,fixed,1.5846153846153845,2,5,0.0004573710583171131,0.9994938860652152,0.0003618787636567311,1e-06,1.8171220097283267e-05,3.7132194434623663e-06,2.1923064368712214e-05,0.0004244153791323138
350,0.25,fixed,1.5846153846153845,3,4,1.2984171331997807e-05,0.9999374395814583,0.00036294723230510025,1e-06,9.596011476044623e-07,4.7065997523022683e-08,1.0071897942930811e-06,1.2775299672135484e-05
350,0.25,fixed,1.5846153846153845,4,2,3.1965644431419804e-07,0.9999501060319965,0.0003629481008114186,1e-06,0.0,,,
350,0.25,fixed,1.8615384615384616,1,5,0.04631536920035173,0.9536829225646051,0.0,1e-06,0.0004287915924768848,0.00038399577085242306,0.0032078271553873878,0.035530419021052015
350,0.25,fixed,1.8615384615384616,2,5,0.0006744997268604003,0.9992683956438274,0.0004287915924768848,1e-06,2.7041013218816017e-05,5.438015387453506e-06,3.2416635151008376e-05,0.0006265272547176025
350,0.25,fixed,1.8615384615384616,3,4,2.301184345532281e-05,0.999918675555142,0.0004303431250322048,1e-06,1.721915898010096e-06,7.898267450958685e-08,1.8073307228555682e-06,2.266363226134474e-05
350,0.25,fixed,1.8615384615384616,4,3,6.044739878641181e-07,0.9999410899878846,0.00043034396607137467,1e-06,0.0,,,
350,0.25,fixed,2.138461538461539,1,5,0.05468262584291983,0.9453155638992209,0.0,1e-06,0.0004958584295516877,0.000468126748689284,0.003773588683926959,0.042341548525429124
350,0.25,fixed,2.138461538461539,2,6,0.0009307270375755738,0.9990038416183311,0.0004958584295516877,1e-06,3.767801577947774e-05,7.450621638381968e-06,4.487292811330293e-05,0.0008654784287613087
350,0.25,fixed,2.138461538461539,3,4,3.689141244866967e-05,0.9998960378155016,0.0004979684111655058,1e-06,2.8009821390090773e-06,1.1709910372212919e-07,2.939972274466066e-06,3.638565417928442e-05
350,0.25,fixed,2.138461538461539,4,3,1.1128338359700507e-06,0.9999318352480799,0.0004979678937666232,1e-06,1.5201659532329018e-07,2.095214698772928e-09,1.327696057908887e-07,1.095496718480366e-06
350,0.25,fixed,2.138461538461539,5,2,4.1919586579730606e-08,0.9999328894390992,0.0004979671487197409,1e-06,0.0,,,
350,0.25,fixed,2.4153846153846157,1,5,0.06319912138231987,0.9367989642102346,0.0,1e-06,0.0005630878559145236,0.0005555446263743613,0.004361173505895464,0.04940585609314319
350,0.25,fixed,2.4153846153846157,2,6,0.001224499783074262,0.9987017662656159,0.0005630878559145236,1e-06,5.009060695888856e-05,9.7285090841283e-06,5.9252488357155524e-05,0.0011400378027041423
350,0.25,fixed,2.4153846153846157,3,4,5.516143361705694e-05,0.9998689889901902,0.0005658232298255648,1e-06,4.2468695181391986e-06,1.6272126690511067e-07,4.457705552881294e-06,5.446689147851883e-05
350,0.25,fixed,2.4153846153846157,4,3,1.8669357684242271e-06,0.9999223269860199,0.0005658204260392683,1e-06,2.653201563162106e-07,4.434943217039296e-09,2.2910284131888235e-07,1.8240027843880836e-06
350,0.25,fixed,2.4153846153846157,5,2,8.33625933838178e-08,0.9999240689925518,0.0005658188357866249,1e-06,0.0,,,
350,0.25,fixed,2.6923076923076925,1,6,0.07187293488959479,0.9281250442970501,0.0,1e-06,0.0006304904888856377,0.0006439929115028351,0.004972173467054946,0.056740548747734
350,0.25,fixed,2.6923076923076925,2,6,0.0015541279468971325,0.998363848104611,0.0006304904888856377,1e-06,6.428764457151737e-05,1.2247191333823583e-05,7.551273230960183e-05,0.0014488657057487005
350,0.25,fixed,2.6923076923076925,3,5,7.808730764302663e-05,0.9998372719992081,0.0006339090752859183,1e-06,6.107122123942023e-06,2.0854346785210166e-07,6.410490119611827e-06,7.721469131022151e-05
350,0.25,fixed,2.6923076923076925,4,3,2.9698475400019575e-06,0.9999124340400656,0.0006339009752841249,1e-06,4.312645475123006e-07,5.924398867661949e-09,3.680639536490533e-07,2.914323026561075e-06
350,0.25,fixed,2.6923076923076925,5,2,1.5907616135457658e-07,0.9999151930665888,0.000633899063808492,1e-06,0.0,,,
350,0.25,fixed,2.9692307692307693,1,6,0.0807126152717933,0.919285255118971,0.0,1e-06,0.0006980752203882279,0.0007311611239924989,0.0056083304245041505,0.06436438709136476
350,0.25,fixed,2.9692307692307693,2,6,0.0019179692940566317,0.997991728127461,0.0006980752203882279,1e-06,8.027858292169315e-05,1.498476825495515e-05,9.360883662971408e-05,0.001790632313651331
350,0.25,fixed,2.9692307692307693,3,5,0.00010609540977801757,0.9998004584329515,0.0007022272224764606,1e-06,8.427097153517523e-06,2.557246744562245e-07,8.846014824582174e-06,0.00010504256403705118
350,0.25,fixed,2.9692307692307693,4,4,4.4707092423657e-06,0.999902116820693,0.0007022115132672734,1e-06,6.636393071596982e-07,8.591008666310348e-09,5.596684729719078e-07,4.406216511526876e-06
350,0.25,fixed,2.9692307692307693,5,2,1.6095187993503401e-07,0.9999063640787851,0.0007022095376690567,1e-06,0.0,,,
350,0.25,fixed,3.2461538461538466,1,6,0.08972775821404,0.9102700008364545,0.0,1e-06,0.0007658541018602527,0.000821811927881687,0.006271603608082952,0.07229831171303117
350,0.25,fixed,3.2461538461538466,2,7,0.0023138538579012824,0.9975875568055214,0.0007658541018602527,1e-06,9.80730351854385e-05,1.7908799177693734e-05,0.00011348789173950219,0.002163619719977704
350,0.25,fixed,3.2461538461538466,3,5,0.0001394661050956314,0.9997582686665258,0.000772354782640091,1e-06,1.1248156344041173e-05,3.0280371300778556e-07,1.1807803252011816e-05,0.0001382308775729106
350,0.25,fixed,3.2461538461538466,4,4,6.361150132749849e-06,0.999891429036314,0.0007836029389841322,1e-06,9.774545493893537e-07,1.289931109026101e-08,8.14165720537781e-07,6.246808361270963e-06
350,0.25,fixed,3.2461538461538466,5,2,2.438555992689828e-07,0.9998974353986622,0.0007843786404007817,1e-06,0.0,,,
350,0.25,fixed,3.5230769230769234,1,6,0.09892885078431701,0.9010687942129217,0.0,1e-06,0.0008338397797800212,0.0009162035292314912,0.00696417705661422,0.08056552841568979
350,0.25,fixed,3.5230769230769234,2,7,0.002739763037308829,0.9971533525846858,0.0008338397797800212,1e-06,0.00011768052611130925,2.0984120640387092e-05,0.0001350939290621182,0.002566171481506554
350,0.25,fixed,3.5230769230769234,3,5,0.00017816948776050445,0.9997107532194899,0.0008676582764355692,1e-06,1.4683767544596384e-05,3.5423485564373133e-07,1.533692228072298e-05,0.0001768086901820751
350,0.25,fixed,3.5230769230769234,4,4,8.709381168703345e-06,0.9998802900625443,0.0008822675675644229,1e-06,1.3879140254527427e-06,2.0132595596499053e-08,1.141050844923365e-06,8.516796167713034e-06
350,0.25,fixed,3.5230769230769234,5,3,2.7662885992985053e-07,0.9998886177101225,0.0008833547067034765,1e-06,0.0,,,
350,0.25,fixed,3.8000000000000003,1,7,0.10832763031330028,0.8916698977258928,0.0,1e-06,0.0009020477273644634,0.0010146253392601511,0.0076885170839422826,0.08919205092060378
350,0.25,fixed,3.8000000000000003,2,7,0.0031930059637381714,0.9966917844076018,0.0009020477273644634,1e-06,0.00013911034679966322,2.4352476116496428e-05,0.00015835953301759762,0.0029961234423075715
350,0.25,fixed,3.8000000000000003,3,6,0.0002223947049933006,0.9996577205939069,0.0009679955045389307,1e-06,1.8780585156997218e-05,4.2095091746489426e-07,1.9468653271771955e-05,0.0002209428542821181
350,0.25,fixed,3.8000000000000003,4,4,1.1494258738364849e-05,0.9998687911009163,0.0009865394512378824,1e-06,1.911919610734841e-06,2.8421425324223056e-08,1.550600633344615e-06,1.1130000753702304e-05
350,0.25,fixed,3.8000000000000003,5,3,3.7100083327690214e-07,0.999879703899769,0.0009880167831873266,1e-06,0.0,,,
350,0.25,fixed,4.0769230769230775,1,7,0.11793673529662396,0.8820606726770224,0.0,1e-06,0.0009704917471158314,0.0011173987449862905,0.008447369630595378,0.0982066861308255
350,0.25,fixed,4.0769230769230775,2,7,0.0036709261378582436,0.9962055043221668,0.0009704917471158314,1e-06,0.00016237165217825728,2.8116769666741663e-05,0.0001832109994378587,0.0034512713002664724
350,0.25,fixed,4.0769230769230775,3,6,0.00027190408678723355,0.9995994398514849,0.0010735495090177308,1e-06,2.3562583899075767e-05,4.84499069398557e-07,2.4234575786208567e-05,0.000270448776311028
350,0.25,fixed,4.0769230769230775,4,4,1.4818509120329004e-05,0.9998567714262347,0.0010966315180858943,1e-06,2.5652675639705185e-06,3.999278131277529e-08,2.0508921668222004e-06,1.4241162558457987e-05
350,0.25,fixed,4.0769230769230775,5,3,4.825522315066166e-07,0.9998707843928986,0.0010985854910020424,1e-06,0.0,,,
350,0.25,fixed,4.353846153846154,1,7,0.12777055700002382,0.872226727563945,0.0,1e-06,0.0010391902244282214,0.0012304498560166506,0.00924387563769992,0.10764211210428282
350,0.25,fixed,4.353846153846154,2,8,0.004170483066312292,0.9956975481487302,0.0010391902244282214,1e-06,0.0001874720056770432,3.208791301909205e-05,0.00020956245773805476,0.003929066228180683
350,0.25,fixed,4.353846153846154,3,6,0.0003263725856945676,0.9995362898784598,0.001184521470906981,1e-06,2.9076385432992655e-05,5.40290402414826e-07,2.9660568664635828e-05,0.00032503155664766344
350,0.25,fixed,4.353846153846154,4,5,1.852255362877475e-05,0.9998445645687255,0.001212769371420376,1e-06,3.364758702710741e-06,5.886717858444771e-08,2.649102880377186e-06,1.753909101949453e-05
350,0.25,fixed,4.353846153846154,5,3,6.465335973260267e-07,0.9998617010988499,0.0012152932690637824,1e-06,0.0,,,
350,0.25,fixed,4.630769230769231,1,7,0.13784510253873095,0.8621520550079351,0.0,1e-06,0.0011081629465092835,0.0013498096455972191,0.010081603788489293,0.11753518775498581
350,0.25,fixed,4.630769230769231,2,8,0.004687654248901718,0.995171904763753,0.0011081629465092835,1e-06,0.00021441850411332147,3.598818188868259e-05,0.0002373094350719153,0.004426193522034782
350,0.25,fixed,4.630769230769231,3,6,0.00038566493243941125,0.9994683932345428,0.0013011332610899581,1e-06,3.5362589036043186e-05,6.000555461461061e-07,3.5762238527025545e-05,0.00038452210111772714
350,0.25,fixed,4.630769230769231,4,5,2.2761230987322634e-05,0.9998318883583712,0.001335189486236503,1e-06,4.326085880691338e-06,7.676796860156458e-08,3.351522491751883e-06,2.127163964772361e-05
350,0.25,fixed,4.630769230769231,5,3,7.995889906853293e-07,0.9998527475111757,0.0013383825809565523,1e-06,0.0,,,
350,0.25,fixed,4.907692307692308,1,8,0.14817867772175264,0.8518183488965252,0.0,1e-06,0.00118041487992393,0.0014755689825089752,0.010964673041149519,0.12792809110476544
350,0.25,fixed,4.907692307692308,2,8,0.00521811074944889,0.9946328820086717,0.00118041487992393,1e-06,0.00024321556397265826,3.987976762271064e-05,0.00026633169206616677,0.004939001855109317
350,0.25,fixed,4.907692307692308,3,6,0.0004490888852568542,0.9993964889767402,0.0014236304438965883,1e-06,4.245917024892163e-05,6.55671337981881e-07,4.254774707255115e-05,0.0004476557898560877
350,0.25,fixed,4.907692307692308,4,5,2.7393108526618803e-05,0.9998189969236254,0.0014641449208315947,1e-06,5.463578909568434e-06,1.0328517247234807e-07,4.160456591689956e-06,2.522419278021345e-05
350,0.25,fixed,4.907692307692308,5,4,9.87127612317451e-07,0.9998436755363893,0.0014681086776590136,1e-06,0.0,,,
350,0.25,fixed,5.184615384615385,1,8,0.15879127833069517,0.84120561311537,0.0,1e-06,0.0012784178393659973,0.0016083755543681568,0.011897760155512036,0.13886837867413943
350,0.25,fixed,5.184615384615385,2,9,0.005756978425890624,0.9940853378560115,0.0012784178393659973,1e-06,0.0002738657075739004,4.377204202072205e-05,0.0002964883535145175,0.005463316270998505
350,0.25,fixed,5.184615384615385,3,7,0.0005159275845535438,0.9993214309747032,0.0015522835469398977,1e-06,5.0398590391919056e-05,7.988140207033798e-07,5.001441394105455e-05,0.0005137327197897693
350,0.25,fixed,5.184615384615385,4,5,3.248251329468488e-05,0.9998057854949874,0.001599903358390626,1e-06,6.788421462486957e-06,1.3822726165073354e-07,5.074329321036441e-06,2.9446592648590226e-05
350,0.25,fixed,5.184615384615385,5,4,1.1648608929659687e-06,0.9998347268010147,0.001604737736243522,1e-06,5.935436391438109e-07,9.508115302148102e-09,2.762741523638162e-07,4.391407347732641e-07
350,0.25,fixed,5.184615384615385,6,2,1.438960766098063e-07,0.9998352600228143,0.0016049938479287564,1e-06,0.0,,,
350,0.25,fixed,5.461538461538462,1,8,0.16970630393673702,0.830290447700532,0.0,1e-06,0.0013810291257456697,0.0017489876092338463,0.012886358907399127,0.15041137525603582
350,0.25,fixed,5.461538461538462,2,9,0.006298635300361122,0.9935348815273455,0.0013810291257456697,1e-06,0.0003063663928657284,4.6717240845753585e-05,0.0003276117755657345,0.005994256659082146
350,0.25,fixed,5.461538461538462,3,7,0.0005852353093416252,0.9992441717334978,0.0016873955186113981,1e-06,5.920593760043273e-05,1.009193563725144e-06,5.8146491433582896e-05,0.0005819966765856395
350,0.25,fixed,5.461538461538462,4,6,3.779159956862621e-05,0.9997926249714575,0.0017427524600708549,1e-06,8.310567807110392e-06,1.4280297063508887e-07,6.088532376668623e-06,3.3693344900343377e-05
350,0.25,fixed,5.461538461538462,5,4,1.2965126151565087e-06,0.99982604330832,0.0017485530234708654,1e-06,7.588944056807701e-07,1.5189088002247598e-08,3.461030291398363e-07,1.646980111120456e-07
350,0.25,fixed,5.461538461538462,6,2,2.6417779741549907e-07,0.9998263514669368,0.0017488571057417903,1e-06,0.0,,,
350,0.25,fixed,5.7384615384615385,1,9,0.1809506973052275,0.819045909429329,0.0,1e-06,0.001488597490370669,0.0018980894899664385,0.013936910840682598,0.16262135223996
350,0.25,fixed,5.7384615384615385,2,9,0.006835882687969197,0.9929886676414316,0.001488597490370669,1e-06,0.00034071078151112766,4.885396600989324e-05,0.00035994693862179426,0.006525628739328239
350,0.25,fixed,5.7384615384615385,3,7,0.0006557352840936836,0.9991661821561241,0.0018293082718817966,1e-06,6.889512302907241e-05,1.506081670383487e-06,6.690805690857597e-05,0.0006509816332825643
350,0.25,fixed,5.7384615384615385,4,6,4.3127620270477784e-05,0.9997799053403552,0.0018929996767525822,1e-06,1.0034168866867991e-05,1.6526339750501346e-07,7.19102314205499e-06,3.7603526632725796e-05
350,0.25,fixed,5.7384615384615385,5,4,1.4193877114765385e-06,0.9998173930360451,0.0018998505142539131,1e-06,9.514809580058766e-07,2.099154449420907e-08,4.2388310218758464e-07,3.530854231387962e-07
350,0.25,fixed,5.7384615384615385,6,2,4.0649607702114565e-07,0.999817441722178,0.0019001990255653734,1e-06,0.0,,,
350,0.25,fixed,6.015384615384616,1,9,0.19255492819729536,0.8074415280252829,0.0,1e-06,0.0016015191760536673,0.0020492033805973803,0.015056944880772067,0.17557273803497414
350,0.25,fixed,6.015384615384616,2,10,0.007361059082210741,0.9924543523391515,0.0016015191760536673,1e-06,0.00037688502373912913,5.18973164982557e-05,0.0003983990250351819,0.007050630607869208
350,0.25,fixed,6.015384615384616,3,7,0.0007257108130616086,0.9990893789832738,0.0019784041997927965,1e-06,7.947121075485824e-05,1.7976131553392688e-06,7.624643195946227e-05,0.000718771326877105
350,0.25,fixed,6.015384615384616,4,6,4.831214563494335e-05,0.9997678412354122,0.002050977048629863,1e-06,1.1955737635865491e-05,2.039439396990193e-07,8.360811482450392e-06,4.069890846862576e-05
350,0.25,fixed,6.015384615384616,5,4,1.494368286447667e-06,0.9998089418147003,0.0020589422501499336,1e-06,1.1716863334667622e-06,2.8337386863915652e-08,5.082645374349682e-07,9.57170553622175e-07
350,0.25,fixed,6.015384615384616,6,2,6.046127536407653e-07,0.9998085640143598,0.0020593271888092743,1e-06,0.0,,,
350,0.25,fixed,6.292307692307693,1,9,0.2045551571856149,0.7954411422946286,0.0,1e-06,0.0017202563491398593,0.0022095504626370877,0.016255501220615805,0.18935395908009028
350,0.25,fixed,6.292307692307693,2,10,0.007863908993721691,0.9919421303001469,0.0017202563491398593,1e-06,0.0004148672858772656,5.3642250187328996e-05,0.0004388108807226437,0.007560313537180984
350,0.25,fixed,6.292307692307693,3,8,0.0007935624849256806,0.9990154643104825,0.002135123635017125,1e-06,9.091528621689524e-05,1.943661333782115e-06,8.607275895362853e-05,0.0007837073341565757
350,0.25,fixed,6.292307692307693,4,6,5.3087634764970026e-05,0.999757021033023,0.0022170402081464983,1e-06,1.4066548739266344e-05,2.2501910689345657e-07,9.571501431748371e-06,4.291707463867474e-05
350,0.25,fixed,6.292307692307693,5,4,1.929402400957514e-06,0.999800796744378,0.002226158718747767,1e-06,1.4171984748846344e-06,4.019823954189606e-08,5.959677174707639e-07,1.6522395681363024e-06
350,0.25,fixed,6.292307692307693,6,2,8.804272579876482e-07,0.999799739773349,0.002226564072331228,1e-06,0.0,,,
350,0.25,fixed,6.56923076923077,1,10,0.21699433678813473,0.7830017989791056,0.0,1e-06,0.0018453510578555488,0.002380172255908794,0.01754351531847393,0.20407079913592208
350,0.25,fixed,6.56923076923077,2,10,0.008332385505275264,0.9914639962782702,0.0018453510578555488,1e-06,0.0004546225910324886,5.423533277198382e-05,0.00048114639599654106,0.008044030472960616
350,0.25,fixed,6.56923076923077,3,8,0.0008564391926171311,0.9989479082762152,0.0022999736488880373,1e-06,0.00010319236484064662,2.5268388697478166e-06,9.626694900375267e-05,0.0008424784173212283
350,0.25,fixed,6.56923076923077,4,6,5.718772680674e-05,0.999747603270741,0.0023915820001213055,1e-06,1.6336575796245902e-05,3.007076078396637e-07,1.0772916439435448e-05,4.396756740982843e-05
350,0.25,fixed,6.56923076923077,5,4,3.2149558750749208e-06,0.9997929623509236,0.002401844968943772,1e-06,1.6834081724752137e-06,4.5283722976515454e-08,6.826824253598926e-07,2.8780923545467526e-06
350,0.25,fixed,6.56923076923077,6,2,1.2373702269474762e-06,0.9997909721252906,0.0024022468185487503,1e-06,8.42572751016232e-08,8.825413376834267e-09,8.655351816466407e-08,1.1273540249001013e-06
350,0.25,fixed,6.56923076923077,7,2,1.2502102908484858e-07,0.9997898583721407,0.002402179811566608,1e-06,0.0,,,
350,0.25,fixed,6.846153846153847,1,10,0.22992250303339667,0.7700734611773816,0.0,1e-06,0.001977438394432207,0.002562299710311413,0.0189341883917461,0.21984954224999587
350,0.25,fixed,6.846153846153847,2,11,0.008752100531677631,0.9910342929157717,0.001977438394432207,1e-06,0.0004961012328171671,5.258029977119235e-05,0.0005253519576583309,0.008488942654077312
350,0.25,fixed,6.846153846153847,3,8,0.0009115656566001107,0.9988898427739183,0.0024735396272493743,1e-06,0.00011623374951967667,2.8681231719959735e-06,0.00010665924747470578,0.0008919892385110467
350,0.25,fixed,6.846153846153847,4,7,6.0083495361906714e-05,0.999740626507891,0.0025750265246991116,1e-06,1.8727581208703194e-05,3.5806105101558595e-07,1.1907057775388197e-05,4.25063949055826e-05
350,0.25,fixed,6.846153846153847,5,4,4.700098730880953e-06,0.9997853093318148,0.0025863698619965634,1e-06,1.95902943552084e-06,3.964160427919083e-08,7.595790297243959e-07,4.385933774341708e-06
350,0.25,fixed,6.846153846153847,6,3,1.3248016794698003e-06,0.9997819268850239,0.0025867282345462678,1e-06,9.932313830380776e-08,5.017685460801983e-09,1.178480254465159e-07,1.2780036858354527e-06
350,0.25,fixed,6.846153846153847,7,2,2.958426141841386e-07,0.9997808971719375,0.002586628911407964,1e-06,0.0,,,
350,0.25,fixed,7.1230769230769235,1,11,0.2434016723500685,0.7565941113706001,0.0,1e-06,0.002117288326246358,0.0027574337526877456,0.020444049681717223,0.23684633328066768
350,0.25,fixed,7.1230769230769235,2,11,0.009104947005373454,0.9906710618960324,0.002117288326246358,1e-06,0.0005392285382475465,4.921819006779801e-05,0.0005713446958427268,0.00887887760759919
350,0.25,fixed,7.1230769230769235,3,8,0.0009551526711267799,0.9988462408259344,0.0026565168644939047,1e-06,0.00012993300647677272,3.032481958757454e-06,0.0001170182612373699,0.0009265390390425703
350,0.25,fixed,7.1230769230769235,4,7,6.138015576373501e-05,0.999736465600083,0.0027678495021441762,1e-06,2.1168236700120995e-05,4.376247722236015e-07,1.2882780566576042e-05,3.7922331001467724e-05
350,0.25,fixed,7.1230769230769235,5,4,6.88775229851224e-06,0.9997783318841659,0.002780122308162508,1e-06,2.231653574609561e-06,5.657957282709e-08,8.247338427380137e-07,6.5390452427692524e-06
350,0.25,fixed,7.1230769230769235,6,3,1.6459526526180213e-06,0.9997730845931359,0.0027803842886298556,1e-06,1.429278060650354e-07,3.8464484356351145e-09,1.5821311849084063e-07,1.6141453668075394e-06
350,0.25,fixed,7.1230769230769235,7,2,3.9385823891180394e-07,0.99977182628572,0.0027802413608237907,1e-06,0.0,,,
350,0.25,fixed,7.4,1,11,0.2575066564566355,0.742488936519323,0.0,1e-06,0.002265829361252081,0.0029674014087642583,0.022093737285477567,0.255253575866518
350,0.25,fixed,7.4,2,11,0.009368399162240526,0.9903967553060466,0.002265829361252081,1e-06,0.0005839031427858354,4.830650100667882e-05,0.0006190096742256818,0.009193653938129948
350,0.25,fixed,7.4,3,9,0.0009826979090329369,0.9988232058056732,0.0028497325040379162,1e-06,0.00014412789915274962,3.2786585221886043e-06,0.00012702709118855813,0.0009417726301782629
350,0.25,fixed,7.4,4,7,6.050675600866029e-05,0.9997241795865404,0.002970577588144757,1e-06,2.355475602212854e-05,6.147679829802237e-07,1.3577520069842806e-05,3.063646303536163e-05
350,0.25,fixed,7.4,5,4,9.624123839202525e-06,0.9997718797908026,0.0029835122304232463,1e-06,2.476959722847938e-06,8.132968341345051e-08,1.0604863827981735e-06,9.256865410249892e-06
350,0.25,fixed,7.4,6,3,1.965414177629299e-06,0.9997642175442407,0.0029836032764740507,1e-06,1.9910619520404436e-07,3.1226987237685146e-09,2.0897661851670277e-07,1.9592979087141865e-06
350,0.25,fixed,7.4,7,2,5.039798829375997e-07,0.9997627430852588,0.002983404170278847,1e-06,0.0,,,
350,0.25,fixed,7.676923076923077,1,12,0.27233273415122705,0.7276626561255544,0.0,1e-06,0.002424223891922983,0.0031945025164826094,0.023909971679154998,0.27531689146097715
350,0.25,fixed,7.676923076923077,2,12,0.0095132440650606,0.990240477903695,0.002424223891922983,1e-06,0.0006299784588203045,4.2829109546564846e-05,0.0006681785248121042,0.009407145931365535
350,0.25,fixed,7.676923076923077,3,9,0.0009892337315734467,0.9988282567524701,0.0030542023507432875,1e-06,0.00015857264570728717,4.127602892002497e-06,0.0001362458160532122,0.0009290128533873403
350,0.25,fixed,7.676923076923077,4,7,5.704937025008405e-05,0.9997137665830738,0.003183809617525426,1e-06,2.5740706458650593e-05,7.701993177730105e-07,1.3829306625635224e-05,1.758892288258024e-05
350,0.25,fixed,7.676923076923077,5,4,1.3135125554564198e-05,0.999766179556461,0.003196984199611636,1e-06,2.657162301210539e-06,6.881738731811567e-08,1.3413152480762302e-06,1.2762008954732762e-05
350,0.25,fixed,7.676923076923077,6,4,2.6362901697218888e-06,0.9997556676233535,0.0031967971093815636,1e-06,2.704241237270536e-07,6.968716526969605e-09,2.838297938713262e-07,2.5772323635721126e-06
350,0.25,fixed,7.676923076923077,7,2,3.710711447002524e-07,0.9997534089317008,0.0031965266852578365,1e-06,0.0,,,
350,0.25,fixed,7.953846153846155,1,13,0.28800042979880935,0.7119947436446433,0.0,1e-06,0.0025939383093795954,0.003441660664080638,0.025927692473317502,0.2973526308964785
350,0.25,fixed,7.953846153846155,2,12,0.00950143013376148,0.990240320251468,0.0025939383093795954,1e-06,0.000677251156273706,3.747289957484518e-05,0.0007186150308874348,0.00948523109248388
350,0.25,fixed,7.953846153846155,3,9,0.0009675064027728775,0.9988590512240403,0.0032711894656533014,1e-06,0.0001729054313417116,4.5263086780354065e-06,0.00014406203568903986,0.0008778884634955815
350,0.25,fixed,7.953846153846155,4,7,5.0190836852537224e-05,0.999707784029987,0.003408228296462,1e-06,2.793421612745764e-05,8.368483882160412e-07,1.3408303446130413e-05,9.166464726769515e-06
350,0.25,fixed,7.953846153846155,5,4,1.745179174683642e-05,0.9997612628772224,0.0034210019930370726,1e-06,2.7197291090907943e-06,3.969637743844156e-08,1.662474461140479e-06,1.709887571337646e-05
350,0.25,fixed,7.953846153846155,6,4,3.0016859093873194e-06,0.9997468029307707,0.003420394866273782,1e-06,3.600771231841986e-07,7.624170193785722e-09,3.7792680577822274e-07,2.983373474716158e-06
350,0.25,fixed,7.953846153846155,7,3,2.0306532344527284e-07,0.9997437841738652,0.003420034789150598,1e-06,0.0,,,
350,0.25,fixed,8.23076923076923,1,14,0.3046692881001931,0.6953256514779818,0.0,1e-06,0.0027768872479077,0.00372176245525709,0.028194324488535205,0.32178314106755646
350,0.25,fixed,8.23076923076923,2,13,0.009307792156638461,0.9904471667082674,0.0027768872479077,1e-06,0.0007254298290039207,2.3428095523537133e-05,0.0007699785387317361,0.009382448368566608
350,0.25,fixed,8.23076923076923,3,10,0.000913441666593573,0.9988862549353923,0.0035023170769116208,1e-06,0.00018659253711811666,4.64496444785851e-06,0.00014961338252565473,0.0007826061174674892
350,0.25,fixed,8.23076923076923,4,8,3.965815855710986e-05,0.9997081842381216,0.003644639454792868,1e-06,2.9828597613132157e-05,9.814892258181496e-07,1.3686178558075727e-05,3.627070089015546e-05
350,0.25,fixed,8.23076923076923,5,5,2.269386214259761e-05,0.9997498274222436,0.0036560655480992353,1e-06,2.5841810807608793e-06,6.528368755334792e-08,2.0175744119973665e-06,2.2391784757238118e-05
350,0.25,fixed,8.23076923076923,6,4,3.4782291957746736e-06,0.9997379722420839,0.003654847131069862,1e-06,4.66222199004156e-07,1.0274014860557709e-08,4.893331839566424e-07,3.4152712815834444e-06
350,0.25,fixed,8.23076923076923,7,3,2.013299358338827e-07,0.9997343904518701,0.003654380908870858,1e-06,0.0,,,
350,0.25,fixed,8.507692307692308,1,15,0.3225565513180483,0.677438133359277,0.0,1e-06,0.002975655184290771,0.004040984793423824,0.03077640151727655,0.3491905363581821
350,0.25,fixed,8.507692307692308,2,13,0.00891652461571324,0.9909276831139638,0.002975655184290771,1e-06,0.0007740831473216359,3.242453455857888e-05,0.0008217637997693739,0.008901422857566446
350,0.25,fixed,8.507692307692308,3,10,0.0008177181410751189,0.9989316202303724,0.0037497383316124067,1e-06,0.00019884872950876042,4.867916518190583e-06,0.00015166945663584004,0.0006148224478645974
350,0.25,fixed,8.507692307692308,4,8,8.09096622158556e-05,0.9997178641874617,0.003894029400970611,1e-06,3.086279595610343e-05,1.0889346420946953e-06,1.3269410223252233e-05,7.249012233499255e-05
350,0.25,fixed,8.507692307692308,5,5,2.8338400315019996e-05,0.9997379666295336,0.003902711302024767,1e-06,2.1239517979137112e-06,3.742546646213062e-08,2.651887349798562e-06,2.8236095751504794e-05
350,0.25,fixed,8.507692307692308,6,5,3.714560750545104e-06,0.9997229300196205,0.0039006202732577333,1e-06,5.861350334411726e-07,1.5204518646932843e-08,6.151896300178236e-07,3.3637856163551603e-06
350,0.25,fixed,8.507692307692308,7,3,2.099895304308319e-07,0.999719732754763,0.003900034138224292,1e-06,0.0,,,
350,0.25,fixed,8.784615384615384,1,16,0.34197216850131307,0.6580222344806621,0.0,1e-06,0.003193886589659467,0.0043816991105563,0.03377181454889878,0.38041461695719264
350,0.25,fixed,8.784615384615384,2,14,0.008310590931370099,0.9915672981408667,0.003193886589659467,1e-06,0.0008225669813189951,4.174312204730801e-05,0.000873214665113511,0.008021004457216397
350,0.25,fixed,8.784615384615384,3,10,0.000673797790503583,0.9990359051228437,0.004016453570978462,1e-06,0.00020845006324228706,6.199476016392625e-06,0.00014837770971892577,0.00035726667286205597
350,0.25,fixed,8.784615384615384,4,7,0.00013882011857080379,0.9997409444744769,0.0041576396451266425,1e-06,3.0429214405747242e-05,1.1205810925033622e-06,1.4362336830402734e-05,0.00013081429149516626
350,0.25,fixed,8.784615384615384,5,6,3.515393116759746e-05,0.9997269781218291,0.0041615225920289345,1e-06,3.318730545712016e-06,7.292653212274405e-08,3.612074468129984e-06,3.480614697223787e-05
350,0.25,fixed,8.784615384615384,6,5,3.7832697177275776e-06,0.9997051702039839,0.0041582038614832225,1e-06,8.5579442939702e-07,2.4221879485271132e-08,7.565267407839766e-07,2.8171810173755142e-06
350,0.25,fixed,8.784615384615384,7,2,1.8521720912545447e-07,0.9997016477552735,0.004157483063977674,1e-06,0.0,,,
350,0.25,fixed,9.061538461538461,1,18,0.3633858291683356,0.6366082564758562,0.0,1e-06,0.0034370458804025006,0.0047752325535112515,0.037333862974016176,0.4167425737874555
350,0.25,fixed,9.061538461538461,2,14,0.00746910539100365,0.9923569614498141,0.0034370458804025006,1e-06,0.0008698655299421154,5.692068088048409e-05,0.0009231396383054915,0.006649866600146081
350,0.25,fixed,9.061538461538461,3,10,0.00047965910301328574,0.9992274287201895,0.004306911410344616,1e-06,0.00021341204020039473,9.849205102760856e-06,0.0001368122547993135,0.00010954144408193887
350,0.25,fixed,9.061538461538461,4,6,0.00021783390455398788,0.9997834802485187,0.004437136381418485,1e-06,2.7527219532069355e-05,7.306202370013964e-07,2.0285536958406598e-05,0.0002114902032836842
350,0.25,fixed,9.061538461538461,5,7,4.2699293071990496e-05,0.9997169564075098,0.0044331318451190475,1e-06,5.030793204975604e-06,1.3796244119864978e-07,5.27988456186709e-06,4.1279452173911794e-05
350,0.25,fixed,9.061538461538461,6,5,3.784184222199727e-06,0.9996864044305084,0.004428101051914072,1e-06,1.2422921913265804e-06,3.7234147555082175e-08,8.849599748008458e-07,2.0475484999772424e-06
350,0.25,fixed,9.061538461538461,7,2,3.6303184947072964e-07,0.9996825460232197,0.004427257886395861,1e-06,0.0,,,
350,0.25,fixed,9.338461538461539,1,20,0.38757206109542386,0.6124216568033787,0.0,1e-06,0.003714040913717742,0.005289501760102494,0.041724666899571716,0.46032259056027214
350,0.25,fixed,9.338461538461539,2,15,0.006338332662943924,0.9934684445751814,0.003714040913717742,1e-06,0.0009188703947860116,8.451716939332027e-05,0.0009695241502312902,0.004683154859470488
350,0.25,fixed,9.338461538461539,3,10,0.0007504216923346352,0.9995503697905481,0.004628295911747182,1e-06,0.00021029877010740258,1.2242457647090236e-05,0.00011201497556409525,0.0006345029818099538
350,0.25,fixed,9.338461538461539,4,8,0.00032962978337502946,0.9998564625739934,0.004734977843799038,1e-06,2.041344235166907e-05,7.771607446075428e-07,2.830771821920786e-05,0.0003261735765493809
350,0.25,fixed,9.338461538461539,5,7,5.1422527848066224e-05,0.9997083129359745,0.0047182500841610655,1e-06,7.450328117289732e-06,2.2382696243149193e-07,7.819048953348746e-06,4.662507026900369e-05
350,0.25,fixed,9.338461538461539,6,6,3.408853707975723e-06,0.9996660434843194,0.004710799756043776,1e-06,1.7687873737119326e-06,6.096862148280846e-08,9.648662317109117e-07,4.921033626389117e-07
350,0.25,fixed,9.338461538461539,7,2,1.360548199880185e-06,0.9996622278578431,0.0047098804585988824,1e-06,2.2330720652042277e-07,2.909567027967032e-09,1.3798155040476044e-07,1.3427949918562351e-06
350,0.25,fixed,9.338461538461539,8,2,6.209292493508656e-07,0.9996625952025945,0.00470992924137482,1e-06,0.0,,,
350,0.25,fixed,9.615384615384615,1,23,0.4159943937433258,0.5839988777001165,0.0,1e-06,0.004041498390448872,0.005996463765980302,0.0474590906862859,0.5152596000823859
350,0.25,fixed,9.615384615384615,2,15,0.0048816469790374795,0.9949296603029769,0.004041498390448872,1e-06,0.0009942109461358734,9.07908154251172e-05,0.0010085243967640255,0.0020538665772269777
350,0.25,fixed,9.615384615384615,3,10,0.0017522825551172794,0.9998483520310207,0.004993924203935032,1e-06,0.00019675575526852378,1.4225320858485048e-05,0.0001450125797616949,0.0016108269771327273
350,0.25,fixed,9.615384615384615,4,9,0.0004941434615017837,0.9998913117250998,0.005055364161384119,1e-06,3.761575050177483e-05,8.833398738845861e-07,4.354482452309439e-05,0.000489891225091126
350,0.25,fixed,9.615384615384615,5,8,6.321045413026916e-05,0.9997021368289071,0.0050177484108823445,1e-06,1.247338993566377e-05,3.303964205509837e-07,1.14934457774291e-05,5.0954855865297836e-05
350,0.25,fixed,9.615384615384615,6,6,5.907400060123358e-06,0.9996433494296068,0.005006796636646765,1e-06,2.5800860654295116e-06,1.1019743659935498e-07,1.2091767024368024e-06,5.144312303790517e-06
350,0.25,fixed,9.615384615384615,7,3,2.6972906669309182e-06,0.9996405742900049,0.005005895943870725,1e-06,2.450740449235891e-07,5.70155994935022e-09,2.582491364616945e-07,2.6636008126990895e-06
350,0.25,fixed,9.615384615384615,8,3,5.473763659002984e-07,0.9996418789498561,0.0050060894667038475,1e-06,0.0,,,
350,0.5,calibrated,0.2,1,3,0.004999940670395997,1.0000003610128212,0.0,1e-06,0.08596227024160487,4.175637373369728e-06,0.00501243855963957,0.004482158976275538
350,0.5,calibrated,0.2,2,3,2.5373415368123986e-05,1.0033247198806023,0.08596227024160487,1e-06,0.00042658272291393304,2.02988943180358e-09,2.4628262188158725e-05,2.516405239730365e-05
350,0.5,calibrated,0.2,3,2,2.487271868467644e-07,1.0033408533599508,0.0863888529645188,1e-06,0.0,,,
350,0.5,calibrated,0.47692307692307695,1,3,0.004999858521660405,0.9943585284596694,0.0,1e-06,0.08596083293372517,1.0395018018171463e-05,0.005012357256070061,0.0037648405282122246
350,0.5,calibrated,0.47692307692307695,2,3,3.013040102017861e-05,0.9975914311793872,0.08596083293372517,1e-06,0.00042656874053158364,1.2520068573926543e-08,2.462747116768771e-05,2.9614759394110415e-05
350,0.5,calibrated,0.47692307692307695,3,2,2.487150720931197e-07,0.9976213439873184,0.08638740167425675,1e-06,0.0,,,
350,0.5,calibrated,0.7538461538461538,1,4,0.004999776372863862,0.987150365845447,0.0,1e-06,0.08595939562559796,1.6840856433344668e-05,0.005012275952406097,0.0030281100990319485
350,0.5,calibrated,0.7538461538461538,2,3,3.92149951994325e-05,0.9893380414941997,0.08595939562559796,1e-06,0.00042655475833963506,3.225314743200135e-08,2.462668015717364e-05,3.8096962756445295e-05
350,0.5,calibrated,0.7538461538461538,3,2,2.487029577835642e-07,0.9893771065364516,0.0863859503839376,1e-06,0.0,,,
350,0.5,calibrated,1.0307692307692309,1,4,0.004999694224005813,0.9798344494065263,0.0,1e-06,0.08595795831721655,2.3533126121847124e-05,0.005012194648647278,0.002270641914493769
350,0.5,calibrated,1.0307692307692309,2,3,5.3274567651917515e-05,0.9809499691080709,0.08595795831721655,1e-06,0.0004265407763457033,6.303057136547094e-08,2.4625889157056243e-05,5.1254115933975494e-05
350,0.5,calibrated,1.0307692307692309,3,2,2.486908439180979e-07,0.9810032383485257,0.08638449909356224,1e-06,0.0,,,
350,0.5,calibrated,1.3076923076923077,1,4,0.004999612075086701,0.9724061403968778,0.0,1e-06,0.08595652100858477,3.0494162144355678e-05,0.005012113344793831,0.001490973419273184
350,0.5,calibrated,1.3076923076923077,2,3,7.304646066541576e-05,0.9724203083864819,0.08595652100858477,1e-06,0.00042652679454788434,1.0682286929400408e-07,2.462509816722562e-05,6.982485634878244e-05
350,0.5,calibrated,1.3076923076923077,3,3,3.195800868383003e-07,0.9724936731552779,0.08638304780313265,1e-06,0.0,,,
350,0.5,calibrated,1.5846153846153845,1,5,0.004999529926105972,0.9648604133161601,0.0,1e-06,0.08595508369969593,3.774872917594007e-05,0.005012032040845364,0.0010459905849000055
350,0.5,calibrated,1.5846153846153845,2,4,9.940215447901135e-05,0.9637415126174496,0.08595508369969593,1e-06,0.00042655524652343525,1.6643328857130967e-07,2.462675717013155e-05,9.468044460815415e-05
350,0.5,calibrated,1.5846153846153845,3,3,8.887404924218245e-07,0.9638418035693572,0.08638163894621936,1e-06,0.0,,,
350,0.5,calibrated,1.8615384615384616,1,5,0.004999447777064292,0.9571919373645572,0.0,1e-06,0.0859536463905596,4.508422983128546e-05,0.005011950736802436,0.0018704603677820654
350,0.5,calibrated,1.8615384615384616,2,4,0.00013328210674345975,0.9549053987881848,0.0859536463905596,1e-06,0.00042654126235703053,2.4372101121779105e-07,2.4625966043085108e-05,0.00012678512968955575
350,0.5,calibrated,1.8615384615384616,3,3,1.7427728220553718e-06,0.9550404237454698,0.08638018765291662,1e-06,4.222462203177713e-06,9.910532337213263e-10,2.437680703599963e-07,1.716626648345099e-06
350,0.5,calibrated,1.8615384615384616,4,2,2.2127128795901285e-08,0.9550386623216826,0.0863844101151198,1e-06,0.0,,,
350,0.5,calibrated,2.138461538461539,1,5,0.004999365627960994,0.949394903124766,0.0,1e-06,0.08595220908116524,5.247524675761544e-05,0.005011869432664434,0.002583945771098905
350,0.5,calibrated,2.138461538461539,2,4,0.00017583407433807707,0.9459029392594693,0.08595220908116524,1e-06,0.00042652727838673863,3.3412888427251534e-07,2.4625174926325306e-05,0.00016730489841825113
350,0.5,calibrated,2.138461538461539,3,3,3.0289904836555692e-06,0.9460818024287645,0.08637873635955198,1e-06,4.222256124793997e-06,1.551262054293649e-09,2.437563342782295e-07,3.0014867849318344e-06
350,0.5,calibrated,2.138461538461539,4,2,3.970101380978974e-08,0.9460787422331857,0.08638295861567678,1e-06,0.0,,,
350,0.5,calibrated,2.4153846153846157,1,5,0.0049992834787967455,0.9414630458245857,0.0,1e-06,0.08595077177152434,6.0063269300920265e-05,0.005011788128432025,0.0030486127907970975
350,0.5,calibrated,2.4153846153846157,2,4,0.0002283750832098308,0.9367242182883485,0.08595077177152434,1e-06,0.00042651329461636754,4.433129321402349e-07,2.4624383820071988e-05,0.00021759058012279223
350,0.5,calibrated,2.4153846153846157,3,4,4.92974596288942e-06,0.9369575232558256,0.0863772850661407,1e-06,4.222261625472624e-06,2.653146313740407e-09,2.4375681292933023e-07,4.903510262318803e-06
350,0.5,calibrated,2.4153846153846157,4,2,8.761170100513027e-08,0.9369525107042214,0.08638150732776617,1e-06,0.0,,,
350,0.5,calibrated,2.6923076923076925,1,6,0.005739604875879212,0.9333894653365367,0.0,1e-06,0.08594933446162259,6.785902504344234e-05,0.005011706824104375,0.0038316764702455443
350,0.5,calibrated,2.6923076923076925,2,5,0.00029248428818207106,0.9273582437694342,0.08594933446162259,1e-06,0.0004264991005311953,5.738731470209631e-07,2.4623580569829483e-05,0.0002792567087694011
350,0.5,calibrated,2.6923076923076925,3,4,7.756477397369288e-06,0.9276584847163868,0.08637583356215378,1e-06,4.222263969306265e-06,6.37312863035234e-09,3.0438124312832484e-07,7.710008057148863e-06
350,0.5,calibrated,2.6923076923076925,4,2,1.5309410017483316e-07,0.9276505853067577,0.08638005582612308,1e-06,0.0,,,
350,0.5,calibrated,2.9692307692307693,1,6,0.007005021979163528,0.9251668944061413,0.0,1e-06,0.0859478971514752,7.60896797878595e-05,0.005011625519682372,0.004380467697323017
350,0.5,calibrated,2.9692307692307693,2,5,0.0003699270397301557,0.9177929107636709,0.0859478971514752,1e-06,0.0004264851171682819,7.285541711297184e-07,2.462278948502097e-05,0.0003541496465589674
350,0.5,calibrated,2.9692307692307693,3,4,1.161789282499992e-05,0.9181744559306809,0.08637438226864348,1e-06,4.222057883306519e-06,1.020275263505975e-08,4.483693028033032e-07,1.1587812968201607e-05
350,0.5,calibrated,2.9692307692307693,4,2,2.5300280692697186e-07,0.9181626057159065,0.08637860432652679,1e-06,0.0,,,
350,0.5,calibrated,3.2461538461538466,1,6,0.008310757726294749,0.9167872158964657,0.0,1e-06,0.08594645984106984,8.496083282764692e-05,0.005011544215165297,0.004857444682160822
350,0.5,calibrated,3.2461538461538466,2,5,0.0004628659269733104,0.9080146573373538,0.08594645984106984,1e-06,0.0004264711340014813,9.105314596300928e-07,2.462199841049918e-05,0.0004445146672050564
350,0.5,calibrated,3.2461538461538466,3,4,1.6946211715551662e-05,0.9084944697761053,0.08637293097507133,1e-06,4.221851797306771e-06,1.5833284747510723e-08,6.454925161530201e-07,1.6960289675470948e-05
350,0.5,calibrated,3.2461538461538466,4,2,4.0556376124101234e-07,0.908477157990231,0.08637715282686864,1e-06,0.0,,,
350,0.5,calibrated,3.5230769230769234,1,6,0.009660607047447312,0.9082416066520262,0.0,1e-06,0.08594502253041314,9.426128952959546e-05,0.005011462910553534,0.005783547671553258
350,0.5,calibrated,3.5230769230769234,2,6,0.0005739057843535678,0.8980082606851068,0.08594502253041314,1e-06,0.0004264571531213941,1.1235297249701726e-06,2.4621207466969413e-05,0.00055306176411379
350,0.5,calibrated,3.5230769230769234,3,4,2.4268708909258585e-05,0.8986064355567032,0.08637147968353454,1e-06,4.221643658786581e-06,2.5022679046540853e-08,9.126773122799502e-07,2.4359496435036815e-05
350,0.5,calibrated,3.5230769230769234,4,3,8.597970934109966e-07,0.8985813071153498,0.08637570132719333,1e-06,0.0,,,
350,0.5,calibrated,3.8000000000000003,1,7,0.011058790798648799,0.8995202600206653,0.0,1e-06,0.08594358521950893,0.00010403682311108923,0.005011381605847308,0.006863614326131815
350,0.5,calibrated,3.8000000000000003,2,6,0.0007059027683857799,0.8877568372666347,0.08594358521950893,1e-06,0.0004264431703430111,1.3718506881222931e-06,2.4620416412801283e-05,0.0006828560802254074
350,0.5,calibrated,3.8000000000000003,3,4,3.412506740552157e-05,0.8884968655821344,0.08637002838985194,1e-06,4.221437593730919e-06,3.733071574944004e-08,1.270567056374454e-06,3.4370562542185155e-05
350,0.5,calibrated,3.8000000000000003,4,3,1.3504226538119113e-06,0.888461390487989,0.08637424982744568,1e-06,8.95266855600666e-08,2.2384885675446933e-09,5.9040900894387615e-08,1.4193129811566923e-06
350,0.5,calibrated,3.8000000000000003,5,2,2.086719641525292e-08,0.8884627377943597,0.08637429171597975,1e-06,0.0,,,
350,0.5,calibrated,4.0769230769230775,1,7,0.012510460537076051,0.8906126594847054,0.0,1e-06,0.08594214790834481,0.0001145412957648639,0.005011300301045894,0.007994524009244651
350,0.5,calibrated,4.0769230769230775,2,6,0.0008627318704435005,0.8772408441559901,0.08594214790834481,1e-06,0.00042642918777216493,1.6606962634792948e-06,2.778028274537411e-05,0.0008379328760806584
350,0.5,calibrated,4.0769230769230775,3,4,4.736852206965736e-05,0.8781509451498466,0.08636857709611698,1e-06,4.221231528675258e-06,5.3919605615105154e-08,1.7475709699588913e-06,4.7878508124199155e-05
350,0.5,calibrated,4.0769230769230775,4,3,2.0834237620670493e-06,0.8781014945685685,0.08637279832764565,1e-06,1.3446866366393127e-07,3.844877757046396e-09,9.00033365116162e-08,2.2075791385063006e-06
350,0.5,calibrated,4.0769230769230775,5,2,3.339622012266119e-08,0.878103565103355,0.0863728402134646,1e-06,0.0,,,
350,0.5,calibrated,4.353846153846154,1,7,0.014021332884423976,0.8815069308049065,0.0,1e-06,0.08594071059692365,0.00012608335987272229,0.005011218996149459,0.009181732486948148
350,0.5,calibrated,4.353846153846154,2,6,0.0010487870327616777,0.8664382967025293,0.08594071059692365,1e-06,0.0004264152053936236,1.9961835373137104e-06,3.4040163735184685e-05,0.0010229857955685738
350,0.5,calibrated,4.353846153846154,3,5,6.549452935367128e-05,0.8675525790196377,0.08636712580231727,1e-06,4.221024420223306e-06,7.85272154993433e-08,2.381853025373676e-06,6.632218014342532e-05
350,0.5,calibrated,4.353846153846154,4,4,3.7115149592592545e-06,0.8674833729221753,0.0863713468267375,1e-06,2.0082037041216632e-07,3.4739869353299227e-09,1.369419559960518e-07,3.7950859098853763e-06
350,0.5,calibrated,4.353846153846154,5,2,1.1417175405092905e-07,0.8674871730671153,0.08637138871297534,1e-06,0.0,,,
350,0.5,calibrated,4.630769230769231,1,7,0.015598155106932965,0.8721899595408373,0.0,1e-06,0.0859392732852626,0.00013797787056767067,0.005011137691159008,0.010431652535513243
350,0.5,calibrated,4.630769230769231,2,6,0.0012695363169458185,0.8553238653080345,0.0859392732852626,1e-06,0.00042640122320929103,2.385683419858551e-06,4.149563411195256e-05,0.0012438580182084458
350,0.5,calibrated,4.630769230769231,3,5,8.938189502172289e-05,0.8566827844612456,0.08636567450847189,1e-06,4.220818366591692e-06,1.0886734364566823e-07,3.219709145465264e-06,9.081922582300538e-05
350,0.5,calibrated,4.630769230769231,4,4,5.692899495257642e-06,0.8565877095892661,0.08636989532683849,1e-06,2.9475016214472476e-07,5.465947798714151e-09,2.0831276520045113e-07,5.843250452275103e-06
350,0.5,calibrated,4.630769230769231,5,2,1.8856500261232867e-07,0.8565935427277044,0.08636993721036121,1e-06,0.0,,,
350,0.5,calibrated,4.907692307692308,1,8,0.01724863425440859,0.86264688675629,0.0,1e-06,0.08593783597333403,0.00015178287976239335,0.005011056386072922,0.011751648662313142
350,0.5,calibrated,4.907692307692308,2,6,0.0015314861780371114,0.8438684777133796,0.08593783597333403,1e-06,0.0004263872412267833,2.8380573000974754e-06,5.0382722772617737e-05,0.001507616929466465
350,0.5,calibrated,4.907692307692308,3,6,0.0001213256197478696,0.8455212906925663,0.08636422321456082,1e-06,4.685459722568415e-06,1.5661346003392079e-07,4.327003908925269e-06,0.00012368827552591266
350,0.5,calibrated,4.907692307692308,4,4,8.759543814851334e-06,0.8453912054196576,0.08636844382689662,1e-06,4.295786085566851e-07,9.660796276259289e-09,3.161204631387635e-07,9.004345247064184e-06
350,0.5,calibrated,4.907692307692308,5,2,3.125695821060148e-07,0.8454001879917241,0.0863684857076909,1e-06,0.0,,,
350,0.5,calibrated,5.184615384615385,1,8,0.018982467432139383,0.8528615930644484,0.0,1e-06,0.08593639866116555,0.00016619859089690784,0.005010975080892818,0.013150842530616963
350,0.5,calibrated,5.184615384615385,2,7,0.0018439977494373316,0.8320369565091806,0.08593639866116555,1e-06,0.0004263732594194443,3.364409984358119e-06,6.100813831220279e-05,0.001824070856923786
350,0.5,calibrated,5.184615384615385,3,6,0.00016458303060884472,0.8340455387443023,0.08636277192058499,1e-06,6.114707693175305e-06,2.3135575175320326e-07,5.794645410952525e-06,0.00016821748145153927
350,0.5,calibrated,5.184615384615385,4,4,1.3333118497715901e-05,0.8338676224615961,0.08636699232689382,1e-06,6.227720088767887e-07,1.4757817178898355e-08,4.775363337846916e-07,1.3757609713138856e-05
350,0.5,calibrated,5.184615384615385,5,3,8.149939435542208e-07,0.833881764132744,0.08636703420497108,1e-06,0.0,,,
350,0.5,calibrated,5.461538461538462,1,8,0.02081076693781858,0.8428154270082807,0.0,1e-06,0.08593496134873813,0.00018187474205114734,0.005010893775617579,0.01463977376677966
350,0.5,calibrated,5.461538461538462,2,8,0.002216924982501256,0.8197896842298653,0.08593496134873813,1e-06,0.0004263592778348742,3.978210545800262e-06,7.374580374773423e-05,0.002204211347079261
350,0.5,calibrated,5.461538461538462,3,6,0.00022220220126145662,0.8222288132209563,0.086361320626573,1e-06,7.951968704461343e-06,2.6601104641989543e-07,7.737961844137812e-06,0.00022786096001442598
350,0.5,calibrated,5.461538461538462,4,4,2.0155870172233747e-05,0.8219864549640802,0.08636554082684533,1e-06,8.980906401126814e-07,2.239908966402209e-08,7.171243887377159e-07,2.0886228378273195e-05
350,0.5,calibrated,5.461538461538462,5,3,1.346468222362951e-06,0.8220079435323342,0.08636558270220557,1e-06,8.4945274290122e-08,4.911117669341499e-09,5.978439614499652e-08,1.5054022761705516e-06
350,0.5,calibrated,5.461538461538462,6,2,6.117912754177723e-08,0.8220066720281523,0.08636558311770007,1e-06,0.0,,,
350,0.5,calibrated,5.7384615384615385,1,9,0.022746934854571577,0.8324871778440078,0.0,1e-06,0.08593352403606222,0.00019901719258700538,0.0050108124702478215,0.016231129032266572
350,0.5,calibrated,5.7384615384615385,2,8,0.00266401400815941,0.8070783021789923,0.08593352403606222,1e-06,0.00042634529643118484,4.696353045709388e-06,8.908155904239839e-05,0.0026630080474833607
350,0.5,calibrated,5.7384615384615385,3,6,0.00029970550381674954,0.8100420239490348,0.0863598693324934,1e-06,1.0320580450358945e-05,3.585038679752171e-07,1.0321452164109677e-05,0.00030839592531606985
350,0.5,calibrated,5.7384615384615385,4,5,3.102550708411478e-05,0.8097112926710436,0.08636408932675019,1e-06,1.2932630165090188e-06,3.455081262537684e-08,1.0778916571779743e-06,3.212023997728536e-05
350,0.5,calibrated,5.7384615384615385,5,4,3.0208627277428235e-06,0.809745339081612,0.08636413119938198,1e-06,1.395176685553674e-07,3.071833714997093e-09,1.0674390221888188e-07,3.159984967501265e-06
350,0.5,calibrated,5.7384615384615385,6,2,1.2624889700330044e-07,0.8097422492621432,0.08636413161486696,1e-06,0.0,,,
350,0.5,calibrated,6.015384615384616,1,9,0.02480784452395024,0.8218530717493463,0.0,1e-06,0.08593208672313024,0.000213996384676602,0.005010731164783099,0.017940747554842547
350,0.5,calibrated,6.015384615384616,2,8,0.0032035060883658373,0.7938439222359123,0.08593208672313024,1e-06,0.00042633131523312835,5.540640190821728e-06,0.00010765770740489238,0.0032203680436314244
350,0.5,calibrated,6.015384615384616,3,6,0.00040473827680753693,0.7974521694265183,0.08635841803836337,1e-06,1.3390277940810535e-05,4.836288330056498e-07,1.3777823847337198e-05,0.0004179332608966702
350,0.5,calibrated,6.015384615384616,4,6,4.714611361622545e-05,0.797000284654212,0.08636263782659509,1e-06,1.862256808019619e-06,5.332491824034551e-08,1.619999006391396e-06,4.897672580914171e-05
350,0.5,calibrated,6.015384615384616,5,4,5.251287184093734e-06,0.7970526821198844,0.08636267969651178,1e-06,2.258414166699625e-07,5.4348419973048285e-09,1.8243261086413488e-07,5.497230331957235e-06
350,0.5,calibrated,6.015384615384616,6,2,2.3407628668703495e-07,0.7970473130243748,0.08636268011196628,1e-06,0.0,,,
350,0.5,calibrated,6.292307692307693,1,9,0.02701400088574346,0.8108853455952222,0.0,1e-06,0.08593064940994692,0.00022881412812865377,0.0050106498592236886,0.01978790274296655
350,0.5,calibrated,6.292307692307693,2,8,0.0038589971336446816,0.780014680763884,0.08593064940994692,1e-06,0.0004263173342311846,6.539044024006938e-06,0.0001303200778908539,0.0039023635621000504
350,0.5,calibrated,6.292307692307693,3,7,0.0005490487172279401,0.7844227301741049,0.0863569667441781,1e-06,1.739597257036684e-05,6.556797188110653e-07,1.8440390660196564e-05,0.0005687399250862988
350,0.5,calibrated,6.292307692307693,4,6,7.272904856669982e-05,0.7838009518847604,0.08636118632639236,1e-06,2.690861548855437e-06,8.3061579610193e-08,2.4490984148988798e-06,7.562234897460979e-05
350,0.5,calibrated,6.292307692307693,5,4,9.098691603925957e-06,0.7838827797000014,0.08636122819359203,1e-06,3.6811892196813827e-07,9.913911910104744e-09,3.1437345138679595e-07,9.572333881433908e-06
350,0.5,calibrated,6.292307692307693,6,3,7.712455397657081e-07,0.7838729270145672,0.08636122860901227,1e-06,0.0,,,
350,0.5,calibrated,6.56923076923077,1,10,0.02939103766421336,0.7995515768483514,0.0,1e-06,0.08592921209651323,0.00024641711014642597,0.005010568553569645,0.02179664516214002
350,0.5,calibrated,6.56923076923077,2,9,0.004662834786983039,0.7655001742389927,0.08592921209651323,1e-06,0.0004263033534215457,7.55508087964533e-06,0.00015821842166080163,0.0047448004124651276
350,0.5,calibrated,6.56923076923077,3,8,0.000748735822395763,0.7709117493479863,0.08635551544993478,1e-06,2.2669877037427033e-05,8.933714768975176e-07,2.4997438643343e-05,0.0007780585413542546
350,0.5,calibrated,6.56923076923077,4,6,0.00011210204647138511,0.77005091075613,0.08635973482614681,1e-06,3.907517510432487e-06,1.2847243723055518e-07,3.723873678536416e-06,0.00011695100748585837
350,0.5,calibrated,6.56923076923077,5,5,1.6282999021455247e-05,0.7701792959251588,0.08635977669062755,1e-06,6.031117861592335e-07,1.7732406896623328e-08,5.443612304333607e-07,1.7071502022903835e-05
350,0.5,calibrated,6.56923076923077,6,4,2.1964967304999305e-06,0.7701608163974879,0.08635977710602113,1e-06,8.800481662177501e-08,2.5765950152571434e-09,7.723663263590867e-08,2.3414631720286096e-06
350,0.5,calibrated,6.56923076923077,7,2,1.0554857021727315e-07,0.7701630454508629,0.08635977711013951,1e-06,0.0,,,
350,0.5,calibrated,6.846153846153847,1,10,0.03197259450689227,0.787814529727125,0.0,1e-06,0.0859277747828187,0.00026861943796165587,0.005010487247820356,0.0239982633362106
350,0.5,calibrated,6.846153846153847,2,10,0.005659348003107523,0.7501851987465176,0.0859277747828187,1e-06,0.0004262893728042116,8.203056571171173e-06,0.00019295479802767667,0.005797310414854324
350,0.5,calibrated,6.846153846153847,3,8,0.0010282609783250907,0.7568728134700505,0.08635406415562291,1e-06,2.9691730851719524e-05,1.224449808354233e-06,3.449462388537019e-05,0.001072070041557692
350,0.5,calibrated,6.846153846153847,4,6,0.00017419140665730914,0.7556703600418676,0.08635828332584225,1e-06,5.7156531197792915e-06,2.0012046174322808e-07,5.709760661478015e-06,0.00018242279688613595
350,0.5,calibrated,6.846153846153847,5,6,2.8714291519182922e-05,0.7558732659500407,0.08635832518761169,1e-06,9.97171964940548e-07,3.1814564856546554e-08,9.496180757596545e-07,3.0224320411487345e-05
350,0.5,calibrated,6.846153846153847,6,4,4.4815251081242735e-06,0.7558400700740577,0.08635832560296147,1e-06,1.6566802398464407e-07,5.680574948098347e-09,1.5437705601782393e-07,4.780155847669427e-06
350,0.5,calibrated,6.846153846153847,7,2,2.2806958388521537e-07,0.7558446078236519,0.08635832560708365,1e-06,0.0,,,
350,0.5,calibrated,7.1230769230769235,1,11,0.03480169836604419,0.7756291789257431,0.0,1e-06,0.08592633746887758,0.0002910062262769108,0.005010405941976658,0.026432773952427754
350,0.5,calibrated,7.1230769230769235,2,10,0.006911586511725076,0.7339186527997436,0.08592633746887758,1e-06,0.00042627539239631834,1.0124863924288824e-05,0.0002368060358261172,0.007130927812188807
350,0.5,calibrated,7.1230769230769235,3,8,0.0014269029188667126,0.7422571496542028,0.0863526128612739,1e-06,3.917829078208953e-05,1.694804660824559e-06,4.809321683935455e-05,0.0014925060512507543
350,0.5,calibrated,7.1230769230769235,4,8,0.00027576742040202884,0.740554477770607,0.0863568318254891,1e-06,8.45818976702604e-06,3.1810254402398277e-07,8.961386341006002e-06,0.0002896372565184714
350,0.5,calibrated,7.1230769230769235,5,6,5.2904941782006e-05,0.7408831504544738,0.0863568736845396,1e-06,1.6812346885170979e-06,6.021272657992924e-08,1.707975231948064e-06,5.5604534883145606e-05
350,0.5,calibrated,7.1230769230769235,6,4,9.308628714954637e-06,0.7408209368156004,0.08635687409986083,1e-06,3.2102692989005464e-07,1.2166002975456142e-08,3.1881593587088843e-07,9.990993062494905e-06
350,0.5,calibrated,7.1230769230769235,7,3,9.844255397517543e-07,0.7408311871679363,0.0863568741039792,1e-06,0.0,,,
350,0.5,calibrated,7.4,1,11,0.037936807207542333,0.7629422820069965,0.0,1e-06,0.08592490015467467,0.0003203448702948293,0.005010324636037658,0.029154130881538873
350,0.5,calibrated,7.4,2,10,0.00851353195122051,0.7164948549437701,0.08592490015467467,1e-06,0.0004262614121845379,1.1292063510972673e-05,0.0002931672687941289,0.008852193162266488
350,0.5,calibrated,7.4,3,10,0.002009776443965272,0.7270181730853593,0.08635116156685921,1e-06,5.224901205286725e-05,2.3800106275136075e-06,6.801439357271087e-05,0.002108254784666897
350,0.5,calibrated,7.4,4,8,0.00044507741113608557,0.7245633169405871,0.08635538032509123,1e-06,1.2719588942543957e-05,5.148188457509599e-07,1.4607907439628675e-05,0.00046900440488732974
350,0.5,calibrated,7.4,5,6,9.769052088004493e-05,0.7251060853878517,0.08635542218142091,1e-06,2.8919594448316295e-06,1.1143182650087985e-07,3.200798364033242e-06,0.00010310250142402855
350,0.5,calibrated,7.4,6,6,2.06843495843545e-05,0.7249877103680832,0.08635542259670596,1e-06,6.346005954166451e-07,2.3012928821830193e-08,6.919071524747742e-07,2.2006961738123346e-05
350,0.5,calibrated,7.4,7,4,4.064173713902441e-06,0.7250124589484265,0.08635542260082434,1e-06,1.3533752812609578e-07,6.335904580845218e-09,1.4213464674505956e-07,4.4057423583565455e-06
350,0.5,calibrated,7.4,8,2,2.197741730824987e-07,0.725008401542255,0.08635542260086622,1e-06,0.0,,,
350,0.5,calibrated,7.676923076923077,1,11,0.04145797724942035,0.7496885540365912,0.0,1e-06,0.085923462840229,0.000354435794295628,0.00501024333000447,0.032235862398815034
350,0.5,calibrated,7.676923076923077,2,12,0.010610777330188559,0.6976228716628772,0.085923462840229,1e-06,0.0004262474321574462,1.45796203151548e-05,0.00036729792222708326,0.011127418752340088
350,0.5,calibrated,7.676923076923077,3,10,0.0028863868549768856,0.7111200488415169,0.08634971027238644,1e-06,7.071469192021996e-05,3.404358990247757e-06,9.802811880554098e-05,0.003035325283814905
350,0.5,calibrated,7.676923076923077,4,9,0.0007365837672356212,0.7074970747396254,0.08635392882463529,1e-06,1.954527280964857e-05,8.531262894007274e-07,2.4430256032634186e-05,0.0007791610656149533
350,0.5,calibrated,7.676923076923077,5,8,0.00018856904850161893,0.7084222284641097,0.08635397067825366,1e-06,5.127452587856952e-06,2.166149491314848e-07,6.213829615391284e-06,0.0001992765606763953
350,0.5,calibrated,7.676923076923077,6,6,4.745927450444665e-05,0.7081861999010755,0.08635397109351016,1e-06,1.3082095424908966e-06,5.415508077067748e-08,1.5784756494899546e-06,5.0326548585213625e-05
350,0.5,calibrated,7.676923076923077,7,5,1.1346748089446912e-05,0.7082450060079069,0.08635397109762853,1e-06,3.28443505450674e-07,1.4958545460783765e-08,3.880439718742449e-07,1.2166577362915822e-05
350,0.5,calibrated,7.676923076923077,8,4,2.3728183919935475e-06,0.7082312864011109,0.08635397109767042,1e-06,7.833111046233949e-08,5.445698344593567e-09,8.678483565974886e-08,2.6211786309066007e-06
350,0.5,calibrated,7.676923076923077,9,2,1.258334110243453e-07,0.7082336146839526,0.08635397109767042,1e-06,0.0,,,
350,0.5,calibrated,7.953846153846155,1,12,0.04547899518560161,0.735786614033191,0.0,1e-06,0.08592202552552439,0.0003900754514084066,0.005010162023876149,0.03578182333263109
350,0.5,calibrated,7.953846153846155,2,12,0.013434895255190371,0.67687596336362,0.08592202552552439,1e-06,0.0004262334523378914,1.9183381933454917e-05,0.00046773540483890073,0.0142256899290899
350,0.5,calibrated,7.953846153846155,3,11,0.004252519368652341,0.6945633958513524,0.08634825897786227,1e-06,9.764610472978719e-05,4.988198243153425e-06,0.00014485506607935783,0.004480231680774797
350,0.5,calibrated,7.953846153846155,4,10,0.0012624475643363553,0.6890484233951502,0.08635247732413173,1e-06,3.0925298463624705e-05,1.4626498036977863e-06,4.22989935214812e-05,0.0013410173487616662
350,0.5,calibrated,7.953846153846155,5,8,0.00037721772040388846,0.6906880903393232,0.08635251917503309,1e-06,9.45579407669219e-06,4.3346877438427124e-07,1.2572432424476136e-05,0.00040004375844879096
350,0.5,calibrated,7.953846153846155,6,8,0.00011144574053867373,0.6901994263467616,0.0863525195902534,1e-06,2.8120903382471274e-06,1.2774881092517927e-07,3.731881807789535e-06,0.00011843612967993514
350,0.5,calibrated,7.953846153846155,7,6,3.2502022372593586e-05,0.6903433742920233,0.08635251959437368,1e-06,8.325519930232622e-07,3.7040502476984384e-08,1.0970023970859395e-06,3.4643997852936104e-05
350,0.5,calibrated,7.953846153846155,8,4,8.167732661656935e-06,0.6903027044733709,0.08635251959441556,1e-06,2.392724057292895e-07,1.8044456395368122e-08,3.026903977755228e-07,9.017914378434823e-06
350,0.5,calibrated,7.953846153846155,9,4,1.2077387024911346e-06,0.6903120248503979,0.08635251959441556,1e-06,6.040989021216606e-08,9.397236071438414e-09,6.410686214259144e-08,1.5229824931894063e-06
350,0.5,calibrated,7.953846153846155,10,1,3.6294502592237876e-07,0.6903112351661546,0.08635251959441556,1e-06,0.0,,,
350,0.5,calibrated,8.23076923076923,1,13,0.0501712154153956,0.7211349847583832,0.0,1e-06,0.0859205882105732,0.0004191757784411194,0.005010080717653418,0.03994684358414284
350,0.5,calibrated,8.23076923076923,2,14,0.017399891641604714,0.6535672931675919,0.0859205882105732,1e-06,0.00042621947271064133,2.3918817379516197e-05,0.0006096534908062052,0.018631873619123888
350,0.5,calibrated,8.23076923076923,3,12,0.006495642638272292,0.6774628528268108,0.08634680768328384,1e-06,0.00013875271502040767,7.564983079550491e-06,0.00022162783527463674,0.006847297691328366
350,0.5,calibrated,8.23076923076923,4,12,0.002272365512781982,0.6686948355148351,0.08635102582358155,1e-06,5.1003689531916454e-05,2.6311659889062153e-06,7.690519568681114e-05,0.002425511109670805
350,0.5,calibrated,8.23076923076923,5,10,0.000806063458138051,0.6717732677438448,0.08635106767176778,1e-06,1.845739843288603e-05,9.262887487273942e-07,2.708046678162173e-05,0.0008569221397099473
350,0.5,calibrated,8.23076923076923,6,8,0.0002826805257867271,0.6706845225975475,0.08635106808695764,1e-06,6.490193527755091e-06,3.24052039611358e-07,9.538364545841621e-06,0.00030124457420685003
350,0.5,calibrated,8.23076923076923,7,8,9.83986825044969e-05,0.671065602258939,0.08635106809107411,1e-06,2.2829765327114763e-06,1.111978158580701e-07,3.33666097822783e-06,0.00010502600675406659
350,0.5,calibrated,8.23076923076923,8,6,3.3552648023515985e-05,0.6709336507402859,0.08635106809111599,1e-06,7.938626026618775e-07,3.755082577181208e-08,1.1504336154988754e-06,3.597215070003177e-05
350,0.5,calibrated,8.23076923076923,9,6,1.0782910408124735e-05,0.6709779863834302,0.0863510680911198,1e-06,2.701429988756091e-07,1.7439030849650664e-08,3.825308318721031e-07,1.1713337716284536e-05
350,0.5,calibrated,8.23076923076923,10,4,3.0325844005973934e-06,0.6709641708393564,0.08635106809111599,1e-06,8.698877830424763e-08,8.337525807258961e-09,1.1622668832239418e-07,3.4012968981880755e-06
350,0.5,calibrated,8.23076923076923,11,2,1.662523231305002e-07,0.6709670578052176,0.0863510680911198,1e-06,0.0,,,
350,0.5,calibrated,8.507692307692308,1,14,0.05580453688486542,0.7056013158014752,0.0,1e-06,0.08591915089537068,0.000456722215783354,0.005009999411335994,0.04497246172026742
350,0.5,calibrated,8.507692307692308,2,16,0.02330241301347402,0.6264979654823833,0.08591915089537068,1e-06,0.0004262054932776001,3.048199327650485e-05,0.0008227096307865153,0.025297604609322337
350,0.5,calibrated,8.507692307692308,3,14,0.010444474054328245,0.6602448905444167,0.08634535638864828,1e-06,0.00020557968369387046,1.213318978592971e-05,0.000356150878041196,0.010989363754161922
350,0.5,calibrated,8.507692307692308,4,13,0.0043869336519088975,0.6454134665686893,0.08634957432298755,1e-06,8.930374053374214e-05,5.303219004908316e-06,0.00014998432709316205,0.004711822972455129
350,0.5,calibrated,8.507692307692308,5,12,0.0018806676995656302,0.6516810748952628,0.08634961616845487,1e-06,3.9069537226478155e-05,2.233174378088583e-06,6.364127858072408e-05,0.0020030549279537084
350,0.5,calibrated,8.507692307692308,6,10,0.0007969936832319391,0.6490034105343913,0.08634961658360854,1e-06,1.6519615737695544e-05,9.333744457954581e-07,2.7085069209757444e-05,0.0008521684171422606
350,0.5,calibrated,8.507692307692308,7,10,0.0003382142958653356,0.6501386198207468,0.08634961658772501,1e-06,7.043097758835151e-06,3.872300483737033e-07,1.149523182435532e-05,0.0003612867321750133
350,0.5,calibrated,8.507692307692308,8,8,0.00014246447021892816,0.649657940472283,0.08634961658777071,1e-06,2.980338183126352e-06,1.6288097173354926e-07,4.859472002849541e-06,0.00015245446660358162
350,0.5,calibrated,8.507692307692308,9,8,5.9246082683261925e-05,0.6498596512939641,0.08634961658777071,1e-06,1.2556248079283528e-06,6.623030252769987e-08,2.0351608215839416e-06,6.355810249128323e-05
350,0.5,calibrated,8.507692307692308,10,6,2.3944532531183782e-05,0.6497764605426426,0.08634961658777071,1e-06,5.212652484401334e-07,2.6977219971623885e-08,8.351844990314428e-07,2.5840578566233788e-05
350,0.5,calibrated,8.507692307692308,11,6,9.000194279962237e-06,0.649809405344845,0.08634961658777071,1e-06,2.097992527055104e-07,1.496165530321931e-08,3.2680755165683695e-07,9.865166112607466e-06
350,0.5,calibrated,8.507692307692308,12,4,2.869270216754316e-06,0.6497975358303743,0.08634961658777071,1e-06,7.862921716062618e-08,9.115353554164161e-09,1.1446910396829124e-07,3.2696957197603155e-06
350,0.5,calibrated,8.507692307692308,13,2,2.2032818902673057e-07,0.6498001848026183,0.08634961658777071,1e-06,0.0,,,
350,0.5,calibrated,8.784615384615384,1,15,0.06284125556181608,0.6890093041998687,0.0,1e-06,0.08591771357990827,0.000512995060131278,0.005009918104923382,0.051266935370336775
350,0.5,calibrated,8.784615384615384,2,20,0.03296840534298229,0.5932034342440214,0.08591771357990827,1e-06,0.00047318226087235865,4.1586583882271476e-05,0.0011756929964303415,0.03645405662765551
350,0.5,calibrated,8.784615384615384,3,16,0.018170458784429133,0.6443423599564928,0.08634390509395085,1e-06,0.0003253488812429361,2.122339245229573e-05,0.0006164783582079191,0.018983106133251056
350,0.5,calibrated,8.784615384615384,4,16,0.009443893898059219,0.616727975221896,0.08634812282233169,1e-06,0.0001717210488280511,1.134882708765689e-05,0.0003266914570635694,0.010244225009226726
350,0.5,calibrated,8.784615384615384,5,14,0.005034810009470259,0.6312066963010247,0.0863481646650839,1e-06,9.384330779270376e-05,6.221245984238236e-06,0.0001710238837574038,0.005356626137886622
350,0.5,calibrated,8.784615384615384,6,14,0.0026458226020045217,0.6235260546505093,0.08634816508020521,1e-06,4.8937801272995114e-05,3.2472336398640983e-06,9.066295346933074e-05,0.0028441822883106507
350,0.5,calibrated,8.784615384615384,7,12,0.0013999725605668978,0.6275718546189918,0.08634816508432358,1e-06,2.6036925740852068e-05,1.7278094528176413e-06,4.776725163069163e-05,0.0014969787432169593
350,0.5,calibrated,8.784615384615384,8,12,0.0007370073902494001,0.6254348721105103,0.08634816508436356,1e-06,1.368744037854325e-05,9.084025288454444e-07,2.5222180028080388e-05,0.0007905053322371059
350,0.5,calibrated,8.784615384615384,9,10,0.0003878366409630907,0.6265597175133496,0.08634816508436356,1e-06,7.228326659883199e-06,4.797724530934629e-07,1.3272456741091643e-05,0.00041555648140323583
350,0.5,calibrated,8.784615384615384,10,10,0.00020291499026214854,0.6259689651344427,0.08634816508436356,1e-06,3.7951765439238985e-06,2.4173546285297313e-07,6.965141855263755e-06,0.0002177818794828233
350,0.5,calibrated,8.784615384615384,11,8,0.0001051785415644435,0.62627705908323,0.08634816508436356,1e-06,1.985323515703835e-06,1.1925888066665907e-07,3.6272406104166037e-06,0.00011304960538717566
350,0.5,calibrated,8.784615384615384,12,8,5.345711582316337e-05,0.626118423180816,0.08634816508436356,1e-06,1.0266099997302817e-06,5.868032733134688e-08,1.862102366203468e-06,5.768310916705114e-05
350,0.5,calibrated,8.784615384615384,13,6,2.6076446077882842e-05,0.6261979568960465,0.08634816508436356,1e-06,5.197682920163064e-07,3.538165797029755e-08,9.27807697031341e-07,2.8363197161481703e-05
350,0.5,calibrated,8.784615384615384,14,6,1.1631068527195865e-05,0.6261602492753694,0.08634816508436356,1e-06,2.515908318420267e-07,2.329531606168986e-08,4.339594607703411e-07,1.2887729277033304e-05
350,0.5,calibrated,8.784615384615384,15,4,4.21756758328673e-06,0.6261760979916461,0.08634816508436356,1e-06,1.1093161943675913e-07,1.6483025695536572e-08,1.7673648971485724e-07,4.903443291545275e-06
350,0.5,calibrated,8.784615384615384,16,2,5.016700604931756e-07,0.6261723820376403,0.08634816508436356,1e-06,0.0,,,
350,0.5,calibrated,9.061538461538461,1,16,0.07216903259325058,0.6711141847657344,0.0,1e-06,0.08591627626419358,0.0005771271614901345,0.0050098367984160235,0.05960112146294305
350,0.5,calibrated,9.061538461538461,2,26,0.05209396320565318,0.5468551701204539,0.08591627626419358,1e-06,0.0006812512551557644,6.857564224106492e-05,0.0018879360623770584,0.059314980231949165
350,0.5,calibrated,9.061538461538461,3,16,0.03635133559354198,0.6353005845376127,0.08634245379920105,1e-06,0.0005813104183074129,4.4487483390804296e-05,0.0012136158550606925,0.037186549358165746
350,0.5,calibrated,9.061538461538461,4,22,0.024928985750310884,0.5740201867435445,0.08634667132163298,1e-06,0.00039265876183359837,3.418927032115012e-05,0.0008792214356179448,0.027662450699307218
350,0.5,calibrated,9.061538461538461,5,16,0.01719004235131716,0.6161392690339448,0.08634671316166817,1e-06,0.00028308183564723784,2.1838203237757522e-05,0.000579864088552973,0.018045704081832106
350,0.5,calibrated,9.061538461538461,6,18,0.01179105874596642,0.5871581314622281,0.0863467135767571,1e-06,0.00018986108877556407,1.5962613548517717e-05,0.00040968605316945824,0.012861479840778702
350,0.5,calibrated,9.061538461538461,7,16,0.008113455629593536,0.6070626713092886,0.08634671358087166,1e-06,0.00013309720836519014,1.0489791251952762e-05,0.00027616389423528543,0.00862084730184628
350,0.5,calibrated,9.061538461538461,8,16,0.005568636526985582,0.5933805618165064,0.08634671358091354,1e-06,9.033173390727168e-05,7.4176587276246225e-06,0.000192237082710358,0.006024989957396235
350,0.5,calibrated,9.061538461538461,9,16,0.003827630921987124,0.6027768412856033,0.08634671358091735,1e-06,6.262449118233816e-05,4.9884901550593395e-06,0.00013086453380467287,0.004090346170864481
350,0.5,calibrated,9.061538461538461,10,16,0.0026282055696090767,0.5963209965653863,0.08634671358091735,1e-06,4.2763356946067014e-05,3.4764549601302866e-06,9.045123644778573e-05,0.0028326131906343676
350,0.5,calibrated,9.061538461538461,11,14,0.0018050243036609182,0.6007542320998199,0.08634671358091735,1e-06,2.949574180980125e-05,2.3584678136646426e-06,6.185372102875568e-05,0.0019342286377025011
350,0.5,calibrated,9.061538461538461,12,14,0.001238073610578816,0.59771113028234,0.08634671358091735,1e-06,2.0191073091876905e-05,1.6236390852305863e-06,4.2573816193564754e-05,0.0013322116020556898
350,0.5,calibrated,9.061538461538461,13,12,0.0008480454937753734,0.5997972520897018,0.08634671358091735,1e-06,1.387490374178752e-05,1.098884507090883e-06,2.912282444969636e-05,0.0009102830089694073
350,0.5,calibrated,9.061538461538461,14,12,0.0005792758673427434,0.5983699288422508,0.08634671358091735,1e-06,9.486023986200718e-06,7.450564624066892e-07,1.994527214224766e-05,0.0006232296123542145
350,0.5,calibrated,9.061538461538461,15,12,0.0003956779762168683,0.5993448840166372,0.08634671358091735,1e-06,6.489559998186894e-06,5.073537317412616e-07,1.3609948675604088e-05,0.0004251723566742543
350,0.5,calibrated,9.061538461538461,16,10,0.00026877679798831267,0.5986804283386727,0.08634671358091735,1e-06,4.42299530358582e-06,3.3719952559445513e-07,9.275343214409616e-06,0.0002893269798172233
350,0.5,calibrated,9.061538461538461,17,10,0.0001810924421707938,0.5991302982301381,0.08634671358091735,1e-06,3.0019892759420874e-06,2.186310175888151e-07,6.270716009207992e-06,0.00019510053591271934
350,0.5,calibrated,9.061538461538461,18,10,0.00012194494919703924,0.5988272603565863,0.08634671358091735,1e-06,2.025324210539636e-06,1.4701886876262426e-07,4.223381156928678e-06,0.00013144632611161944
350,0.5,calibrated,9.061538461538461,19,8,8.067969082425908e-05,0.5990298853157601,0.08634671358091735,1e-06,1.3576203393141477e-06,8.924389358265703e-08,2.8176892635934832e-06,8.720436976326489e-05
350,0.5,calibrated,9.061538461538461,20,8,5.190069810379061e-05,0.5988973046782216,0.08634671358091735,1e-06,8.942246169460666e-07,5.885277668569424e-08,1.837231295912851e-06,5.6388490366365104e-05
350,0.5,calibrated,9.061538461538461,21,8,3.330413067781368e-05,0.598982509710563,0.08634671358091735,1e-06,5.786153354717267e-07,3.812539159919787e-08,1.1787481301539643e-06,3.620083076826614e-05
350,0.5,calibrated,9.061538461538461,22,6,2.0117793439244913e-05,0.5989290876597834,0.08634671358091735,1e-06,3.6570719307349577e-07,3.6239487974533446e-08,7.338416539665706e-07,2.2108193564193115e-05
350,0.5,calibrated,9.061538461538461,23,6,1.087280868961038e-05,0.5989600783726712,0.08634671358091735,1e-06,2.1775545193189003e-07,2.8102854131854658e-08,4.1962826729401336e-07,1.2214351168968359e-05
350,0.5,calibrated,9.061538461538461,24,4,4.493984559705844e-06,0.5989447114832986,0.08634671358091735,1e-06,1.1450273892279208e-07,2.4024129689357253e-08,2.0084732473049028e-07,5.368240400820575e-06
350,0.5,calibrated,9.061538461538461,25,2,8.325891236449223e-07,0.5989483729581287,0.08634671358091735,1e-06,0.0,,,
350,0.5,calibrated,9.338461538461539,1,17,0.0858520918949145,0.6515593037244829,0.0,1e-06,0.08591483894822564,0.0006345558567368262,0.005009755491813863,0.07172674342149203
350,0.5,calibrated,9.338461538461539,2,300,0.10829655287970652,0.45741481936736245,0.08591483894822564,1e-06,0.0012479300111490849,0.00025243535633105637,0.004758999126373716,0.13505963067221957
350,0.5,calibrated,9.338461538461539,3,18,0.09130723042690414,0.657019142972826,0.08634100250439222,1e-06,0.0013516277248154325,0.00013314425536906557,0.0030537394645704626,0.0886278028894385
350,0.5,calibrated,9.338461538461539,4,300,0.1699264236675263,0.3957848665421907,0.08634521982088095,1e-06,0.0018784403882672277,0.0005291874740468973,0.008809506292166256,0.23014486330289335
350,0.5,calibrated,9.338461538461539,5,16,0.14088517669865752,0.7065973932634607,0.08634526165819911,1e-06,0.0020169926426532496,0.00020900269073461712,0.0045289238854159435,0.12833029568309956
350,0.5,calibrated,9.338461538461539,6,300,0.09460574075675904,0.4711059733929709,0.08634526207324997,1e-06,0.0016560166032365765,0.000890091594693158,0.005307178816091595,0.13480938610251805
350,0.5,calibrated,9.338461538461539,7,20,0.05582886718103475,0.6211863423692402,0.08634526207736644,1e-06,0.0014293642470210523,0.0004908942899644301,0.002963171480998273,0.06618497115755526
350,0.5,calibrated,9.338461538461539,8,38,0.056808429762517876,0.5089029873296962,0.08634526207740832,1e-06,0.0008690760292601856,7.616254238045619e-05,0.002085407808777383,0.06664270744056391
350,0.5,calibrated,9.338461538461539,9,18,0.05169830836560407,0.6174098798699708,0.08634526207741212,1e-06,0.0007629646219264481,6.570145907584276e-05,0.0016763376790711062,0.05205468382033742
350,0.5,calibrated,9.338461538461539,10,38,0.058266160882385676,0.5074452538325381,0.08634526207741212,1e-06,0.0007499426725581822,7.55521813166543e-05,0.002106554292398244,0.067354696447102
350,0.5,calibrated,9.338461538461539,11,18,0.05347420302894812,0.6191857766159079,0.08634526207741212,1e-06,0.0007579032025029471,6.475797171392081e-05,0.001747845732839986,0.05369336121917238
350,0.5,calibrated,9.338461538461539,12,40,0.06088433754648148,0.504827072607586,0.08634526207741212,1e-06,0.0007778546146420494,7.856287663967163e-05,0.002207777747221375,0.07060511344337915
350,0.5,calibrated,9.338461538461539,13,18,0.05576704595089199,0.6214786221876629,0.08634526207741212,1e-06,0.000790087416627172,6.745841743275702e-05,0.0018189921013904756,0.055829127521019595
350,0.5,calibrated,9.338461538461539,14,40,0.06424265142574481,0.5014687528107709,0.08634526207741212,1e-06,0.000815854041470253,8.254946760363151e-05,0.002336259408623634,0.0747993171408671
350,0.5,calibrated,9.338461538461539,15,18,0.05869585011279577,0.6244074297411761,0.08634526207741212,1e-06,0.0008312098371711985,7.091590020769956e-05,0.0019094488546810258,0.05853780652561523
350,0.5,calibrated,9.338461538461539,16,44,0.06874087153125696,0.49697052464744845,0.08634526207741212,1e-06,0.0008657930304306452,8.781391939879864e-05,0.002509355126932703,0.0804655162692111
350,0.5,calibrated,9.338461538461539,17,18,0.06260640694213016,0.6283179909987077,0.08634526207741212,1e-06,0.0008858196241390378,7.549664372332937e-05,0.0020294381880437778,0.06212054246449775
350,0.5,calibrated,9.338461538461539,18,48,0.07519446083434655,0.49051692352755005,0.08634526207741212,1e-06,0.0009355528753419515,9.521785723641519e-05,0.0027854983405837717,0.0886922889079696
350,0.5,calibrated,9.338461538461539,19,18,0.0681908662730406,0.633902456589383,0.08634526207741212,1e-06,0.0009631925759410022,8.196509475635256e-05,0.00219930081569501,0.06717082555587459
350,0.5,calibrated,9.338461538461539,20,56,0.08572451782753471,0.4799868465679676,0.08634526207741212,1e-06,0.0010444858208633278,0.00010690260290649434,0.0032699276143765836,0.10235966155055355
350,0.5,calibrated,9.338461538461539,21,18,0.07724928239915296,0.6429608826446236,0.08634526207741212,1e-06,0.001086839126299877,9.224543942053491e-05,0.00247109043743096,0.07519904308533705
350,0.5,calibrated,9.338461538461539,22,118,0.11208698243088949,0.4536243278875032,0.08634526207741212,1e-06,0.0012896159912463452,0.00013998725615332194,0.004620302592621569,0.13786851165799374
350,0.5,calibrated,9.338461538461539,23,16,0.09973324837653375,0.6654448720498172,0.08634526207741212,1e-06,0.0013807344111768543,0.00011636011250780627,0.0031257792289370078,0.09427063468372858
350,0.5,calibrated,9.338461538461539,24,300,0.045816376367175615,0.5202586187053138,0.08634526207741212,1e-06,0.0010932957783031897,0.0005212177146224784,0.0029088602914602167,0.06561912561073965
350,0.5,calibrated,9.338461538461539,25,23,0.011162428540983482,0.5690737630561805,0.08634526207741212,1e-06,0.0006984528339279091,0.00034353362564757415,0.0017056245983835612,0.010696529054379433
350,0.5,calibrated,9.338461538461539,26,19,0.0009526569701515664,0.5660765274494465,0.08634526207741212,1e-06,0.00016263542268755464,7.375383021563348e-06,0.00025441558671999927,0.0006282745285090314
350,0.5,calibrated,9.338461538461539,27,12,0.0009853514368026728,0.5647261526421582,0.08634526207741212,1e-06,1.3421125988802594e-05,1.0034492884155009e-06,4.934875960000401e-05,0.0010399336409871174
350,0.5,calibrated,9.338461538461539,28,16,0.0010190741100151168,0.5667305810832529,0.08634526207741212,1e-06,1.1786346748319907e-05,1.1795932610025997e-06,3.648863091499307e-05,0.001098155744946736
350,0.5,calibrated,9.338461538461539,29,16,0.0010004709473220297,0.564711033032568,0.08634526207741212,1e-06,1.3833508299336613e-05,1.2252689510156293e-06,3.4396540282830594e-05,0.0010782182664240152
350,0.5,calibrated,9.338461538461539,30,16,0.0009768994052927749,0.5666884062108954,0.08634526207741212,1e-06,1.3604951673010542e-05,1.192038362153266e-06,3.352968997665322e-05,0.0010498800396311397
350,0.5,calibrated,9.338461538461539,31,16,0.0009571665554404252,0.5647543374853431,0.08634526207741212,1e-06,1.329820613324003e-05,1.1737618643816292e-06,3.292288526660362e-05,0.0010311944417326908
350,0.5,calibrated,9.338461538461539,32,16,0.0009349076172838755,0.566646414362937,0.08634526207741212,1e-06,1.3009211905059555e-05,1.1407760646273153e-06,3.2102088273556926e-05,0.0010048004303974177
350,0.5,calibrated,9.338461538461539,33,16,0.0009159900477021532,0.5647955140520189,0.08634526207741212,1e-06,1.2725257573709304e-05,1.123130068663737e-06,3.150614327505102e-05,0.000986783330324522
350,0.5,calibrated,9.338461538461539,34,16,0.0008947489150287202,0.5666062556033323,0.08634526207741212,1e-06,1.244993753874377e-05,1.0918899392567782e-06,3.072425168573289e-05,0.0009616886416719613
350,0.5,calibrated,9.338461538461539,35,16,0.0008765857387154075,0.5648349184173977,0.08634526207741212,1e-06,1.2178272338918072e-05,1.0747050601147077e-06,3.0149699443787145e-05,0.0009442864094351812
350,0.5,calibrated,9.338461538461539,36,16,0.0008563128150829158,0.5665678194484947,0.08634526207741212,1e-06,1.1914724801752904e-05,1.045091368145248e-06,2.940545600640238e-05,0.000920421870966265
350,0.5,calibrated,9.338461538461539,37,16,0.000838876729717386,0.564872627480359,0.08634526207741212,1e-06,1.1654777397345435e-05,1.028372300427288e-06,2.8851714506215487e-05,0.0009036218194033875
350,0.5,calibrated,9.338461538461539,38,16,0.0008195258161612928,0.5665310323970343,0.08634526207741212,1e-06,1.1402507745299429e-05,1.0002916121390363e-06,2.8143156274362487e-05,0.000880921880062885
350,0.5,calibrated,9.338461538461539,39,16,0.000802790119705965,0.5649087141420094,0.08634526207741212,1e-06,1.1153772318064305e-05,9.840414968836807e-07,2.7609658882496752e-05,0.0008647104308901397
350,0.5,calibrated,9.338461538461539,40,14,0.0007826559539927391,0.566494162478545,0.08634526207741212,1e-06,1.0903507974207503e-05,9.409022230882809e-07,2.6901938655170953e-05,0.0008415835875787986
350,0.5,calibrated,9.338461538461539,41,14,0.0007631791859086245,0.5649483250936603,0.08634526207741212,1e-06,1.0636565141255788e-05,9.18111302721576e-07,2.6294889138703334e-05,0.0008225372322621908
350,0.5,calibrated,9.338461538461539,42,14,0.0007422657693160195,0.5664537722796716,0.08634526207741212,1e-06,1.0363268724607877e-05,8.944079870302172e-07,2.553842316648695e-05,0.0007984877281484059
350,0.5,calibrated,9.338461538461539,43,14,0.0007236575250150201,0.56498784681296,0.08634526207741212,1e-06,1.009113375178637e-05,8.710910343026318e-07,2.493146968399827e-05,0.0007799209885599924
350,0.5,calibrated,9.338461538461539,44,14,0.0007038548583740978,0.5664153613117645,0.08634526207741212,1e-06,9.827348706067008e-06,8.481752516927554e-07,2.421732747895798e-05,0.0007572047213848569
350,0.5,calibrated,9.338461538461539,45,14,0.000686165544850792,0.5650253388486363,0.08634526207741212,1e-06,9.568693277359746e-06,8.259913922441806e-07,2.3638949616613503e-05,0.0007394787859743181
350,0.5,calibrated,9.338461538461539,46,14,0.0006674287203096707,0.5663789351196717,0.08634526207741212,1e-06,9.318466259671644e-06,8.042586354266738e-07,2.2964793809819532e-05,0.0007180508059541623
350,0.5,calibrated,9.338461538461539,47,14,0.0006506165482264015,0.5650608878978985,0.08634526207741212,1e-06,9.07324165865966e-06,7.832195340166011e-07,2.241352282586555e-05,0.0007011360674074766
350,0.5,calibrated,9.338461538461539,48,14,0.0006328863504442284,0.5663443926985752,0.08634526207741212,1e-06,8.83592900701793e-06,7.626150306331694e-07,2.1776956284102655e-05,0.0006809183830130456
350,0.5,calibrated,9.338461538461539,49,14,0.0006169098322599265,0.5650945946637773,0.08634526207741212,1e-06,8.603437516218628e-06,7.426621276337611e-07,2.125167627585371e-05,0.000664783607404789
350,0.5,calibrated,9.338461538461539,50,14,0.0006001304822541575,0.5663116367818054,0.08634526207741212,1e-06,8.378374882067732e-06,7.231271747896801e-07,2.0650482959702213e-05,0.0006457034072670474
350,0.5,calibrated,9.338461538461539,51,14,0.0005849498843687462,0.5651265546589959,0.08634526207741212,1e-06,8.157953852014694e-06,7.042045714004352e-07,2.0150106447867256e-05,0.0006303178986167447
350,0.5,calibrated,9.338461538461539,52,14,0.0005690688582359327,0.5662805751117226,0.08634526207741212,1e-06,7.944511020900982e-06,6.856835429918798e-07,1.9582212119133808e-05,0.0006123071623616698
350,0.5,calibrated,9.338461538461539,53,14,0.0005546461456531482,0.5651568584425876,0.08634526207741212,1e-06,7.73553244459927e-06,6.677381981750526e-07,1.9105681637575988e-05,0.0005976408346275703
350,0.5,calibrated,9.338461538461539,54,14,0.0005396139688317314,0.5662511201786381,0.08634526207741212,1e-06,7.5331113819419816e-06,6.501783687206926e-07,1.8569143700685575e-05,0.0005806359816645711
350,0.5,calibrated,9.338461538461539,55,14,0.0005259127536594299,0.5651855918771335,0.08634526207741212,1e-06,7.3349800484548225e-06,6.331599540153624e-07,1.8115433078341464e-05,0.0005666594262179723
350,0.5,calibrated,9.338461538461539,56,14,0.0005116828100814041,0.566223188978469,0.08634526207741212,1e-06,7.1430132982790175e-06,6.165113504984144e-07,1.7608431652135457e-05,0.0005506009936431023
350,0.5,calibrated,9.338461538461539,57,14,0.0004986682989899238,0.5652128363721517,0.08634526207741212,1e-06,6.955165063652046e-06,6.003721189417102e-07,1.7176546880429498e-05,0.0005372855332074877
350,0.5,calibrated,9.338461538461539,58,14,0.00048519665338664364,0.5661967027824997,0.08634526207741212,1e-06,6.773114199197449e-06,5.845873716012921e-07,1.669737586311262e-05,0.000522117879611791
350,0.5,calibrated,9.338461538461539,59,14,0.00047283559445654433,0.5652386691149439,0.08634526207741212,1e-06,6.595014353771779e-06,5.692820155496118e-07,1.6286355338475766e-05,0.0005094356104082807
350,0.5,calibrated,9.338461538461539,60,14,0.00046008082682924556,0.5661715869187005,0.08634526207741212,1e-06,6.422368519741112e-06,5.54316228582756e-07,1.5833414989575156e-05,0.0004951066433625124
350,0.5,calibrated,9.615384615384615,1,19,0.11116684432562673,0.6297861010338414,0.0,1e-06,0.08591340163200925,0.0007822047554412786,0.005009674185117181,0.09360589359437659
350,0.5,calibrated,9.615384615384615,2,300,0.06038464826145906,0.47259228370219214,0.08591340163200925,1e-06,0.0017272321264411414,0.0014263322266925673,0.00843726476310308,0.10218122233039623
350,0.5,calibrated,9.615384615384615,3,300,0.05991871851149455,0.4587059273583932,0.08633955120953295,1e-06,0.0009696221279376665,0.000667413771743165,0.007689769231338832,0.0237431719388637
350,0.5,calibrated,9.615384615384615,4,23,0.08003802906755952,0.5986626749374473,0.08634376832007848,1e-06,0.0006625195857216554,0.0002728518418464557,0.0035938044597562803,0.079129782048993
350,0.5,calibrated,9.615384615384615,5,300,0.046698737195130624,0.4782583342226962,0.08634381015468534,1e-06,0.0012902111145027342,0.0009137764618409095,0.004978398812104095,0.07625442970650505
350,0.5,calibrated,9.615384615384615,6,100,0.05028390096459029,0.4683407449052975,0.08634381056970573,1e-06,0.0007484725465336102,0.0004897648130115307,0.005195572251194921,0.025244993113349348
350,0.5,calibrated,9.615384615384615,7,20,0.08087193553061889,0.5994958557842409,0.08634381057382029,1e-06,0.0005164669525274889,0.00010107463215013317,0.003136329410095198,0.07662062725008938
350,0.5,calibrated,9.615384615384615,8,300,0.07066028008388969,0.45109840481734215,0.08634381057386217,1e-06,0.001520682904059337,0.001111992873079869,0.006084182783515497,0.11512332137375977
350,0.5,calibrated,9.615384615384615,9,33,0.03942105830984555,0.5485131257490958,0.08634381057386598,1e-06,0.001479760419954317,0.0007867315097260539,0.004126484870585402,0.05306776561159997
350,0.5,calibrated,9.615384615384615,10,88,0.05424071890033755,0.4643829903842334,0.08634381057386598,1e-06,0.0008948879354156142,5.9546876338643635e-05,0.002024738099295938,0.06500186522361234
350,0.5,calibrated,9.615384615384615,11,22,0.074683545589456,0.5933074588860578,0.08634381057386598,1e-06,0.0009514937674326415,9.184199964549869e-05,0.002339507106637912,0.07339137460432563
350,0.5,calibrated,9.615384615384615,12,300,0.03916036172452786,0.4861111024530584,0.08634381057386598,1e-06,0.0011814483092299015,0.0008206443514416999,0.004456316087846551,0.0634262995656047
350,0.5,calibrated,9.615384615384615,13,300,0.03931284172192967,0.4793118041479581,0.08634381057386598,1e-06,0.0005747321049336506,0.0003746842827715445,0.003934630803658225,0.019971725882150813
350,0.5,calibrated,9.615384615384615,14,25,0.05812671022096083,0.5767511168926872,0.08634381057386598,1e-06,0.0004961424290230196,0.00017254373274821987,0.0025113129277091204,0.059142862823536584
350,0.5,calibrated,9.615384615384615,15,300,0.05521702288565977,0.46347585372262456,0.08634381057386598,1e-06,0.0010615873741568914,0.0006679506813193342,0.0035732089116772433,0.08091271885392907
350,0.5,calibrated,9.615384615384615,16,25,0.03853445243955833,0.5560367418666808,0.08634381057386598,1e-06,0.0010651202344716475,0.0004707401932868095,0.0024614084100734587,0.05041705113093477
350,0.5,calibrated,9.615384615384615,17,300,0.02094627899758128,0.4980196123889824,0.08634381057386598,1e-06,0.0006751741440786753,0.0002665915039315159,0.001422056332671395,0.03108931591457643
350,0.5,calibrated,9.615384615384615,18,33,0.0047343340049171845,0.5138903118649706,0.08634381057386598,1e-06,0.0003460902737186383,0.0001715481953451595,0.0010895420584016383,0.0034187198113361014
350,0.5,calibrated,9.615384615384615,19,24,0.011262051912193316,0.5298858772792373,0.08634381057386598,1e-06,5.907818971825946e-05,1.087796911885041e-05,0.0005537972289512608,0.011381919677213201
350,0.5,calibrated,9.615384615384615,20,44,0.024925660899450808,0.49369810443004225,0.08634381057386598,1e-06,0.00024312239255042573,2.7260148791392557e-05,0.0009428836062392488,0.027502320664859355
350,0.5,calibrated,9.615384615384615,21,26,0.03918901138875486,0.5578128781171481,0.08634381057386598,1e-06,0.000445301089558594,4.45920943575858e-05,0.0012912379038670064,0.04016908552679969
350,0.5,calibrated,9.615384615384615,22,300,0.05629708117796023,0.46232676917805915,0.08634381057386598,1e-06,0.0007874396797859718,0.0003667431097903316,0.002673724763710136,0.071436313738034
350,0.5,calibrated,9.615384615384615,23,25,0.06081783196451529,0.5794424778344031,0.08634381057386598,1e-06,0.0009689256072250461,0.0002688504239214214,0.002438826717848221,0.06513606897384182
350,0.5,calibrated,9.615384615384615,24,300,0.07825559932414983,0.44036845193734175,0.08634381057386598,1e-06,0.0013379252875212768,0.0008183206539956608,0.004559328521058339,0.11242572029672754
350,0.5,calibrated,9.615384615384615,25,25,0.07174015616012563,0.5903648020300134,0.08634381057386598,1e-06,0.001454678581111088,0.0005428045094063623,0.003467836443804804,0.08130609826403892
350,0.5,calibrated,9.615384615384615,26,300,0.02167501052469234,0.5264825043337252,0.08634381057386598,1e-06,0.0012854142331958497,0.001003063776333169,0.006213182929587101,0.015499224121988467
350,0.5,calibrated,9.615384615384615,27,300,0.03948217116650071,0.47914247470338706,0.08634381057386598,1e-06,0.00022445090864483261,0.00020299515468587314,0.002559737091149237,0.03039856280241982
350,0.5,calibrated,9.615384615384615,28,194,0.06723685087255604,0.4513877949973317,0.08634381057386598,1e-06,0.0003119959477749666,0.00029112347255589715,0.006279692414700733,0.043264231085162454
350,0.5,calibrated,9.615384615384615,29,20,0.09835555674691598,0.6169794974080638,0.08634381057386598,1e-06,0.0007505078640497804,0.00012211007451296118,0.0036177102397938615,0.0914472935613332
350,0.5,calibrated,9.615384615384615,30,300,0.04430127356602109,0.5008324247988188,0.08634381057386598,1e-06,0.0016507396166397644,0.0014021066646930321,0.008848142555419977,0.05312086021634584
350,0.5,calibrated,9.615384615384615,31,300,0.0382437626697843,0.48038088320010347,0.08634381057386598,1e-06,0.000770436047745563,0.0005441701401482829,0.0055159433080872,0.009821638468566788
350,0.5,calibrated,9.615384615384615,32,42,0.00957348806529168,0.5151692658778725,0.08634381057386598,1e-06,0.00043982797645998346,0.0004485416427726712,0.0035140668470900493,0.007188506700898369
350,0.5,calibrated,9.615384615384615,33,22,0.011451491311800566,0.5300753167732998,0.08634381057386598,1e-06,8.031933809570508e-05,9.875259222148312e-06,0.0008598460224746272,0.010384873936200748
350,0.5,calibrated,9.615384615384615,34,44,0.026786562398898706,0.49183719954589317,0.08634381057386598,1e-06,0.00023463744602578997,2.9366335368847852e-05,0.0010454588971915036,0.029549369982517774
350,0.5,calibrated,9.615384615384615,35,26,0.04185391085005319,0.5604777813053906,0.08634381057386598,1e-06,0.0004726524335051908,4.7413484766488875e-05,0.0013789894835414122,0.04276595978380539
350,0.5,calibrated,9.615384615384615,36,300,0.017326482533214338,0.5050093780531681,0.08634381057386598,1e-06,0.0005948690005052693,0.0003784680951874486,0.0020018825367517615,0.02698197573296564
350,0.5,calibrated,9.615384615384615,37,182,0.06676765593950729,0.4518569899303805,0.08634381057386598,1e-06,0.00015160171549401867,0.0003708099504287733,0.0030991622706822556,0.06091320987278021
350,0.5,calibrated,9.615384615384615,38,20,0.09386670641775707,0.6124906424306049,0.08634381057386598,1e-06,0.0008816377763828895,9.147110990582797e-05,0.0030897523338811405,0.08909999625429474
350,0.5,calibrated,9.615384615384615,39,300,0.03938107808301938,0.494509581802388,0.08634381057386598,1e-06,0.001393273130900615,0.0011210779989097171,0.006271750361874027,0.05387043908814314
350,0.5,calibrated,9.615384615384615,40,300,0.05076390961110183,0.46786073625878594,0.08634381057386598,1e-06,0.00047527390364573996,0.0003120544674467735,0.0039885339057361135,0.03235032439895934
350,0.5,calibrated,9.615384615384615,41,25,0.044570658251243844,0.5626722059149207,0.08634381057386598,1e-06,0.0007261085139064582,0.00046920230274899156,0.0026693472261489284,0.05448017946535361
350,0.5,calibrated,9.615384615384615,42,300,0.03439864708713952,0.4842437844856854,0.08634381057386598,1e-06,0.0008094797713463059,0.0003932619674024243,0.0021952384600740556,0.04948752106282845
350,0.5,calibrated,9.615384615384615,43,29,0.0181261860734645,0.5351707556114161,0.08634381057386598,1e-06,0.00064542373504087,0.0002871015889131527,0.0013364201367792074,0.025654040922955142
350,0.5,calibrated,9.615384615384615,44,50,0.031961908449733234,0.48666184403866247,0.08634381057386598,1e-06,0.00046200455617337387,4.0830920706754544e-05,0.0011154354090578682,0.03637342471191451
350,0.5,calibrated,9.615384615384615,45,24,0.047998420627064387,0.5666222994635118,0.08634381057386598,1e-06,0.0005766164066450236,5.6739640669263904e-05,0.0015533777007335004,0.04869343116263313
350,0.5,calibrated,9.615384615384615,46,300,0.07091498475242675,0.4611578151023586,0.08634381057386598,1e-06,0.0017372120659205138,0.0015040082986727838,0.009687485796108812,0.1228642401560332
350,0.5,calibrated,9.615384615384615,47,30,0.05531978032984375,0.5567988001042077,0.08634381057386598,1e-06,0.0019577787733302105,0.0011337939690840163,0.006629264805081225,0.0673281533579908
350,0.5,calibrated,9.615384615384615,48,82,0.052198756977880234,0.46642495578257626,0.08634381057386598,1e-06,0.0010352004561149815,3.889416549246251e-05,0.002134232814659617,0.06494401824330691
350,0.5,calibrated,9.615384615384615,49,22,0.07139729685447371,0.59002120607343,0.08634381057386598,1e-06,0.0009623379621255795,9.210441899697442e-05,0.002217413357615351,0.07053196593792431
350,0.5,calibrated,9.615384615384615,50,300,0.08288824044347232,0.43855946547358954,0.08634381057386598,1e-06,0.0017048057475073982,0.001284091642033383,0.007132298914522106,0.13651012042664962
350,0.5,calibrated,9.615384615384615,51,25,0.06457530821413315,0.5784186023258925,0.08634381057386598,1e-06,0.0018175000405136815,0.0009200997565638548,0.004354711370248811,0.08203384612367022
350,0.5,calibrated,9.615384615384615,52,300,0.03524109517709817,0.5538657136604318,0.08634381057386598,1e-06,0.0011171339904142536,0.0008069509881564121,0.005465446126524567,0.011380227879976248
350,0.5,calibrated,9.615384615384615,53,300,0.033251778670601695,0.4853728671992861,0.08634381057386598,1e-06,0.00017777032043443167,0.00015823808435949777,0.002514922916284561,0.03687491973686143
350,0.5,calibrated,9.615384615384615,54,300,0.05339901646170414,0.4652256294081836,0.08634381057386598,1e-06,0.00019389086598939573,0.00020453547988663842,0.00496972830068504,0.033975844758306034
350,0.5,calibrated,9.615384615384615,55,29,0.03772541469296509,0.5545894894348053,0.08634381057386598,1e-06,0.0007741448493998617,0.00048003326773291623,0.00253913751538599,0.0487971822056116
350,0.5,calibrated,9.615384615384615,56,300,0.007299219608069563,0.5201000803071131,0.08634381057386598,1e-06,0.0005343689264761165,0.0003065879934234971,0.0016153459631622364,0.005267072538374211
350,0.5,calibrated,9.615384615384615,57,300,0.09167536503602941,0.42694928083385836,0.08634381057386598,1e-06,0.0004890634008172944,0.00031811649316799783,0.004577337738068389,0.10294654669175801
350,0.5,calibrated,9.615384615384615,58,21,0.10708534559816796,0.6257099914680557,0.08634381057386598,1e-06,0.0013498970530409922,0.00031131955277855525,0.0038889678656846187,0.10497534241073496
350,0.5,calibrated,9.615384615384615,59,300,0.06448294384944742,0.4679173410711592,0.08634381057386598,1e-06,0.0018902527098995404,0.001527948432586225,0.008569484605179457,0.11169773465333216
350,0.5,calibrated,9.615384615384615,60,300,0.07345086199725664,0.4451737838726311,0.08634381057386598,1e-06,0.0010854502641338877,0.0007110364352599516,0.00893824580632786,0.032991315356051744
350,0.5,fixed,0.2,1,3,0.0014638648083540318,1.0000003610128212,0.0,1e-06,1.0070160254640817e-05,1.1239028038473485e-05,6.0315517891784797e-05,0.0010548824146038476
350,0.5,fixed,0.2,2,3,2.850586383496001e-06,0.9999959446627396,1.0070160254640817e-05,1e-06,7.706372311890819e-08,3.4603218971264685e-09,8.65600501285661e-08,2.6286898649504315e-06
350,0.5,fixed,0.2,3,2,6.57825660610456e-09,0.9999984981528656,1.0073988446940239e-05,1e-06,0.0,,,
350,0.5,fixed,0.47692307692307695,1,3,0.005640896378703797,0.9943585284596694,0.0,1e-06,3.687621989370275e-05,1.9086182970227128e-05,0.00022690461089975035,0.004120446872330193
350,0.5,fixed,0.47692307692307695,2,3,7.9755489844624e-06,0.9999892472095517,3.687621989370275e-05,1e-06,2.3047707264717357e-07,1.0122131312559219e-08,2.576629637708014e-07,7.354201920112141e-06
350,0.5,fixed,0.47692307692307695,3,2,3.4468493725903215e-08,0.9999963975430983,3.688650798704728e-05,1e-06,0.0,,,
350,0.5,fixed,0.7538461538461538,1,4,0.012848859046949657,0.987150365845447,0.0,1e-06,6.374936723926306e-05,5.1679816314115456e-05,0.0004002875671161873,0.009453675273840317
350,0.5,fixed,0.7538461538461538,2,4,6.004957930350052e-05,0.9999358904247935,6.374936723926306e-05,1e-06,1.7304345119905209e-06,7.633202092136846e-08,1.9143015581517616e-06,5.5431143445448884e-05
350,0.5,fixed,0.7538461538461538,3,3,6.222309588688191e-07,0.9999939669851902,6.426212303595252e-05,1e-06,0.0,,,
350,0.5,fixed,1.0307692307692309,1,4,0.020164685858354958,0.9798344494065263,0.0,1e-06,9.132831341272713e-05,8.31486990458288e-05,0.0005788445067505673,0.014953378620188014
350,0.5,fixed,1.0307692307692309,2,4,0.00015817294160314077,0.9998362860097262,9.132831341272713e-05,1e-06,4.595983143118781e-06,2.0260175787167546e-07,5.024036744234048e-06,0.00014612205411206847
350,0.5,fixed,1.0307692307692309,3,3,2.6013515379563756e-06,0.9999900324816111,9.59242965558459e-05,1e-06,1.679464868492255e-07,3.2860434620547895e-10,1.1049966384338778e-07,2.5551902845099884e-06
350,0.5,fixed,1.0307692307692309,4,2,3.9398052376071746e-08,0.9999919658321463,9.609224304269513e-05,1e-06,0.0,,,
350,0.5,fixed,1.3076923076923077,1,4,0.027592903781827993,0.9724061403968778,0.0,1e-06,0.00012165240540813573,0.00011522509284067538,0.0007628732651416928,0.02062883116291936
350,0.5,fixed,1.3076923076923077,2,5,0.00030138961343251225,0.9996915936971746,0.00012165240540813573,1e-06,8.847672527959443e-06,3.894998659295414e-07,9.55367376860418e-06,0.0002786645554119383
350,0.5,fixed,1.3076923076923077,3,3,6.77295730400207e-06,0.9999839459704152,0.00013050007793609516,1e-06,4.433872178232938e-07,6.220727583236047e-10,2.9026300513103404e-07,6.655692375905827e-06
350,0.5,fixed,1.3076923076923077,4,2,1.4692967187368566e-07,0.9999895783054831,0.00013094346515391846,1e-06,0.0,,,
350,0.5,fixed,1.5846153846153845,1,5,0.03513853824532054,0.9648604133161601,0.0,1e-06,0.0001535556045477636,0.00014760272604513923,0.0009526989271244821,0.026490115043303935
350,0.5,fixed,1.5846153846153845,2,5,0.000488717944532091,0.9995027944775445,0.0001535556045477636,1e-06,1.4507606833937458e-05,6.37661398981718e-07,1.5469080392702285e-05,0.00045228917737345575
350,0.5,fixed,1.5846153846153845,3,4,1.387306917188802e-05,0.9999749813826468,0.00016806321138170105,1e-06,9.21391909145894e-07,1.0442185944775926e-09,6.000505819967018e-07,1.3638572963823487e-05
350,0.5,fixed,1.5846153846153845,4,2,3.409930583453402e-07,0.9999870513885593,0.00016898460329084695,1e-06,0.0,,,
350,0.5,fixed,1.8615384615384616,1,5,0.04280691997374941,0.9571919373645572,0.0,1e-06,0.00018709305780922818,0.00018104601806082486,0.0011486729840113217,0.03254812389017885
350,0.5,fixed,1.8615384615384616,2,5,0.000719156552640432,0.9992708894918045,0.00018709305780922818,1e-06,2.159954851005826e-05,9.477926979140993e-07,2.2734891629525146e-05,0.0006662204637108501
350,0.5,fixed,1.8615384615384616,3,4,2.453283856751476e-05,0.9999625002865041,0.00020869260631928643,1e-06,1.657386168838036e-06,1.919152824554321e-09,1.0735772102018307e-06,2.4142693331455145e-05
350,0.5,fixed,1.8615384615384616,4,3,6.432097582331764e-07,0.99998435869651,0.00021034999248812446,1e-06,0.0,,,
350,0.5,fixed,2.138461538461539,1,5,0.05060385830080638,0.949394903124766,0.0,1e-06,0.00022232393724341118,0.00021682477273185846,0.0013511812303293245,0.03881475982329516
350,0.5,fixed,2.138461538461539,2,6,0.0009916642843299517,0.9989969200083181,0.00022232393724341118,1e-06,3.0148913837000202e-05,1.3206700136143018e-06,3.13138916665449e-05,0.0009196596355787209
350,0.5,fixed,2.138461538461539,3,4,3.931458058914483e-05,0.9999459273175839,0.0002524728510804114,1e-06,2.7066432369319113e-06,2.2466956046644805e-09,1.7436002170176337e-06,3.874368285498547e-05
350,0.5,fixed,2.138461538461539,4,3,1.1840081435288141e-06,0.9999814581318707,0.0002551794943173433,1e-06,1.4668116625084294e-07,7.518435723741935e-10,8.552958649269116e-08,1.1650850761497761e-06
350,0.5,fixed,2.138461538461539,5,2,4.4455578995794554e-08,0.9999819879868574,0.0002553261754835942,1e-06,0.0,,,
350,0.5,fixed,2.4153846153846157,1,5,0.05853561790863393,0.9414630458245857,0.0,1e-06,0.0002593117909270174,0.0002541483367876365,0.0015606454695525946,0.04530299978688697
350,0.5,fixed,2.4153846153846157,2,6,0.001305014520339709,0.9986821111327971,0.0002593117909270174,1e-06,4.01829738722969e-05,1.757112694357714e-06,4.1308557971705235e-05,0.0012116829306493323
350,0.5,fixed,2.4153846153846157,3,4,5.8812210098735385e-05,0.9999246806862094,0.0002994947647993143,1e-06,4.124003789298221e-06,5.03874029974046e-09,2.641663277545074e-06,5.8024398006938265e-05
350,0.5,fixed,2.4153846153846157,4,3,1.987522437296718e-06,0.9999783150393716,0.00030361876858861253,1e-06,2.555573042741633e-07,1.506130056065398e-09,1.4901523983594008e-07,1.9417372456817098e-06
350,0.5,fixed,2.4153846153846157,5,2,8.847722809957048e-08,0.9999792187463633,0.0003038743258928867,1e-06,0.0,,,
350,0.5,fixed,2.6923076923076925,1,6,0.06660909882494481,0.9333894653365367,0.0,1e-06,0.0002981251999459993,0.00029311577853544525,0.001777532266082818,0.05202712839901135
350,0.5,fixed,2.6923076923076925,2,6,0.0016578912061886442,0.9983277774648527,0.0002981251999459993,1e-06,5.173086599385413e-05,2.2580091370701875e-06,5.2706752876280457e-05,0.0015413016197013574
350,0.5,fixed,2.6923076923076925,3,5,8.335852754115525e-05,0.9998983841140212,0.00034985606593985346,1e-06,5.964119174170938e-06,1.0418656101111714e-08,3.798172528197953e-06,8.2360483796114e-05
350,0.5,fixed,2.6923076923076925,4,3,3.166634387707923e-06,0.9999748802507559,0.0003558201851140244,1e-06,4.14967691801498e-07,1.5391333888975523e-09,2.4196759707528165e-07,3.1074937126582225e-06
350,0.5,fixed,2.6923076923076925,5,2,1.691653898072687e-07,0.9999763246835545,0.0003562351528058259,1e-06,0.0,,,
350,0.5,fixed,2.9692307692307693,1,6,0.07483156819932801,0.9251668944061413,0.0,1e-06,0.00033883790887862127,0.0003338349268911804,0.0020023479128163106,0.05900263986710629
350,0.5,fixed,2.9692307692307693,2,6,0.002049041447099831,0.9979351730775151,0.00033883790887862127,1e-06,6.48236991506672e-05,2.8243527261891186e-06,6.544197563260453e-05,0.0019075596147413922
350,0.5,fixed,2.9692307692307693,3,5,0.00011346790956023867,0.9998665414962189,0.00040366160802928847,1e-06,8.281342962479677e-06,1.173937437143511e-08,5.242412721192442e-06,0.00011224966882429092
350,0.5,fixed,2.9692307692307693,4,4,4.7778259669728484e-06,0.9999711098227368,0.00041194295099176813,1e-06,6.382428807650047e-07,1.5483423423420218e-09,3.7215996309507637e-07,4.709321950113895e-06
350,0.5,fixed,2.9692307692307693,5,2,1.7118112505265515e-07,0.9999733087547331,0.0004125811938725331,1e-06,0.0,,,
350,0.5,fixed,3.2461538461538466,1,6,0.08321114305053168,0.9167872158964657,0.0,1e-06,0.0003815300092965997,0.0003764249131356412,0.002235657924220313,0.06624673853862639
350,0.5,fixed,3.2461538461538466,2,7,0.002476778189707929,0.99750598171878,0.0003815300092965997,1e-06,7.949491609766406e-05,3.4571457222642463e-06,7.949541953944883e-05,0.002309192973782329
350,0.5,fixed,3.2461538461538466,3,5,0.00014949623515614352,0.9998287913231444,0.0004610249253942638,1e-06,1.112902002583317e-05,1.653213708435685e-08,7.001752184985737e-06,0.00014805457873009274
350,0.5,fixed,3.2461538461538466,4,4,6.816316058699812e-06,0.9999669682812123,0.000472153945420097,1e-06,9.399190898843551e-07,2.3124469254398716e-09,5.48068849332653e-07,6.6949124140510375e-06
350,0.5,fixed,3.2461538461538466,5,2,2.6013824416804e-07,0.9999701475456836,0.00047309386450998135,1e-06,0.0,,,
350,0.5,fixed,3.5230769230769234,1,6,0.09175664640522663,0.9082416066520262,0.0,1e-06,0.0004262884065642041,0.0004210169147019143,0.002478087387196781,0.07377837963546352
350,0.5,fixed,3.5230769230769234,2,7,0.0029395960825564504,0.9970417106611604,0.0004262884065642041,1e-06,9.577984264661358e-05,4.157529307844676e-06,9.484644743370656e-05,0.0027450362995896094
350,0.5,fixed,3.5230769230769234,3,5,0.0001915334941614555,0.9997849888613627,0.0005220682492108177,1e-06,1.4560819974849616e-05,2.4445089755254122e-08,9.102690562763399e-06,0.0001899192364084899
350,0.5,fixed,3.5230769230769234,4,4,9.365253599846746e-06,0.9999624059949165,0.0005366290691856672,1e-06,1.3349508591100688e-06,2.77977629949002e-09,7.784149709130758e-07,9.160936888566792e-06
350,0.5,fixed,3.5230769230769234,5,3,2.9597218209609366e-07,0.9999668545593862,0.0005379640200447773,1e-06,0.0,,,
350,0.5,fixed,3.8000000000000003,1,7,0.10047788477063757,0.8995202600206653,0.0,1e-06,0.0004732080916212253,0.0004677565447794103,0.002730336040964726,0.08161867233822866
350,0.5,fixed,3.8000000000000003,2,7,0.0034354447693359935,0.9965444069495775,0.0004732080916212253,1e-06,0.00011371650787652912,4.926645358771134e-06,0.00011147088968864918,0.003213525431574152
350,0.5,fixed,3.8000000000000003,3,6,0.00023989274854607778,0.9997348429880504,0.0005869245994977543,1e-06,1.8628320559808412e-05,3.3195837523926465e-08,1.1568932475938114e-05,0.00023813726221074682
350,0.5,fixed,3.8000000000000003,4,4,1.2410791373707042e-05,0.9999573875074961,0.0006055529200575628,1e-06,1.8400952697435002e-06,6.2521641553272364e-09,1.0729704555840544e-06,1.2024688108404963e-05
350,0.5,fixed,3.8000000000000003,5,3,3.990068722092843e-07,0.9999633990288135,0.0006073930153273063,1e-06,0.0,,,
350,0.5,fixed,4.0769230769230775,1,7,0.1093853745110791,0.8906126594847054,0.0,1e-06,0.0005223922284769202,0.0005168043665553753,0.002993175515313806,0.08979085432801304
350,0.5,fixed,4.0769230769230775,2,7,0.00396232870030877,0.9960160670528968,0.0005223922284769202,1e-06,0.00013334551864457728,5.765765963802502e-06,0.00012934159296305468,0.003713093280969462
350,0.5,fixed,4.0769230769230775,3,6,0.0002944637788077076,0.9996784069316825,0.0006557377471214975,1e-06,2.338319899944862e-05,5.009064473501744e-08,1.4422839027330702e-05,0.0002926546224828452
350,0.5,fixed,4.0769230769230775,4,5,1.6004685854498213e-05,0.9999518691504166,0.0006791209461209461,1e-06,2.471596280829312e-06,8.70638331047104e-09,1.44120871122495e-06,1.5329492091339392e-05
350,0.5,fixed,4.0769230769230775,5,3,5.53405851477784e-07,0.9999597689099063,0.0006815925424017754,1e-06,0.0,,,
350,0.5,fixed,4.353846153846154,1,7,0.11849098968940297,0.8815069308049065,0.0,1e-06,0.0005739546142692469,0.0005683403111909175,0.0032674798626129197,0.09832108246068981
350,0.5,fixed,4.353846153846154,2,8,0.004518009370630405,0.9954589311351832,0.0005739546142692469,1e-06,0.00015470976734747283,6.676234838646801e-06,0.00014842636722540103,0.004241953307768279
350,0.5,fixed,4.353846153846154,3,6,0.0003551034500374195,0.9996157895404294,0.0007286643816167197,1e-06,2.8875853326509646e-05,6.766825733595524e-08,1.7684420772907113e-05,0.00035336212745585226
350,0.5,fixed,4.353846153846154,4,5,2.021376886718329e-05,0.9999458042742752,0.0007575402349432294,1e-06,3.2459710103716865e-06,1.0072624772085506e-08,1.892763039110025e-06,1.9177664875120356e-05
350,0.5,fixed,4.353846153846154,5,3,7.083524531381613e-07,0.9999559738247971,0.000760786205953601,1e-06,0.0,,,
350,0.5,fixed,4.630769230769231,1,7,0.1278078445510067,0.8721899595408373,0.0,1e-06,0.0006280204763010802,0.000622565516579446,0.003554231452958514,0.10723863332093446
350,0.5,fixed,4.630769230769231,2,8,0.0050994337922903865,0.9948760464750175,0.0006280204763010802,1e-06,0.00017785621492969115,7.659379905070018e-06,0.0001686869726264437,0.004797703596715438
350,0.5,fixed,4.630769230769231,3,6,0.0004218521655670049,0.9995469826167779,0.0008058766912307714,1e-06,3.515251622268264e-05,1.0244494761495736e-07,2.1368852847947933e-05,0.00042027100436831897
350,0.5,fixed,4.630769230769231,4,5,2.5012536964075238e-05,0.9999391627037739,0.000841029207453454,1e-06,4.180894625116796e-06,1.2510233393744992e-08,2.4379426810111195e-06,2.3457736723174046e-05
350,0.5,fixed,4.630769230769231,5,3,8.828664238569317e-07,0.9999519996784803,0.0008452101020785708,1e-06,0.0,,,
350,0.5,fixed,4.907692307692308,1,8,0.13735079781123094,0.86264688675629,0.0,1e-06,0.0006847289382329025,0.0006797071284626624,0.003854551031478227,0.11657670748855443
350,0.5,fixed,4.907692307692308,2,8,0.005703413194981133,0.9942706002973337,0.0006847289382329025,1e-06,0.00020283441042351073,8.71664660019291e-06,0.00019007801004189783,0.0053777626716702935
350,0.5,fixed,4.907692307692308,3,7,0.000494143530842206,0.9994725073431093,0.0008875633486564133,1e-06,4.2258769442926516e-05,1.644690117215565e-07,2.5488913925719528e-05,0.000492684304970557
350,0.5,fixed,4.907692307692308,4,5,3.0420976939393718e-05,0.9999319128534524,0.0009298221180993398,1e-06,5.2912936237394935e-06,1.2606677797567647e-08,3.0854549263050137e-06,2.819627153285942e-05
350,0.5,fixed,4.907692307692308,5,4,1.1136398915256862e-06,0.9999478201950187,0.0009351134117230794,1e-06,4.11062026953123e-07,1.662528905352748e-09,2.396898675079e-07,5.713104984445254e-07
350,0.5,fixed,4.907692307692308,6,2,9.249949028955484e-08,0.99994869417813,0.0009355244737500324,1e-06,0.0,,,
350,0.5,fixed,5.184615384615385,1,8,0.1471359686134085,0.8528615930644484,0.0,1e-06,0.0007442335599585071,0.0007295516290944559,0.004169695039813146,0.12637242097634968
350,0.5,fixed,5.184615384615385,2,9,0.006326326742096211,0.9936462126746901,0.0007442335599585071,1e-06,0.00022969795338378463,9.849555629466998e-06,0.00021254565740201848,0.005979151404683815
350,0.5,fixed,5.184615384615385,3,7,0.0005718501255085329,0.9993925293651391,0.0009739315133422918,1e-06,5.023500775505433e-05,2.2475329196722652e-07,3.0051766590611737e-05,0.0005697342566357547
350,0.5,fixed,5.184615384615385,4,5,3.632111485740719e-05,0.9999240518231023,0.001024166521097346,1e-06,6.594442181082457e-06,1.6524119139025607e-08,3.845376740097386e-06,3.315391993586154e-05
350,0.5,fixed,5.184615384615385,5,4,1.3218134152781502e-06,0.9999434637425577,0.0010307609632784285,1e-06,5.296263320752996e-07,2.4403754354221366e-09,3.088247283980138e-07,5.316014258088779e-07
350,0.5,fixed,5.184615384615385,6,2,1.563802154436189e-07,0.9999445454021275,0.001031290589610504,1e-06,0.0,,,
350,0.5,fixed,5.461538461538462,1,8,0.15718200813383687,0.8428154270082807,0.0,1e-06,0.0008067070916838422,0.0007884464454677569,0.0045011198218972625,0.13666848732109724
350,0.5,fixed,5.461538461538462,2,9,0.006964102965406727,0.9930069566627882,0.0008067070916838422,1e-06,0.000258503376679936,1.0776847669054244e-05,0.00023602454054244621,0.0065984491341536935
350,0.5,fixed,5.461538461538462,3,7,0.000654052004305794,0.9993079553302203,0.0010652104683637781,1e-06,5.9119900410022984e-05,3.104969306715784e-07,3.506079960033703e-05,0.0006509607690015303
350,0.5,fixed,5.461538461538462,4,6,4.2728135486669316e-05,0.9999155593764791,0.0011243303687738012,1e-06,8.101603514739478e-06,1.884039076285174e-08,4.724281004469989e-06,3.836009345383348e-05
350,0.5,fixed,5.461538461538462,5,4,1.502115039686558e-06,0.9999389283520165,0.0011324319722885406,1e-06,6.704968760216691e-07,3.5438791993621272e-09,3.909664013590216e-07,2.5956282158966383e-07
350,0.5,fixed,5.461538461538462,6,2,2.888443582094169e-07,0.9999402302261075,0.0011331024691645622,1e-06,0.0,,,
350,0.5,fixed,5.7384615384615385,1,9,0.1675101267933473,0.8324871778440078,0.0,1e-06,0.0008723442965303275,0.0008549905026467828,0.004850506834121781,0.14751393365414536
350,0.5,fixed,5.7384615384615385,2,9,0.007611482993722607,0.9923580857515694,0.0008723442965303275,1e-06,0.00028931256031784904,1.1336707430441229e-05,0.00026043496700604016,0.00723126351889793
350,0.5,fixed,5.7384615384615385,3,7,0.0007399130122146547,0.9992196417740935,0.0011616568568481765,1e-06,6.894330799550708e-05,4.157836770965083e-07,4.051016182175941e-05,0.0007354738148242639
350,0.5,fixed,5.7384615384615385,4,6,4.942114175987555e-05,0.9999064808154166,0.0012306001648436835,1e-06,9.824335449198868e-06,2.1923005911269973e-08,5.728912547069359e-06,4.345084640507598e-05
350,0.5,fixed,5.7384615384615385,5,4,1.6849583026612436e-06,0.9999341957190702,0.0012404245002928824,1e-06,8.317150723374593e-07,4.536048794291087e-09,4.849728592152145e-07,2.6359242448109894e-07
350,0.5,fixed,5.7384615384615385,6,2,4.466238476830142e-07,0.9999357327742541,0.0012412562153652198,1e-06,0.0,,,
350,0.5,fixed,6.015384615384616,1,9,0.17814409805341969,0.8218530717493463,0.0,1e-06,0.000941364046597901,0.0009254804665099104,0.005219790813808087,0.1589648989653437
350,0.5,fixed,6.015384615384616,2,10,0.008262955272959505,0.9917051155690919,0.000941364046597901,1e-06,0.0003221912559135873,1.1779916727035539e-05,0.0002856811531168962,0.007872826192457159
350,0.5,fixed,6.015384615384616,3,8,0.0008284207901771978,0.9991287021205921,0.0012635553025114883,1e-06,7.972983570913144e-05,4.27957014311684e-07,4.6524864827033057e-05,0.0008221034153862216
350,0.5,fixed,6.015384615384616,4,6,5.622355220169517e-05,0.9998968575489745,0.0013432851382206197,1e-06,1.17699040393954e-05,2.961013343508094e-08,6.863513968070533e-06,4.821803406508859e-05
350,0.5,fixed,6.015384615384616,5,4,1.822716876209718e-06,0.9999292890132959,0.0013550550422600151,1e-06,1.0124977733271257e-06,5.78535416260641e-09,5.903874240478024e-07,9.063707860913093e-07
350,0.5,fixed,6.015384615384616,6,2,6.740533338156496e-07,0.9999310542399144,0.0013560675400333423,1e-06,0.0,,,
350,0.5,fixed,6.292307692307693,1,9,0.18911168461656525,0.8108853455952222,0.0,1e-06,0.0010140174880149773,0.0010003796423500588,0.0056112523713928286,0.17108707725431643
350,0.5,fixed,6.292307692307693,2,10,0.008911106485201437,0.9910554515620328,0.0010140174880149773,1e-06,0.00035721223885579466,1.206315103251794e-05,0.0003116445423196704,0.008516814899247714
350,0.5,fixed,6.292307692307693,3,8,0.0009180401882142863,0.9990367391426079,0.001371229726870772,1e-06,9.1491224810587e-05,4.950014289361144e-07,5.339307809348897e-05,0.0009091309300051585
350,0.5,fixed,6.292307692307693,4,6,6.305906407721995e-05,0.9998867295829488,0.001462720951681359,1e-06,1.393705571537099e-05,3.837632910014401e-08,8.12735994070777e-06,5.2550845636600346e-05
350,0.5,fixed,6.292307692307693,5,4,1.92473673032989e-06,0.9999242082830615,0.00147665800739673,1e-06,1.2114081392341408e-06,7.162487761473699e-09,7.063722516273714e-07,1.6821713581172766e-06
350,0.5,fixed,6.292307692307693,6,2,9.809327472520835e-07,0.9999261878698408,0.001477869415535964,1e-06,0.0,,,
350,0.5,fixed,6.56923076923077,1,10,0.2004453085181933,0.7995515768483514,0.0,1e-06,0.001090594016193873,0.0010802387786202716,0.00602759385163138,0.18395775509463883
350,0.5,fixed,6.56923076923077,2,10,0.009547432569157577,0.9904175944352539,0.001090594016193873,1e-06,0.0003944533917889642,1.2144319068021284e-05,0.00033817899826698173,0.009155835396579111
350,0.5,fixed,6.56923076923077,3,8,0.0010069891126477382,0.9989456949857679,0.0014850474079828372,1e-06,0.00010422644451145414,7.942652021048045e-07,6.083120836473071e-05,0.0009946212849470688
350,0.5,fixed,6.56923076923077,4,6,6.962415762168384e-05,0.9998762124061706,0.0015892738524942913,1e-06,1.6318895648738923e-05,4.545810009214912e-08,9.516433715532655e-06,5.5484419380803454e-05
350,0.5,fixed,6.56923076923077,5,4,3.176595775977731e-06,0.9999189779335798,0.0016055927481430303,1e-06,1.4229509916336981e-06,8.699695577336231e-09,8.297230174494934e-07,2.7606924537397737e-06
350,0.5,fixed,6.56923076923077,6,2,1.3919035959375492e-06,0.9999211312429601,0.001607015699134664,1e-06,7.659009228467375e-08,4.357422463676824e-09,6.265917419214565e-08,1.2664152032937333e-06
350,0.5,fixed,6.56923076923077,7,2,1.6175377925975454e-07,0.9999209280095854,0.0016070336799644013,1e-06,0.0,,,
350,0.5,fixed,6.846153846153847,1,10,0.21218220495909612,0.787814529727125,0.0,1e-06,0.0011714274040090476,0.0011553647487819757,0.006472007820594867,0.1976676837033312
350,0.5,fixed,6.846153846153847,2,11,0.010161767387708132,0.9898017080163987,0.0011714274040090476,1e-06,0.0004340003635825367,1.1975676247548973e-05,0.0003651042878315329,0.009780952426243165
350,0.5,fixed,6.846153846153847,3,8,0.0010932673081518463,0.9988578758459828,0.0016054277675915845,1e-06,0.00011791569907957516,7.869550095514634e-07,6.882787649054351e-05,0.0010762260661470362
350,0.5,fixed,6.846153846153847,4,7,7.553685207351002e-05,0.9998654778975761,0.0017233434666711596,1e-06,1.889974661695326e-05,6.426613198945647e-08,1.1021594186121938e-05,5.68516536440969e-05
350,0.5,fixed,6.846153846153847,5,5,5.034503706369264e-06,0.9999136399737019,0.001742243213288113,1e-06,1.6374857200684835e-06,1.0504959187575556e-08,9.548181104540567e-07,4.525632657342006e-06
350,0.5,fixed,6.846153846153847,6,3,1.3093734287927816e-06,0.9999158266748496,0.0017438806990081814,1e-06,8.385230755022837e-08,1.7075771279191654e-09,8.225289778902877e-08,1.2719045018642842e-06
350,0.5,fixed,6.846153846153847,7,2,2.798526277381086e-07,0.9999155563584087,0.001743881160803861,1e-06,0.0,,,
350,0.5,fixed,7.1230769230769235,1,11,0.2243673985419007,0.7756291789257431,0.0,1e-06,0.0012569124142251555,0.0012434279875324077,0.006948386076954732,0.21232653045686276
350,0.5,fixed,7.1230769230769235,2,11,0.010741714892514742,0.989220186750342,0.0012569124142251555,1e-06,0.0004759451614401314,1.2468036457117103e-05,0.0003921931363424148,0.010381172954956157
350,0.5,fixed,7.1230769230769235,3,9,0.0011735978065238184,0.998776827521142,0.001732857575665287,1e-06,0.0001325188823064339,7.893357961502238e-07,7.735976874237544e-05,0.0011507284316066364
350,0.5,fixed,7.1230769230769235,4,7,8.061498701850134e-05,0.9998546803214906,0.0018653764579717208,1e-06,2.164053717525027e-05,7.869047551280194e-08,1.2620055198181274e-05,5.623434464785117e-05
350,0.5,fixed,7.1230769230769235,5,5,7.328709331178018e-06,0.9999081928701281,0.0018870169951469712,1e-06,1.9094353947579104e-06,1.1794682616842187e-08,1.0764115186477947e-06,6.7426100358744545e-06
350,0.5,fixed,7.1230769230769235,6,3,1.7026168430689381e-06,0.9999103508959314,0.001888863010929544,1e-06,8.94524750295146e-08,2.6159770930999114e-09,1.0515559208175367e-07,1.6421558093171143e-06
350,0.5,fixed,7.1230769230769235,7,2,3.864936224395876e-07,0.9999099561198123,0.0018888381600001979,1e-06,0.0,,,
350,0.5,fixed,7.4,1,11,0.23705413086885996,0.7629422820069965,0.0,1e-06,0.0013475147449517803,0.0013227028367527906,0.0074614538780189,0.22806643798217635
350,0.5,fixed,7.4,2,11,0.011271892796862915,0.9886884090458221,0.0013475147449517803,1e-06,0.0005203913960599414,1.2968732371667741e-05,0.00041916135925566,0.010942804091843904
350,0.5,fixed,7.4,3,9,0.0012453796904789982,0.9987061181531594,0.0018679061410117217,1e-06,0.00014795759128547422,8.37747777329177e-07,8.638111987489149e-05,0.001213098708518225
350,0.5,fixed,7.4,4,7,8.424931790129708e-05,0.9998441426377418,0.002015863732297196,1e-06,2.4494097358622317e-05,7.701296562980743e-08,1.4284298856494364e-05,5.225731750575017e-05
350,0.5,fixed,7.4,5,5,1.0316113327135668e-05,0.99990271563935,0.0020403578296558185,1e-06,2.20352179382826e-06,1.253004225018401e-08,1.1827472598609522e-06,9.656577673826673e-06
350,0.5,fixed,7.4,6,3,2.177871432751388e-06,0.9999046687868306,0.0020423862102268505,1e-06,1.2013703748689544e-07,3.750858156746363e-09,1.4010290096679134e-07,2.0759127219641935e-06
350,0.5,fixed,7.4,7,2,5.236184905665908e-07,0.9999041073006466,0.0020423209676272746,1e-06,0.0,,,
350,0.5,fixed,7.676923076923077,1,11,0.25030768584020635,0.7496885540365912,0.0,1e-06,0.0014437977756982235,0.0014267856920136947,0.008017098785942397,0.24505056720383536
350,0.5,fixed,7.676923076923077,2,12,0.011733257308286338,0.988225417990106,0.0014437977756982235,1e-06,0.0005674521071488395,1.1655543665445224e-05,0.0004456449701292506,0.011448758984770647
350,0.5,fixed,7.676923076923077,3,9,0.0013039351160082369,0.9986511720564202,0.002011249882847063,1e-06,0.0001641142423950931,7.263785615996096e-07,9.582310114292122e-05,0.0012583833480164597
350,0.5,fixed,7.676923076923077,4,8,8.585955539119894e-05,0.9998342366549084,0.002175364125242156,1e-06,2.737523076200041e-05,1.000510319303006e-07,1.5964622999470593e-05,4.5967649218344464e-05
350,0.5,fixed,7.676923076923077,5,5,1.4267082707242196e-05,0.999897277666667,0.0022027393560041563,1e-06,2.496417910970313e-06,1.6064730353026867e-08,1.2604316395807327e-06,1.3473186225989407e-05
350,0.5,fixed,7.676923076923077,6,4,3.0297623008213037e-06,0.999898820752896,0.002204900966812658,1e-06,1.6160866333895534e-07,9.80589490487599e-10,1.8846658022442114e-07,3.0076845956871345e-06
350,0.5,fixed,7.676923076923077,7,3,2.4801186149225884e-07,0.9998979571164559,0.002204776471316553,1e-06,0.0,,,
350,0.5,fixed,7.953846153846155,1,12,0.2642094431464441,0.735786614033191,0.0,1e-06,0.001546453663634154,0.0015413818902957268,0.00862278904539101,0.26348386615899566
350,0.5,fixed,7.953846153846155,2,12,0.012100394070236664,0.9878566085295574,0.001546453663634154,1e-06,0.0006172592845184107,9.710089059896451e-06,0.0004711741859958265,0.011876431644701353
350,0.5,fixed,7.953846153846155,3,9,0.0013444840195546703,0.9986065907130757,0.0021637129481525646,1e-06,0.0001807979771764074,8.150140030467593e-07,0.00010557384539180673,0.0012820111053395277
350,0.5,fixed,7.953846153846155,4,8,8.501641355118661e-05,0.9998255109656549,0.002344510925328972,1e-06,3.016604865318235e-05,1.6470536280817373e-07,1.7592245524327683e-05,3.473846905727022e-05
350,0.5,fixed,7.953846153846155,5,4,1.839275257009554e-05,0.9998918904944825,0.0023746769739821545,1e-06,2.763372317748847e-06,7.71705552104224e-09,1.2857030016163113e-06,1.7715097889570936e-05
350,0.5,fixed,7.953846153846155,6,4,4.181337612374492e-06,0.9998927532501074,0.0023768819298419282,1e-06,2.1014933238988085e-07,5.62831227897554e-09,2.4507394461752045e-07,4.039228368571295e-06
350,0.5,fixed,7.953846153846155,7,3,3.4354732236785424e-07,0.9998915771498981,0.0023766762539673704,1e-06,0.0,,,
350,0.5,fixed,8.23076923076923,1,13,0.27886087838623885,0.7211349847583832,0.0,1e-06,0.0016563436576552222,0.0016336838406237947,0.00928809832497964,0.28362656738134634
350,0.5,fixed,8.23076923076923,2,12,0.012342093992714909,0.9876131906073694,0.0016563436576552222,1e-06,0.000669958086696369,6.686843671300179e-06,0.0004951340054498432,0.0121976754978191
350,0.5,fixed,8.23076923076923,3,10,0.001361075487498864,0.9985819309429178,0.002326301744351591,1e-06,0.00019773534971888936,8.967085669609846e-07,0.00011547289331051746,0.001273821696107221
350,0.5,fixed,8.23076923076923,4,8,8.075253198636112e-05,0.9998186851658398,0.0025240370940704804,1e-06,3.2694542520251084e-05,2.23483176649295e-07,1.9066806897683053e-05,1.5429043669779975e-05
350,0.5,fixed,8.23076923076923,5,4,2.4220437967681363e-05,0.9998868050221367,0.0025567316365907315,1e-06,2.9747854737350548e-06,6.790545399719872e-09,1.574882114663668e-06,2.349996321026894e-05
350,0.5,fixed,8.23076923076923,6,4,4.923290048752804e-06,0.9998864437907566,0.0025588435431838545,1e-06,3.2792869933699666e-07,5.6220036617365275e-09,3.1915443914833384e-07,4.819207992976881e-06
350,0.5,fixed,8.23076923076923,7,3,3.6870708886027614e-07,0.9998848744065167,0.0025585156144845174,1e-06,0.0,,,
350,0.5,fixed,8.507692307692308,1,14,0.29439433983947394,0.7056013158014752,0.0,1e-06,0.0017745721403345557,0.0017537464263404378,0.010025748062933592,0.3058205198748368
350,0.5,fixed,8.507692307692308,2,13,0.01241573227739079,0.9875377771888916,0.0017745721403345557,1e-06,0.0007257240363762625,1.2594842529472018e-06,0.0005167047439820577,0.012374376093436865
350,0.5,fixed,8.507692307692308,3,10,0.0013458542511490812,0.9985932988347241,0.0025002961767108182,1e-06,0.00021451764246943804,8.721082502549395e-07,0.00012528023291599443,0.0012224833521810227
350,0.5,fixed,8.507692307692308,4,8,7.256121907228685e-05,0.9998147156948587,0.002714813819180256,1e-06,3.469691459014888e-05,2.464557752621094e-07,2.023440179225931e-05,2.3457992883722714e-05
350,0.5,fixed,8.507692307692308,5,5,3.129163384785194e-05,0.9998821069497429,0.002749510733770405,1e-06,3.08037496159308e-06,8.45111680995379e-09,1.9436591934480654e-06,3.0532745383858665e-05
350,0.5,fixed,8.507692307692308,6,5,5.2583631984237655e-06,0.999879844187614,0.002751321595420827,1e-06,4.967726314718311e-07,2.441290449722865e-09,4.073313096109666e-07,5.034891561339923e-06
350,0.5,fixed,8.507692307692308,7,3,3.97265768281585e-07,0.9998778520738864,0.002750824822789355,1e-06,0.0,,,
350,0.5,fixed,8.784615384615384,1,15,0.3109861275846909,0.6890093041998687,0.0,1e-06,0.0019025975404258506,0.0019249953832633294,0.010853097303902364,0.3305267562607066
350,0.5,fixed,8.784615384615384,2,13,0.012275942923631988,0.9876867803637741,0.0019025975404258506,1e-06,0.0007847577342884351,1.8207289121397435e-06,0.0005413277362427142,0.012355866092105183
350,0.5,fixed,8.784615384615384,3,10,0.0012903154544916529,0.9986551481614091,0.002687355274714286,1e-06,0.0002305451178405785,1.0186223073652857e-06,0.000134643554765366,0.0011106248392961332
350,0.5,fixed,8.784615384615384,4,8,6.466977644770111e-05,0.9998150321011325,0.0029179003925548642,1e-06,3.5795082652530584e-05,3.175958622075434e-07,2.0874461040905703e-05,5.663604864232279e-05
350,0.5,fixed,8.784615384615384,5,5,3.889517895361294e-05,0.9998779160257819,0.002953695475207395,1e-06,3.0045944515344946e-06,2.6929694084120867e-09,2.353685838435702e-06,3.835440453888818e-05
350,0.5,fixed,8.784615384615384,6,5,6.025768408468579e-06,0.9998730314490811,0.0029548941825331466,1e-06,7.161945453145671e-07,3.542902066691855e-09,5.03368323648632e-07,5.653866544996584e-06
350,0.5,fixed,8.784615384615384,7,3,4.1084861068796386e-07,0.9998704945316993,0.002954177987987832,1e-06,0.0,,,
350,0.5,fixed,9.061538461538461,1,16,0.3288810027918081,0.6711141847657344,0.0,1e-06,0.002042417713871914,0.002071440480423192,0.011794830425393995,0.3583922177676404
350,0.5,fixed,9.061538461538461,2,14,0.011889976642028732,0.9880620513696339,0.002042417713871914,1e-06,0.0008473136561390995,6.347571414646602e-06,0.0005759493892423508,0.012021702428292369
350,0.5,fixed,9.061538461538461,3,11,0.0011840425786514563,0.9987621548220302,0.0028897313700110136,1e-06,0.00024490182664163617,1.0246425740677488e-06,0.00014302482208834554,0.0009293137081166753
350,0.5,fixed,9.061538461538461,4,8,0.00012029891612197474,0.9998216529873704,0.00313463319665265,1e-06,3.541123914391436e-05,3.052959206954068e-07,2.0649952721040075e-05,0.00010620937701544053
350,0.5,fixed,9.061538461538461,5,6,4.79398264705555e-05,0.99987458079567,0.003170044435796564,1e-06,2.636239259253266e-06,5.761030852679292e-09,2.792268868256817e-06,4.761659349283527e-05
350,0.5,fixed,9.061538461538461,6,5,6.473015417673977e-06,0.9998658929454293,0.0031701754941615696,1e-06,1.0122151288390396e-06,8.292492409836104e-09,6.105811704318474e-07,5.526062192694145e-06
350,0.5,fixed,9.061538461538461,7,4,3.72521562930217e-07,0.9998627478392035,0.0031691632790327305,1e-06,0.0,,,
350,0.5,fixed,9.338461538461539,1,17,0.34843561330257156,0.6515593037244829,0.0,1e-06,0.0021969129530684723,0.0022573310378923455,0.012887869058394534,0.3903708688044634
350,0.5,fixed,9.338461538461539,2,14,0.011227637584735661,0.9887078872359166,0.0021969129530684723,1e-06,0.0009137280795639202,1.373126538737849e-05,0.000610255577920888,0.011118282320202408
350,0.5,fixed,9.338461538461539,3,11,0.0010166653394499958,0.9989379201366364,0.0031106410326323924,1e-06,0.0002561274603843228,1.1381177683797999e-06,0.00014956673244638445,0.0006232275938668671
350,0.5,fixed,9.338461538461539,4,8,0.00019595731730936983,0.9998376029039721,0.003366768493016715,1e-06,3.288349669518326e-05,2.6753998268741855e-07,1.9046564190733784e-05,0.00018227118331200725
350,0.5,fixed,9.338461538461539,5,7,5.726676246919915e-05,0.9998723482401631,0.0033994319323571126,1e-06,2.8330510037656867e-06,2.5369048657998704e-08,3.303646328276806e-06,5.684167962731661e-05
350,0.5,fixed,9.338461538461539,6,6,6.909351457862201e-06,0.9998584359079312,0.003397811451784381,1e-06,1.3847483175591956e-06,5.326993417347417e-09,8.074366063094502e-07,5.5553856053031586e-06
350,0.5,fixed,9.338461538461539,7,4,6.452846630367048e-07,0.9998545703620305,0.003396426703466822,1e-06,0.0,,,
350,0.5,fixed,9.615384615384615,1,19,0.3702085098044855,0.6297861010338414,0.0,1e-06,0.0023705322736779313,0.0024875006361300767,0.014191604915852094,0.42797264673913915
350,0.5,fixed,9.615384615384615,2,15,0.010244630712165637,0.9897246693811238,0.0023705322736779313,1e-06,0.0009844753416473496,1.2147962360591635e-05,0.0006433487851113439,0.009642212497881946
350,0.5,fixed,9.615384615384615,3,11,0.0007789253177329369,0.9991732900109263,0.003355007615325281,1e-06,0.0002618106849253381,1.4376453421495845e-06,0.00015285485927871197,0.0001841163427049361
350,0.5,fixed,9.615384615384615,4,6,0.00029772605104461114,0.9998664537485004,0.003616818300250619,1e-06,3.110161447856591e-05,1.5898595885985687e-07,1.8560011277631412e-05,0.00028618492497400997
350,0.5,fixed,9.615384615384615,5,7,6.802202533795487e-05,0.9998718493586553,0.0036429000283498105,1e-06,4.39499981676666e-06,2.2059131188752046e-08,4.64139605314932e-06,6.655930848738032e-05
350,0.5,fixed,9.615384615384615,6,6,6.871910935624115e-06,0.9998505120000228,0.0036385050285330438,1e-06,1.874029083288224e-06,7.287058352770264e-09,1.0927313156668681e-06,4.258569198021865e-06
350,0.5,fixed,9.615384615384615,7,4,1.3773254203819363e-06,0.9998459002350395,0.0036366309994497557,1e-06,2.40702209540618e-07,2.6087539027776883e-09,1.385574648535139e-07,1.2783731135597201e-06
350,0.5,fixed,9.615384615384615,8,2,6.62324580846807e-07,0.9998456401264517,0.0036363933764300815,1e-06,0.0,,,
