n,pv_share,n_pv,setpoint_mode,scale_mode,lam,base_ok,v_min_base,v_spec_min,v_spec_max,tpf_conv,k_out,k_in,kin_per_kout,err_final,eps_med,eps_max,eps_cf_med,q_max,q_avail,q_util,v_min,v_max,eta_emp,eta2,t_tpf_ms,feas_min,dv_max_vs_nr,nr_conv,nr_iter,nr_vmin,nr_vmax,nr_qmax,t_nr_ms,cls
40,0.1,4,calibrated,load,0.2,True,0.9994966683520772,1.0050613848889876,1.0070935193102308,True,3.0,8.0,2.6666666666666665,2.398539657999521e-07,0.0012678805475196725,0.005005476152276066,0.002455490783022133,0.0862708704362639,0.0023846851648315235,36.17704832006991,1.0013242312713584,1.0070933663625616,0.007463836910036415,0.04349050830173739,0.3339999821037054,48.0023305975061,2.398618277332787e-07,True,3.0,1.0013242693699531,1.007093519310231,0.08638906478881836,2450.905399979092,converged
40,0.1,4,calibrated,load,0.47692307692307695,True,0.9933305196426443,0.9990700674919245,1.0047257900909052,True,3.0,8.0,2.6666666666666665,2.2796003484870653e-07,0.001297974271038217,0.004997851566333624,0.0023847400634711977,0.08606994099108974,0.0023846851648315235,36.092790050618916,0.9983343434614341,1.0047255621308704,0.006449256233082652,0.043754175451481164,0.31079992186278105,53.18301252283747,2.28321024087208e-07,True,2.0,0.9983343998791887,1.004725790090905,0.08634579181671143,14.42929997574538,converged
40,0.1,4,calibrated,load,0.7538461538461538,True,0.9851011097541859,0.9909224796729341,1.0043894452722557,True,3.0,9.0,3.0,2.1629413748947002e-07,0.001329399689558753,0.004990216628885056,0.002311990010693203,0.08586878581280365,0.0023846851648315235,36.00843712166517,0.9901073548138098,1.0043892289781182,0.011813813303585552,0.04528655500013933,0.31880009919404984,59.494122406018626,2.1642984981973257e-07,True,3.0,0.9901073463692938,1.0043894452722557,0.08630228042602539,11.393200024031103,converged
40,0.1,4,calibrated,load,1.0307692307692309,True,0.9767403023921956,0.9826450140386565,1.0040523457945283,True,3.0,10.0,3.3333333333333335,2.025259298044091e-07,0.0013662672925197547,0.004982571242173445,0.002243497207593313,0.08566744352338672,0.0023846851648315235,35.924005729049384,0.9817490252636978,1.0040521432685985,0.01971248875733671,0.04807785066526408,0.2597999991849065,67.28359657107983,2.027702141749188e-07,True,3.0,0.9817489793952521,1.0040523457945278,0.08625853061676025,9.693100000731647,converged
40,0.1,4,calibrated,load,1.3076923076923077,True,0.9682418168181768,0.9742314706354215,1.003714486969549,True,3.0,10.0,3.3333333333333335,1.912320024555214e-07,0.0014043568993736847,0.004974915316919549,0.002173327165670658,0.0854658326360552,0.0023846851648315235,35.839461701894436,0.9732530866173997,1.0037142957375464,0.027098499163431378,0.05204253264811291,0.24750002194195986,76.99922073086273,1.916185694561534e-07,True,3.0,0.9732530237742496,1.003714486969549,0.08621454238891602,10.54909999947995,converged
40,0.1,4,calibrated,load,1.5846153846153845,True,0.9595988541663443,0.9656751384805292,1.0033758640587263,True,3.0,11.0,3.6666666666666665,1.8012833336022993e-07,0.0014421532999670083,0.004967248762449647,0.0020994034130167793,0.08526399093527137,0.0023846851648315235,35.75482088483375,0.9646127544077939,1.003375683930393,0.035192722283930715,0.057053867981401524,0.2863999688997865,74.84366828431538,1.8068175910990192e-07,True,4.0,0.9646126867192232,1.0033758640587263,0.08617067337036133,10.681899962946773,converged
40,0.1,4,calibrated,load,1.8615384615384616,True,0.9508040355130392,0.9569687345177362,1.0030364722722827,True,3.0,11.0,3.6666666666666665,1.6922075696257366e-07,0.0014806690788084795,0.004959571482338956,0.0020218907419394896,0.08506191635513538,0.0023846851648315235,35.67008241154758,0.9558206681813262,1.0030363030515257,0.04415774487930696,0.06297882872897966,0.23259990848600864,63.7098994486321,1.6996122742529707e-07,True,4.0,0.9558205960625257,1.0030364722722827,0.08612620830535889,12.969500035978854,converged
40,0.1,4,calibrated,load,2.138461538461539,True,0.9418493301100441,0.948104332881207,1.0026963067684702,True,3.0,11.0,3.6666666666666665,1.5851513057718591e-07,0.0015207370839306776,0.00495188338230768,0.0019408497357907757,0.08485960680279318,0.0023846851648315235,35.58524540441315,0.9468688191680387,1.0026961482533396,0.0529677276596777,0.06970076434402046,0.3027999773621559,55.45969664233441,1.5945827791519207e-07,True,4.0,0.9468687284876568,1.0026963067684702,0.0860816240310669,12.096599908545613,converged
40,0.1,4,calibrated,load,2.4153846153846157,True,0.9327259717587683,0.9390732824762787,1.0023553626527713,True,3.0,11.0,3.6666666666666665,1.4801737058256492e-07,0.0015624772000015236,0.004944184365863182,0.001855448911990955,0.08465706015728672,0.0023846851648315235,35.50030897402244,0.9377484682037746,1.0023552146354007,0.061686405636430755,0.0771285129877847,0.25509996339678764,49.101260084614545,1.491741086212528e-07,True,4.0,0.9377483260517814,1.002355362652771,0.08603668212890625,11.17129996418953,converged
40,0.1,4,calibrated,load,2.6923076923076925,True,0.9234243609113462,0.9298661104989506,1.0020136349770823,True,3.0,12.0,4.0,2.45780033769627e-07,0.0016060014153323773,0.004936474335666577,0.0017652885612054387,0.0844542742692377,0.0023846851648315235,35.415272219049655,0.9284500453642874,1.002013497243639,0.07110614573775643,0.08519689277678894,0.2883999841287732,44.05084476162562,2.4696714040484125e-07,True,4.0,0.928449798397147,1.0020136349770823,0.08599162101745605,10.358199942857027,converged
40,0.1,4,calibrated,load,2.9692307692307693,True,0.9139339492459955,0.920472408692342,1.0016711187388805,True,3.0,12.0,4.0,4.3771323943175844e-07,0.00165148637644283,0.004928753191999289,0.0016696317147219912,0.0842512469601413,0.0023846851648315235,35.33013422595498,0.9189630447886569,1.001670991069507,0.08139381421374822,0.09386354399865433,0.5228000227361917,39.94247582012686,4.3771323965380304e-07,True,4.0,0.9189626074756108,1.0016711187388807,0.08594632148742676,10.065300040878356,converged
40,0.1,4,calibrated,load,3.2461538461538466,True,0.9042431029604934,0.9108806986393471,1.0013278088803772,True,3.0,12.0,4.0,7.508256797406077e-07,0.0016990911865930108,0.004921020834641101,0.0015678387245825342,0.0840479760220948,0.0023846851648315235,35.24489406887082,0.9092758784100486,1.001327691049143,0.09160544721924144,0.10310500017522756,0.242199981585145,36.535060821253474,7.508256796295854e-07,True,4.0,0.9092751310127356,1.0013278088803772,0.08590078353881836,9.929300053045154,converged
40,0.1,4,calibrated,load,3.5230769230769234,True,0.894338939501203,0.901078270892222,1.0009837002876507,True,3.0,14.0,4.666666666666667,9.52254392005969e-07,0.0017489581473878043,0.0049132771617780065,0.00145954646547027,0.08384445789333357,0.0023846851648315235,35.159550254197654,0.8993754557842265,1.0009835919860022,0.10182960187430502,0.1129133308734775,0.2929000183939934,33.66330931565277,9.563322993511036e-07,True,5.0,0.8993744994519272,1.0009837002876505,0.08585488796234131,11.87670009676367,converged
40,0.1,4,calibrated,load,3.8000000000000003,True,0.8842071314196837,0.8910509917262766,1.000638787789762,True,4.0,16.0,4.0,2.0810439715912565e-07,4.1309132667807845e-05,0.004905522070111402,7.653464377198868e-06,0.08364239072713558,0.0023846851648315235,35.074814889891286,0.8892461978111836,1.0006387882892505,0.11285581025294834,0.12329493058887736,0.3502999898046255,31.21011268536228,2.0810439727014796e-07,True,5.0,0.889246400065483,1.000638787789762,0.08580887317657471,9.797200094908476,converged
40,0.1,4,calibrated,load,4.0769230769230775,True,0.8738316685985429,0.8807830688964704,1.0002930661578544,True,4.0,16.0,4.0,5.2800530725427564e-08,4.0915394061578606e-05,0.004897755454968668,1.648497732050574e-05,0.08343821825238854,0.0023846851648315235,34.98919668009231,0.8788748096997482,1.0002930667704129,0.12484737624737616,0.13426301452763315,0.300200073979795,29.09018050296031,5.2800530725427564e-08,True,5.0,0.8788748395000667,1.0002930661578542,0.08576273918151855,12.153199990279973,converged
40,0.1,4,calibrated,load,4.353846153846154,True,0.8631945677989535,0.8702567655195661,0.9999465301042322,True,4.0,17.0,4.25,1.5832068078758255e-07,3.915417177683135e-05,0.004889977210195628,3.010946615409892e-05,0.0832337749238384,0.0023846851648315235,34.9034648897641,0.8682417043825226,0.9999465295147502,0.13691225326929146,0.14584605639326004,0.42479997500777245,27.23992167238333,1.5832068078758255e-07,True,5.0,0.8682418537131242,0.9999465301042321,0.0857161283493042,11.309900088235736,converged
40,0.1,4,calibrated,load,4.630769230769231,True,0.8522755142086827,0.8594520470010459,0.9995991742814225,True,4.0,19.0,4.75,2.984673991290876e-07,3.751811220351007e-05,0.00488218722814915,3.961026792554629e-05,0.08302910351745826,0.0023846851648315235,34.817637456693035,0.8573268662270849,0.9995991737779649,0.14916943817740758,0.1580809649226074,0.3445999464020133,25.61095625675908,2.984673990180653e-07,True,5.0,0.8573271500165296,0.9995991742814223,0.08566927909851074,11.754499981179833,converged
40,0.1,4,calibrated,load,4.907692307692308,True,0.8410514147917266,0.8483461411231438,0.9992509932812156,True,4.0,19.0,4.75,4.672218406609474e-07,3.429227286344174e-05,0.004874385399652784,6.153105761845352e-05,0.08282417924938557,0.0023846851648315235,34.73170398795056,0.8461072223140631,0.9992509928481894,0.16239564634070272,0.17101540306805837,0.35310001112520695,24.165823928791482,4.672218409940143e-07,True,5.0,0.8461076610437941,0.9992509932812155,0.08562219142913818,11.143599986098707,converged
40,0.1,4,calibrated,load,5.184615384615385,True,0.8294958349923035,0.8369129832956037,0.9989019816336874,True,5.0,22.0,4.4,2.6729372604172852e-08,1.650403627340722e-05,0.0048665716139889926,5.782432293295576e-05,0.08261900617666686,0.0023846851648315235,34.64566618482899,0.8345569808327484,0.9989019816312239,0.17679531709257623,0.18470928679699328,0.39980001747608185,22.875067754553363,2.6729372604172852e-08,True,5.0,0.8345569822555137,0.9989019816336875,0.08557486534118652,10.248900041915476,converged
40,0.1,4,calibrated,load,5.461538461538462,True,0.81757827967458,0.8251225084680032,0.9985521338062003,True,5.0,22.0,4.4,4.068585990335549e-08,1.3750179065723873e-05,0.00485874575885515,8.69332862278303e-05,0.0824135686565745,0.0023846851648315235,34.559517487666746,0.8226446388785627,0.9985521338042196,0.19117588206151379,0.19923427727445842,0.4873999860137701,21.715205164181647,4.068585979233319e-08,True,5.0,0.8226446539062924,0.9985521338062004,0.08552742004394531,12.256899964995682,converged
40,0.1,4,calibrated,load,5.7384615384615385,True,0.8052632616320741,0.812939733939013,0.9982014442023824,True,5.0,25.0,5.0,1.6302190697370378e-07,1.4677599757858275e-05,0.004850907720333853,0.0001253031989534448,0.08220787161484437,0.0023846851648315235,34.47325996203457,0.8103353531926516,0.9982014442008358,0.20671637329498146,0.21467910016286487,0.4496999317780137,20.667286416312287,1.6302190719574838e-07,True,5.0,0.8103352309220809,0.9982014442023825,0.08547961711883545,10.108199901878834,converged
40,0.1,4,calibrated,load,6.015384615384616,True,0.7925090761564433,0.8003235528522081,0.9978499071610873,True,5.0,26.0,5.2,2.7922901668642197e-07,2.7437822573559833e-05,0.00484305738286335,0.00017533311108642495,0.08200191267473488,0.0023846851648315235,34.386892611263534,0.7975872537692712,0.9978499071598954,0.22368063491088655,0.23115150549253413,0.4325000336393714,19.715851236021695,2.792290167974443e-07,True,6.0,0.7975870592822226,0.9978499071610872,0.08543145656585693,11.043400038033724,converged
40,0.1,4,calibrated,load,6.292307692307693,True,0.7792661589772674,0.7872251176586972,0.9974975169553301,True,5.0,29.0,5.8,8.805907903974841e-07,4.4385965695119766e-05,0.004932979260374098,0.00024074702822240903,0.08179568942670698,0.0023846851648315235,34.30041442493135,0.7843515235659364,0.9974975169544779,0.24099784538777072,0.24878298736118462,0.5495999939739704,18.84816096157575,8.871207732852326e-07,True,6.0,0.7843506364451631,0.9974975169553301,0.08538329601287842,11.643100064247847,converged
40,0.1,4,calibrated,load,6.56923076923077,True,0.7654748406117602,0.7735856295996166,0.9971442677912006,True,6.0,32.0,5.333333333333333,7.789749034703419e-08,2.569642380037964e-05,0.0053434227472752395,0.0001021629580571556,0.08158919943636479,0.0023846851648315235,34.21382438219219,0.7705663494970477,0.9971442677911971,0.26026772032103385,0.26773669337241185,0.5452999612316489,18.053624902305582,7.789749034703419e-08,True,6.0,0.7705663691518729,0.9971442677912001,0.0853346586227417,11.806200025603175,converged
40,0.1,4,calibrated,load,6.846153846153847,True,0.7510622011308115,0.7593332430111128,0.996790153806755,True,6.0,36.0,6.0,2.2351513795371147e-07,3.758199580883753e-05,0.0057913044731527415,0.00015076920945095924,0.08138244019982382,0.0023846851648315235,34.12712143306072,0.7561613319623861,0.9967901538067527,0.28031431339366186,0.28821659910488223,0.660100020468235,17.32336591749322,2.2351513806473378e-07,True,6.0,0.7561614331262501,0.9967901538067551,0.08528554439544678,12.395699974149466,converged
40,0.1,4,calibrated,load,7.1230769230769235,True,0.7359375416860097,0.7443786086753478,0.9964351690708817,True,6.0,39.0,6.5,9.135039515939525e-07,5.522679195336466e-05,0.006283769876136244,0.00022300897019103316,0.08117540921589368,0.0023846851648315235,34.040304528681325,0.7410443359059242,0.9964351690708808,0.30269179014514275,0.31048239211538986,0.6041999440640211,16.64988732890817,9.159223967047936e-07,True,6.0,0.7410452518283209,0.996435169070882,0.08523643016815186,10.746999992989004,converged
40,0.1,4,calibrated,load,7.4,True,0.719985646543146,0.7286082434982908,0.9960793075821447,True,7.0,45.0,6.428571428571429,1.821699707749147e-07,4.920540078361316e-05,0.006829736203258805,0.00020448592644099257,0.0809681039322014,0.0023846851648315235,33.95337259873537,0.7251028100636293,0.9960793075821447,0.3264508350343817,0.33487001263663657,0.9605999803170562,16.026814622213063,1.821699706638924e-07,True,6.0,0.7251027694760238,0.9960793075821445,0.08518695831298828,11.367099941708148,converged
40,0.1,4,calibrated,load,7.676923076923077,True,0.7030563558868863,0.7118742711520321,0.995722563267599,True,7.0,52.0,7.428571428571429,9.933366856840209e-07,7.75881424855642e-05,0.0074415907838016,0.00032003392774909836,0.08076052175901073,0.0023846851648315235,33.86632455723622,0.7081850315696916,0.995722563267599,0.3530585369854505,0.3618279802118944,0.8228999795392156,15.448693052674315,9.933366855729986e-07,True,6.0,0.7081840411829715,0.9957225632675987,0.08513748645782471,11.084700003266335,converged
40,0.1,4,calibrated,load,7.953846153846155,True,0.6849476299485401,0.6939777609496938,0.9953649299815841,True,8.0,59.0,7.375,3.1311454717908305e-07,5.544356026881171e-05,0.008136409948939315,0.00024232968501497706,0.08055266006858047,0.0023846851648315235,33.779159302260126,0.690087345062789,0.9953649299815841,0.3826715728138521,0.3919747434532441,0.8740000193938613,14.910827530530916,3.1311454729010535e-07,True,6.0,0.6900873258764354,0.995364929981584,0.08508753776550293,10.563299991190434,converged
40,0.1,4,calibrated,load,8.23076923076923,True,0.6653763212702469,0.6746399781660272,0.9950064015044873,True,9.0,73.0,8.11111111111111,3.198372687807094e-07,7.386233343103471e-05,0.008938381973448676,0.0003128373418383049,0.08034451619433909,0.0023846851648315235,33.691875715600126,0.6705298046708569,0.9950064015044873,0.4160990019520213,0.42619522079198857,1.2762000551447272,14.40915482856913,3.19837269002754e-07,True,6.0,0.6705299093410406,0.9950064015044872,0.08503735065460205,11.833800002932549,converged
40,0.1,4,calibrated,load,8.507692307692308,True,0.6439235904511965,0.6534487003033419,0.9946469715414815,True,11.0,94.0,8.545454545454545,2.1280449424843084e-07,7.038013127652951e-05,0.009885522148805836,0.0002893468924572062,0.08013608743012027,0.0023846851648315235,33.604472662445495,0.6490934602134686,0.9946469715414815,0.45490606580006715,0.46582942789128773,1.3682999415323138,13.940140747349881,2.1280449402638624e-07,True,6.0,0.6490936170858073,0.9946469715414821,0.08498668670654297,14.348599943332374,converged
40,0.1,4,calibrated,load,8.784615384615384,True,0.6199214192724833,0.6297466196702807,0.9942866337212354,True,14.0,135.0,9.642857142857142,3.0651370530598854e-07,8.350612157211739e-05,0.011067831749514201,0.0003265890610013899,0.0799273710293822,0.0023846851648315235,33.51694899105435,0.6251118280694105,0.9942866337212354,0.500675919938395,0.5130718376054197,2.1451999200508,13.500696730795944,3.0651370519496624e-07,True,7.0,0.6251115344871565,0.9942866337212356,0.08493578433990479,11.331700021401048,converged
40,0.1,4,calibrated,load,9.061538461538461,True,0.5921767633316337,0.602360133865332,0.9939253815945946,True,22.0,248.0,11.272727272727273,5.47277280493752e-07,0.00012324120497905538,0.013306589386871374,0.00045633543558249053,0.07971836420440613,0.0023846851648315235,33.42930353241753,0.5973932040070686,0.9939253815945946,0.5574166012706697,0.5719543353037715,2.7677000034600496,13.088111771280959,5.472772807157966e-07,True,7.0,0.5973926763627696,0.9939253815945946,0.08488452434539795,12.748599983751774,converged
40,0.1,4,calibrated,load,9.338461538461539,True,0.5581060796967605,0.5687485832051196,0.9935632086332322,False,60.0,1383.0,23.05,0.02198782100179808,0.0066011751792210025,0.017007324573878414,0.02360452469614397,0.07950906412543368,0.0023846851648315235,33.34153509989691,0.541208975302203,0.9935632086332322,0.5904435268689067,0.6978196979002712,16.06350007932633,12.699996430452197,0.022149210366872674,True,7.0,0.5633581856690757,0.9935632086332318,0.08483326435089111,12.426900095306337,divergence
40,0.1,4,calibrated,load,9.615384615384615,True,0.5090411933429202,0.5203909601571821,0.9932001082282705,False,60.0,8245.0,137.41666666666666,0.061300736430749625,0.02335713002448317,0.128449660976388,0.048229277254009315,0.07929946791984162,0.0023846851648315235,33.25364248887927,0.575798945194048,0.9932001082282705,1.000664856716023,0.6768758059546912,84.54429998528212,12.334236533255176,0.061442343289063284,True,7.0,0.5143566019049847,0.99320010822827,0.08478152751922607,11.641800054349005,divergence
40,0.1,4,calibrated,load,9.892307692307693,False,,,,,,,,,,,,,,,,,,,,,,,,,,,,infeasible_base
40,0.1,4,fixed,load,0.2,True,0.9994966683520772,1.0,1.0,True,3.0,8.0,2.6666666666666665,4.044358159482897e-08,4.120614390407411e-05,0.0022705146462494896,0.0005559346818188241,0.0030063937712335015,0.0023846851648315235,1.2607088833237663,0.9992299095130066,1.0000000404435816,0.006746051549744516,0.02682515337803697,0.295399921014905,48.0023305975061,4.0443581372784365e-08,True,2.0,0.9992298758691347,1.0000000000000002,0.0028923749923706055,9.796999976970255,converged
40,0.1,4,fixed,load,0.47692307692307695,True,0.9933305196426443,1.0,1.0,True,2.0,6.0,3.0,9.013157864501409e-07,0.0010794116443036488,0.0036331645489394077,0.004534005181127571,0.008090894606604584,0.0023846851648315235,3.392856518724643,0.9981629548987937,0.9999999993843939,0.00593597699880391,0.03536392448363654,0.16409996896982193,53.18301252283747,9.013157862280963e-07,True,2.0,0.9981636407676956,1.0,0.008363723754882812,10.214400012046099,converged
40,0.1,4,fixed,load,0.7538461538461538,True,0.9851011097541859,1.0,1.0,True,3.0,10.0,3.3333333333333335,4.96661227922246e-07,0.0015453047877341817,0.007468825943754496,0.0051997435838555175,0.016062127012617815,0.0023846851648315235,6.735533583005535,0.997089900709461,0.9999999999199979,0.01532901573617254,0.05860712253776245,0.27550000231713057,59.494122406018626,4.966670230643899e-07,True,2.0,0.9970903550061069,1.0000000000000002,0.01649343967437744,9.49720002245158,converged
40,0.1,4,fixed,load,1.0307692307692309,True,0.9767403023921956,1.0,1.0,True,4.0,13.0,3.25,5.021364746227164e-08,2.8707450404041867e-05,0.011440982807512753,0.00011206706585959083,0.024304989340628202,0.0023846851648315235,10.192116636220755,0.9960098467678887,0.9999999999994789,0.025363130757351155,0.0856623599412371,0.2914000069722533,67.28359657107983,5.0213647351249335e-08,True,3.0,0.9960098934089946,1.0000000000000002,0.024892807006835938,10.022400063462555,converged
40,0.1,4,fixed,load,1.3076923076923077,True,0.9682418168181768,1.0,1.0,True,4.0,14.0,3.5,2.0526833865996963e-07,5.932159075911205e-05,0.015558438890620625,0.00022821864040497338,0.0328245893797527,0.0023846851648315235,13.7647475917735,0.9949219399276351,0.9999999999979342,0.035601842770818626,0.11416423887987205,0.3968999953940511,76.99922073086273,2.0526833843792502e-07,True,3.0,0.9949221286336475,1.0,0.03357088565826416,12.108499999158084,converged
40,0.1,4,fixed,load,1.5846153846153845,True,0.9595988541663443,1.0,1.0,True,4.0,16.0,4.0,5.352517199463946e-07,0.00010046007569581174,0.01983087243331664,0.00038373326551842835,0.041631596759330876,0.0023846851648315235,17.457900679426636,0.9938264280892652,0.999999999994309,0.04596056802386584,0.14352549562989633,0.39299996569752693,74.84366828431538,5.352517201684392e-07,True,3.0,0.9938269282054891,1.0000000000000002,0.04253709316253662,11.687799938954413,converged
40,0.1,4,fixed,load,1.8615384615384616,True,0.9508040355130392,1.0,1.0,True,5.0,19.0,3.8,5.114831336250347e-08,7.774158420256618e-05,0.024268863651090523,0.0003019901562540266,0.050739528208096824,0.0023846851648315235,21.27724403891343,0.9927241087076846,0.9999999999999643,0.05644274183089985,0.1735522494716572,0.497399945743382,63.7098994486321,5.114831325148117e-08,True,3.0,0.9927241557579654,1.0,0.05180096626281738,12.022600043565035,converged
40,0.1,4,fixed,load,2.138461538461539,True,0.9418493301100441,1.0,1.0,True,5.0,20.0,4.0,1.196135633874107e-07,0.00010950881994195415,0.028884115112453482,0.0004264474305709624,0.060154003923206675,0.0023846851648315235,25.225134458139895,0.9916135614016862,0.9999999999999173,0.06703059241857613,0.20416331194007925,0.4387999651953578,55.45969664233441,1.196135632763884e-07,True,3.0,0.9916136705576324,1.0,0.06137359142303467,9.688000078313053,converged
40,0.1,4,fixed,load,2.4153846153846157,True,0.9327259717587683,1.0,1.0,True,5.0,20.0,4.0,2.47570843936451e-07,0.00014638832005909523,0.03368955217092046,0.000572328421508026,0.0698878250824948,0.0023846851648315235,29.30694001588773,0.9904951030898247,0.9999999999998307,0.07772272303029294,0.23533025873206465,0.3723000409081578,49.101260084614545,2.47570843936451e-07,True,3.0,0.990495327304808,1.0000000000000004,0.07126569747924805,12.951600016094744,converged
40,0.1,4,fixed,load,2.6923076923076925,True,0.9234243609113462,1.0,1.0,True,5.0,22.0,4.4,4.7539406922147975e-07,0.00018815479819630487,0.03869959437055094,0.0007394568920903331,0.07995255868637118,0.0023846851648315235,33.52751124780858,0.989368549142214,0.9999999999996834,0.0885265649673302,0.2670443761407434,0.5011000903323293,44.05084476162562,4.7539406911045745e-07,True,3.0,0.9893689759222931,1.0000000000000004,0.08148908615112305,10.318099986761808,converged
40,0.1,4,fixed,load,2.9692307692307693,True,0.9139339492459955,1.0,1.0,True,5.0,24.0,4.8,5.719281320759606e-07,0.00023465617519895015,0.04393011744688006,0.0009277494940526001,0.09036055259525881,0.0023846851648315235,37.89202613739694,0.9882338822157453,0.9999999999994602,0.0994354012328916,0.2993087044331603,1.0674999793991446,39.94247582012686,5.791155529566439e-07,True,3.0,0.9882344613312982,1.0,0.09205615520477295,11.107500060461462,converged
40,0.1,4,fixed,load,3.2461538461538466,True,0.9042431029604934,1.0,1.0,True,5.0,25.0,5.0,9.223942886160685e-07,0.00028561823954582704,0.04939900878090168,0.0011368814256295012,0.10112462264471668,0.0023846851648315235,42.405858910042355,0.9870906908608664,0.9999999999991118,0.11040213355588269,0.3321318759804156,0.5700999172404408,36.535060821253474,9.32352726246144e-07,True,3.0,0.9870916232135927,1.0000000000000004,0.10297966003417969,10.612500016577542,converged
40,0.1,4,fixed,load,3.5230769230769234,True,0.894338939501203,1.0,1.0,True,6.0,28.0,4.666666666666667,1.5820860954640636e-07,2.9846452304341833e-05,0.05512636039964275,0.00022911824975242425,0.11226473024474329,0.0023846851648315235,47.07738023466705,0.9859401548748428,0.9999999999999919,0.13036524694892515,0.3655321035482108,0.5932000931352377,33.66330931565277,1.5820860943538406e-07,True,3.0,0.9859402957588399,1.0000000000000002,0.11427390575408936,12.293500010855496,converged
40,0.1,4,fixed,load,3.8000000000000003,True,0.8842071314196837,1.0,1.0,True,6.0,29.0,4.833333333333333,2.5707682305142754e-07,3.7324159325856474e-05,0.061134684384004795,0.00029118114510168723,0.12378611289388831,0.0023846851648315235,51.908786417360766,0.9847800798007185,0.9999999999999866,0.1327328724993562,0.3995195799680533,0.6692999741062522,31.21011268536228,2.5707682305142754e-07,True,3.0,0.9847803073959681,1.0,0.12595343589782715,12.45419995393604,converged
40,0.1,4,fixed,load,4.0769230769230775,True,0.8738316685985429,1.0,1.0,True,6.0,31.0,5.166666666666667,4.2718273896014125e-07,4.562017228563194e-05,0.06744959479531017,0.0003624856374861114,0.13570837457933266,0.0023846851648315235,56.90829824444367,0.9836111061212139,0.9999999999999786,0.14404752412737964,0.43411669656603274,0.6855999818071723,29.09018050296031,4.2718273862707434e-07,True,3.0,0.9836114805073399,1.0,0.13803398609161377,11.204099981114268,converged
40,0.1,4,fixed,load,4.353846153846154,True,0.8631945677989535,1.0,1.0,True,6.0,32.0,5.333333333333333,4.654320056030059e-07,5.4938568468327005e-05,0.07410022219470475,0.00044350936681233335,0.148048403773655,0.0023846851648315235,62.082997771370174,0.9824331772182437,0.9999999999999676,0.15547120509354925,0.4693461045053926,0.6969999521970749,27.23992167238333,4.654320058250505e-07,True,3.0,0.9824336311243602,1.0000000000000002,0.15053272247314453,11.555899982340634,converged
40,0.1,4,fixed,load,4.630769230769231,True,0.8522755142086827,1.0,1.0,True,6.0,34.0,5.666666666666667,5.441380841464394e-07,6.50887326111273e-05,0.0811200632795863,0.0005343970552817324,0.1608238186378219,0.0023846851648315235,67.44027304299686,0.981246041492315,0.9999999999999526,0.17476715486399347,0.5052308118814134,0.6899000145494938,25.61095625675908,5.441380841464394e-07,True,4.0,0.9812465685676063,1.0,0.16346681118011475,12.444699998013675,converged
40,0.1,4,fixed,load,4.907692307692308,True,0.8410514147917266,1.0,1.0,True,6.0,35.0,5.833333333333333,7.632839300608651e-07,7.594819635878023e-05,0.08854740103783935,0.0006350586043179863,0.1740537252793596,0.0023846851648315235,72.98813606351109,0.980049360354199,0.9999999999999312,0.17875139300634843,0.5417977488918738,0.8412000024691224,24.165823928791482,7.632839298388205e-07,True,4.0,0.9800500952166256,1.0,0.1768559217453003,10.582700022496283,converged
40,0.1,4,fixed,load,5.184615384615385,True,0.8294958349923035,1.0,1.0,True,7.0,38.0,5.428571428571429,2.9359384035032576e-08,4.553981707298391e-05,0.0964269369342096,0.0004185142301145965,0.18776367468394692,0.0023846851648315235,78.7373014488528,0.97884397990239,1.0000000144925376,0.19053891963318614,0.5790777267272874,0.6398999830707908,22.875067754553363,2.9359383924010274e-08,True,4.0,0.9788440059892682,1.0,0.1907200813293457,9.881200036033988,converged
40,0.1,4,fixed,load,5.461538461538462,True,0.81757827967458,1.0,1.0,True,7.0,41.0,5.857142857142857,2.8129016216293934e-07,5.1652552901992906e-05,0.10481101645709873,0.0004886273905532304,0.2019670239605198,0.0023846851648315235,84.69337040337928,0.9776278463452804,0.9999999999999988,0.20244767086814325,0.6170977591958626,0.8745999075472355,21.715205164181647,2.8129016238498394e-07,True,4.0,0.9776280880344871,1.0000000000000002,0.20508170127868652,12.508800020441413,converged
40,0.1,4,fixed,load,5.7384615384615385,True,0.8052632616320741,1.0,1.0,True,7.0,41.0,5.857142857142857,3.9500760673494284e-07,5.780482755581934e-05,0.11376101653668581,0.0005644868426642886,0.21669120330864683,0.0023846851648315235,90.86784557740809,0.9764017824583043,0.9999999999999981,0.214604197114091,0.6558927950406114,0.721000018529594,20.667286416312287,3.9500760651289823e-07,True,4.0,0.9764021202888657,1.0,0.21996402740478516,12.15929992031306,converged
40,0.1,4,fixed,load,6.015384615384616,True,0.7925090761564433,1.0,1.0,True,7.0,44.0,6.285714285714286,3.301382023312982e-07,6.381146583174163e-05,0.12335033850995084,0.0006455020530910109,0.23196174074396425,0.0023846851648315235,97.27143195456252,0.9751655467029746,0.9999999999999972,0.2267906805327681,0.6954998897291064,0.8758000330999494,19.715851236021695,3.301382025533428e-07,True,4.0,0.9751658730227312,1.0000000000000002,0.23539304733276367,11.527599999681115,converged
40,0.1,4,fixed,load,6.292307692307693,True,0.7792661589772674,1.0,1.0,True,7.0,46.0,6.571428571428571,4.451850076359065e-07,6.944552718788795e-05,0.13366754965882266,0.000730899391249053,0.24780580860457388,0.0023846851648315235,103.91552405287061,0.9739186679938766,0.9999999999999963,0.23911097003705842,0.73595689523224,0.7517999038100243,18.84816096157575,4.451850076359065e-07,True,4.0,0.9739191073533003,1.0,0.2513953447341919,11.377900023944676,converged
40,0.1,4,fixed,load,6.56923076923077,True,0.7654748406117602,1.0,1.0,True,7.0,49.0,7.0,3.8593438067557884e-07,7.446258064235701e-05,0.14481987037893151,0.0008197620299105481,0.2642534237474069,0.0023846851648315235,110.81270921818991,0.9726612525427759,0.9999999999999952,0.25171807886497966,0.7773066438253934,0.9218000341206789,18.053624902305582,3.8593438067557884e-07,True,4.0,0.9726615747218555,1.0,0.2680014371871948,11.50009990669787,converged
40,0.1,4,fixed,load,6.846153846153847,True,0.7510622011308115,1.0,1.0,True,7.0,51.0,7.285714285714286,4.721362434345622e-07,7.879846437366813e-05,0.1569407718936351,0.0009099849704194919,0.28133661883762734,0.0023846851648315235,117.97642011057825,0.9713926346292201,0.9999999999999937,0.26434558103045064,0.8195956083230295,0.7420999463647604,17.32336591749322,4.7213624321251757e-07,True,4.0,0.9713930163316797,1.0,0.2852431535720825,10.669599985703826,converged
40,0.1,4,fixed,load,7.1230769230769235,True,0.7359375416860097,1.0,1.0,True,7.0,53.0,7.571428571428571,6.592861303555964e-07,8.266154726493865e-05,0.17019708450807194,0.0009992844062614505,0.29909049244595426,0.0023846851648315235,125.42137505480092,0.970112575562292,0.9999999999999913,0.2771229371172286,0.8628731635844986,0.9768999880179763,16.64988732890817,6.59286130577641e-07,True,4.0,0.970113162543,1.0000000000000002,0.30315589904785156,11.717699933797121,converged
40,0.1,4,fixed,load,7.4,True,0.719985646543146,1.0,1.0,True,7.0,55.0,7.857142857142857,7.793869989392022e-07,8.535533696033297e-05,0.18480371309028443,0.0010841038215496414,0.3175535902737065,0.0023846851648315235,133.16373790421994,0.9688210498816292,0.9999999999999886,0.2902311242507363,0.9071953633134585,0.8180999429896474,16.026814622213063,7.793869991612468e-07,True,4.0,0.9688217322209418,1.0000000000000002,0.32177770137786865,11.596900061704218,converged
40,0.1,4,fixed,load,7.676923076923077,True,0.7030563558868863,1.0,1.0,True,7.0,58.0,8.285714285714286,9.378002698845478e-07,8.655968432196587e-05,0.20104148444754028,0.0011599723101443492,0.3367676301907548,0.0023846851648315235,141.22100273750274,0.9675176136099618,0.9999999999999853,0.3033534477421816,0.9526215191719121,0.825399998575449,15.448693052674315,9.378002697735255e-07,True,4.0,0.9675184320318265,1.0000000000000002,0.3411508798599243,11.311800102703273,converged
40,0.1,4,fixed,load,7.953846153846155,True,0.6849476299485401,1.0,1.0,True,8.0,62.0,7.75,1.3704732582109358e-07,1.5052242790230968e-05,0.2192894968158846,0.0003662506243540494,0.35678562531451496,0.0023846851648315235,149.6154002114244,0.9662028418189578,0.9999999999999997,0.3208098637852705,0.999220307228843,1.088900025933981,14.910827530530916,1.3704732604313818e-07,True,4.0,0.9662029556827927,1.0000000000000002,0.36132121086120605,9.5135000301525,converged
40,0.1,4,fixed,load,8.23076923076923,True,0.6653763212702469,1.0,1.0,True,8.0,66.0,8.25,8.508624027570022e-08,2.1252249666241653e-05,0.2400795594691549,0.00038108797178959146,0.37764626618044667,0.0023846851648315235,158.36315491446734,0.9648749408045397,1.0000000322757232,0.3303215656156257,1.0470601153079488,0.950800022110343,14.40915482856913,8.508624016467792e-08,True,4.0,0.9648749830989998,1.0,0.3823394775390625,9.841999970376492,converged
40,0.1,4,fixed,load,8.507692307692308,True,0.6439235904511965,1.0,1.0,True,8.0,68.0,8.5,1.0326389965342742e-07,2.8714084101288362e-05,0.26418669946835593,0.0003806227756844939,0.39941116311697583,0.0023846851648315235,167.490102679946,0.9635341875215634,1.0000001032638997,0.34400820764865475,1.0962231541482867,1.083899987861514,13.940140747349881,1.0501732472523173e-07,True,4.0,0.963534179531992,1.0,0.4042621850967407,12.657599989324808,converged
40,0.1,4,fixed,load,8.784615384615384,True,0.6199214192724833,1.0,1.0,True,7.0,69.0,9.857142857142858,9.312975558506409e-07,4.742645989072108e-05,0.2928185147999215,0.0011718526476299379,0.4221361822252992,0.0023846851648315235,177.01967054217945,0.9621795428523464,0.9999999999999614,0.35810286293984717,1.1467994028094568,1.0311000514775515,13.500696730795944,9.312975557396186e-07,True,4.0,0.9621801945921007,1.0000000000000002,0.4271516799926758,12.225799961015582,converged
40,0.1,4,fixed,load,9.061538461538461,True,0.5921767633316337,1.0,1.0,True,7.0,72.0,10.285714285714286,8.171281673519104e-07,5.3403048495049546e-05,0.3280240795504819,0.0009741759289945986,0.4459073755354528,0.0023846851648315235,186.98794378039244,0.9608127778128027,1.0000008171281674,0.37222569275830936,1.1988891139888629,1.0108000133186579,13.088111771280959,8.171281676849773e-07,True,4.0,0.9608126611966978,1.0,0.45107758045196533,10.201600030995905,converged
40,0.1,4,fixed,load,9.338461538461539,True,0.5581060796967605,1.0,1.0,True,8.0,74.0,9.25,6.915095824844286e-07,6.0862545641994804e-05,0.37376909655054213,0.00013213355516983755,0.470796598013502,0.0023846851648315235,197.42505424055148,0.9594317730283909,1.0000006915095825,0.3867868443661296,1.2526014509883694,0.9888999629765749,12.699996430452197,6.915095825954509e-07,True,4.0,0.959431194425248,1.0000000000000002,0.47611868381500244,12.606099946424365,converged
40,0.1,4,fixed,load,9.615384615384615,True,0.5090411933429202,1.0,1.0,True,8.0,85.0,10.625,6.307627686830131e-07,1.963883709031449e-05,0.4398347337140625,0.00014747577605364669,0.496885347289756,0.0023846851648315235,208.3651773482059,0.9580360009300728,1.0000006307627687,0.40139854963184834,1.3080678383825872,1.1625000042840838,12.334236533255176,6.307627684609685e-07,True,4.0,0.9580353902707296,1.0000000000000004,0.5023632049560547,11.508899973705411,converged
40,0.1,4,fixed,load,9.892307692307693,False,,,,,,,,,,,,,,,,,,,,,,,,,,,,infeasible_base
40,0.1,4,fixed,load,10.169230769230769,False,,,,,,,,,,,,,,,,,,,,,,,,,,,,infeasible_base
40,0.1,4,fixed,load,10.446153846153846,False,,,,,,,,,,,,,,,,,,,,,,,,,,,,infeasible_base
40,0.25,10,calibrated,load,0.2,True,0.9999021809836429,1.0051220771726244,1.0061309759736106,True,3.0,8.0,2.6666666666666665,2.3988805186725415e-07,3.61416659813293e-05,0.005004737504463552,0.002405608707030696,0.08627099400344652,0.0009538740659326094,90.44275034262387,1.0013777271391846,1.0061308174646237,0.0067145340897631555,0.03140431344977981,0.34359993878751993,134.1540129530766,2.3988805208929875e-07,True,3.0,1.001377770407102,1.0061309759736108,0.08638906478881836,10.98170003388077,converged
40,0.25,10,calibrated,load,0.47692307692307695,True,0.9925978293418777,0.998036042410503,1.0047870656236124,True,3.0,8.0,2.6666666666666665,2.2835226132222886e-07,9.234313257200266e-05,0.004998175285045418,0.002260641737072521,0.0860920331327185,0.0009538740659326094,90.25513556503469,0.997600350806747,1.004786837271351,0.006405097194204692,0.0317170739323426,0.25239994283765554,181.7115178697383,2.2835226087813965e-07,True,3.0,0.9976004194831776,1.004787065623612,0.08636784553527832,10.457800002768636,converged
40,0.25,10,calibrated,load,0.7538461538461538,True,0.9843559886950084,0.9899113425745405,1.0044513078764616,True,3.0,9.0,3.0,2.172737907368827e-07,0.00015050019255881205,0.0049915899179379,0.0021125655443996606,0.08591294705204994,0.0009538740659326094,90.06738952280062,0.9893601518143128,1.004451090602671,0.01230387922902489,0.033739344324933605,0.30960002914071083,157.32444557723437,2.172737909589273e-07,True,3.0,0.989360152483136,1.0044513078764619,0.08634650707244873,10.25099994149059,converged
40,0.25,10,calibrated,load,1.0307692307692309,True,0.9759821571906565,0.9816391715498287,1.0041147993344839,True,3.0,10.0,3.3333333333333335,2.0446380943894837e-07,0.00021019744332980849,0.004984981073750678,0.0019612650799588132,0.0857337735998575,0.0009538740659326094,89.87955188406866,0.9809880132623066,1.0041145948706744,0.020409481438999934,0.037353408459363024,0.2856000792235136,115.05817661618632,2.0446380921690377e-07,True,3.0,0.9809879502122884,1.0041147993344837,0.08632493019104004,11.444300063885748,converged
40,0.25,10,calibrated,load,1.3076923076923077,True,0.9674700054066787,0.9732098440470349,1.0037775353519673,True,3.0,10.0,3.3333333333333335,1.9417325525239448e-07,0.0002729075680758196,0.00497834841802529,0.001806627832084946,0.08555443590351035,0.0009538740659326094,89.69154205892282,0.9724776302306732,1.003777341178712,0.027864307189861295,0.042307537111461686,0.2370000584051013,90.69291568569982,1.9417325503034988e-07,True,4.0,0.9724774869076328,1.0037775353519671,0.08630335330963135,11.341499979607761,converged
40,0.25,10,calibrated,load,1.5846153846153845,True,0.9588126800147864,0.9646369595038852,1.0034395112334369,True,3.0,11.0,3.6666666666666665,2.6754898818648343e-07,0.00033781145583963235,0.004971691611190827,0.0016485332533409378,0.08537497209410581,0.0009538740659326094,89.50340002234373,0.9638221804387334,1.0034393270269282,0.03602350132478663,0.04833169116472082,0.273600104264915,74.84366828431538,2.675489879644388e-07,True,4.0,0.9638219132650488,1.0034395112334367,0.0862816572189331,11.403599986806512,converged
40,0.25,10,calibrated,load,1.8615384615384616,True,0.9500027409617967,0.9559131691648358,1.0031007222328951,True,3.0,11.0,3.6666666666666665,4.692209724099783e-07,0.000405069129060106,0.004965010308145383,0.001486880824296416,0.0851953816533334,0.0009538740659326094,89.31512523095728,0.9550142619405776,1.0031005476966082,0.04506694760100481,0.05520758365600202,0.2544000744819641,63.7098994486321,4.692209721879337e-07,True,4.0,0.9550137936640996,1.0031007222328951,0.08625972270965576,9.72090009599924,converged
40,0.25,10,calibrated,load,2.138461538461539,True,0.9410320886044222,0.9470304732573107,1.0027611635530533,True,3.0,11.0,3.6666666666666665,7.897836996617613e-07,0.0004745143325137475,0.004958304158519024,0.0013169996346600163,0.0850156640691503,0.0009538740659326094,89.12671714796008,0.9460458204394266,1.0027609984189576,0.05392513707445217,0.06278315815327042,0.31509995460510254,55.45969664233441,7.897836998838059e-07,True,4.0,0.9460450333628032,1.0027611635530533,0.08623766899108887,12.74929998908192,converged
40,0.25,10,calibrated,load,2.4153846153846157,True,0.9318918787707678,0.9379801372011004,1.002420830344545,True,4.0,14.0,3.5,2.0640909204061586e-08,6.606635892536383e-06,0.004951572806372291,2.7554268118098538e-05,0.08483850331976227,0.0009538740659326094,88.94098953913279,0.9369067744624262,1.0024208290068066,0.06267634535618187,0.07096039517069033,0.3429999342188239,49.101260084614545,2.064090898201698e-08,True,5.0,0.9369067936267473,1.002420830344545,0.08621573448181152,10.6540999840945,converged
40,0.25,10,calibrated,load,2.6923076923076925,True,0.9225724232715161,0.9287525934694206,1.0020797177051233,True,4.0,15.0,3.75,3.668333492523601e-08,6.677752174911894e-06,0.004944815890160026,4.2318078187102636e-05,0.08465838206737285,0.0009538740659326094,88.75215826798032,0.9275893594671634,1.00207971646482,0.07214167837612873,0.07968328761790176,0.4338000435382128,44.05084476162562,3.668333503625831e-08,True,5.0,0.9275893923185277,1.0020797177051233,0.08619344234466553,11.644099955447018,converged
40,0.25,10,calibrated,load,2.9692307692307693,True,0.9130630725167661,0.9193373258059933,1.0017378206788432,True,4.0,15.0,3.75,6.189402557144064e-08,9.405196952831244e-06,0.0049380330425093325,6.441338553149127e-05,0.08447813680304524,0.0009538740659326094,88.56319698811642,0.9180821334941967,1.0017378195302382,0.08249168538530548,0.08892134891805788,0.30499999411404133,39.94247582012686,6.189402534939603e-08,True,5.0,0.9180821866130996,1.0017378206788428,0.08617103099822998,12.301100068725646,converged
40,0.25,10,calibrated,load,3.2461538461538466,True,0.9033520764125803,0.9097227320253547,1.0013951342552279,True,4.0,16.0,4.0,1.349512801507302e-07,1.3856298175746364e-05,0.004931223890240358,9.307736418919438e-05,0.08429776687791789,0.0009538740659326094,88.3741050193029,0.9083733047607339,1.0013951332043884,0.09275184450779204,0.09866418658674818,0.36880001425743103,36.535060821253474,1.349512801507302e-07,True,5.0,0.9083734340061839,1.001395134255228,0.08614838123321533,12.609699973836541,converged
40,0.25,10,calibrated,load,3.5230769230769234,True,0.8934264180932303,0.8998959600318005,1.0010516533684175,True,4.0,17.0,4.25,2.2069883887088082e-07,1.2828416694486509e-05,0.004924388054174375,0.00012942239741474748,0.08411727099493317,0.0009538740659326094,88.1848810017611,0.8984499182159088,1.001051652398141,0.1030175115757608,0.10891572813201643,0.5387000273913145,33.66330931565277,2.2069883887088082e-07,True,5.0,0.8984501261886592,1.0010516533684173,0.08612596988677979,10.264200042001903,converged
40,0.25,10,calibrated,load,3.8000000000000003,True,0.8832716140364356,0.8898427106955595,1.0007073728963005,True,4.0,18.0,4.5,3.657135346779583e-07,1.2138105041090251e-05,0.004917525149019025,0.00017518315657498554,0.08393664846379485,0.0009538740659326094,87.99552421181448,0.888297448924421,1.0007073720003246,0.11409677067277889,0.11969131768578892,0.4499999340623617,31.21011268536228,3.657135347889806e-07,True,5.0,0.8882977893285545,1.0007073728963012,0.08610308170318604,10.927099967375398,converged
40,0.25,10,calibrated,load,4.0769230769230775,True,0.8728714715353597,0.879546998691183,1.0003622876596274,True,4.0,19.0,4.75,8.377202435072562e-07,1.2975070467242505e-05,0.0049106347832553595,0.00023176568305574,0.08375589839785928,0.0009538740659326094,87.80603371994452,0.8778994007568856,1.0003622868409066,0.12615784864682586,0.13101611862323664,0.3266000421717763,29.09018050296031,8.409974732170866e-07,True,5.0,0.8779002417543588,1.0003622876596276,0.08608031272888184,10.053600068204105,converged
40,0.25,10,calibrated,load,4.353846153846154,True,0.8622077921783098,0.868990860112456,1.0000163924211078,True,5.0,22.0,4.4,2.5466000197482686e-08,7.26216376437323e-06,0.0049037165590052915,0.00016236622949925822,0.0835750322919521,0.0009538740659326094,87.61642157682545,0.8672392994866661,1.000016392415891,0.13828442097589355,0.142924647356502,0.49460004083812237,27.23992167238333,2.546600041952729e-08,True,6.0,0.8672392976903739,1.0000163924211078,0.08605742454528809,13.364600017666817,converged
40,0.25,10,calibrated,load,4.630769230769231,True,0.8512600055229606,0.8581539912812784,0.9996696818844867,True,5.0,23.0,4.6,4.150723120766031e-08,8.043731355031416e-06,0.0048967700719031206,0.00020984577002269373,0.08339402327856363,0.0009538740659326094,87.42665961573104,0.8562943967854508,0.9996696818799535,0.15060193952238524,0.15545943083656752,0.5490999901667237,25.61095625675908,4.150723120766031e-08,True,6.0,0.8562944012580898,0.999669681884487,0.08603405952453613,12.224300066009164,converged
40,0.25,10,calibrated,load,4.907692307692308,True,0.8400047121387394,0.8470132982272429,0.9993221506936032,True,5.0,25.0,5.0,1.4167200046433237e-07,1.0259615123782198e-05,0.0048897949109588095,0.0002688101035231977,0.08321288404855932,0.0009538740659326094,87.23676114121156,0.8450422850344029,0.9993221506898086,0.16390137313820738,0.16867381660762748,0.46850007493048906,24.165823928791482,1.4167200024228777e-07,True,6.0,0.8450421699255412,0.9993221506936029,0.08601093292236328,12.474399991333485,converged
40,0.25,10,calibrated,load,5.184615384615385,True,0.8284151065814098,0.8355423278338818,0.9989737934314296,True,5.0,25.0,5.0,2.3797418924331737e-07,1.4636170708623557e-05,0.00488279065842449,0.00034175063850539237,0.08303161365763165,0.0009538740659326094,87.04672516329612,0.8334560026495115,0.99897379342828,0.1783922952355318,0.1826319670953564,0.5652999971061945,22.875067754553363,2.3797418924331737e-07,True,6.0,0.8334558180113284,0.9989737934314299,0.08598768711090088,11.362200020812452,converged
40,0.25,10,calibrated,load,5.461538461538462,True,0.8164602398084738,0.8237105407553653,0.9986246046190902,True,5.0,27.0,5.4,4.019110465547371e-07,2.017745885034379e-05,0.004875756889652261,0.0004322951542725138,0.08285021115435737,0.0009538740659326094,86.85655068455408,0.821504718205597,0.9986246046165852,0.19285722631548122,0.19741080290786628,0.43409992940723896,21.715205164181647,4.019110465547371e-07,True,6.0,0.8215044197780419,0.99862460461909,0.08596408367156982,11.194500024430454,converged
40,0.25,10,calibrated,load,5.7384615384615385,True,0.8041040621889249,0.8114823681275325,0.9982745787148593,True,6.0,31.0,5.166666666666667,3.973320394923263e-08,3.4321250596891275e-06,0.004868693172949913,0.00012494310886478603,0.08266867561857616,0.0009538740659326094,86.66623674032947,0.8091519916758516,0.9982745787148348,0.20849865446967103,0.2131025523984502,0.5093000363558531,20.667286416312287,3.973320394923263e-08,True,6.0,0.8091519533471372,0.9982745787148589,0.08594036102294922,11.94899994879961,converged
40,0.25,10,calibrated,load,6.015384615384616,True,0.7913041623508883,0.798815968574315,0.9979237101131387,True,6.0,34.0,5.666666666666667,1.2686476014156511e-07,5.012331939717466e-06,0.004861599069434705,0.0001730027878947503,0.08248700597896153,0.0009538740659326094,86.47578220749025,0.7963559619759543,0.9979237101131149,0.22558475805449582,0.22981956832419428,0.6016000406816602,19.715851236021695,1.2686476014156511e-07,True,6.0,0.7963560407462484,0.9979237101131383,0.08591663837432861,10.901500005275011,converged
40,0.25,10,calibrated,load,6.292307692307693,True,0.7780100738723731,0.7856615594237192,0.9975719931434139,True,6.0,35.0,5.833333333333333,2.329188555361128e-07,7.2981250841482075e-06,0.004854474132879912,0.00023975245063530314,0.08230520130026407,0.0009538740659326094,86.28518610556175,0.7830661256650066,0.997571993143389,0.24302647222413626,0.2476977064308802,0.5732000572606921,18.84816096157575,2.329188554250905e-07,True,6.0,0.7830662562480217,0.9975719931434134,0.0858926773071289,11.590800015255809,converged
40,0.25,10,calibrated,load,6.56923076923077,True,0.7641609542638093,0.7719591295121021,0.9972194220691872,True,6.0,38.0,6.333333333333333,8.389239268824511e-07,1.0880052702727181e-05,0.004847317909562715,0.0003340450242070179,0.08212326058328787,0.0009538740659326094,86.09444738703047,0.7692209691734733,0.9972194220691585,0.2624504444635959,0.2669051979667019,0.9910999797284603,18.053624902305582,8.389239267714288e-07,True,6.0,0.7692218076454022,0.9972194220691871,0.08586859703063965,10.234300047159195,converged
40,0.25,10,calibrated,load,6.846153846153847,True,0.7496823255383672,0.757635227549974,0.9968659910868882,True,7.0,43.0,6.142857142857143,8.253998151630526e-08,9.430763783391813e-06,0.005133016812210208,0.0002762247561192522,0.08194118281699694,0.0009538740659326094,85.90356499197037,0.7547482759730418,0.9968659910868884,0.2826627229155251,0.2876509608550747,0.6348000606521964,17.32336591749322,8.253998151630526e-08,True,7.0,0.7547482801046592,0.9968659910868881,0.08584439754486084,13.888099929317832,converged
40,0.25,10,calibrated,load,7.1230769230769235,True,0.7344813667141424,0.7425983241042186,0.9965116943247626,True,7.0,47.0,6.714285714285714,3.0945126194836803e-07,1.457882921395168e-05,0.005555323666809022,0.0003995023727404021,0.08175896697737418,0.0009538740659326094,85.71253784684656,0.739553037628003,0.9965116943247627,0.3052463104767564,0.3102024841554443,0.8331999415531754,16.64988732890817,3.0945126228143494e-07,True,7.0,0.739552933484945,0.9965116943247626,0.08581995964050293,11.747999931685627,converged
40,0.25,10,calibrated,load,7.4,True,0.7184398833769667,0.7267318856303319,0.9961565258417344,True,8.0,54.0,6.75,7.557596792828747e-08,8.437465558748077e-06,0.00602104250413621,0.00022338803999846088,0.08157661202864241,0.0009538740659326094,85.52136486579535,0.7235177276370612,0.9961565258417344,0.32963347960686284,0.33490626441860666,1.130299991928041,16.026814622213063,7.557596792828747e-08,True,7.0,0.7235176792501677,0.9961565258417348,0.08579564094543457,12.4055000487715,converged
40,0.25,10,calibrated,load,7.676923076923077,True,0.7014033787441072,0.7098836090796613,0.9958004796262464,True,8.0,60.0,7.5,8.785901516317196e-07,1.559129477012608e-05,0.006539830420802873,0.00037720766579324417,0.08139411692210638,0.0009538740659326094,85.33004494941036,0.7064872961639784,0.9958004796262464,0.3561507942514701,0.3622262492960117,0.8148000342771411,15.448693052674315,8.785901518537642e-07,True,7.0,0.7064881631656657,0.9958004796262468,0.08577096462249756,12.678900035098195,converged
40,0.25,10,calibrated,load,7.953846153846155,True,0.683163203101023,0.6918478404226105,0.9954435495950725,True,9.0,71.0,7.888888888888889,3.280787542747632e-07,1.938905288418053e-05,0.00712460169609301,0.0004333046618429105,0.08121148059614512,0.0009538740659326094,85.13857698473444,0.6882558909094966,0.9954435495950725,0.3861283452603954,0.3927992514417081,1.028600032441318,14.910827530530916,3.280787544968078e-07,True,7.0,0.6882559341521821,0.9954435495950725,0.08574628829956055,12.576099950820208,converged
40,0.25,10,calibrated,load,8.23076923076923,True,0.6634255262473532,0.6723350184194061,0.9950857295921072,True,11.0,90.0,8.181818181818182,3.720128154416358e-07,1.4839869900742253e-05,0.007794065899648734,0.00030821089004813237,0.08102870197601962,0.0009538740659326094,84.94695984505805,0.6685270811664352,0.9950857295921072,0.4200352486476454,0.427547404381365,1.4174999669194221,14.40915482856913,3.720128157747027e-07,True,7.0,0.6685274511909474,0.9950857295921074,0.08572137355804443,12.708200025372207,converged
40,0.25,10,calibrated,load,8.507692307692308,True,0.6417528383748305,0.650914071337432,0.9947270133871257,True,13.0,114.0,8.76923076923077,4.066831403859439e-07,1.8430282802583626e-05,0.008714444902583725,0.00034766139914567114,0.0808457799736349,0.0009538740659326094,84.75519238966982,0.646865246982385,0.9947270133871257,0.4594904739309194,0.4678730162342807,1.788900000974536,13.940140747349881,4.06683140052877e-07,True,7.0,0.6468656506764078,0.9947270133871259,0.08569633960723877,12.630100012756884,converged
40,0.25,10,calibrated,load,8.784615384615384,True,0.6174406909038096,0.6268910615945102,0.9943673946745188,True,16.0,166.0,10.375,4.1939021699910484e-07,3.0100341174881898e-05,0.010203845399562761,0.0005105319467896415,0.08066271348732096,0.0009538740659326094,84.56327346362694,0.622567244510477,0.9943673946745188,0.5061892446018877,0.5160931031012228,2.076299977488816,13.500696730795944,4.1939021699910484e-07,True,7.0,0.6225668307018701,0.9943673946745187,0.0856713056564331,14.0914999647066,converged
40,0.25,10,calibrated,load,9.061538461538461,True,0.5892119306668592,0.599008186442369,0.9940068670719989,True,27.0,336.0,12.444444444444445,9.388991483172404e-07,4.795145302662129e-05,0.012339946107239172,0.0007219911279299019,0.08047950140156547,0.0009538740659326094,84.3712018974749,0.5943560817450113,0.9940068670719989,0.5644061827310349,0.5765318008748331,5.743999965488911,13.088111771280959,9.494073301974382e-07,True,8.0,0.5943552504152331,0.994006867071999,0.08564567565917969,14.998700004070997,converged
40,0.25,10,calibrated,load,9.338461538461539,True,0.5542217251633087,0.5644644734510901,0.9936454241192763,False,60.0,2584.0,43.06666666666667,0.07411658679562533,0.0015038148157537666,0.08190272265865932,0.017183178497986503,0.08029614258679693,0.0009538740659326094,84.17897650702017,0.48478594508355277,0.9936454241192763,0.5274749309547475,0.8622489708925519,29.564399970695376,12.699996430452197,0.07460343315081452,True,8.0,0.5593893782343673,0.9936454241192764,0.08562016487121582,11.783399968408048,divergence
40,0.25,10,calibrated,load,9.615384615384615,True,0.5020700046692517,0.5130237389702749,0.9932830592767085,False,60.0,10024.0,167.06666666666666,0.03777992471553393,0.006627509810282956,0.11654091850168243,0.03326941341547864,0.0801126358991524,0.0009538740659326094,83.98659609308669,0.46916992624392734,0.9932830592767085,0.6456996883861081,0.9182956013941258,97.27709996514022,12.334236533255176,0.03811203797699997,True,8.0,0.5072819642209273,0.9932830592767081,0.08559489250183105,11.978700058534741,divergence
40,0.25,10,calibrated,load,9.892307692307693,False,,,,,,,,,,,,,,,,,,,,,,,,,,,,infeasible_base
40,0.25,10,fixed,load,0.2,True,0.9999021809836429,1.0,1.0,True,3.0,8.0,2.6666666666666665,1.5815968756882626e-08,0.00011771658337598705,0.001310782298769815,0.00023007228438510892,0.001734252478616855,0.0009538740659326094,1.8181147182372175,0.9997311682792042,1.0000000158159688,0.004835220804935481,0.01578785657445634,0.22200006060302258,134.1540129530766,1.581610553635926e-08,True,2.0,0.9997311543146348,1.0000000000000002,0.0018200874328613281,9.988000034354627,converged
40,0.25,10,fixed,load,0.47692307692307695,True,0.9925978293418777,1.0,1.0,True,3.0,8.0,2.6666666666666665,3.460727959758714e-08,0.00043896415330607955,0.002867704685279056,0.0022721766822525525,0.006954360497535849,0.0009538740659326094,7.290648468083176,0.9993586475853997,0.9999999999810031,0.006749441856966941,0.026404098831799033,0.2261999761685729,181.7115178697383,3.4613982680120614e-08,True,2.0,0.9993586820132002,1.0000000000000002,0.007226228713989258,9.627899969927967,converged
40,0.25,10,fixed,load,0.7538461538461538,True,0.9843559886950084,1.0,1.0,True,3.0,11.0,3.6666666666666665,6.931841045609843e-07,0.0006919016510666405,0.005104009014678445,0.004842109977775989,0.012251902491529977,0.0009538740659326094,12.844360622752864,0.9989852661436218,0.9999999990981752,0.016494788457780924,0.045355601229489444,0.27189997490495443,157.32444557723437,6.937388800087874e-07,True,3.0,0.9989859486016205,1.0000000000000002,0.012681841850280762,10.85720001719892,converged
40,0.25,10,fixed,load,1.0307692307692309,True,0.9759821571906565,1.0,1.0,True,4.0,13.0,3.25,5.98497975623502e-08,2.6843279726647905e-06,0.007407534845366026,0.00013425418767967404,0.017600063717424817,0.0009538740659326094,18.4511397741138,0.998612895344129,0.9999999999861005,0.02659461744838657,0.06601579383690505,0.3521000035107136,115.05817661618632,5.985147655263034e-08,True,3.0,0.998612953547474,1.0000000000000002,0.018187642097473145,10.607299976982176,converged
40,0.25,10,fixed,load,1.3076923076923077,True,0.9674700054066787,1.0,1.0,True,4.0,14.0,3.5,2.254548367996989e-07,5.923885372955232e-06,0.009782146106099007,0.00025833645322853344,0.022999054162977938,0.0009538740659326094,24.11120606417955,0.9982394791043122,0.9999999999437413,0.03682950814635831,0.08736904467258072,0.30170008540153503,90.69291568569982,2.254548367996989e-07,True,3.0,0.9982396963159115,1.0000000000000002,0.023744821548461914,9.797400096431375,converged
40,0.25,10,fixed,load,1.5846153846153845,True,0.9588126800147864,1.0,1.0,True,4.0,16.0,4.0,5.543820051912007e-07,1.0276758067152733e-05,0.012232061445664827,0.0004215269986989423,0.028449903409041636,0.0009538740659326094,29.82563886064558,0.9978656346367921,0.9999999998425135,0.04716732130960394,0.10917297641874701,0.3494999837130308,74.84366828431538,5.543820049691561e-07,True,3.0,0.9978661763704059,1.0000000000000002,0.02935338020324707,10.79469989053905,converged
40,0.25,10,fixed,load,1.8615384615384616,True,0.9500027409617967,1.0,1.0,True,5.0,19.0,3.8,4.930577268691394e-08,7.843758906497563e-06,0.014761848513007674,0.00032546283044553205,0.033953539910742306,0.0009538740659326094,35.59541151540344,0.9974923464011122,0.999999999997763,0.05758775638761459,0.13134912269826818,0.5848999135196209,63.7098994486321,4.9305772908958545e-08,True,3.0,0.9974923931725908,1.0000000000000002,0.03501486778259277,12.30889989528805,converged
40,0.25,10,fixed,load,2.138461538461539,True,0.9410320886044222,1.0,1.0,True,5.0,20.0,4.0,1.1238648234268567e-07,1.0997706724345307e-05,0.017376523464738683,0.00045376274345993345,0.03951065482257612,0.0009538740659326094,41.421248604705774,0.9971182404544767,0.9999999999947692,0.06809166200413065,0.1538662267602956,0.5240000318735838,55.45969664233441,1.1238648200961876e-07,True,3.0,0.9971183461822506,1.0000000000000002,0.04072988033294678,11.22599991504103,converged
40,0.25,10,fixed,load,2.4153846153846157,True,0.9318918787707678,1.0,1.0,True,5.0,20.0,4.0,2.2808080002434394e-07,1.4541466084227213e-05,0.020081577199658043,0.0006034193292686666,0.0451221949751689,0.0009538740659326094,47.30414274451692,0.9967438220003529,0.9999999999891903,0.08862590238629987,0.17671633586711596,0.49540004692971706,49.101260084614545,2.2808080002434394e-07,True,3.0,0.9967440348573128,1.0000000000000002,0.04649949073791504,9.379699942655861,converged
40,0.25,10,fixed,load,2.6923076923076925,True,0.9225724232715161,1.0,1.0,True,5.0,23.0,4.6,3.4987897667981827e-07,1.84011973518394e-05,0.02288308744857091,0.0007742942517669665,0.050789117791908964,0.0009538740659326094,53.24509765579179,0.9963691179717787,0.999999999979848,0.08935927971832193,0.19990035128235453,0.40250003803521395,44.05084476162562,3.4987897656879596e-07,True,3.0,0.9963694586538386,1.0000000000000002,0.05232417583465576,11.225400026887655,converged
40,0.25,10,fixed,load,2.9692307692307693,True,0.9130630725167661,1.0,1.0,True,5.0,24.0,4.8,5.071498722086787e-07,2.253963791122552e-05,0.02578766676921371,0.0009663417147676382,0.05651228875274967,0.0009538740659326094,59.24502066999506,0.9959941192326197,0.9999999999650235,0.10012129748162878,0.22342394281300443,0.7137999637052417,39.94247582012686,5.071498722086787e-07,True,3.0,0.9959946170260139,1.0000000000000002,0.058205246925354004,12.266899924725294,converged
40,0.25,10,fixed,load,3.2461538461538466,True,0.9033520764125803,1.0,1.0,True,5.0,25.0,5.0,8.063332450625182e-07,2.683465421336653e-05,0.028802707037514686,0.0011792967985474812,0.06229269731455602,0.0009538740659326094,65.30494909058254,0.9956187237419917,0.9999999999421564,0.11096828565397601,0.24729638586010746,0.4920000210404396,36.535060821253474,8.063332449514959e-07,True,3.0,0.9956195094261402,1.0000000000000002,0.06414330005645752,11.497800005599856,converged
40,0.25,10,fixed,load,3.5230769230769234,True,0.8934264180932303,1.0,1.0,True,6.0,28.0,4.666666666666667,1.2637484103628083e-07,6.419724828243485e-07,0.03193642567335492,0.00022921176377582224,0.06813120833854722,0.0009538740659326094,71.42578960036496,0.9952440213096929,0.9999999999988115,0.13086871921514617,0.27153072741775963,0.663299928419292,33.66330931565277,1.2637484081423622e-07,True,3.0,0.9952441353046251,1.0000000000000002,0.07013988494873047,11.900599929504097,converged
40,0.25,10,fixed,load,3.8000000000000003,True,0.8832716140364356,1.0,1.0,True,6.0,29.0,4.833333333333333,2.0190513150275535e-07,9.055978972380488e-07,0.0351979219389018,0.0002898053106075025,0.07402899678336623,0.0009538740659326094,77.60877397477786,0.9948683134189156,0.9999999999980348,0.13297608967192226,0.29613746469493885,0.5535000236704946,31.21011268536228,2.0190513172479996e-07,True,3.0,0.994868494109974,1.0000000000000002,0.07619547843933105,9.823400061577559,converged
40,0.25,10,fixed,load,4.0769230769230775,True,0.8728714715353597,1.0,1.0,True,6.0,31.0,5.166666666666667,3.358767187711109e-07,1.3397096992326666e-06,0.038597440306333504,0.00035915495139831775,0.0799870267634155,0.0009538740659326094,83.85491294934371,0.9944922867359284,0.9999999999968724,0.14410215374310084,0.3211323459822369,0.619900063611567,29.09018050296031,3.358767189931555e-07,True,3.0,0.9944925852887798,1.0000000000000002,0.08231151103973389,10.165499988943338,converged
40,0.25,10,fixed,load,4.353846153846154,True,0.8622077921783098,1.0,1.0,True,6.0,32.0,5.333333333333333,3.4011371485842545e-07,1.8720334340548695e-06,0.04214649055205309,0.0004376849170741959,0.08600651105065343,0.0009538740659326094,90.16547794132998,0.9941160781964217,0.9999999999952824,0.1553201890916577,0.34653187785733996,0.5087999161332846,27.23992167238333,3.4011371474740315e-07,True,3.0,0.9941164082857148,1.0,0.08848881721496582,9.584999992512167,converged
40,0.25,10,fixed,load,4.630769230769231,True,0.8512600055229606,1.0,1.0,True,6.0,33.0,5.5,4.85779573122791e-07,2.5431793924744006e-06,0.04585814779358011,0.0005254816999684115,0.0920883589044428,0.0009538740659326094,96.54142217862623,0.9937394913434513,0.9999999999929612,0.1744181505974896,0.3723528600836624,0.6923000328242779,25.61095625675908,4.857795733448356e-07,True,4.0,0.9937399625435197,1.0000000000000002,0.09472846984863281,11.80099998600781,converged
40,0.25,10,fixed,load,4.907692307692308,True,0.8400047121387394,1.0,1.0,True,6.0,35.0,5.833333333333333,5.578380447568421e-07,3.4279653817256067e-06,0.04974713887657226,0.0006224356296221882,0.09823379069421104,0.0009538740659326094,102.98402504335535,0.9933627796544129,0.9999999999899345,0.17813746568839928,0.3986141625637104,0.6212999578565359,24.165823928791482,5.578380452009313e-07,True,4.0,0.9933632475029964,1.0000000000000004,0.10103166103363037,13.302500010468066,converged
40,0.25,10,fixed,load,5.184615384615385,True,0.8284151065814098,1.0,1.0,True,6.0,37.0,6.166666666666667,7.346872423763529e-07,4.402717896387128e-06,0.05383043281939635,0.0007287044391147803,0.10444400225382693,0.0009538740659326094,109.4945401956298,0.9929856768039685,0.9999999999856969,0.18966353550130774,0.4253363278642187,0.7173999911174178,22.875067754553363,7.346872422653306e-07,True,4.0,0.9929862626029965,1.0000000000000004,0.10739970207214355,9.534399956464767,converged
40,0.25,10,fixed,load,5.461538461538462,True,0.8164602398084738,1.0,1.0,True,7.0,40.0,5.714285714285714,4.0336936679707946e-08,3.1145612957548e-06,0.058127599069763614,0.00047039708891129565,0.1107196318891503,0.0009538740659326094,116.07363680749506,0.9926090036112791,1.0000000103992797,0.20129077352284636,0.4525413510663875,0.9156999876722693,21.715205164181647,4.033693645766334e-08,True,4.0,0.9926090072804127,1.0000000000000002,0.11383342742919922,12.922100024297833,converged
40,0.25,10,fixed,load,5.7384615384615385,True,0.8041040621889249,1.0,1.0,True,7.0,41.0,5.857142857142857,2.4921279384582107e-07,4.091275888667567e-06,0.06266119882015089,0.0005413094085156584,0.11706280490287635,0.0009538740659326094,122.7235429536741,0.9922312707080277,0.999999999999397,0.2131443140139092,0.4802519058416657,0.6819999543949962,20.667286416312287,2.4921279373479877e-07,True,4.0,0.9922314809701687,1.0000000000000002,0.12033438682556152,10.6465999269858,converged
40,0.25,10,fixed,load,6.015384615384616,True,0.7913041623508883,1.0,1.0,True,7.0,44.0,6.285714285714286,1.8920767885788337e-07,5.153865009049006e-06,0.06745775588172163,0.0006166351990649094,0.12347457128823858,0.0009538740659326094,129.44535940131323,0.9918535170084015,0.9999999999991687,0.22500547498199733,0.5084936226661112,0.6470000371336937,19.715851236021695,1.8920767885788337e-07,True,4.0,0.9918536831052102,1.0,0.12690401077270508,12.515500071458519,converged
40,0.25,10,fixed,load,6.292307692307693,True,0.7780100738723731,1.0,1.0,True,7.0,46.0,6.571428571428571,2.502453128050419e-07,6.34549710655642e-06,0.07254867114110843,0.000695617735101954,0.13150624137099523,0.0009538740659326094,137.8654122883828,0.9914753960617793,0.9999999999988427,0.2369776001353552,0.5372930216009222,1.025900011882186,18.84816096157575,2.502453128050419e-07,True,4.0,0.9914756131164951,1.0000000000000002,0.13509464263916016,11.71350001823157,converged
40,0.25,10,fixed,load,6.56923076923077,True,0.7641609542638093,1.0,1.0,True,7.0,46.0,6.571428571428571,3.1698516866907056e-07,7.687642556922134e-06,0.07797115763186717,0.0007773488949040066,0.14148224107759427,0.0009538740659326094,148.3238156173856,0.9910970021105607,0.9999999999984125,0.254734900614201,0.5666795807835479,1.3478000182658434,18.053624902305582,3.1698516855804826e-07,True,4.0,0.991097270432983,1.0000000000000002,0.14522874355316162,10.712099960073829,converged
40,0.25,10,fixed,load,6.846153846153847,True,0.7496823255383672,1.0,1.0,True,7.0,50.0,7.142857142857143,3.522320176641003e-07,9.165504979574222e-06,0.0837705148944352,0.0008603284587756631,0.15193599654630677,0.0009538740659326094,159.2830772663453,0.9907183943682791,0.9999999999978535,0.26143713656503687,0.596684935784586,1.041900017298758,17.32336591749322,3.522320176641003e-07,True,4.0,0.9907186544816258,1.0000000000000002,0.15584039688110352,10.783299920149148,converged
40,0.25,10,fixed,load,7.1230769230769235,True,0.7344813667141424,1.0,1.0,True,7.0,51.0,7.285714285714286,2.8960957731971604e-07,1.0850397665525048e-05,0.0900019342553915,0.0009415623440232534,0.16289117118004032,0.0009538740659326094,170.76800491559698,0.9903397196740642,1.0000000568239704,0.27378893079667616,0.627342688397321,1.0043999645859003,16.64988732890817,2.8960957720869374e-07,True,4.0,0.9903397646873583,1.0000000000000002,0.16695380210876465,10.898999986238778,converged
40,0.25,10,fixed,load,7.4,True,0.7184398833769667,1.0,1.0,True,7.0,55.0,7.857142857142857,3.772082701747337e-07,1.2708983159721428e-05,0.09673452921969528,0.001018382236670553,0.1743736965372712,0.0009538740659326094,182.8057840809256,0.989960451026565,0.9999999999963144,0.2911230499188819,0.658690025676172,0.7565000560134649,16.026814622213063,3.772082701747337e-07,True,4.0,0.9899606004730869,1.0000000000000002,0.17859423160552979,12.241199961863458,converged
40,0.25,10,fixed,load,7.676923076923077,True,0.7014033787441072,1.0,1.0,True,7.0,55.0,7.857142857142857,4.009015920347636e-07,1.4745140541967284e-05,0.10405562040996943,0.0010869328851351378,0.1864116513684441,0.0009538740659326094,195.42585130059922,0.9895810521408639,0.9999999999951941,0.29907233881154055,0.6907677479090375,0.8542999858036637,15.448693052674315,4.009015920347636e-07,True,4.0,0.9895811612596821,1.0000000000000004,0.190790057182312,10.332700097933412,converged
40,0.25,10,fixed,load,7.953846153846155,True,0.683163203101023,1.0,1.0,True,7.0,59.0,8.428571428571429,4.359857741498274e-07,1.0592420468201583e-05,0.1120792931219919,0.0011373895003811026,0.19903540164063527,0.0009538740659326094,208.6600409311233,0.9892013548613797,0.9999999999937959,0.31184735296931176,0.7236192618895123,0.9977999143302441,14.910827530530916,4.35985774371872e-07,True,4.0,0.9892014464659641,1.0000000000000004,0.20357179641723633,11.727500008419156,converged
40,0.25,10,fixed,load,8.23076923076923,True,0.6634255262473532,1.0,1.0,True,7.0,61.0,8.714285714285714,4.068882331065282e-07,9.252009567381039e-06,0.1209577485372347,0.0011611354997550548,0.21227856212476418,0.0009538740659326094,222.54359323336664,0.9888214596766043,1.0000000738653223,0.3249603656840215,0.757292883164681,0.8362999651581049,14.40915482856913,4.068882333285728e-07,True,4.0,0.9888214555086983,1.0000000000000004,0.2169727087020874,11.494899983517826,converged
40,0.25,10,fixed,load,8.507692307692308,True,0.6417528383748305,1.0,1.0,True,7.0,61.0,8.714285714285714,4.729280432824723e-07,1.8608826265515056e-05,0.1309022347054086,0.0011491060036537852,0.22617768743100042,0.0009538740659326094,237.114830467547,0.9884410314771526,0.999999999989621,0.33805720474652245,0.7918418466736694,0.9680000366643071,13.940140747349881,4.729280430604277e-07,True,4.0,0.9884411878025794,1.0000000000000002,0.23102891445159912,10.8677000971511,converged
40,0.25,10,fixed,load,8.784615384615384,True,0.6174406909038096,1.0,1.0,True,7.0,64.0,9.142857142857142,2.5092757138800437e-07,2.3864850826687754e-05,0.142220056148514,0.0010802146763320287,0.24077302216595864,0.0009538740659326094,252.41594332534154,0.9880608760704789,1.0000002509275714,0.354934458357596,0.8273230124894467,1.2112000258639455,13.500696730795944,2.5092757138800437e-07,True,4.0,0.9880606427602253,1.0000000000000002,0.24578118324279785,9.74879995919764,converged
40,0.25,10,fixed,load,9.061538461538461,True,0.5892119306668592,1.0,1.0,True,7.0,67.0,9.571428571428571,9.875384230362272e-07,2.586504299495174e-05,0.15538783051753224,0.0009255047569795309,0.2561091660663238,0.0009538740659326094,268.49368822699256,0.9876807504688491,1.000000987538423,0.36495850183595857,0.8638011537820757,0.986000057309866,13.088111771280959,9.888535071889137e-07,True,4.0,0.9876798197921638,1.0000000000000002,0.26127302646636963,14.344600029289722,converged
40,0.25,10,fixed,load,9.338461538461539,True,0.5542217251633087,1.0,1.0,True,8.0,71.0,8.875,8.210319741852601e-07,5.206566326743907e-06,0.17121573102700083,9.819048233251289e-05,0.27223158781954115,0.0009538740659326094,285.3957325628498,0.98729942592208,1.0000008210319742,0.3817405568596525,0.9013452678632824,1.029699924401939,12.699996430452197,8.210319741852601e-07,True,4.0,0.9872987183068255,1.0000000000000002,0.2775540351867676,11.125899967737496,converged
40,0.25,10,fixed,load,9.615384615384615,True,0.5020700046692517,1.0,1.0,True,8.0,81.0,10.125,5.081763767567082e-07,2.7655395809310887e-06,0.19130057703713915,6.269788899491089e-05,0.2891985610173719,0.0009538740659326094,303.18316782689806,0.9869177361938737,1.0000005081763768,0.39262716817100074,0.9400390466985479,1.133600017055869,12.334236533255176,5.081763769787528e-07,True,4.0,0.98691733771053,1.0000000000000002,0.29467833042144775,10.666799964383245,converged
40,0.25,10,fixed,load,9.892307692307693,False,,,,,,,,,,,,,,,,,,,,,,,,,,,,infeasible_base
40,0.25,10,fixed,load,10.169230769230769,False,,,,,,,,,,,,,,,,,,,,,,,,,,,,infeasible_base
40,0.25,10,fixed,load,10.446153846153846,False,,,,,,,,,,,,,,,,,,,,,,,,,,,,infeasible_base
40,0.5,20,calibrated,load,0.2,True,1.000015123342771,1.0051220232383344,1.0056484419657565,True,3.0,8.0,2.6666666666666665,2.399309477763012e-07,3.104693327662948e-05,0.005004323969217369,0.0022476717473693753,0.08626735251166254,0.0004769370329663047,180.87786552267428,1.0014847233158732,1.0056482767711752,0.006685353344775133,0.023008193512624467,0.27849990874528885,331.659957828938,2.399309479983458e-07,True,3.0,1.0014847721958087,1.0056484419657565,0.08638560771942139,10.850799968466163,converged
40,0.5,20,calibrated,load,0.47692307692307695,True,0.9924768268131275,0.9975414063543364,1.0047871205441776,True,3.0,8.0,2.6666666666666665,2.2865190829612914e-07,7.691373941939877e-05,0.004997598879974875,0.0018828393777313042,0.08609058099824907,0.0004769370329663047,180.50722642108462,0.9974770645838068,1.0047868918922693,0.0063898217701291995,0.02331173124459518,0.2552999649196863,248.67412365433816,2.2865190829612914e-07,True,3.0,0.9974771505538119,1.0047871205441776,0.08636641502380371,11.84260006994009,converged
40,0.5,20,calibrated,load,0.7538461538461538,True,0.9842326796917691,0.989335612572128,1.0044514723494067,True,3.0,9.0,3.0,2.1801218497152774e-07,0.00012388862276533385,0.004990840943656269,0.0015098563712719268,0.08591369387592139,0.0004769370329663047,180.13634492080035,0.9892331806172506,1.0044512543372217,0.012321374855097439,0.025866292865064353,0.2625000197440386,157.32444557723437,2.1801218519357235e-07,True,3.0,0.9892332000256955,1.004451472349407,0.08634710311889648,12.473400100134313,converged
40,0.5,20,calibrated,load,1.0307692307692309,True,0.9758564096909622,0.9809983634756568,1.0041150740648135,True,3.0,9.0,3.0,2.0795225319503174e-07,0.00017202899709311634,0.004984049624464088,0.001128389917654288,0.08573669107880665,0.0004769370329663047,179.76522088370498,0.980857201498766,1.0041148661125603,0.020515326729703208,0.030343147357023453,0.33409998286515474,115.05817661618632,2.0795225275094253e-07,True,4.0,0.9808571334434733,1.004115074064813,0.08632802963256836,11.733300052583218,converged
40,0.5,20,calibrated,load,1.3076923076923077,True,0.9673416753551435,0.9725233521526149,1.003777921052279,True,3.0,9.0,3.0,2.1340891709353826e-07,0.00022139700708591212,0.004977224378391264,0.0007358914887632949,0.08555957256290882,0.0004769370329663047,179.3938542175515,0.9723428225700378,1.0037777226415605,0.02801714652592765,0.03622099242812025,0.25479996111243963,90.69291568569982,2.1340891709353826e-07,True,4.0,0.9723426097963018,1.0037779210522786,0.08630847930908203,10.374200064688921,converged
40,0.5,20,calibrated,load,1.5846153846153845,True,0.958681609794385,0.9639037492479837,1.0034400086240352,True,3.0,10.0,3.3333333333333335,4.551320954560012e-07,0.00027205777169527184,0.00497036465310866,0.0004790346859749618,0.08538233830684314,0.0004769370329663047,179.0222448775022,0.9636832155624778,1.003439819299758,0.03620872186502027,0.04307756562383326,0.22819999139755964,74.84366828431538,4.551320959000904e-07,True,4.0,0.9636827626826399,1.0034400086240352,0.0862889289855957,10.801600059494376,converged
40,0.5,20,calibrated,load,1.8615384615384616,True,0.949868757613217,0.9551321402629066,1.0031013320419084,True,4.0,14.0,3.5,8.694727937630375e-09,6.398400249950745e-07,0.004963469887686267,6.092882241089893e-05,0.08520809882297806,0.0004769370329663047,178.65691471477317,0.9548701298319112,1.0031013304557723,0.04528252889554314,0.05065257987028896,0.3375000087544322,63.7098994486321,8.694727937630375e-09,True,4.0,0.9548701372448698,1.0031013320419084,0.08626937866210938,9.58449998870492,converged
40,0.5,20,calibrated,load,2.138461538461539,True,0.9408950017403337,0.9462004528150173,1.0027618865165548,True,4.0,14.0,3.5,1.8947551305714683e-08,8.884469048075185e-07,0.004956539512560999,8.994602674815218e-05,0.08503049720506083,0.0004769370329663047,178.28453512241347,0.9458966017053831,1.0027618850308353,0.05416250794356414,0.05880349837337863,0.327400048263371,55.45969664233441,1.8947551083670078e-08,True,4.0,0.9458966170059073,1.0027618865165544,0.0862497091293335,10.197600000537932,converged
40,0.5,20,calibrated,load,2.4153846153846157,True,0.9317514781195502,0.9370998718330077,1.0024216672066721,True,4.0,14.0,3.5,3.737776077539223e-08,1.195496861893036e-06,0.004949572949296158,0.00012821806062655877,0.08485278706429968,0.0004769370329663047,177.91192798881372,0.9367533101720241,1.0024216658151308,0.06293110916367699,0.06745463038686625,0.37969998084008694,49.101260084614545,3.737776077539223e-08,True,5.0,0.9367533385683172,1.0024216672066728,0.08622992038726807,10.709899943321943,converged
40,0.5,20,calibrated,load,2.6923076923076925,True,0.9224284757696002,0.9278207402082584,1.0020806692182034,True,4.0,16.0,4.0,8.87415573247452e-08,1.5641998247890946e-06,0.0049425696104414265,0.00017721775957771753,0.08467496788535682,0.0004769370329663047,177.53909223345852,0.9274305078037764,1.0020806679262348,0.07241515687269005,0.07657015349424941,0.42559998109936714,44.05084476162562,8.87415571027006e-08,True,5.0,0.9274305916834584,1.002080669218204,0.08620989322662354,11.528900009579957,converged
40,0.5,20,calibrated,load,2.9692307692307693,True,0.9129153188419447,0.9183524415533911,1.0017388876035198,True,4.0,17.0,4.25,1.6552478909748203e-07,2.024971878997925e-06,0.004935528899308473,0.0002391041332682225,0.0844970385415561,0.0004769370329663047,177.16602549403154,0.9179175462227469,1.001738886394191,0.0827874198492611,0.08613799343242813,0.3201999934390187,39.94247582012686,1.6552478887543742e-07,True,5.0,0.9179177013211084,1.00173888760352,0.08618998527526855,11.648899991996586,converged
40,0.5,20,calibrated,load,3.2461538461538466,True,0.9032002268276944,0.9086832612424494,1.0013963173605902,True,4.0,17.0,4.25,2.842422219817564e-07,2.5713365264679044e-06,0.004928450209847824,0.00031579070519593814,0.08431899849162329,0.0004769370329663047,176.79272663563614,0.9082026255539498,1.0013963162281558,0.09306652197811181,0.09616161520057699,0.4787999205291271,36.535060821253474,2.842422220927787e-07,True,5.0,0.9082028878897216,1.0013963173605909,0.08616971969604492,10.49999997485429,converged
40,0.5,20,calibrated,load,3.5230769230769234,True,0.8932701474225425,0.8988002202754908,1.001052953432131,True,4.0,18.0,4.5,4.7257452640003805e-07,3.228343312977886e-06,0.004921332926431023,0.00041007600281108475,0.08414084698426312,0.0004769370329663047,176.4191940830219,0.8982726712858833,1.0010529523705427,0.10335048410862245,0.1066555958548868,0.32320001628249884,33.66330931565277,4.7257452640003805e-07,True,5.0,0.8982731001183759,1.0010529534321313,0.08614957332611084,13.177899993024766,converged
40,0.5,20,calibrated,load,3.8000000000000003,True,0.8831105555508822,0.8886888755088959,1.0007087907047425,True,5.0,22.0,4.4,1.722010201099522e-08,2.021055682542298e-06,0.004914176423669721,0.0002761592286911536,0.08396259958592245,0.0004769370329663047,176.04546047455779,0.8881138166013743,1.0007087906973835,0.11444975553752607,0.1176435969762435,0.4922000225633383,31.21011268536228,1.7220102122017522e-08,True,5.0,0.888113814100767,1.0007087907047425,0.0861290693283081,11.007799999788404,converged
40,0.5,20,calibrated,load,4.0769230769230775,True,0.8727052094420865,0.8783330772008122,1.0003638240080241,True,5.0,22.0,4.4,2.9653712152466483e-08,2.4926582062829603e-06,0.004906980066218159,0.00035192271463939135,0.08378422165311121,0.0004769370329663047,175.67145317279338,0.8777087894012092,1.0003638240014094,0.126534983587796,0.1291566322135272,0.41089998558163643,29.09018050296031,2.965371204144418e-08,True,5.0,0.8777087893967263,1.0003638240080237,0.08610868453979492,13.279699953272939,converged
40,0.5,20,calibrated,load,4.353846153846154,True,0.862035852315097,0.8677146724990189,1.0000180481136736,True,5.0,24.0,4.8,1.0175814535440253e-07,3.1007343387838727e-06,0.004899743208578969,0.00044475070387536126,0.08360573002835801,0.0004769370329663047,175.2972074916747,0.8670398533623909,1.0000180481078698,0.13868528171651656,0.14123390281175707,0.5798999918624759,27.23992167238333,1.0175814546542483e-07,True,6.0,0.867039770747253,1.0000180481136736,0.08608806133270264,11.91660005133599,converged
40,0.5,20,calibrated,load,4.630769230769231,True,0.8510818437063257,0.8568131390057241,0.999671457734567,True,5.0,24.0,4.8,1.749540716744491e-07,3.82153024880502e-06,0.00489246519489705,0.0005581968423451085,0.08342712392231073,0.0004769370329663047,174.922721776157,0.856086256755835,0.9996714577294676,0.1510270267846285,0.1539227048650997,0.4727999912574887,25.61095625675908,1.749540715634268e-07,True,6.0,0.8560861194414267,0.9996714577345667,0.0860673189163208,12.712899944745004,converged
40,0.5,20,calibrated,load,4.907692307692308,True,0.8398196994163976,0.8456051275263091,0.9993240475238211,True,5.0,26.0,5.2,2.994732714034498e-07,4.584372985355052e-06,0.004885145358753649,0.0006969885082916007,0.08324840254116615,0.0004769370329663047,174.54799436186286,0.8448245807095323,0.9993240475194257,0.16435370155455084,0.16727929597612784,0.9070000378414989,24.165823928791482,2.994732714034498e-07,True,6.0,0.844824353311562,0.9993240475238212,0.08604645729064941,10.908700060099363,converged
40,0.5,20,calibrated,load,5.184615384615385,True,0.8282225103292377,0.8340638844420416,0.9989758120738337,True,5.0,28.0,5.6,7.94695750649943e-07,5.42500067287167e-06,0.0048777830229492685,0.0008678500807694453,0.08306956508049042,0.0004769370329663047,174.1730235621255,0.8332283592236331,0.998975812070308,0.17887681119313678,0.18137030813998775,0.5565000465139747,22.875067754553363,7.946957505389207e-07,True,6.0,0.8332275656153145,0.9989758120738339,0.08602535724639893,11.195199913345277,converged
40,0.5,20,calibrated,load,5.461538461538462,True,0.8162591991745292,0.8221585130353747,0.9986267459153066,True,6.0,31.0,5.166666666666667,3.9831544285107157e-08,3.5841196981382405e-07,0.004870377499288215,0.00020798068462219045,0.08289061079368219,0.0004769370329663047,173.79780781153633,0.8212647220865299,0.9986267459152746,0.19337522866513723,0.19627556436575264,0.5229000234976411,21.715205164181647,4.0207831397687244e-08,True,6.0,0.8212646818786985,0.9986267459153073,0.08600425720214844,12.345099938102067,converged
40,0.5,20,calibrated,load,5.7384615384615385,True,0.8038935556912625,0.809853014601317,0.9982768435162468,True,6.0,34.0,5.666666666666667,1.3880632554474914e-07,5.063246988399875e-07,0.00486292808835265,0.0002862538043501482,0.08271153871550031,0.0004769370329663047,173.4223450862618,0.8088994077326864,0.9982768435162162,0.20905302994208963,0.2120893974324199,0.722200027666986,20.667286416312287,1.3880632521168224e-07,True,6.0,0.8088994951672155,0.9982768435162468,0.0859832763671875,10.414100019261241,converged
40,0.5,20,calibrated,load,6.015384615384616,True,0.7910829643879836,0.7971050240840023,0.9979260992809476,True,6.0,35.0,5.833333333333333,2.615125048732736e-07,7.1303455928365e-07,0.0048554340792760445,0.0003940567138165478,0.08253234808873611,0.0004769370329663047,173.04663379865275,0.7960892390674662,0.9979260992809165,0.22618263284394685,0.22892567332470273,0.5456999642774463,19.715851236021695,2.615125050953182e-07,True,6.0,0.7960893939884697,0.9979260992809474,0.08596193790435791,11.630099965259433,converged
40,0.5,20,calibrated,load,6.292307692307693,True,0.7777766951837839,0.7838641113466094,0.997574507548946,True,6.0,37.0,6.166666666666667,8.606433743452158e-07,1.0320164746239648e-06,0.00484789474950325,0.0005442600314457546,0.082353038071028,0.0004769370329663047,172.6706721825189,0.7827827957022528,0.997574507548912,0.24367127486154044,0.24692308857895506,0.6108999950811267,18.84816096157575,8.616653502935279e-07,True,6.0,0.7827836531287131,0.9975745075489464,0.08594059944152832,13.882800005376339,converged
40,0.5,20,calibrated,load,6.56923076923077,True,0.7639135585660666,0.7700694509757383,0.9972220625939624,True,7.0,44.0,6.285714285714286,1.288002499100216e-07,8.744910608626624e-07,0.004877635834158775,0.0004369266194816494,0.08217360781044339,0.0004769370329663047,172.29445845160214,0.7689211461267262,0.9972220625939627,0.263149154584954,0.2662505843118577,0.8032999467104673,18.053624902305582,1.2880024946593238e-07,True,7.0,0.7689210890824436,0.9972220625939623,0.08591902256011963,11.734699946828187,converged
40,0.5,20,calibrated,load,6.846153846153847,True,0.7494186097066552,0.7556465470809541,0.9968687586228125,True,7.0,46.0,6.571428571428571,2.801346657976822e-07,1.2877874678718728e-06,0.005348823856922906,0.0006213450590579915,0.08199405644417251,0.0004769370329663047,171.91799079683827,0.7544268725823379,0.9968687586228128,0.28342419667981106,0.2871217696830037,1.137400045990944,17.32336591749322,2.801346660197268e-07,True,7.0,0.7544267645575498,0.9968687586228119,0.08589732646942139,12.877100030891597,converged
40,0.5,20,calibrated,load,7.1230769230769235,True,0.7341983832212485,0.7405024981035071,0.9965145897743,True,8.0,53.0,6.625,6.313284672820885e-08,6.250139076363676e-07,0.005882542815291147,0.00030261323926072275,0.08181438310011889,0.0004769370329663047,171.5412673896913,0.7392072529364182,0.9965145897743,0.3060838143226555,0.30980635838239723,0.978299998678267,16.64988732890817,6.313284650616424e-08,True,7.0,0.7392072238052809,0.9965145897743002,0.0858755111694336,12.474199989810586,converged
40,0.5,20,calibrated,load,7.4,True,0.7181337673566033,0.724518916163936,0.9961595501180828,True,8.0,57.0,7.125,2.8775453631002534e-07,1.1323757403730035e-06,0.006494890333064953,0.0004970842644449424,0.08163458689551926,0.0004769370329663047,171.16428637926026,0.7231433227822527,0.9961595501180828,0.330559729582254,0.3346554064894457,0.9241000516340137,16.026814622213063,2.8775453608798074e-07,True,7.0,0.7231433676776535,0.9961595501180829,0.08585357666015625,10.912900092080235,converged
40,0.5,20,calibrated,load,7.676923076923077,True,0.70106890948722,0.7075409032372477,0.9958036336535174,True,9.0,68.0,7.555555555555555,1.8121854306052398e-07,1.2781400442264027e-06,0.007208070174641047,0.0005318012987296722,0.0814546669370998,0.0004769370329663047,170.78704589260636,0.7060793424072552,0.9958036336535174,0.3571806196400271,0.3621375215484143,1.1081000557169318,15.448693052674315,1.812185432825686e-07,True,7.0,0.7060793605011626,0.9958036336535177,0.08583152294158936,11.946399929001927,converged
40,0.5,20,calibrated,load,7.953846153846155,True,0.6827930597844204,0.6893590111158359,0.9954468343084749,True,10.0,78.0,7.8,1.7308427524564962e-07,1.0665395492536725e-06,0.00805459015467151,0.00046040364315435753,0.0812746223208814,0.0004769370329663047,170.4095440343451,0.6878045381802926,0.9954468343084749,0.38729647999842204,0.39290045305703153,1.0817000875249505,14.910827530530916,1.7308427535667192e-07,True,7.0,0.6878044760448185,0.9954468343084749,0.08580935001373291,11.960099916905165,converged
40,0.5,20,calibrated,load,8.23076923076923,True,0.6630089332281212,0.6696778072152874,0.9950891459381342,True,11.0,96.0,8.727272727272727,2.8382787542469146e-07,1.8251658875892102e-06,0.009083304313775973,0.0006895166892616818,0.08109445213201012,0.0004769370329663047,170.03177888629043,0.6680213067020129,0.9950891459381342,0.4217120810542674,0.4278787781851158,1.2226999970152974,14.40915482856913,2.8382787531366915e-07,True,7.0,0.6680214636135943,0.9950891459381341,0.08578717708587646,12.244099983945489,converged
40,0.5,20,calibrated,load,8.507692307692308,True,0.6412728602427789,0.6480564130190056,0.994730562323747,True,13.0,126.0,9.692307692307692,3.027148933743007e-07,2.2304403394836437e-06,0.010373085964256611,0.0007858015633577765,0.08091415544456748,0.0004769370329663047,169.65374850705714,0.6462863980833224,0.994730562323747,0.46106256390527284,0.4685002939729324,1.7531999619677663,13.940140747349881,3.084845729972585e-07,True,7.0,0.6462867065678954,0.9947305623237476,0.08576476573944092,10.501299984753132,converged
40,0.5,20,calibrated,load,8.784615384615384,True,0.6168680874282544,0.623782630955388,0.994371077171376,True,17.0,187.0,11.0,9.920750605463269e-07,2.71282418091392e-06,0.01232318454057758,0.0009189571217089422,0.08073373132138943,0.0004769370329663047,169.2754509316814,0.6218844313549852,0.994371077171376,0.50805530149112,0.5171300910432176,2.6446999981999397,13.500696730795944,9.933055696853543e-07,True,8.0,0.6218835401066622,0.9943710771713761,0.08574211597442627,12.366900104098022,converged
40,0.5,20,calibrated,load,9.061538461538461,True,0.5884881883419257,0.5955584334494506,0.9940106841106058,True,30.0,388.0,12.933333333333334,7.044771563879948e-07,3.7205209541402206e-06,0.020355951207824775,0.0011465759843455815,0.08055317881388066,0.0004769370329663047,168.89688417123125,0.5935064194846928,0.9940106841106058,0.5668693981147831,0.578208323661042,5.162899964489043,13.088111771280959,7.138237108073042e-07,True,8.0,0.593505705660982,0.9940106841106051,0.08571946620941162,14.556300011463463,converged
40,0.5,20,calibrated,load,9.338461538461539,True,0.5531931533290422,0.5604629568400908,0.9936493766932236,False,60.0,5165.0,86.08333333333333,0.06737780240060798,0.0003579536466297328,0.10000723139844106,0.0744475126497256,0.08037249696177667,0.0004769370329663047,168.51804621230775,0.625834635971738,0.9936493766932236,1.000420028087361,0.5578277280411096,49.21730002388358,12.699996430452197,0.06762104768940325,True,8.0,0.5582135882823348,0.9936493766932236,0.08569681644439697,12.508400017395616,divergence
40,0.5,20,calibrated,load,9.615384615384615,True,0.49986713020000245,0.5074539166110362,0.9932871483918729,False,60.0,12167.0,202.78333333333333,0.03462248406250601,0.002840216549757229,0.07913152401219462,0.030732601876876948,0.08019168479299872,0.0004769370329663047,168.1389350167409,0.4709376332899832,0.9932871483918729,0.817030178619297,0.961001831627721,117.24839999806136,12.334236533255176,0.03462248406250623,True,10.0,0.5048929125982256,0.9932871483918736,0.08567392826080322,12.20829994417727,divergence
40,0.5,20,calibrated,load,9.892307692307693,False,,,,,,,,,,,,,,,,,,,,,,,,,,,,infeasible_base
40,0.5,20,fixed,load,0.2,True,1.000015123342771,1.0,1.0,True,3.0,8.0,2.6666666666666665,7.985151206924002e-09,8.466729122633166e-05,0.0005245085374019669,0.00047127319157945355,0.0006937851741287519,0.0004769370329663047,1.4546682814998924,0.9998744672976799,1.0000000079851512,0.0037855106592772267,0.009688785793573912,0.29340002220124006,331.659957828938,7.985151317946304e-09,True,2.0,0.9998744594584229,1.0000000000000004,0.0007556676864624023,10.70169999729842,converged
40,0.5,20,fixed,load,0.47692307692307695,True,0.9924768268131275,1.0,1.0,True,3.0,8.0,2.6666666666666665,4.779055984283076e-08,0.00013078842269816706,0.001922937319383796,0.002194446243742305,0.0029732838289695655,0.0004769370329663047,6.2341223756043,0.9997004484885644,0.9999999999831843,0.006629842722873337,0.017269980843524546,0.24009996559470892,248.67412365433816,4.7791347212999824e-08,True,2.0,0.9997004950822203,1.0000000000000004,0.003245234489440918,9.825500077567995,converged
40,0.5,20,fixed,load,0.7538461538461538,True,0.9842326796917691,1.0,1.0,True,3.0,11.0,3.6666666666666665,8.06769816730224e-07,0.00028259360683952284,0.003487426279449083,0.004984678473688096,0.005357299832357815,0.0004769370329663047,11.232719336215405,0.9995241374413596,0.9999999992232299,0.016690571149115773,0.031233150556558162,0.5104000447317958,157.32444557723437,8.068327282950705e-07,True,3.0,0.9995249312456099,1.0000000000000004,0.0057871341705322266,10.108599904924631,converged
40,0.5,20,fixed,load,1.0307692307692309,True,0.9758564096909622,1.0,1.0,True,4.0,13.0,3.25,6.611252989507932e-08,6.058794997619272e-07,0.005105572095866161,0.00015803404683340476,0.007794669653750674,0.0004769370329663047,16.34318393200002,0.9993476880339849,0.9999999999893642,0.026906136704617216,0.04628983756981904,0.30750001315027475,115.05817661618632,6.611416969448669e-08,True,3.0,0.9993477526408182,1.0000000000000002,0.008382439613342285,10.926599963568151,converged
40,0.5,20,fixed,load,1.3076923076923077,True,0.9673416753551435,1.0,1.0,True,4.0,14.0,3.5,2.43918123477016e-07,1.2385044921141405e-06,0.006780719359380884,0.0003008899088845565,0.010285481406514918,0.0004769370329663047,21.56570091138547,0.9991632433027766,0.9999999999547197,0.037194776405741786,0.061788998059947184,0.37530006375163794,90.69291568569982,2.4392652886451316e-07,True,3.0,0.9991634229532287,1.0000000000000004,0.011030912399291992,10.692099924199283,converged
40,0.5,20,fixed,load,1.5846153846153845,True,0.958681609794385,1.0,1.0,True,4.0,17.0,4.25,5.409844637815908e-07,2.0803389231692694e-06,0.008516533081789136,0.0004883117253318606,0.012830542015084285,0.0004769370329663047,26.90196216319137,0.9989730202587771,0.9999999998701469,0.04753977783619225,0.0775907166358249,0.3413999220356345,74.84366828431538,5.411611685435247e-07,True,3.0,0.9989734541573972,1.0000000000000002,0.013733863830566406,10.27790002990514,converged
40,0.5,20,fixed,load,1.8615384615384616,True,0.949868757613217,1.0,1.0,True,5.0,19.0,3.8,5.1373334919446734e-08,1.5635539172380366e-06,0.010317001337360595,0.00037527297992728353,0.015430525117531778,0.0004769370329663047,32.35338011301365,0.9987783965149117,0.999999999998464,0.057983160966831065,0.09365343716769317,0.45930000487715006,63.7098994486321,5.137582781422623e-08,True,3.0,0.9987784341684399,1.0000000000000002,0.01649188995361328,9.6068000420928,converged
40,0.5,20,fixed,load,2.138461538461539,True,0.9408950017403337,1.0,1.0,True,5.0,20.0,4.0,1.1651165154891174e-07,2.182478526445962e-06,0.012186519157467794,0.0005221221318564828,0.018085994743071983,0.0004769370329663047,37.921137368147605,0.9985780785214403,0.9999999999963479,0.06850348182211805,0.10996236592361648,0.45160006266087294,55.45969664233441,1.1651875808649237e-07,True,3.0,0.9985781626200022,1.0000000000000002,0.01930522918701172,11.671299929730594,converged
40,0.5,20,fixed,load,2.4153846153846157,True,0.9317514781195502,1.0,1.0,True,5.0,20.0,4.0,2.3563802387105426e-07,2.8912942374467797e-06,0.014129918315556529,0.0006934615771069997,0.02079763822369113,0.0004769370329663047,43.60667506639282,0.9983722605615365,0.9999999999923626,0.08899838453101758,0.12651639166496356,0.4311000229790807,49.101260084614545,2.3565564677419104e-07,True,3.0,0.9983724281346905,1.0000000000000002,0.022174715995788574,9.63200000114739,converged
40,0.5,20,fixed,load,2.6923076923076925,True,0.9224284757696002,1.0,1.0,True,5.0,23.0,4.6,3.5685181376532427e-07,3.6884456022177922e-06,0.01615256541376685,0.0008892418462289867,0.023566144007859533,0.0004769370329663047,49.4114366864954,0.9981607261288127,0.9999999999856658,0.08978436345527095,0.1433193314551268,0.480900052934885,44.05084476162562,3.568562378930551e-07,True,3.0,0.9981610075018563,1.0000000000000002,0.025101065635681152,10.998499928973615,converged
40,0.5,20,fixed,load,2.9692307692307693,True,0.9129153188419447,1.0,1.0,True,5.0,24.0,4.8,5.114870065270338e-07,4.564574993151545e-06,0.01826033185859294,0.001109548888419242,0.02639216793864231,0.0004769370329663047,55.33679734302977,0.9979432301052364,0.9999999999749705,0.10054863103948614,0.1603776815666146,0.5073000211268663,39.94247582012686,5.114870065270338e-07,True,3.0,0.9979436647758557,1.0,0.02808511257171631,10.850699967704713,converged
40,0.5,20,fixed,load,3.2461538461538466,True,0.9032002268276944,1.0,1.0,True,5.0,25.0,5.0,8.081982282304168e-07,5.505878139063686e-06,0.02045980065068468,0.0013542440359630762,0.029276418133496636,0.0004769370329663047,61.38424175495929,0.9977194593207597,0.9999999999584005,0.11139397286192615,0.17770013882526073,0.6593000143766403,36.535060821253474,8.081982282304168e-07,True,3.0,0.9977201502852443,1.0000000000000002,0.031127095222473145,11.277600075118244,converged
40,0.5,20,fixed,load,3.5230769230769234,True,0.8932701474225425,1.0,1.0,True,6.0,27.0,4.5,1.2692125872515447e-07,1.4581782764636954e-07,0.022758295755190745,0.0002516553528643016,0.03221943633484947,0.0004769370329663047,67.55490580058553,0.997490113437171,0.9999999999993174,0.1312572036425544,0.1952977731880556,0.65179995726794,33.66330931565277,1.2693920725670438e-07,True,3.0,0.9974901995420581,1.0000000000000004,0.03422820568084717,10.367900016717613,converged
40,0.5,20,fixed,load,3.8000000000000003,True,0.8831105555508822,1.0,1.0,True,6.0,29.0,4.833333333333333,2.024131816602548e-07,2.013010561273565e-07,0.025164059059731674,0.000318172253313774,0.03522218036837984,0.0004769370329663047,73.8507977653064,0.9972533964223362,0.9999999999988672,0.1333823636657027,0.21317996034704567,0.5617999704554677,31.21011268536228,2.0244620335674313e-07,True,3.0,0.9972535320387221,1.0000000000000004,0.03738880157470703,11.094900080934167,converged
40,0.5,20,fixed,load,4.0769230769230775,True,0.8727052094420865,1.0,1.0,True,6.0,31.0,5.166666666666667,3.3892217821129833e-07,2.860010249090858e-07,0.027686256939207954,0.0003944131898400489,0.03828527152249288,0.0004769370329663047,80.27322031249712,0.997009628322553,0.9999999999981922,0.14449431999362747,0.2313595378574268,0.6237000925466418,29.09018050296031,3.3898573126300846e-07,True,3.0,0.997009849918303,1.0,0.04060947895050049,9.15789999999106,converged
40,0.5,20,fixed,load,4.353846153846154,True,0.862035852315097,1.0,1.0,True,6.0,32.0,5.333333333333333,3.3677365862683217e-07,3.800326417247677e-07,0.030335325485877706,0.0004809538057989847,0.04140952671394041,0.0004769370329663047,86.82388628199892,0.9967585614734323,0.9999999999972836,0.1556939586380251,0.2498499373163967,0.5653999978676438,27.23992167238333,3.3677365862683217e-07,True,3.0,0.9967588365016767,1.0000000000000002,0.0438917875289917,11.688499944284558,converged
40,0.5,20,fixed,load,4.630769230769231,True,0.8510818437063257,1.0,1.0,True,6.0,33.0,5.5,3.819996733378517e-07,4.945899159818658e-07,0.033123081836596915,0.0005780185395419596,0.04459561860383491,0.0004769370329663047,93.50420605100204,0.996499823563609,0.9999999999960129,0.17474571904190067,0.26866469039136276,0.5235000280663371,25.61095625675908,3.819996733378517e-07,True,4.0,0.996500153841072,1.0000000000000002,0.04723560810089111,10.677399928681552,converged
40,0.5,20,fixed,load,4.907692307692308,True,0.8398196994163976,1.0,1.0,True,6.0,35.0,5.833333333333333,5.304472662226445e-07,6.568270146469946e-07,0.03606309265193538,0.0006855637567299289,0.04784435844300077,0.0004769370329663047,100.31588057952494,0.9962329864497639,0.9999999999942037,0.17845745049024378,0.2878191201141879,0.569900032132864,24.165823928791482,5.304472664446891e-07,True,4.0,0.9962334435281812,1.0000000000000007,0.05064213275909424,10.27339999563992,converged
40,0.5,20,fixed,load,5.184615384615385,True,0.8282225103292377,1.0,1.0,True,6.0,37.0,6.166666666666667,6.956231181076689e-07,8.084146593074022e-07,0.03917072025476724,0.000804075195831261,0.051156559934740234,0.0004769370329663047,107.26061596972784,0.9959577256420437,0.9999999999917637,0.18995089190203396,0.3073293228369881,0.5778999766334891,22.875067754553363,6.956231179966466e-07,True,4.0,0.9959583212503763,1.0000000000000002,0.05411231517791748,11.231000069528818,converged
40,0.5,20,fixed,load,5.461538461538462,True,0.8162591991745292,1.0,1.0,True,6.0,38.0,6.333333333333333,9.735743342620395e-07,1.003891246168374e-06,0.04246388228862088,0.0009330804655054412,0.054532947598261425,0.0004769370329663047,114.3399313303359,0.995673538547156,0.9999999999885184,0.20154029315899225,0.3272120941272449,0.6654000608250499,21.715205164181647,9.735743341510172e-07,True,4.0,0.9956743764930548,1.0000000000000004,0.05764627456665039,10.669399984180927,converged
40,0.5,20,fixed,load,5.7384615384615385,True,0.8038935556912625,1.0,1.0,True,7.0,42.0,6.0,2.50015418257199e-07,6.743926683050644e-07,0.045963442356270576,0.0005971191027465607,0.057973920654015354,0.0004769370329663047,121.55466371199398,0.9953810194346702,0.9999999999997307,0.21334787831897287,0.34748696823245023,0.7216999074444175,20.667286416312287,2.5011002335872945e-07,True,4.0,0.9953811695186423,1.0000000000000004,0.06124544143676758,11.402899981476367,converged
40,0.5,20,fixed,load,6.015384615384616,True,0.7910829643879836,1.0,1.0,True,7.0,44.0,6.285714285714286,1.7540380203850958e-07,8.297042401630793e-07,0.04969365140325287,0.0006826660867131127,0.06148120348441359,0.0004769370329663047,128.9084286494423,0.9950780770612291,0.9999999999996328,0.2251597833300366,0.36817236430865885,0.9085999336093664,19.715851236021695,1.7540380192748728e-07,True,4.0,0.9950782284640652,1.0000000000000002,0.06491076946258545,10.280300048179924,converged
40,0.5,20,fixed,load,6.292307692307693,True,0.7777766951837839,1.0,1.0,True,7.0,45.0,6.428571428571429,2.3387914860339976e-07,1.0103326708540358e-06,0.05368334354379743,0.0007736066158743719,0.06520586206316534,0.0004769370329663047,136.71796810916146,0.9947648444895308,0.9999999999994902,0.2370766344709979,0.38928941874923806,0.750900013372302,18.84816096157575,2.3387914838135515e-07,True,4.0,0.9947650460581052,1.0000000000000004,0.0687936544418335,12.480700039304793,converged
40,0.5,20,fixed,load,6.56923076923077,True,0.7639135585660666,1.0,1.0,True,7.0,47.0,6.714285714285714,2.683880498954849e-07,1.2056140368723796e-06,0.05796702397216932,0.0008694068511600418,0.07047265552554795,0.0004769370329663047,147.76092157751734,0.9944408474246363,0.9999999999993026,0.25475604078058905,0.41086096182831683,0.8254999993368983,18.053624902305582,2.683880498954849e-07,True,4.0,0.9944410758958541,1.0000000000000004,0.07421815395355225,9.572500013746321,converged
40,0.5,20,fixed,load,6.846153846153847,True,0.7494186097066552,1.0,1.0,True,7.0,49.0,7.0,3.29475439930782e-07,1.3949614542565673e-06,0.06258595280149892,0.0009691231942581203,0.07600338950656307,0.0004769370329663047,159.35728251979265,0.994105449245589,0.9999999999990596,0.26140312018848405,0.432911086520272,0.7959998911246657,17.32336591749322,3.294754398197597e-07,True,4.0,0.994105728194785,1.0000000000000002,0.07990670204162598,11.33590005338192,converged
40,0.5,20,fixed,load,7.1230769230769235,True,0.7341983832212485,1.0,1.0,True,7.0,52.0,7.428571428571429,2.5873857323333027e-07,1.3748988608162465e-06,0.06759096293191898,0.0010713664039342968,0.08180944559493909,0.0004769370329663047,171.5309148591925,0.9937581627551278,1.0000000552710553,0.2736786931141646,0.45546568360726297,0.8931000484153628,16.64988732890817,2.5873857301128567e-07,True,4.0,0.9937583649412562,1.0000000000000004,0.08587062358856201,11.208600015379488,converged
40,0.5,20,fixed,load,7.4,True,0.7181337673566033,1.0,1.0,True,7.0,54.0,7.714285714285714,3.572084731340297e-07,1.7558076959406488e-06,0.07304460635871808,0.0011736830230605058,0.0879028869218598,0.0004769370329663047,184.30711151773798,0.9933980053403374,0.9999999999983981,0.290914793579918,0.4785529210841357,0.7676000241190195,16.026814622213063,3.572084731340297e-07,True,4.0,0.9933982943166055,1.0000000000000004,0.09212183952331543,10.272899991832674,converged
40,0.5,20,fixed,load,7.676923076923077,True,0.70106890948722,1.0,1.0,True,7.0,57.0,8.142857142857142,4.2396755273177433e-07,2.1730784444589493e-06,0.07902610182211696,0.0012713008450300862,0.09429673904471553,0.0004769370329663047,197.71318334883324,0.9930244223075917,0.9999999999979179,0.2987829842966081,0.50220350040077,0.865899957716465,15.448693052674315,4.2396755262075203e-07,True,4.0,0.9930247642673221,1.0000000000000004,0.09867346286773682,12.857900001108646,converged
40,0.5,20,fixed,load,7.953846153846155,True,0.6827930597844204,1.0,1.0,True,7.0,57.0,8.142857142857142,4.5377031276938595e-07,2.466333189419998e-06,0.08563653334295979,0.001362340072201553,0.10100514161699804,0.0004769370329663047,211.77877714548117,0.992636594588398,0.9999999999973215,0.31145642478356833,0.526450318828516,0.910900067538023,14.910827530530916,4.5377031276938595e-07,True,4.0,0.9926369550524632,1.0000000000000002,0.10553956031799316,11.257799924351275,converged
40,0.5,20,fixed,load,8.23076923076923,True,0.6630089332281212,1.0,1.0,True,7.0,60.0,8.571428571428571,4.7317013440739686e-07,2.7653192354942827e-06,0.09300932197072931,0.0014416005412760684,0.108043149087043,0.0004769370329663047,226.53545776277807,0.992233601261904,0.9999999999965868,0.32445543667567767,0.5513290997918521,0.8259000023826957,14.40915482856913,4.7317013418535225e-07,True,4.0,0.9922339705615786,1.0000000000000004,0.11273539066314697,10.300000081770122,converged
40,0.5,20,fixed,load,8.507692307692308,True,0.6412728602427789,1.0,1.0,True,7.0,62.0,8.857142857142858,4.470058749816985e-07,3.0684379683937066e-06,0.10132404525495411,0.0015017889840395527,0.11542721119447658,0.0004769370329663047,242.017715580982,0.9917307174297646,1.0000000222183116,0.3374300438779589,0.5768789662221254,1.0494000744074583,13.940140747349881,4.470058747596539e-07,True,4.0,0.9917309320297806,1.0000000000000004,0.12027692794799805,12.347899959422648,converged
40,0.5,20,fixed,load,8.784615384615384,True,0.6168680874282544,1.0,1.0,True,7.0,66.0,9.428571428571429,5.277017529614625e-07,3.382121801091191e-06,0.11083167873361842,0.0015322577986270692,0.12317530250942538,0.0004769370329663047,258.2632381120374,0.9911108148742809,1.000000527701753,0.354162661473032,0.603143151451666,1.0858000023290515,13.500696730795944,5.277302449480104e-07,True,4.0,0.9911109098036144,1.0,0.12818217277526855,11.863699997775257,converged
40,0.5,20,fixed,load,9.061538461538461,True,0.5884881883419257,1.0,1.0,True,7.0,69.0,9.857142857142858,8.187685638372244e-07,3.615040663383091e-06,0.12189873889238263,0.0015182773513207487,0.13130657211266733,0.0004769370329663047,275.31217547944965,0.9904518946931589,1.0000008187685638,0.36404891980834464,0.6301677321788475,0.9174000006169081,13.088111771280959,8.19212284342008e-07,True,4.0,0.9904518684332088,1.0000000000000002,0.13647043704986572,9.948299964889884,converged
40,0.5,20,fixed,load,9.338461538461539,True,0.5531931533290422,1.0,1.0,True,7.0,71.0,10.142857142857142,8.16217958554688e-07,3.7971362991711393e-06,0.13509231921175585,0.001434432518554866,0.13984229672640922,0.0004769370329663047,293.209138859823,0.9897509836181142,1.0000008162179586,0.3806608772702049,0.6580050861185716,1.0473000584170222,12.699996430452197,8.16217958554688e-07,True,4.0,0.9897508606587674,1.0000000000000002,0.1451629400253296,11.54470001347363,converged
40,0.5,20,fixed,load,9.615384615384615,True,0.49986713020000245,1.0,1.0,True,8.0,76.0,9.5,6.373653733682261e-07,9.085962762543611e-07,0.15136294441167758,0.0002769712826100078,0.14880216780906302,0.0004769370329663047,311.9954155868115,0.9890048169333608,1.0000006373653734,0.391378752605809,0.6867078854509675,0.9623999940231442,12.334236533255176,6.377019244885318e-07,True,4.0,0.9890045953061127,1.0000000000000002,0.1542835235595703,9.719099965877831,converged
40,0.5,20,fixed,load,9.892307692307693,False,,,,,,,,,,,,,,,,,,,,,,,,,,,,infeasible_base
40,0.5,20,fixed,load,10.169230769230769,False,,,,,,,,,,,,,,,,,,,,,,,,,,,,infeasible_base
40,0.5,20,fixed,load,10.446153846153846,False,,,,,,,,,,,,,,,,,,,,,,,,,,,,infeasible_base
120,0.1,12,calibrated,load,0.2,True,0.9999928830043316,1.0050220365121638,1.0058826407997066,True,3.0,8.0,2.6666666666666665,2.4855015667846203e-07,1.0908163888653989e-05,0.005011796558596569,0.0024605766003630764,0.08638148007418839,0.00021047962436528716,410.40305129143246,0.9999928830043316,1.0058824315650976,0.006847053570254033,0.05543522870432926,1.2931999517604709,157.11373466716253,2.485501597870865e-07,True,3.0,0.9999928830043315,1.0058826407997064,0.0863957405090332,11.319600045681,converged
120,0.1,12,calibrated,load,0.47692307692307695,True,0.9926963838643247,0.9977503385544063,1.0050154673125924,True,3.0,8.0,2.6666666666666665,2.483110659312615e-07,3.0301806102100228e-05,0.005011008871927662,0.0023963194094358607,0.08636670485472761,0.00021047962436528716,410.33285343021277,0.9976966725182012,1.0050152190015265,0.006539560762636414,0.055750126433976956,1.064400072209537,174.07033396723415,2.483110745910011e-07,True,3.0,0.9976968375601845,1.0050154673125924,0.08639514446258545,11.701100040227175,converged
120,0.1,12,calibrated,load,0.7538461538461538,True,0.9844717799717337,0.9895261860864679,1.0050088979886094,True,3.0,9.0,3.0,2.480721070785563e-07,5.034986184423634e-05,0.005010221163312505,0.0023302448650861,0.08635192960412867,0.00021047962436528716,410.2626554210539,0.9894720220523632,1.0050086499165023,0.012426868760080924,0.05695716508079467,1.0212999768555164,194.7268735831032,2.480721232878125e-07,True,4.0,0.9894721471701011,1.0050088979886096,0.08639419078826904,12.08669994957745,converged
120,0.1,12,calibrated,load,1.0307692307692309,True,0.9760992948528507,0.9811541683019718,1.005002328540208,True,3.0,10.0,3.3333333333333335,2.4540532761463396e-07,7.131474682709232e-05,0.005009433432748893,0.0022621680717034628,0.0863371965927649,0.00021047962436528716,410.19265809277,0.9810997227230448,1.0050020831348805,0.02065192533058617,0.059110599915726585,1.201000064611435,220.22216437279093,2.4540532805872317e-07,True,4.0,0.9810998055764407,1.0050023285402085,0.08639335632324219,11.736699962057173,converged
120,0.1,12,calibrated,load,1.3076923076923077,True,0.96758936500278,0.9726447217583923,1.0049957589673815,True,3.0,10.0,3.3333333333333335,2.451693335014937e-07,9.304569156103808e-05,0.005008645680235136,0.0021920408747132906,0.08632242123245228,0.00021047962436528716,410.1224595623556,0.9725899946323042,1.004995513798048,0.02818844208257731,0.062241611990502654,1.048099948093295,252.02182862587028,2.451693335014937e-07,True,4.0,0.9725900243719199,1.0049957589673815,0.08639240264892578,12.181899975985289,converged
120,0.1,12,calibrated,load,1.5846153846153845,True,0.9589351745008795,0.9639910315667082,1.004989189270123,True,3.0,11.0,3.6666666666666665,2.449334617349308e-07,0.00011537097428833754,0.005007857905769867,0.002119812207065895,0.08630764584116335,0.00021047962436528716,410.0522608847711,0.9639360338662659,1.0049889443366613,0.036396305378012805,0.06634804690734922,1.2957999715581536,263.8101963216884,2.449334619569754e-07,True,5.0,0.9639359879785682,1.004989189270123,0.08639180660247803,12.454499956220388,converged
120,0.1,12,calibrated,load,1.8615384615384616,True,0.9501293229662339,0.9551856984793413,1.0049826194484257,True,3.0,11.0,3.6666666666666665,2.446977127590344e-07,0.00013881245749964736,0.005007070109350499,0.0020453127678299716,0.08629287041888194,0.00021047962436528716,409.9820620599396,0.9551304559511988,1.004982374750713,0.04548553862630155,0.07139330122831654,1.1119999689981341,224.56570430689175,2.446977180881049e-07,True,5.0,0.9551302963927479,1.0049826194484266,0.08639061450958252,14.366499963216484,converged
120,0.1,12,calibrated,load,2.138461538461539,True,0.9411637528266832,0.9462206661730197,1.0049760495022833,True,3.0,11.0,3.6666666666666665,3.298794923889403e-07,0.00016317760908529183,0.0050062822909765605,0.0019684095264410344,0.08627809496562802,0.00021047962436528716,409.91186308795614,0.9461652221553246,1.0049758050401973,0.054369636403715865,0.07731678961466877,1.296799979172647,195.4852533894525,3.29879492277918e-07,True,5.0,0.9461648924589982,1.0049760495022835,0.08639001846313477,13.00229993648827,converged
120,0.1,12,calibrated,load,2.4153846153846157,True,0.9320296645098464,0.9370871364560702,1.0049694794316886,True,3.0,11.0,3.6666666666666665,5.799896539704363e-07,0.00018830736146309058,0.005005494450645182,0.0018889610720679735,0.08626331948138068,0.00021047962436528716,409.84166396872115,0.9370315567591073,1.0049692352051067,0.06313493965471394,0.08404961954981761,1.4269000384956598,173.0729313448019,5.799896537483917e-07,True,6.0,0.9370309770667492,1.0049694794316897,0.08638906478881836,12.806000071577728,converged
120,0.1,12,calibrated,load,2.6923076923076925,True,0.9227174170706686,0.9277754699151555,1.0049629092366352,True,4.0,15.0,3.75,2.032808144036835e-08,2.262778799481734e-06,0.005004706588355556,2.5946279030352414e-05,0.08625272816671638,0.00021047962436528716,409.79134406390267,0.927718892061987,1.0049629068105033,0.07262015775813006,0.09152706516178326,1.491099945269525,155.27114412076514,2.0328081773435258e-08,True,6.0,0.9277189097844039,1.0049629092366354,0.0863882303237915,14.109699986875057,converged
120,0.1,12,calibrated,load,2.9692307692307693,True,0.9132164109050833,0.9182750686518906,1.004956338917116,True,4.0,15.0,3.75,3.481737276267438e-08,3.7656631865533407e-06,0.00500391870410504,3.458210473370216e-05,0.08623794856512444,0.00021047962436528716,409.72112538294243,0.9182180621653223,1.0049563364940999,0.08300532343364539,0.09969948904043259,1.7241999739781022,140.7898975188285,3.481737265165208e-08,True,6.0,0.9182180915812227,1.004956338917116,0.08638739585876465,14.460199978202581,converged
120,0.1,12,calibrated,load,3.2461538461538466,True,0.903514948702192,0.9085742372623703,1.004949768473125,True,4.0,15.0,3.75,5.749831533119476e-08,4.751227742880956e-06,0.005003130797892995,4.6128742841256954e-05,0.08622316893463443,0.00021047962436528716,409.65090656468584,0.9085167793320653,1.0049497660532218,0.09328849000911717,0.10853100893891603,1.9415999995544553,128.77938493428388,5.749831544221706e-08,True,6.0,0.9085168257888199,1.004949768473125,0.08638644218444824,13.369299937039614,converged
120,0.1,12,calibrated,load,3.5230769230769234,True,0.8936000691746224,0.8986600166006631,1.0049431979046548,True,4.0,17.0,4.25,8.090745262645527e-08,6.154744309564046e-06,0.0050023428697166614,6.0810681227743854e-05,0.08620838927319571,0.00021047962436528716,409.5806875993904,0.8986020940469926,1.004943195487744,0.10357518835531915,0.1180019656728277,1.6361000016331673,118.65698786521354,8.090745295952217e-08,True,7.0,0.8986021518433701,1.0049431979046561,0.08638584613800049,13.454800006002188,converged
120,0.1,12,calibrated,load,3.8000000000000003,True,0.8834573470738201,0.8885179838342342,1.0049366272116986,True,4.0,18.0,4.5,1.6518514378560667e-07,7.840608530753605e-06,0.005001554919574677,7.981913203644832e-05,0.08619360979200562,0.00021047962436528716,409.51046949046577,0.8884594958708971,1.004936624809793,0.11468396923538393,0.12810725701656953,1.6562000382691622,110.00991992361902,1.6518514389662897e-07,True,7.0,0.8884596453147631,1.0049366272116984,0.08638489246368408,14.696999918669462,converged
120,0.1,12,calibrated,load,4.0769230769230775,True,0.8730706504190725,0.8781320097222631,1.0049300563942503,True,4.0,18.0,4.5,2.5702507977509725e-07,9.620627856613962e-06,0.005000766947466012,0.0001037861353692059,0.08617883007447388,0.00021047962436528716,409.4402502586693,0.8780729466710206,1.0049300539954311,0.12679292635826414,0.13885497584111695,1.986199989914894,102.53754800427886,2.5702508021918646e-07,True,7.0,0.878073175153206,1.0049300563942503,0.08638405799865723,14.012599945999682,converged
120,0.1,12,calibrated,load,4.353846153846154,True,0.862421843509717,0.867483961688674,1.0049234854523028,True,4.0,18.0,4.5,3.926739141624225e-07,1.151178946013072e-05,0.004999978953387906,0.00013376296213452006,0.08616405032803455,0.00021047962436528716,409.3700308895313,0.8674242645509591,1.0049234830565676,0.13896066748614144,0.15026560024669833,2.1407000022009015,96.01572516301731,3.926739140514002e-07,True,7.0,0.8674246067226532,1.0049234854523028,0.08638310432434082,15.439000097103417,converged
120,0.1,12,calibrated,load,4.630769230769231,True,0.8514904197975548,0.8565533367705916,1.0049169143858492,True,4.0,20.0,5.0,8.662442289031347e-07,1.3514743455955029e-05,0.004999190937339168,0.00017087429925988353,0.0861492705526819,0.00021047962436528716,409.2998113830246,0.8564925680503802,1.0049169120050678,0.15132219633533683,0.1623716124319794,1.8666000105440617,90.27392100044484,8.668855541182907e-07,True,7.0,0.8564934347003733,1.0049169143858478,0.08638250827789307,14.83530004043132,converged
120,0.1,12,calibrated,load,4.907692307692308,True,0.8402530436124525,0.8453168034397821,1.004910343194883,True,5.0,22.0,4.4,2.711890711992737e-08,8.232421408358311e-06,0.004998402899317928,0.00011906210926905617,0.0861345317260441,0.00021047962436528716,409.2297864260614,0.8452563164230508,1.0049103431711826,0.1646755256721661,0.17521787549482104,2.2239000536501408,85.18009473709688,2.711890711992737e-08,True,8.0,0.8452563248362808,1.004910343194883,0.08638155460357666,13.593099894933403,converged
120,0.1,12,calibrated,load,5.184615384615385,True,0.828682971037822,0.8337476226006093,1.0049037718793974,True,5.0,22.0,4.4,3.931741365814645e-08,9.573331089932205e-06,0.004997614839322655,0.00015175786363600844,0.08611975183990486,0.00021047962436528716,409.15956639320166,0.8336865101505517,1.004903771855735,0.17924312018347835,0.18886094777385756,2.1829999750480056,80.63041608645075,3.9317413436101845e-08,True,9.0,0.8336865348722781,1.0049037718793974,0.0863807201385498,16.207000007852912,converged
120,0.1,12,calibrated,load,5.461538461538462,True,0.8167493090124556,0.8218149068501914,1.0048972004393857,True,5.0,25.0,5.0,1.7577978295157948e-07,1.0534988870719479e-05,0.004996826757351481,0.00019294864330456822,0.08610497192690482,0.00021047962436528716,409.0893462327248,0.8217532973748569,1.004897200415877,0.1937798222275058,0.20337310543826886,2.849399927072227,76.54211329896874,,False,-1.0,,,,63.355399994179606,tpf_only
120,0.1,12,calibrated,load,5.7384615384615385,True,0.8044160531308058,0.8094826584866773,1.0048906288748414,True,5.0,24.0,4.8,2.807440649954529e-07,1.1557830232848507e-05,0.004996038653402933,0.00024426064359764284,0.08609019198304654,0.00021047962436528716,409.01912592563883,0.8094204239554624,1.0048906288513717,0.20950611644275866,0.21884341943798113,3.075400018133223,72.84839201376381,,False,-1.0,,,,62.99659993965179,tpf_only
120,0.1,12,calibrated,load,6.015384615384616,True,0.7916408182599548,0.7967085004036635,1.0048840571857574,True,5.0,27.0,5.4,4.7626530363942265e-07,1.3155586700941295e-05,0.004995250527474976,0.000310961104346937,0.08607541201026733,0.00021047962436528716,408.9489054811479,0.7966456452019007,1.004884057162324,0.22670385084953742,0.2353812872447776,2.4750999873504043,69.49475759880792,,False,-1.0,,,,65.03339996561408,tpf_only
120,0.1,12,calibrated,load,6.292307692307693,True,0.7783731320981102,0.7834419700260715,1.0048774853721267,True,6.0,31.0,5.166666666666667,8.32670586925488e-08,4.680923330304283e-06,0.004994462379565464,0.00010995741511684248,0.08606063240981875,0.00021047962436528716,408.8786868056198,0.7833781173808518,1.0048774853718951,0.24426081229290444,0.2531213025827971,2.922200015746057,66.43630860912934,,False,-1.0,,,,63.266600016504526,tpf_only
120,0.1,12,calibrated,load,6.56923076923077,True,0.7645520928692019,0.7696221775289535,1.0048709134339435,True,6.0,33.0,5.5,1.8604259921506383e-07,6.55053654209385e-06,0.004993674209673926,0.0001537994164577219,0.08604585237867694,0.00021047962436528716,408.8084660838451,0.769557310393555,1.0048709134337135,0.26383187887693,0.2722323064678758,3.23150004260242,63.63571480359226,,False,-1.0,,,,67.36820004880428,tpf_only
120,0.1,12,calibrated,load,6.846153846153847,True,0.7501030746326914,0.7551745118937343,1.0048643413712002,True,6.0,37.0,6.166666666666667,3.609460804687714e-07,9.41327515487261e-06,0.004992886017797321,0.0002182835278809263,0.08603107231863609,0.00021047962436528716,408.7382452247694,0.7551086687055452,1.0048643413709706,0.284203807272266,0.292924947407623,4.122200072742999,61.061685890188535,,False,-1.0,,,,62.33870005235076,tpf_only
120,0.1,12,calibrated,load,7.1230769230769235,True,0.7349329597399961,0.7400058744583484,1.0048577691838905,True,7.0,43.0,6.142857142857143,6.721314571578318e-08,8.273315671100725e-06,0.004992097803934563,0.00018895433639697117,0.08601629223364131,0.00021047962436528716,408.66802424713626,0.7399391608769864,1.0048577691838882,0.3069861174986,0.3154696254972579,4.131899913772941,58.68779745385292,,False,-1.0,,,,61.76790001336485,tpf_only
120,0.1,12,calibrated,load,7.4,True,0.7189230024383572,0.7239975441797079,1.0048511968720073,True,7.0,46.0,6.571428571428571,2.958719740320248e-07,1.2341470542651282e-05,0.0049913095680839,0.00028093953382528087,0.08600151211582524,0.00021047962436528716,408.59780311356747,0.7239298195200615,1.004851196872005,0.3316059438660074,0.3402180241626846,4.772100015543401,56.491580501317884,,False,-1.0,,,,61.02770008146763,tpf_only
120,0.1,12,calibrated,load,7.676923076923077,True,0.7019177044159094,0.7069940557988542,1.0048446244355445,True,8.0,55.0,6.875,9.520121746486865e-08,8.337663705070361e-06,0.004990521310243797,0.000185294409130032,0.08598673196917109,0.00021047962436528716,408.52758184298733,0.7069251541692333,1.0048446244355445,0.3583927778537199,0.36764161514379234,5.442099994979799,54.453808058384574,,False,-1.0,,,,59.58860006649047,tpf_only
120,0.1,12,calibrated,load,7.953846153846155,True,0.6837065821880973,0.6887849715814809,1.0048380518744948,True,9.0,66.0,7.333333333333333,1.1854586168258407e-07,9.880770815248935e-06,0.004989733030412274,0.0002181347471304438,0.0859719517935836,0.00021047962436528716,408.45736043494344,0.6887144960396038,1.0048380518744948,0.3887141048357488,0.39839412732500035,6.636600010097027,52.55793079522997,,False,-1.0,,,,60.18529995344579,tpf_only
120,0.1,12,calibrated,load,8.23076923076923,True,0.6639923356130334,0.6690730575446262,1.0048314791888515,True,10.0,80.0,8.0,1.584453880321135e-07,1.0740498479675081e-05,0.004988944728587243,0.0002354306804826756,0.08595717158911044,0.00021047962436528716,408.38713888966214,0.6690012537333445,1.0048314791888515,0.4233941020190005,0.43341681902566376,6.883199908770621,50.7896265815587,,False,-1.0,,,,60.79279992263764,tpf_only
120,0.1,12,calibrated,load,8.507692307692308,True,0.6423304805707399,0.6474139309807526,1.004824906378608,True,12.0,104.0,8.666666666666666,2.8018984821187587e-07,1.1765228013631271e-05,0.004988156404767615,0.00026583803977050613,0.08594239135574205,0.00021047962436528716,408.316917207098,0.6473404933415874,1.004824906378608,0.4629868167986689,0.47415398320701546,10.67049999255687,49.13643801290036,,False,-1.0,,,,58.60819993540645,tpf_only
120,0.1,12,calibrated,load,8.784615384615384,True,0.6180011015926519,0.6230878451246922,1.0048183334437577,True,15.0,148.0,9.866666666666667,4.5775906920564324e-07,1.7440514786449832e-05,0.0049873680589514685,0.0004255553455546632,0.08592761109348321,0.00021047962436528716,408.24669538727386,0.6230115039576215,1.0048183334437577,0.510477520123037,0.5230035534057533,12.804300058633089,47.587478495856224,,False,-1.0,,,,63.048799987882376,tpf_only
120,0.1,12,calibrated,load,9.061538461538461,True,0.5896866587464406,0.5947775778887349,1.0048117603842939,True,27.0,314.0,11.62962962962963,5.338479287519959e-07,2.0629087321576773e-05,0.005195986742428106,0.0005536550482611761,0.08591283080233578,0.00021047962436528716,408.1764734301984,0.5946984286896148,1.0048117603842939,0.5698934814307771,0.5844675511509134,27.23660005722195,46.13319222603379,,False,-1.0,,,,64.36710001435131,tpf_only
120,0.1,12,calibrated,load,9.338461538461539,True,0.5543991194110102,0.5594958412863942,1.0048051872002093,False,60.0,3156.0,52.6,0.042083638837164816,0.0013837316974626957,0.10090513631151732,0.03699030692764581,0.08589805048228649,0.00021047962436528716,408.10625133580874,0.5173235884403787,1.0048051872002093,0.5640062898474001,0.77738935592273,276.5474000480026,44.765156871719775,,False,-1.0,,,,63.45440004952252,no_solution
120,0.1,12,calibrated,load,9.615384615384615,True,0.500544869717856,0.5056520298882953,1.0047986138914977,False,60.0,11602.0,193.36666666666667,0.04953745229390094,0.005202860713104024,0.10466729340484243,0.035112712310696806,0.08588327013334006,0.00021047962436528716,408.0360291041271,0.45611457759439433,1.0047986138914977,0.5925764229799628,0.9697385651806638,1153.0629000626504,43.475920353814246,,False,-1.0,,,,63.42120002955198,no_solution
120,0.1,12,calibrated,load,9.892307692307693,False,,,,,,,,,,,,,,,,,,,,,,,,,,,,infeasible_base
120,0.1,12,fixed,load,0.2,True,0.9999928830043316,1.0,1.0,True,3.0,8.0,2.6666666666666665,7.765660114955608e-09,3.9757652601987816e-05,0.0008028321208941992,0.0002882491766116512,0.00038798063736663886,0.00021047962436528716,1.8433168461632128,0.9999303088194036,1.0000000077656601,0.00401215306995514,0.02492303204788936,1.0893000289797783,157.11373466716253,7.765659892911003e-09,True,2.0,0.9999303043175034,1.0000000000000004,0.00037789344787597656,11.792500037699938,converged
120,0.1,12,fixed,load,0.47692307692307695,True,0.9926963838643247,1.0,1.0,True,3.0,8.0,2.6666666666666665,1.9490503211372356e-08,0.00019867474190894376,0.0016240459496220565,0.0027985096283462702,0.0010479142444150527,0.00021047962436528716,4.978696857594152,0.9998328315256912,1.0000000000000122,0.006353569582798496,0.03946325828846669,1.091300044208765,174.07033396723415,1.949050343341696e-08,True,2.0,0.9998328440864948,1.0000000000000002,0.0010720491409301758,10.598400025628507,converged
120,0.1,12,fixed,load,0.7538461538461538,True,0.9844717799717337,1.0,1.0,True,3.0,10.0,3.3333333333333335,6.214702703566388e-07,0.0004949165152790189,0.003266687313864324,0.0060103167209917,0.001974695245727494,0.00021047962436528716,9.381883171267983,0.9997269247620839,1.0000000000000047,0.016371817652266495,0.06739147999321507,0.9959000162780285,194.7268735831032,6.214791462566538e-07,True,2.0,0.9997273242333666,1.0,0.002013087272644043,13.059600023552775,converged
120,0.1,12,fixed,load,1.0307692307692309,True,0.9760992948528507,1.0,1.0,True,4.0,13.0,3.25,5.108398370978762e-08,7.065413600492375e-06,0.004965509852540691,0.0001375987396705922,0.002954217949354655,0.00021047962436528716,14.035648145340724,0.9996134129937005,1.0,0.026527742453377724,0.09824419870372819,1.6684000147506595,220.22216437279093,5.108398348774301e-08,True,2.0,0.9996134542007186,1.0,0.0030059814453125,10.596100008115172,converged
120,0.1,12,fixed,load,1.3076923076923077,True,0.96758936500278,1.0,1.0,True,4.0,14.0,3.5,1.942144233213483e-07,1.4189360604118864e-05,0.006724109242145351,0.00026812016845205423,0.003986830781256819,0.00021047962436528716,18.941647170263277,0.9994907800884116,1.0,0.03676468506292802,0.13027019812612495,1.7595000099390745,252.02182862587028,1.942144230993037e-07,True,3.0,0.9994909039746842,1.0000000000000002,0.00405275821685791,11.362300021573901,converged
120,0.1,12,fixed,load,1.5846153846153845,True,0.9589351745008795,1.0,1.0,True,4.0,16.0,4.0,4.737050652847685e-07,2.34898366847271e-05,0.00854644315484781,0.00043966447106093325,0.005074734492050576,0.00021047962436528716,24.11033613041507,0.9993590584269803,1.0,0.047067726892793614,0.1630512994452587,1.5561999753117561,263.8101963216884,4.737050651737462e-07,True,3.0,0.9993593715491907,1.0000000000000002,0.005154728889465332,11.876400094479322,converged
120,0.1,12,fixed,load,1.8615384615384616,True,0.9501293229662339,1.0,1.0,True,4.0,17.0,4.25,9.32885668158967e-07,3.4800808796501024e-05,0.010436831717904924,0.0006511672532214282,0.00621973956207916,0.00021047962436528716,29.55031671514583,0.9992178646788387,1.0,0.0574555356878609,0.19645026984313665,1.7681000754237175,224.56570430689175,9.32885668158967e-07,True,3.0,0.9992185077271696,1.0000000000000002,0.006314277648925781,13.658599928021431,converged
120,0.1,12,fixed,load,2.138461538461539,True,0.9411637528266832,1.0,1.0,True,5.0,20.0,4.0,8.889509739429258e-08,2.4130112306349053e-05,0.012400060626994483,0.0004722466238441279,0.00742522943705462,0.00021047962436528716,35.27766385675481,0.9990678992210517,1.0,0.06791810159827649,0.230424193545368,2.200900111347437,195.4852533894525,8.889509761633718e-08,True,3.0,0.9990679538698964,1.0000000000000004,0.007532835006713867,12.813300010748208,converged
120,0.1,12,fixed,load,2.4153846153846157,True,0.9320296645098464,1.0,1.0,True,5.0,20.0,4.0,1.7942652774660672e-07,3.1566239989512884e-05,0.014441416067854543,0.0006270225386885555,0.00869127451932372,0.00021047962436528716,41.29271204057274,0.9989067214150392,1.0,0.08845151153750225,0.26495060559349354,2.5603000540286303,173.0729313448019,1.7942652774660672e-07,True,3.0,0.9989068218342269,1.0000000000000002,0.008812904357910156,12.604599935002625,converged
120,0.1,12,fixed,load,2.6923076923076925,True,0.9227174170706686,1.0,1.0,True,5.0,22.0,4.4,3.3989628855923826e-07,3.9682239441885356e-05,0.01656680784937652,0.0008027242052728788,0.010020825520142777,0.00021047962436528716,47.60948025425798,0.9987347425392005,1.0,0.08908662153144437,0.300034937296586,2.350500086322427,155.27114412076514,3.3989628855923826e-07,True,3.0,0.9987349289356984,1.0,0.010156512260437012,11.998299974948168,converged
120,0.1,12,fixed,load,2.9692307692307693,True,0.9132164109050833,1.0,1.0,True,5.0,23.0,4.6,4.481321717042519e-07,4.837123302107766e-05,0.018782725317087013,0.0009989387856882755,0.011416171952314622,0.00021047962436528716,54.23884609610415,0.9985516983713597,1.0,0.09978457875954697,0.3356887834168643,2.754500019364059,140.7898975188285,4.481321717042519e-07,True,3.0,0.9985519763290193,1.0000000000000004,0.011565804481506348,11.50589995086193,converged
120,0.1,12,fixed,load,3.2461538461538466,True,0.903514948702192,1.0,1.0,True,5.0,25.0,5.0,5.955669043489209e-07,5.747579185018962e-05,0.021096502775348677,0.0012149488038763361,0.012879685338809661,0.00021047962436528716,61.192076799115625,0.9983571219441709,1.0,0.11056001879471149,0.3719278874586801,3.236199961975217,128.77938493428388,5.955669043489209e-07,True,3.0,0.9983575156038965,1.0000000000000004,0.013043522834777832,12.378100072965026,converged
120,0.1,12,fixed,load,3.5230769230769234,True,0.8936000691746224,1.0,1.0,True,5.0,26.0,5.2,8.891552170098294e-07,6.682772330020329e-05,0.023516386652648446,0.0014499023007524688,0.0144138846496222,0.00021047962436528716,68.48114012502663,0.9981504836108007,1.0,0.13041559123252136,0.40877304177064505,3.670700010843575,118.65698786521354,8.891552170098294e-07,True,3.0,0.9981510733476666,1.0,0.01459205150604248,12.739900033921003,converged
120,0.1,12,fixed,load,3.8000000000000003,True,0.8834573470738201,1.0,1.0,True,6.0,29.0,4.833333333333333,1.3359497585962998e-07,6.376788932263746e-07,0.026051610478140558,0.00026926833028557767,0.01602263229089157,0.00021047962436528716,76.12438657285091,0.9979320804005729,1.0,0.13240947157230898,0.44625177302826063,4.424699931405485,110.00991992361902,1.3359497552656308e-07,True,3.0,0.9979321492611503,1.0000000000000002,0.01621389389038086,11.213200050406158,converged
120,0.1,12,fixed,load,4.0769230769230775,True,0.8730706504190725,1.0,1.0,True,6.0,31.0,5.166666666666667,2.2318680570343474e-07,6.317851198467667e-07,0.028712704107017817,0.0003312698387477419,0.017706770576039674,0.00021047962436528716,84.1258180188957,0.9977001018708817,1.0,0.14344111678944074,0.4843831361426267,3.8376000011339784,102.53754800427886,2.2318680548139014e-07,True,3.0,0.9977002140912188,1.0000000000000002,0.01791214942932129,12.276200111955404,converged
120,0.1,12,fixed,load,4.353846153846154,True,0.862421843509717,1.0,1.0,True,6.0,32.0,5.333333333333333,2.038070221477284e-07,6.760195133558774e-07,0.03151165406842424,0.00040050952214134574,0.01947012063131337,0.00021047962436528716,92.50358883918852,0.9974545766383381,1.0,0.1545562305563203,0.5231989719487183,3.6877000238746405,96.01572516301731,2.0380702192568378e-07,True,3.0,0.9974547073581015,1.0,0.019689321517944336,12.065200018696487,converged
120,0.1,12,fixed,load,4.630769230769231,True,0.8514904197975548,1.0,1.0,True,6.0,33.0,5.5,2.8277047625646645e-07,1.0958612756506365e-06,0.03446227787758677,0.0004766583298505923,0.021315790522928205,0.00021047962436528716,101.27246562325041,0.9971948524935057,1.0,0.17356831943684017,0.5627291334987189,3.9241999620571733,90.27392100044484,2.8277047625646645e-07,True,3.0,0.9971950348524362,1.0,0.021549224853515625,11.921499972231686,converged
120,0.1,12,fixed,load,4.907692307692308,True,0.8402530436124525,1.0,1.0,True,6.0,34.0,5.666666666666667,3.843344829057571e-07,1.6880378692273036e-06,0.03758035852458359,0.0005588533239034611,0.023247094596630484,0.00021047962436528716,110.44819500573213,0.9969203167011528,1.0,0.17714775564720028,0.603006837047903,4.509499995037913,85.18009473709688,3.843344831278017e-07,True,3.0,0.9969205658733333,1.0000000000000002,0.023494362831115723,11.733200051821768,converged
120,0.1,12,fixed,load,5.184615384615385,True,0.828682971037822,1.0,1.0,True,6.0,37.0,6.166666666666667,3.3309415969906553e-07,2.5722857144980033e-06,0.04088438992543517,0.0006468530399184054,0.025267556796481672,0.00021047962436528716,120.04751943413703,0.9966303852195109,1.0,0.18854357153728243,0.644067247120898,4.558300017379224,80.63041608645075,3.330941595880432e-07,True,3.0,0.9966306301746659,1.0000000000000002,0.025528669357299805,11.681500007398427,converged
120,0.1,12,fixed,load,5.461538461538462,True,0.8167493090124556,1.0,1.0,True,6.0,38.0,6.333333333333333,4.0371801646177374e-07,3.966596164930894e-06,0.044396081012099055,0.0007392920309923226,0.027380874549584915,0.00021047962436528716,130.0880055832171,0.9963242097734689,1.0,0.20003039930488273,0.6859483945922646,3.907299949787557,76.54211329896874,4.0371801646177374e-07,True,3.0,0.996324514581693,1.0000000000000002,0.027656078338623047,11.917199939489365,converged
120,0.1,12,fixed,load,5.7384615384615385,True,0.8044160531308058,1.0,1.0,True,6.0,39.0,6.5,5.652742042228098e-07,5.2244380517919576e-06,0.04814091431813884,0.0008349535413346212,0.029590992084189097,0.00021047962436528716,140.58839269322317,0.9960010428836086,1.0,0.21173799376252983,0.7286899783268763,9.87339997664094,72.84839201376381,5.652742041117875e-07,True,3.0,0.9960014592345052,1.0000000000000002,0.029880285263061523,14.808199950493872,converged
120,0.1,12,fixed,load,6.015384615384616,True,0.7916408182599548,1.0,1.0,True,6.0,41.0,6.833333333333333,6.547823263591823e-07,5.514025943361515e-06,0.05214948209768971,0.0009319539882807033,0.03190214422215709,0.00021047962436528716,151.5688006302736,0.9956601579382458,1.0,0.22343640418923047,0.772336378771344,4.781399969942868,69.49475759880792,6.5478232624816e-07,True,4.0,0.9956606391531451,1.0,0.03220558166503906,11.70299993827939,converged
120,0.1,12,fixed,load,6.292307692307693,True,0.7783731320981102,1.0,1.0,True,6.0,42.0,7.0,7.348997163036941e-07,7.00362936494287e-06,0.05645884301298349,0.0010280392040443375,0.034318792339296224,0.00021047962436528716,163.05042563044486,0.9953006552784591,1.0,0.23523364033221109,0.8169334953207559,4.2094000382348895,66.43630860912934,7.348997161926718e-07,True,4.0,0.9953012085080392,1.0000000000000002,0.03463625907897949,13.70779995340854,converged
120,0.1,12,fixed,load,6.56923076923077,True,0.7645520928692019,1.0,1.0,True,6.0,44.0,7.333333333333333,8.328015831393643e-07,9.92118077491272e-06,0.06111395730254187,0.001119732190091037,0.03684568778310072,0.00021047962436528716,175.05584160087184,0.9949215917957104,1.0,0.2528215285188721,0.862530847032092,4.246099968440831,63.63571480359226,8.328015831393643e-07,True,4.0,0.994922230102065,1.0000000000000002,0.037177324295043945,15.372500056400895,converged
120,0.1,12,fixed,load,6.846153846153847,True,0.7501030746326914,1.0,1.0,True,7.0,48.0,6.857142857142857,5.179224704665586e-08,9.878077533924818e-06,0.06617114102867257,0.0006684982121640058,0.03948904730107248,0.00021047962436528716,187.61458464283118,0.9945226651890399,1.0,0.25930754609111883,0.9091855511090033,5.408199969679117,61.061685890188535,5.181737328108227e-08,True,4.0,0.9945227085766409,1.0,0.0398334264755249,13.266799971461296,converged
120,0.1,12,fixed,load,7.1230769230769235,True,0.7349329597399961,1.0,1.0,True,6.0,48.0,8.0,9.030072269933243e-07,1.528416060844046e-05,0.07170107549453025,0.0012709707494220602,0.04225119271192072,0.00021047962436528716,200.73768584171273,0.9941008357275092,1.0,0.2714428827613573,0.9569460276666559,5.4709999822080135,58.68779745385292,9.030072272153689e-07,True,4.0,0.9941015747208183,1.0000000000000002,0.042610764503479004,11.61590008996427,converged
120,0.1,12,fixed,load,7.4,True,0.7189230024383572,1.0,1.0,True,6.0,50.0,8.333333333333334,8.314386268359897e-07,1.5601517317076975e-05,0.07779550652879821,0.0013172438896463209,0.04514114132272175,0.00021047962436528716,214.46798690774622,0.9936569907883365,1.0,0.2885614003108332,1.0058820906215848,4.573900019749999,56.491580501317884,8.320850811704972e-07,True,4.0,0.9936576778204331,1.0,0.045514464378356934,14.365000068210065,converged
120,0.1,12,fixed,load,7.676923076923077,True,0.7019177044159094,1.0,1.0,True,6.0,52.0,8.666666666666666,7.433564158665362e-07,3.086610220645937e-05,0.08457513510360755,0.0013312789249521977,0.048164229826679256,0.00021047962436528716,228.83084275697055,0.9931892720188973,1.0,0.2962464859787572,1.0560582811254637,5.166599992662668,54.453808058384574,7.438510262192111e-07,True,4.0,0.9931897769606072,1.0000000000000002,0.048551201820373535,12.499499949626625,converged
120,0.1,12,fixed,load,7.953846153846155,True,0.6837065821880973,1.0,1.0,True,6.0,55.0,9.166666666666666,5.717932269888593e-07,4.093934379759168e-05,0.09220473181685405,0.0012989793781333118,0.05132723760525985,0.00021047962436528716,243.85846259484708,0.9926963411292056,1.000000571793227,0.308752842847799,1.1075462440498463,5.335499998182058,52.55793079522997,5.721958769022706e-07,True,4.0,0.9926965311008625,1.0000000000000002,0.0517275333404541,12.771799927577376,converged
120,0.1,12,fixed,load,8.23076923076923,True,0.6639923356130334,1.0,1.0,True,7.0,57.0,8.142857142857142,4.963151292169954e-07,2.852639298345957e-05,0.10091731747014439,0.000656909931871796,0.05463711533854722,0.00021047962436528716,259.58386947576724,0.9921767448515535,1.0000004963151292,0.3256060753786959,1.1604173683948695,5.29809994623065,50.7896265815587,4.963151293280177e-07,True,4.0,0.9921764877038536,1.0000000000000002,0.05505084991455078,13.022099970839918,converged
120,0.1,12,fixed,load,8.507692307692308,True,0.6423304805707399,1.0,1.0,True,7.0,60.0,8.571428571428571,6.108099350754514e-07,3.3340265367906525e-05,0.11105930803705405,0.0005367720373927357,0.05810161660949266,0.00021047962436528716,276.04390108876936,0.991628421002073,1.000000610809935,0.3343618616357208,1.214766181259242,5.375599954277277,49.13643801290036,6.112671818714333e-07,True,4.0,0.9916280696510442,1.0000000000000002,0.05852913856506348,13.26629996765405,converged
120,0.1,12,fixed,load,8.784615384615384,True,0.6180011015926519,1.0,1.0,True,7.0,61.0,8.714285714285714,6.537197210221279e-07,3.853945229393261e-05,0.12318107271467607,0.00033442725609030563,0.06172957109263572,0.00021047962436528716,293.2805076918235,0.9910499990912012,1.000000653719721,0.3509177377815622,1.2706784368072006,6.346900016069412,47.587478495856224,6.537197210221279e-07,True,4.0,0.9910495601183132,1.0000000000000002,0.06217074394226074,13.965500053018332,converged
120,0.1,12,fixed,load,9.061538461538461,True,0.5896866587464406,1.0,1.0,True,8.0,68.0,8.5,1.593306617753143e-07,5.050123083440132e-06,0.1382439871507512,0.00010069398243165811,0.06552924463385294,0.00021047962436528716,311.332960762639,0.9904391916919316,1.0000001593306618,0.36056301136743957,1.3282518061949546,7.536399993114173,46.13319222603379,1.593306617753143e-07,True,4.0,0.9904390850079112,1.0000000000000009,0.06598496437072754,12.91240006685257,converged
120,0.1,12,fixed,load,9.338461538461539,True,0.5543991194110102,1.0,1.0,True,8.0,78.0,9.75,9.71492440937638e-08,1.3505074063996357e-06,0.15820490131622683,0.00032797841177517666,0.06951241390317932,0.00021047962436528716,330.2572118930648,0.9897946106659015,1.0000000546056085,0.3737964970341497,1.387602343299088,7.733299979008734,44.765156871719775,9.72426377199298e-08,True,4.0,0.9897945924353401,1.0000000000000002,0.06998240947723389,12.887499993667006,converged
120,0.1,12,fixed,load,9.615384615384615,True,0.500544869717856,1.0,1.0,True,8.0,93.0,11.625,1.9015871355332337e-07,6.5250051514300996e-06,0.1883823479789591,0.0007180384740262347,0.0736895508238651,0.00021047962436528716,350.10301375289873,0.9891137743683424,1.0000000200582555,0.3874099064726737,1.4488487437486226,8.509099949151278,43.475920353814246,1.9015871355332337e-07,True,4.0,0.9891138286429719,1.0000000000000002,0.07417380809783936,15.067700063809752,converged
120,0.1,12,fixed,load,9.892307692307693,False,,,,,,,,,,,,,,,,,,,,,,,,,,,,infeasible_base
120,0.1,12,fixed,load,10.169230769230769,False,,,,,,,,,,,,,,,,,,,,,,,,,,,,infeasible_base
120,0.1,12,fixed,load,10.446153846153846,False,,,,,,,,,,,,,,,,,,,,,,,,,,,,infeasible_base
120,0.25,30,calibrated,load,0.2,True,0.9999928830043316,1.0050166802962845,1.0057177079401385,True,3.0,8.0,2.6666666666666665,2.4855251901101383e-07,7.718561543764565e-06,0.005011775883684832,0.002377551140010948,0.08638030562043321,8.419184974611487e-05,1025.9936784964073,0.9999928830043316,1.0057174876407222,0.006880575950794169,0.07560301411583363,1.4238000148907304,439.0919718539628,2.4855251967714764e-07,True,4.0,0.9999928830043316,1.0057177079401383,0.08639466762542725,11.741199996322393,converged
120,0.25,30,calibrated,load,0.47692307692307695,True,0.9925882840088324,0.9975939833139454,1.0050151667206524,True,3.0,8.0,2.6666666666666665,2.483130856489879e-07,1.9690811966936883e-05,0.005017013983563118,0.002196138593336465,0.08636581206207722,8.419184974611487e-05,1025.8215293109492,0.9975881348957056,1.0050149184082409,0.006473918713513802,0.07586833206317647,0.8674000855535269,594.7497725461828,2.483130852048987e-07,True,3.0,0.9975883125744536,1.0050151667206522,0.08639395236968994,11.934499954804778,converged
120,0.25,30,calibrated,load,0.7538461538461538,True,0.984344109239724,0.9893531932723457,1.0050053127492478,True,3.0,9.0,3.0,2.480738252597092e-07,3.200354607085392e-05,0.0050247984568102195,0.0020100699868233155,0.08635131848091883,8.419184974611487e-05,1025.6493798546528,0.9893440398663385,1.0050050646765012,0.012953521584165175,0.07675414340111748,0.9769999887794256,554.5398004313041,2.480738250376646e-07,True,4.0,0.989344155149619,1.0050053127492478,0.08639359474182129,12.645800015889108,converged
120,0.25,30,calibrated,load,1.0307692307692309,True,0.9759686413945109,0.980979618153219,1.0049969723776775,True,3.0,10.0,3.3333333333333335,2.454082497216348e-07,4.467766437762691e-05,0.005032627063341034,0.0018191718332498856,0.08633686714728948,8.419184974611487e-05,1025.4777321990553,0.9809686951284784,1.0049967269694307,0.021189419694814922,0.07831083553665281,1.2925999471917748,405.5589585243866,2.454082499436794e-07,True,5.0,0.9809687052488626,1.0049969723776775,0.08639287948608398,12.738500023260713,converged
120,0.25,30,calibrated,load,1.3076923076923077,True,0.9674555744504146,0.9724666479775763,1.0049904028226402,True,3.0,10.0,3.3333333333333335,2.4517244034960584e-07,5.773620141516338e-05,0.005040495673078514,0.0016231719073738144,0.08632237347323457,8.419184974611487e-05,1025.3055816393678,0.9724558151718653,1.0049901576502083,0.028724935451228232,0.08058856531536074,1.408300013281405,319.67588495451645,2.4517244034960584e-07,True,5.0,0.9724556568883359,1.0049904028226402,0.08639240264892578,12.350899982266128,converged
120,0.25,30,calibrated,load,1.5846153846153845,True,0.9587980791913531,0.9638092528945873,1.0049838331431744,True,3.0,12.0,4.0,5.006241604599282e-07,7.124557676977224e-05,0.0050483996035715906,0.0014218039458227894,0.08630787977650767,8.419184974611487e-05,1025.1334308103908,0.9637986815248706,1.004983589428807,0.036939608182783815,0.08363232174020961,1.3772000093013048,263.8101963216884,5.006301746490749e-07,True,5.0,0.9637981808946959,1.0049838331431746,0.08639180660247803,14.317500055767596,converged
120,0.25,30,calibrated,load,1.8615384615384616,True,0.9499887402990795,0.9550000178133432,1.0049772633392733,True,3.0,12.0,4.0,9.75420201942967e-07,8.568938664623921e-05,0.005056333084434778,0.0012147822752918854,0.08629338605713925,8.419184974611487e-05,1024.9612797124862,0.9549898374280577,1.0049770198588355,0.04604969883995916,0.0874756676653932,1.8526000203564763,224.56570430689175,9.754313067267262e-07,True,6.0,0.9549888619967509,1.0049772633392724,0.08639132976531982,14.438100042752922,converged
120,0.25,30,calibrated,load,2.138461538461539,True,0.9410194833527239,0.9460308685635104,1.00497069341093,True,4.0,14.0,3.5,1.9579773025135694e-08,1.3591673485824948e-06,0.005064289556318703,8.668571372114704e-05,0.08628308467599397,8.419184974611487e-05,1024.838923674742,0.9460196102688688,1.0049706909785066,0.05494470456151718,0.092137361613721,1.6177999787032604,195.4852533894525,1.957977280309109e-08,True,6.0,0.946019625825599,1.0049706934109293,0.08639061450958252,13.972299988381565,converged
120,0.25,30,calibrated,load,2.4153846153846157,True,0.9318814896944344,0.936892986764245,1.0049641233581381,True,4.0,14.0,3.5,3.473907228546125e-08,1.8178452377939541e-06,0.005072261238818963,0.00011235415201335644,0.08626858685745856,8.419184974611487e-05,1024.666723888431,0.9368816278927945,1.0049641209288327,0.0637125184176702,0.09761556131910883,1.5399000840261579,173.0729313448019,3.473907228546125e-08,True,7.0,0.9368816537809848,1.0049641233581392,0.08639025688171387,16.282099997624755,converged
120,0.25,30,calibrated,load,2.6923076923076925,True,0.9225650966633924,0.9275767100620629,1.0049575531808908,True,4.0,14.0,3.5,5.646908896039804e-08,2.0000657306927642e-06,0.005080239416822916,0.0001442069765492589,0.08625408860426574,8.419184974611487e-05,1024.4945189394184,0.92756524581179,1.0049575507307547,0.07320903422835295,0.10389832633391069,1.8118999432772398,155.27114412076514,5.646908940448725e-08,True,7.0,0.9275652832661225,1.0049575531808908,0.08638954162597656,13.261100044474006,converged
120,0.25,30,calibrated,load,2.9692307692307693,True,0.9130596798235592,0.9180714143632032,1.004950982879181,True,4.0,16.0,4.0,1.295477358720376e-07,2.5673783691107334e-06,0.005088212798700633,0.00018369387622515278,0.08623959136917161,8.419184974611487e-05,1024.3223260830096,0.9180597711339888,1.0049509804680554,0.08361663466910066,0.11096448988002615,2.1353999618440866,140.7898975188285,1.295477357610153e-07,True,7.0,0.9180598899164751,1.0049509828791807,0.08638906478881836,14.751499984413385,converged
120,0.25,30,calibrated,load,3.2461538461538466,True,0.9033535133215113,0.9083653741969596,1.0049444124530023,True,4.0,16.0,4.0,2.0829442415326582e-07,3.2381582701426084e-06,0.005096168823175013,0.00023181778605711338,0.08622509349067993,8.419184974611487e-05,1024.1501255845596,0.9083535607758231,1.0049444100449663,0.09391391333920752,0.11879130990995879,2.053000032901764,128.77938493428388,2.0829442404224352e-07,True,7.0,0.9083537479587437,1.0049444124530027,0.0863884687423706,14.925900031812489,converged
120,0.25,30,calibrated,load,3.5230769230769234,True,0.8934336028721137,0.8984455957080213,1.0049378419023478,True,4.0,18.0,4.5,3.339021036330436e-07,4.511650309477232e-06,0.005104092730099573,0.0002903070221646985,0.0862105955902579,8.419184974611487e-05,1023.9779248256294,0.8984335681337737,1.0049378394972808,0.10420906409721012,0.1273601036497136,2.36149993725121,118.65698786521354,3.339021037440659e-07,True,8.0,0.8984338631980253,1.0049378419023478,0.0863877534866333,14.26790002733469,converged
120,0.25,30,calibrated,load,3.8000000000000003,True,0.8832854848439012,0.8882976157499247,1.0049312712272112,True,4.0,19.0,4.75,7.191096462744184e-07,5.764570640390378e-06,0.005111965925201675,0.00036094529331084165,0.08619609767199433,8.419184974611487e-05,1023.8057238547839,0.8882850530784905,1.0049312688371574,0.11533376008893285,0.13665997113118028,1.8345999997109175,110.00991992361902,7.191482025437068e-07,True,8.0,0.88828577210492,1.004931271227211,0.08638739585876465,14.70800000242889,converged
120,0.25,30,calibrated,load,4.0769230769230775,True,0.8728929823044651,0.8779052579403587,1.0049247004275852,True,5.0,21.0,4.2,1.6757265575151337e-08,3.602975374675172e-06,0.0051197669016802075,0.00023632588743713808,0.08618164087182427,8.419184974611487e-05,1023.6340112696148,0.8778932917287289,1.0049247004037691,0.12746719814981475,0.14668971276054787,2.11709993891418,102.53754800427886,1.6757265353106732e-08,True,8.0,0.8778932978631103,1.0049247004275843,0.08638691902160645,16.981499968096614,converged
120,0.25,30,calibrated,load,4.353846153846154,True,0.862237906520692,0.8672503341736438,1.0049181295034635,True,5.0,22.0,4.4,2.6205788650202066e-08,4.206185082575472e-06,0.005127469440544414,0.00029273107132000243,0.08616714286080125,8.419184974611487e-05,1023.4618091970065,0.86723823522601,1.0049181294796856,0.13965378660489078,0.1574601043965512,2.9594999505206943,96.01572516301731,2.620578887224667e-08,True,8.0,0.8672382518722491,1.0049181295034633,0.08638620376586914,14.357700012624264,converged
120,0.25,30,calibrated,load,4.630769230769231,True,0.8512996878658015,0.8563122755430782,1.0049115584548391,True,5.0,25.0,5.0,1.0241889170092833e-07,4.8032619475886984e-06,0.005135042534680695,0.0003613675348528801,0.08615264483197009,8.419184974611487e-05,1023.2896069128794,0.8563001410477885,1.0049115584312156,0.15203005284579876,0.16899349478762055,2.462600008584559,90.27392100044484,1.0241889170092833e-07,True,8.0,0.8563000646583822,1.0049115584548405,0.08638584613800049,16.980000073090196,converged
120,0.25,30,calibrated,load,4.907692307692308,True,0.8400549149690663,0.8450676715099565,1.0049049872817055,True,5.0,25.0,5.0,1.6796206847580208e-07,5.722717754878115e-06,0.005142446179918207,0.0004449994813810404,0.08613814678126566,8.419184974611487e-05,1023.1174043689497,0.8450554443600053,1.0049049872581197,0.1654060027310787,0.1813254933625957,3.003800055012107,85.18009473709688,1.67962068808869e-07,True,9.0,0.8450553250278814,1.0049049872817055,0.08638513088226318,15.33610001206398,converged
120,0.25,30,calibrated,load,5.184615384615385,True,0.828476752153675,0.8334896873661023,1.0048984159840555,True,5.0,26.0,5.2,2.782974197756971e-07,6.961769667213098e-06,0.005149632797485226,0.00054735655693032,0.0861236487107072,8.419184974611487e-05,1022.945201589201,0.8334773862684081,1.0048984159605074,0.18000435422192204,0.19450554872110176,3.100499976426363,80.63041608645075,2.782974197756971e-07,True,9.0,0.8334771975107785,1.0048984159840555,0.08638441562652588,15.28130006045103,converged
120,0.25,30,calibrated,load,5.461538461538462,True,0.8165341938927719,0.821547318721811,1.0048918445618833,True,5.0,28.0,5.6,7.459078015248366e-07,8.456221240598216e-06,0.0051565437732019655,0.0006730561506924497,0.08610915062034989,8.419184974611487e-05,1022.772998574289,0.8215354158329463,1.00489184453849,0.1945635519946577,0.2085985819749141,2.772800042293966,76.54211329896874,7.464828339909246e-07,True,9.0,0.821534676823807,1.0048918445618833,0.08638405799865723,15.973100089468062,converged
120,0.25,30,calibrated,load,5.7384615384615385,True,0.8041910962000959,0.8092044229384179,1.004885273015181,True,6.0,31.0,5.166666666666667,7.217022568450915e-08,1.5515308331800422e-06,0.005163102443047032,0.00017656649028849108,0.08609465291260962,8.419184974611487e-05,1022.600800103962,0.8091916914058578,1.0048852730149482,0.21077728859495376,0.22368832191519547,3.878900082781911,72.84839201376381,7.217022579553145e-08,True,10.0,0.80919161927039,1.004885273015181,0.08638358116149902,16.261399956420064,converged
120,0.25,30,calibrated,load,6.015384615384616,True,0.791404898248213,0.7964184408024845,1.0048787013439426,True,6.0,34.0,5.666666666666667,1.299931886578065e-07,2.1980640645938457e-06,0.005169213672436958,0.00024106438491773308,0.08608015478192353,8.419184974611487e-05,1022.4285966100394,0.7964054017324813,1.0048787013437117,0.22755700531317594,0.23987872710187103,3.667699988000095,69.49475759880792,,False,-1.0,,,,60.2468999568373,tpf_only
120,0.25,30,calibrated,load,6.292307692307693,True,0.7781249029806534,0.783138677214085,1.0048721295481613,True,6.0,36.0,6.0,2.4498620510016167e-07,3.114703831344873e-06,0.005174755636417529,0.00033016674571745763,0.08606565663136437,8.419184974611487e-05,1022.2563928800718,0.7831254094178227,1.0048721295479308,0.2451467775677595,0.2573007655089057,3.8563000271096826,66.43630860912934,,False,-1.0,,,,57.73530004080385,tpf_only
120,0.25,30,calibrated,load,6.56923076923077,True,0.7642899157088586,0.7693039398895901,1.0048655576278303,True,6.0,38.0,6.333333333333333,8.472841506179662e-07,4.5076273531912815e-06,0.005179563814216935,0.0004557269070556494,0.08605115846096258,8.419184974611487e-05,1022.0841889144205,0.7692897535283674,1.0048655576276013,0.2647651520911469,0.27611943530649574,4.247299977578223,63.63571480359226,,False,-1.0,,,,60.24470005650073,tpf_only
120,0.25,30,calibrated,load,6.846153846153847,True,0.7498249203529699,0.7548392157532652,1.0048589855829428,True,7.0,44.0,6.285714285714286,1.3069128523834905e-07,3.802958818430254e-06,0.005183424488648133,0.0003722157484126909,0.08603666027463948,8.419184974611487e-05,1021.9119847596619,0.7548256632460735,1.0048589855829404,0.2851804910938722,0.29654179925055346,3.885100013576448,61.061685890188535,,False,-1.0,,,,63.51129990071058,tpf_only
120,0.25,30,calibrated,load,7.1230769230769235,True,0.7346362662676317,0.7396508579842165,1.004852413413492,True,7.0,48.0,6.857142857142857,3.0586306198898683e-07,5.699025136760438e-06,0.005186038596856857,0.0005358045600402112,0.08602216206452487,8.419184974611487e-05,1021.7397803223163,0.7396370847577983,1.0048524134134895,0.3080238777395548,0.3188373050974781,3.9621000178158283,58.68779745385292,,False,-1.0,,,,59.49060001876205,tpf_only
120,0.25,30,calibrated,load,7.4,True,0.7186044566700539,0.7236193747801425,1.0048458411194714,True,8.0,56.0,7.0,1.30610675608267e-07,3.269640772617222e-06,0.005186993932564233,0.0002935793810175073,0.08600766383461995,8.419184974611487e-05,1021.5675756499088,0.7236053179389194,1.0048458411194714,0.33271311231329087,0.3433564689836223,5.066200043074787,56.491580501317884,,False,-1.0,,,,62.34870001208037,tpf_only
120,0.25,30,calibrated,load,7.676923076923077,True,0.7015728944416296,0.7065881756898627,1.0048392687008738,True,8.0,61.0,7.625,8.450040392959934e-07,5.458694147584561e-06,0.00518568390283816,0.0004961571628486112,0.08599316558481629,8.419184974611487e-05,1021.3953707411512,0.7065730294314702,1.0048392687008738,0.3595767364309573,0.370570966259624,5.15600002836436,54.453808058384574,,False,-1.0,,,,64.20960009563714,tpf_only
120,0.25,30,calibrated,load,7.953846153846155,True,0.6833294114815408,0.6883451018504231,1.0048326961576932,True,9.0,72.0,8.0,3.2175036002168866e-07,6.24327121772883e-06,0.005181205047579733,0.0005721434141872227,0.08597866731516335,8.419184974611487e-05,1021.2231655966311,0.6883302595098119,1.0048326961576932,0.3899962731861004,0.4011323217215014,6.313399993814528,52.55793079522997,,False,-1.0,,,,62.869700021110475,tpf_only
120,0.25,30,calibrated,load,8.23076923076923,True,0.6635739633422649,0.6685901221902447,1.0048261234899223,True,11.0,91.0,8.272727272727273,4.294588036302116e-07,4.423492767150104e-06,0.005172110001277899,0.0004088192329358022,0.08596416902565635,8.419184974611487e-05,1021.0509602162917,0.668574634612196,1.0048261234899223,0.4248079664228124,0.43598971323481883,8.48359998781234,50.7896265815587,,False,-1.0,,,,62.322799931280315,tpf_only
120,0.25,30,calibrated,load,8.507692307692308,True,0.6418572168979572,0.6468739241226606,1.0048195506975544,True,13.0,118.0,9.076923076923077,5.299748230269685e-07,5.110340902397509e-06,0.005155946695192854,0.00047197145579667857,0.08594967071628959,8.419184974611487e-05,1020.8787546000655,0.6468579027289537,1.0048195506975544,0.46457033200427456,0.47659361384297794,11.006399989128113,49.13643801290036,,False,-1.0,,,,58.50130005273968,tpf_only
120,0.25,30,calibrated,load,8.784615384615384,True,0.6174496410947338,0.6224670108474232,1.004812977780583,True,16.0,175.0,10.9375,8.818701531243534e-07,8.003849028913924e-06,0.005128142780943883,0.0007314950616020835,0.08593517238708405,8.419184974611487e-05,1020.7065487482015,0.6224502636936389,1.004812977780583,0.5123109085457251,0.5253618751827691,15.69780008867383,47.587478495856224,,False,-1.0,,,,61.88229995314032,tpf_only
120,0.25,30,calibrated,load,9.061538461538461,True,0.5890109000376059,0.594029111263942,1.0048064047390013,True,29.0,362.0,12.482758620689655,6.039921375267099e-07,1.0876897562695484e-05,0.006994689872577982,0.0009138372765041938,0.08592067403800921,8.419184974611487e-05,1020.5343426603371,0.5940118329680558,1.004806404739001,0.572378167060569,0.586857005271412,31.825299956835806,46.13319222603379,,False,-1.0,,,,63.68140003178269,tpf_only
120,0.25,30,calibrated,load,9.338461538461539,True,0.5534782814244719,0.5584976660427992,1.0047998315728024,False,60.0,5085.0,84.75,0.058226156893173564,0.0009752740968255807,0.10527528739577269,0.051603904856945784,0.0859061756690946,8.419184974611487e-05,1020.3621363368233,0.5002518644544152,1.0047998315728024,0.5401881921925367,0.8149252858909842,473.2574000954628,44.765156871719775,,False,-1.0,,,,64.99109999276698,no_solution
120,0.25,30,calibrated,load,9.615384615384615,True,0.49864931361183507,0.503670838488941,1.0047932582819794,False,60.0,12197.0,203.28333333333333,0.018234089703846323,0.0018479151327911833,0.04323060507408279,0.027540644786436273,0.08589167728030501,8.419184974611487e-05,1020.1899297772417,0.4854367487850947,1.0047932582819794,0.999151287780885,1.0484121099724766,1216.4895000169054,43.475920353814246,,False,-1.0,,,,69.08970000222325,no_solution
120,0.25,30,calibrated,load,9.892307692307693,False,,,,,,,,,,,,,,,,,,,,,,,,,,,,infeasible_base
120,0.25,30,fixed,load,0.2,True,0.9999928830043316,1.0,1.0,True,3.0,8.0,2.6666666666666665,5.691167537236197e-09,4.057723047011245e-05,0.00028168303108635167,0.0003804557419754637,0.00015622880052395668,8.419184974611487e-05,1.8556285554370544,0.9999378548600897,1.0000000056911675,0.0035753011991932655,0.015294177549513382,1.0453000431880355,439.0919718539628,5.691167315191592e-09,True,2.0,0.9999378491929074,1.0000000000000002,0.00016629695892333984,11.792800039984286,converged
120,0.25,30,fixed,load,0.47692307692307695,True,0.9925882840088324,1.0,1.0,True,3.0,8.0,2.6666666666666665,2.7679499359223314e-08,5.246901143485272e-05,0.001146562596484142,0.0026049578678387568,0.0006268964714417714,8.419184974611487e-05,7.446047014434438,0.999851741651422,1.000000000000008,0.0065171139717273945,0.026508430014543366,1.0988999856635928,594.7497725461828,2.767953166671333e-08,True,2.0,0.9998517690528969,1.0000000000000002,0.0006507635116577148,12.046299991197884,converged
120,0.25,30,fixed,load,0.7538461538461538,True,0.984344109239724,1.0,1.0,True,3.0,11.0,3.6666666666666665,5.993983027696714e-07,0.00016691438470379068,0.0020400995717651514,0.005709660717345038,0.001101526492810676,8.419184974611487e-05,13.083528822948889,0.9997648086111922,1.0000000000000018,0.016518916810086857,0.045833235654531145,1.3662000419571996,554.5398004313041,5.994217276983349e-07,True,2.0,0.9997654070887312,1.0000000000000002,0.001139521598815918,11.876399978064,converged
120,0.25,30,fixed,load,1.0307692307692309,True,0.9759686413945109,1.0,1.0,True,4.0,13.0,3.25,4.014108667682592e-08,1.7738343583804887e-06,0.002964042965087942,0.0001442100035650877,0.0015801654616210254,8.419184974611487e-05,18.768627442990038,0.9996787217702396,1.0,0.0266077406366185,0.06678162970933622,1.7760000191628933,405.5589585243866,4.014108967442809e-08,True,2.0,0.9996787612386772,1.0000000000000004,0.0016319751739501953,11.636800016276538,converged
120,0.25,30,fixed,load,1.3076923076923077,True,0.9674555744504146,1.0,1.0,True,4.0,14.0,3.5,1.506757609792686e-07,3.439183111538931e-06,0.003920301316148717,0.0002771158160972108,0.0020628192535030124,8.419184974611487e-05,24.501412663144436,0.9995916821798535,1.0,0.0367618640113446,0.08839226254392499,1.5137000009417534,319.67588495451645,1.506757609792686e-07,True,3.0,0.9995918293866703,1.0000000000000002,0.0021284818649291992,11.563700041733682,converged
120,0.25,30,fixed,load,1.5846153846153845,True,0.9587980791913531,1.0,1.0,True,4.0,16.0,4.0,3.516651624346778e-07,5.597482027960794e-06,0.004910969842042164,0.00045106762584577894,0.0025556552523558953,8.419184974611487e-05,30.355138413784868,0.9995042618477697,1.0,0.0469692576431129,0.11043676277876793,1.7441000090911984,263.8101963216884,3.516651623236555e-07,True,3.0,0.9995046094537239,1.0000000000000004,0.002635478973388672,12.16689997818321,converged
120,0.25,30,fixed,load,1.8615384615384616,True,0.9499887402990795,1.0,1.0,True,4.0,17.0,4.25,6.64194641397664e-07,8.217049868476002e-06,0.005938331345136065,0.0006649777460426996,0.003075819484555446,8.419184974611487e-05,36.53345892542744,0.9994164375211281,1.0,0.05725039391213007,0.13283904896801432,1.8451999640092254,224.56570430689175,6.642172092341525e-07,True,3.0,0.9994170992982839,1.0000000000000004,0.003169417381286621,12.38630001898855,converged
120,0.25,30,fixed,load,2.138461538461539,True,0.9410194833527239,1.0,1.0,True,5.0,20.0,4.0,4.7853296214483976e-08,5.638269679545606e-06,0.007004907248496089,0.00047830957671549286,0.0036090784262490694,8.419184974611487e-05,42.86731360734374,0.9993292515257632,1.0,0.06759401627168651,0.15557181105567786,2.233400009572506,195.4852533894525,4.7853296214483976e-08,True,3.0,0.9993292967679586,1.0000000000000004,0.0037168264389038086,12.53139995969832,converged
120,0.25,30,fixed,load,2.4153846153846157,True,0.9318814896944344,1.0,1.0,True,5.0,20.0,4.0,9.510072784824075e-08,7.361413036968919e-06,0.008113475204731805,0.0006330564871345092,0.004155558956050596,8.419184974611487e-05,49.358209477305834,0.9992411104955754,1.0,0.08788627364253572,0.1786235994407969,2.230799989774823,173.0729313448019,9.510072784824075e-08,True,3.0,0.9992411996885104,1.0000000000000002,0.00427699089050293,11.68240001425147,converged
120,0.25,30,fixed,load,2.6923076923076925,True,0.9225650966633924,1.0,1.0,True,5.0,22.0,4.4,1.8122609857229577e-07,9.258051850116933e-06,0.009267128701771061,0.0008082973551887868,0.004715428069540355,8.419184974611487e-05,56.00813004774199,0.9991526368835159,1.0,0.08848558392635923,0.20199382588125792,2.9680998995900154,155.27114412076514,1.8122609901638498e-07,True,3.0,0.9991528058635707,1.0000000000000004,0.00485074520111084,12.184399995021522,converged
120,0.25,30,fixed,load,2.9692307692307693,True,0.9130596798235592,1.0,1.0,True,5.0,23.0,4.6,1.8913838273348915e-07,1.1310781624965327e-05,0.01046925878721613,0.0010035420677461518,0.00528885367634608,8.419184974611487e-05,62.81906968780123,0.9990639291488171,1.0,0.0990247723824221,0.22568614024436176,3.2389999832957983,140.7898975188285,1.8913838262246685e-07,True,3.0,0.9990641130743318,1.0000000000000004,0.005438327789306641,11.93000003695488,converged
120,0.25,30,fixed,load,3.2461538461538466,True,0.9033535133215113,1.0,1.0,True,5.0,24.0,4.8,2.88272425263969e-07,1.3480642011468824e-05,0.011723680379975746,0.0012180045938962876,0.005877620384907109,8.419184974611487e-05,69.81222532384541,0.9989748395388622,1.0,0.10962657747548614,0.24970615373751862,2.519999979995191,128.77938493428388,2.88272425263969e-07,True,3.0,0.9989751190792495,1.0000000000000004,0.00604093074798584,12.395000085234642,converged
120,0.25,30,fixed,load,3.5230769230769234,True,0.8934336028721137,1.0,1.0,True,5.0,26.0,5.2,3.2031395913456606e-07,1.575354745630025e-05,0.01303466532023827,0.0014507678056996406,0.00654074222329587,8.419184974611487e-05,77.68854399825916,0.9988855762012531,1.0,0.12920180072774087,0.2740617101085341,2.6843000669032335,118.65698786521354,3.2031395902354376e-07,True,3.0,0.9988858216137373,1.0000000000000002,0.0067179203033447266,12.552500003948808,converged
120,0.25,30,fixed,load,3.8000000000000003,True,0.8832854848439012,1.0,1.0,True,5.0,27.0,5.4,4.3349508205281495e-07,1.8105125234177145e-05,0.014406981877241177,0.0017008375162057272,0.007229813062841952,8.419184974611487e-05,85.87307541815329,0.9987959283599924,1.0,0.1310767896916653,0.298761954654927,2.7199999894946814,110.00991992361902,4.3349508205281495e-07,True,3.0,0.9987962183898426,1.0000000000000002,0.007420897483825684,11.745699914172292,converged
120,0.25,30,fixed,load,4.0769230769230775,True,0.8728929823044651,1.0,1.0,True,5.0,29.0,5.8,6.002692615192373e-07,2.0510136487815758e-05,0.015846038976927285,0.001966823853767341,0.00794552418970164,8.419184974611487e-05,94.37403042766971,0.9987058686494136,1.0,0.14188270701448832,0.3238164423289185,2.976300078444183,102.53754800427886,6.002692617412819e-07,True,3.0,0.9987063070959373,1.0000000000000002,0.008150577545166016,12.235900037921965,converged
120,0.25,30,fixed,load,4.353846153846154,True,0.862237906520692,1.0,1.0,True,5.0,29.0,5.8,7.681639393464224e-07,2.291167368125085e-05,0.01735796445024986,0.0022471775911326007,0.008688605664393136,8.419184974611487e-05,103.20008041864031,0.9986155802928064,1.0,0.15275249366530733,0.3492364111830979,2.9838000191375613,96.01572516301731,7.681639393464224e-07,True,3.0,0.9986160853963874,1.0000000000000002,0.008907794952392578,13.0557999946177,converged
120,0.25,30,fixed,load,4.630769230769231,True,0.8512996878658015,1.0,1.0,True,5.0,30.0,6.0,9.525456362569074e-07,2.520172225556264e-05,0.018949777778964845,0.002539796149329096,0.009459803290642008,8.419184974611487e-05,112.3600837749564,0.9985250106601224,1.0,0.171422249273418,0.3750331377103135,3.1114999437704682,90.27392100044484,9.525456362569074e-07,True,3.0,0.9985255509312245,1.0000000000000004,0.009692668914794922,12.680600048042834,converged
120,0.25,30,fixed,load,4.907692307692308,True,0.8400549149690663,1.0,1.0,True,6.0,34.0,5.666666666666667,7.449386041358252e-08,9.381245273602134e-07,0.020629461803039206,0.00047729311066869296,0.010259782714998458,8.419184974611487e-05,121.86194680289594,0.9984347754452173,1.0000000744938604,0.17478375403188195,0.40121644003635437,3.413099911995232,85.18009473709688,7.451228789534525e-08,True,3.0,0.9984347013158071,1.0000000000000007,0.010506749153137207,12.84870004747063,converged
120,0.25,30,fixed,load,5.184615384615385,True,0.828476752153675,1.0,1.0,True,6.0,35.0,5.833333333333333,1.3189504777244565e-07,9.800563381924613e-07,0.022406297182560486,0.0005485239749124818,0.011089456886136547,8.419184974611487e-05,131.7165131729189,0.9983436643643709,1.0000001318950478,0.18586534106008323,0.42780262330260554,3.432300058193505,80.63041608645075,1.3190148584474315e-07,True,3.0,0.9983435341404816,1.0000000000000004,0.011350274085998535,12.617700034752488,converged
120,0.25,30,fixed,load,5.461538461538462,True,0.8165341938927719,1.0,1.0,True,6.0,37.0,6.166666666666667,2.575216238032141e-07,7.669564874617749e-07,0.024291093049172725,0.0006221114315086589,0.011949609889258772,8.419184974611487e-05,141.9330959622989,0.9982522989866506,1.0000002575216238,0.1970119993460717,0.4548035838646061,3.7588000996038318,76.54211329896874,2.575232930235316e-07,True,3.0,0.9982520469702288,1.0000000000000004,0.012224197387695312,13.23809998575598,converged
120,0.25,30,fixed,load,5.7384615384615385,True,0.8041910962000959,1.0,1.0,True,6.0,37.0,6.166666666666667,4.045354140558288e-07,4.3625550509931346e-07,0.02629644839843922,0.0006967864064707722,0.012841076630048598,8.419184974611487e-05,152.5216118753961,0.9981606316298234,1.000000404535414,0.21489874181705843,0.48223317722767367,3.747600014321506,72.84839201376381,4.0453541438889573e-07,True,3.0,0.9981602373443139,1.0000000000000004,0.013129711151123047,12.286800076253712,converged
120,0.25,30,fixed,load,6.015384615384616,True,0.791404898248213,1.0,1.0,True,6.0,39.0,6.5,6.176434701465894e-07,4.588031219963799e-07,0.02843733389743131,0.0007706923600040837,0.01376473684140092,8.419184974611487e-05,163.49251005779345,0.9980687026689113,1.0000006176434701,0.21964436621494646,0.510106060586949,3.6784999538213015,69.49475759880792,6.176434701465894e-07,True,3.0,0.9980681027759255,1.0000000000000007,0.01406717300415039,12.63939996715635,converged
120,0.25,30,fixed,load,6.292307692307693,True,0.7781249029806534,1.0,1.0,True,6.0,40.0,6.666666666666667,9.035843033800006e-07,1.536502169489e-06,0.03073167991332389,0.0008413966963199146,0.014721492144191701,8.419184974611487e-05,174.85649963250796,0.9979765157025756,1.0000009035843034,0.23100974722300816,0.5384374935001444,4.700900055468082,66.43630860912934,9.035843034910229e-07,True,4.0,0.9979756407517818,1.0000000000000004,0.015038013458251953,13.425900018773973,converged
120,0.25,30,fixed,load,6.56923076923077,True,0.7642899157088586,1.0,1.0,True,7.0,42.0,6.0,1.689823005968094e-07,1.4731751789817816e-06,0.03320101406591443,0.00047841779963654814,0.015711935308041033,8.419184974611487e-05,186.6206213002949,0.9978830169626225,1.0000001689823006,0.24807520404411024,0.5672411484299803,4.413899965584278,63.63571480359226,1.689823005968094e-07,True,4.0,0.997882848731836,1.0000000000000004,0.016042470932006836,13.017699937336147,converged
120,0.25,30,fixed,load,6.846153846153847,True,0.7498249203529699,1.0,1.0,True,7.0,47.0,6.714285714285714,2.661656341995666e-07,1.988576042283908e-06,0.035871877051424625,0.0005063203741625728,0.016835796996055308,8.419184974611487e-05,199.9694394032745,0.9977899705743651,1.0000002661656342,0.254102746450091,0.5965380068837849,4.531900049187243,61.061685890188535,2.661656341995666e-07,True,4.0,0.9977897241487925,1.0000000000000002,0.01718008518218994,12.721800012513995,converged
120,0.25,30,fixed,load,7.1230769230769235,True,0.7346362662676317,1.0,1.0,True,7.0,48.0,6.857142857142857,3.6398780345336945e-07,2.135463382075683e-06,0.03877708604894332,0.0005246070575836824,0.018221539105617236,8.419184974611487e-05,216.42877737649528,0.9976965980750694,1.0000003639878035,0.2656914524406912,0.6263433626661095,4.90430009085685,58.68779745385292,3.6398780345336945e-07,True,4.0,0.9976962644077831,1.0000000000000004,0.018579840660095215,13.576800003647804,converged
120,0.25,30,fixed,load,7.4,True,0.7186044566700539,1.0,1.0,True,7.0,49.0,7.0,4.859237641152703e-07,2.4064419748755665e-06,0.04195835551995807,0.0005303061561709807,0.019688361425813764,8.419184974611487e-05,233.85115643836184,0.9976029076790928,1.0000004859237641,0.2773473568131226,0.6566756118695017,4.672100069001317,56.491580501317884,4.859237641152703e-07,True,4.0,0.9976024668859514,1.0000000000000007,0.020060420036315918,13.271100004203618,converged
120,0.25,30,fixed,load,7.676923076923077,True,0.7015728944416296,1.0,1.0,True,7.0,51.0,7.285714285714286,2.5143872095512165e-07,3.2008881964982003e-06,0.045469298815350445,0.0005180619352010108,0.021240714479913037,8.419184974611487e-05,252.28943827657397,0.9975084894167955,1.000000251438721,0.2892543096549884,0.6875536306060285,6.158400094136596,54.453808058384574,2.5143872095512165e-07,True,4.0,0.9975083289320571,1.0000000000000002,0.02162647247314453,13.517400017008185,converged
120,0.25,30,fixed,load,7.953846153846155,True,0.6833294114815408,1.0,1.0,True,7.0,53.0,7.571428571428571,2.6696599086939443e-07,4.47658947581818e-06,0.04938122353143814,0.00048620726284340617,0.02288324366753991,8.419184974611487e-05,271.79879924892475,0.9974139388026703,1.0000002669659909,0.3010700731836835,0.7189975986523571,6.758700008504093,52.55793079522997,2.6696599086939443e-07,True,4.0,0.9974138478660657,1.0000000000000007,0.023282766342163086,13.168000034056604,converged
120,0.25,30,fixed,load,8.23076923076923,True,0.6635739633422649,1.0,1.0,True,7.0,55.0,7.857142857142857,3.41070131248955e-07,4.0597897699025425e-06,0.05379123020211685,0.0004367050075321142,0.024621052208757436,8.419184974611487e-05,292.4398535369346,0.9973191457613216,1.0000003410701312,0.3129540374175802,0.7510288287775971,6.818199995905161,50.7896265815587,3.41070131248955e-07,True,4.0,0.9973190209787249,1.0000000000000004,0.025034427642822266,13.604699983261526,converged
120,0.25,30,fixed,load,8.507692307692308,True,0.6418572168979572,1.0,1.0,True,7.0,59.0,8.428571428571429,2.6974697875381537e-07,6.052033080850399e-06,0.05883715673223227,0.00036242727630350164,0.0264593156151489,8.419184974611487e-05,314.2740739743623,0.9972238833732995,1.0000002697469788,0.3251115479764984,0.7836687442617412,7.249900023452938,49.13643801290036,2.6974697886483767e-07,True,4.0,0.9972238455311505,1.0000000000000004,0.0268862247467041,14.848300023004413,converged
120,0.25,30,fixed,load,8.784615384615384,True,0.6174496410947338,1.0,1.0,True,7.0,63.0,9.0,2.750266212547814e-07,6.909042305933996e-06,0.06472489375222168,0.0002620416805159206,0.028403919749672667,8.419184974611487e-05,337.3713706888047,0.9971280476924778,1.000000182275486,0.33715772644761277,0.8169402342897866,7.7890000538900495,47.587478495856224,2.750266211437591e-07,True,4.0,0.9971283187543841,1.0000000000000004,0.028844714164733887,15.194499981589615,converged
120,0.25,30,fixed,load,9.061538461538461,True,0.5890109000376059,1.0,1.0,True,7.0,62.0,8.857142857142858,2.5665606873115365e-07,7.081957293056638e-06,0.07178296985399187,0.00015103699141042612,0.030460954197057712,8.419184974611487e-05,361.80407354054324,0.9970322639023851,1.0000001486829897,0.3529380954754593,0.8508674781395845,7.150900084525347,46.13319222603379,2.5665606873115365e-07,True,4.0,0.997032437848956,1.0000000000000007,0.03091573715209961,13.660499942488968,converged
120,0.25,30,fixed,load,9.338461538461539,True,0.5534782814244719,1.0,1.0,True,8.0,72.0,9.0,6.548216390234174e-07,3.9659900631007053e-07,0.08059220132563198,0.0003273366539168996,0.03263544149276738,8.419184974611487e-05,387.63183836893165,0.9969355852812919,1.0,0.3616856410308517,0.8854801864652864,8.392799994908273,44.765156871719775,6.548216388013728e-07,True,4.0,0.9969361999844398,1.0000000000000002,0.03310549259185791,13.680899981409311,converged
120,0.25,30,fixed,load,9.615384615384615,True,0.49864931361183507,1.0,1.0,True,8.0,75.0,9.375,6.0707725380027e-07,7.195886447136667e-07,0.09235511856105982,0.00051023490079817,0.03493731758838121,8.419184974611487e-05,414.9726807729798,0.9968390176285264,1.0,0.37396456220755625,0.920798467571204,8.231499930843711,43.475920353814246,6.070825545601011e-07,True,4.0,0.9968396022989835,1.0000000000000007,0.03542184829711914,13.60259996727109,converged
120,0.25,30,fixed,load,9.892307692307693,False,,,,,,,,,,,,,,,,,,,,,,,,,,,,infeasible_base
120,0.25,30,fixed,load,10.169230769230769,False,,,,,,,,,,,,,,,,,,,,,,,,,,,,infeasible_base
120,0.25,30,fixed,load,10.446153846153846,False,,,,,,,,,,,,,,,,,,,,,,,,,,,,infeasible_base
120,0.5,60,calibrated,load,0.2,True,1.0000006117251543,1.0050035957770846,1.0057017650171645,True,3.0,8.0,2.6666666666666665,2.485578431965507e-07,7.394789184129043e-06,0.005011856478133396,0.0022330934108789405,0.0863798463858745,4.2095924873057435e-05,2051.9764477525473,1.0024973510531545,1.0057015359636328,0.006944346870588522,0.0755228428103741,1.1455999920144677,1085.5375971425292,2.485578431965507e-07,True,4.0,1.0024974749972462,1.0057017650171645,0.08639419078826904,12.712399940937757,converged
120,0.5,60,calibrated,load,0.47692307692307695,True,0.9925777217486093,0.9975831182262396,1.0049993986351722,True,3.0,8.0,2.6666666666666665,2.4831839784411613e-07,1.8348017860343248e-05,0.005014732407418589,0.0018483170286437227,0.08636535278838163,4.2095924873057435e-05,2051.6321484519244,0.9975775600976942,1.0049991503167743,0.0064465810459625825,0.07573963131650199,1.081799971871078,876.530652294642,2.4831839762207153e-07,True,3.0,0.997577750314837,1.004999398635172,0.08639359474182129,11.861199978739023,converged
120,0.5,60,calibrated,load,0.7538461538461538,True,0.9843335763659553,0.989339018124952,1.0049928290996986,True,3.0,9.0,3.0,2.4807912479829497e-07,2.9606970648290985e-05,0.005019544631869659,0.001454464480138134,0.08635085916806828,4.2095924873057435e-05,2051.287848609195,0.9893335101824939,1.0049925810205738,0.012970875358281446,0.07656564157842624,1.1702999472618103,554.5398004313041,2.4807912479829497e-07,True,4.0,0.9893336222768304,1.0049928290996986,0.08639311790466309,14.45139991119504,converged
120,0.5,60,calibrated,load,1.0307692307692309,True,0.9759581389761871,0.9809636275226301,1.0049862594397978,True,3.0,9.0,3.0,2.4784002450317644e-07,4.1250828462113256e-05,0.005024370070974823,0.0010511017082918317,0.08633636552496775,4.2095924873057435e-05,2050.9435482251497,0.9809582436579893,1.0049860115997733,0.021225949308563283,0.07805280218806515,1.7338000470772386,405.5589585243866,2.4784002450317644e-07,True,5.0,0.9809582028319098,1.0049862594397978,0.08639240264892578,12.969400035217404,converged
120,0.5,60,calibrated,load,1.3076923076923077,True,0.9674451036002073,0.9724506405346226,1.0049796896554626,True,3.0,10.0,3.3333333333333335,3.6837749595175495e-07,5.3305083258017206e-05,0.005029204506873565,0.000637769575484236,0.08632187185904866,4.2095924873057435e-05,2050.5992472990433,0.9724455536647835,1.0049794432781471,0.028769348744899895,0.08025453032764963,1.3417999725788832,319.67588495451645,3.6837749561868804e-07,True,5.0,0.9724451860399087,1.0049796896554632,0.08639204502105713,14.625299954786897,converged
120,0.5,60,calibrated,load,1.5846153846153845,True,0.9587876410657591,0.9637932280921441,1.0049731197466867,True,3.0,12.0,4.0,9.358798462866247e-07,6.578783899301898e-05,0.005034043198297727,0.0005510334447287005,0.08630742034807812,4.2095924873057435e-05,2050.2559477750606,0.9637886786575462,1.0049728760272256,0.03699278134002507,0.08322030004855695,1.3204999268054962,263.8101963216884,9.35886235842176e-07,True,6.0,0.9637877427713104,1.0049731197466865,0.08639132976531982,13.291300041601062,converged
120,0.5,60,calibrated,load,1.8615384615384616,True,0.949978336097875,0.9549839750339117,1.0049665497134634,True,4.0,14.0,3.5,2.0054801597169103e-08,1.1066995901738341e-07,0.0050388806186736435,0.00012334075334485974,0.08629712304962447,4.2095924873057435e-05,2050.0113326850087,0.9549784411299027,1.0049665472778426,0.04611529662198367,0.0869915740408698,1.6478999750688672,224.56570430689175,2.0054801375124498e-08,True,6.0,0.9549784577982044,1.0049665497134637,0.08639085292816162,13.735999935306609,converged
120,0.5,60,calibrated,load,2.138461538461539,True,0.9410091143175425,0.946014807106199,1.0049599795557855,True,4.0,14.0,3.5,3.709461171563788e-08,1.4755681089188424e-07,0.005043710524237085,0.00016493885005674898,0.08628262521148443,4.2095924873057435e-05,2049.666932646673,0.9460092279155871,1.0049599771232853,0.055015564093086715,0.0915850661838077,1.569800078868866,195.4852533894525,3.709461171563788e-08,True,6.0,0.9460092567935495,1.0049599795557864,0.08639025688171387,14.095299993641675,converged
120,0.5,60,calibrated,load,2.4153846153846157,True,0.9318711571061389,0.936876905828906,1.0049534092736467,True,4.0,15.0,3.75,8.414555674463031e-08,1.9039414397203033e-07,0.00504852571598792,0.00021703281332898476,0.08626812756255803,4.2095924873057435e-05,2049.3225371031585,0.9368712420359467,1.0049534068562576,0.06378391680467042,0.09700729997616626,1.9153000321239233,173.0729313448019,8.414555685565261e-08,True,7.0,0.9368713211963184,1.0049534092736467,0.08638954162597656,14.594099950045347,converged
120,0.5,60,calibrated,load,2.6923076923076925,True,0.9225548018376731,0.9275606087297318,1.0049468388670404,True,4.0,17.0,4.25,1.4957471783372256e-07,2.3949317471519376e-07,0.0050533180707216085,0.0002814100272438496,0.08625362968231273,4.2095924873057435e-05,2048.9781360646016,0.9275548494008933,1.0049468364526288,0.07328434250330644,0.10324631262126535,1.9496000604704022,155.27114412076514,1.4957471783372256e-07,True,7.0,0.927554988444557,1.0049468388670415,0.08638906478881836,14.748899964615703,converged
120,0.5,60,calibrated,load,2.9692307692307693,True,0.913049424104411,0.9180552915721054,1.0049402683359594,True,4.0,17.0,4.25,2.502640995549754e-07,2.951076956102661e-07,0.005058077808249486,0.0003601300609707941,0.08623913178423263,4.2095924873057435e-05,2048.6337346023743,0.9180494053586954,1.004940265924641,0.08369945695870315,0.11028054140662744,2.1109000081196427,140.7898975188285,2.502640999990646e-07,True,7.0,0.9180496342020341,1.0049402683359596,0.08638870716094971,14.449000009335577,converged
120,0.5,60,calibrated,load,3.2461538461538466,True,0.9033432980714786,0.9083492287125409,1.0049336976803973,True,4.0,17.0,4.25,4.053901908607216e-07,3.575820615422653e-07,0.005062793882604093,0.00045570212444655153,0.08622463386628608,4.2095924873057435e-05,2048.289332668214,0.9083431689040466,1.0049336952721692,0.09400027550974105,0.11808584973978192,1.947999931871891,128.77938493428388,4.05390190638677e-07,True,8.0,0.9083435327140031,1.0049336976803973,0.0863879919052124,16.071699908934534,converged
120,0.5,60,calibrated,load,3.5230769230769234,True,0.8934234294584754,0.8984294260855825,1.004927126900347,True,4.0,19.0,4.75,8.69056592245343e-07,4.2732411226657697e-07,0.005067453308324669,0.0005711721451039474,0.08621013592845221,4.2095924873057435e-05,2047.944930261625,0.8984228207639497,1.0049271245071567,0.10429558865836815,0.1266416501675482,1.9766000332310796,118.65698786521354,8.690668422683956e-07,True,8.0,0.8984236897902999,1.004927126900347,0.0863875150680542,15.092000016011298,converged
120,0.5,60,calibrated,load,3.8000000000000003,True,0.8832753546189954,0.8882814202873622,1.0049205559958023,True,5.0,22.0,4.4,2.0562735847384772e-08,2.556294592640098e-07,0.005072041163637509,0.0003731867346897849,0.08619567916251239,4.2095924873057435e-05,2047.6015059044355,0.8882756388263443,1.004920555971947,0.11542263218436864,0.13593438492500065,2.551899990066886,110.00991992361902,2.0562735958407075e-08,True,8.0,0.8882756418865854,1.0049205559958037,0.08638691902160645,15.548199997283518,converged
120,0.5,60,calibrated,load,4.0769230769230775,True,0.8728828965782376,0.8778890346181719,1.004913984966756,True,5.0,22.0,4.4,3.3077332428632644e-08,3.004425201702128e-07,0.005076539133339641,0.0004638335709263971,0.08618118113184478,4.2095924873057435e-05,2047.2571012925562,0.8778831998593717,1.0049139849429394,0.1275626166596467,0.14596232899603978,3.368700039573014,102.53754800427886,3.307733265067725e-08,True,8.0,0.8778832121441549,1.0049139849667563,0.08638620376586914,16.14390010945499,converged
120,0.5,60,calibrated,load,4.353846153846154,True,0.8622278665222106,0.8672340805777883,1.004907413813202,True,5.0,24.0,4.8,1.1885071182771156e-07,3.4534148102507744e-07,0.005080926109582304,0.0005738526480828514,0.08616668308335568,4.2095924873057435e-05,2046.9126962573225,0.8672283037062692,1.0049074137895393,0.1397520817830119,0.15673399815611574,2.965899999253452,96.01572516301731,1.1885071216077847e-07,True,8.0,0.8672282118817876,1.0049074138132035,0.08638584613800049,14.646700001321733,converged
120,0.5,60,calibrated,load,4.630769230769231,True,0.8512896946896293,0.8562959887650258,1.0049008425351327,True,5.0,24.0,4.8,1.977189002522195e-07,3.9830346851071983e-07,0.005085176695860358,0.0007072177572386822,0.08615218501299901,4.2095924873057435e-05,2046.568290702619,0.856290217813473,1.004900842511508,0.15212876394346056,0.1682709439271423,3.092800034210086,90.27392100044484,1.977189000301749e-07,True,9.0,0.8562900714910321,1.0049008425351342,0.08638536930084229,16.73899998422712,converged
120,0.5,60,calibrated,load,4.907692307692308,True,0.8400449695000072,0.84505134801548,1.004894271132542,True,5.0,26.0,5.2,3.3014292477595575e-07,4.5711532592652205e-07,0.005089260871996788,0.0008693189782879856,0.08613768692280356,4.2095924873057435e-05,2046.2238846766395,0.8450456139763142,1.0048942711089552,0.1655074891559611,0.18060776105250936,2.9018999775871634,85.18009473709688,3.3014292444288884e-07,True,9.0,0.8450453795685042,1.004894271132542,0.08638465404510498,16.769299982115626,converged
120,0.5,60,calibrated,load,5.184615384615385,True,0.8284668549609315,0.8334733228211416,1.0048876996054228,True,5.0,28.0,5.6,8.644235200971906e-07,5.210327925740214e-07,0.0050931409194834324,0.0010677807974024509,0.08612318881276551,4.2095924873057435e-05,2045.879478179294,0.8334681584021731,1.0048876995819909,0.18011148397703858,0.19379313530476716,3.1864000484347343,80.63041608645075,8.644235199861683e-07,True,9.0,0.8334673003286455,1.0048876996054228,0.08638405799865723,15.145599958486855,converged
120,0.5,60,calibrated,load,5.461538461538462,True,0.81652434507953,0.8215309077578169,1.0048811279537688,True,6.0,31.0,5.166666666666667,6.628250426299331e-08,2.847462559229819e-08,0.005096771814206956,0.00024929205381061083,0.08610869108605368,4.2095924873057435e-05,2045.5350807879659,0.8215248942646962,1.0048811279535357,0.19467245361172897,0.20789260556653463,3.295100061222911,76.54211329896874,6.628250448503792e-08,True,9.0,0.8215248280221815,1.0048811279537688,0.08638358116149902,16.446900088340044,converged
120,0.5,60,calibrated,load,5.7384615384615385,True,0.8041812951879572,0.8091879588315857,1.004874556177573,True,6.0,34.0,5.666666666666667,1.3882802418763163e-07,3.856941772506766e-08,0.005100098204175781,0.00033954362784734257,0.08609419293570493,4.2095924873057435e-05,2045.1906733330288,0.8091817427149479,1.0048745561773416,0.21089126940830968,0.22298793378745438,3.5837999312207103,72.84839201376381,1.3882802429865393e-07,True,9.0,0.809181818270964,1.004874556177573,0.08638286590576172,16.28310000523925,converged
120,0.5,60,calibrated,load,6.015384615384616,True,0.7913951434636675,0.7964019150270573,1.0048679842768287,True,6.0,36.0,6.0,2.642328780222414e-07,6.216941564162272e-08,0.0051030491337993086,0.00046366610945585405,0.0860796947654926,4.2095924873057435e-05,2044.846265406227,0.7963955762285464,1.0048679842765977,0.22767432600975857,0.23918359336409425,3.7840999430045485,69.49475759880792,2.64232878244286e-07,True,9.0,0.7963957096006166,1.0048679842768287,0.08638250827789307,15.932500013150275,converged
120,0.5,60,calibrated,load,6.292307692307693,True,0.7781151913921018,0.7831220788081434,1.004861412251529,True,6.0,37.0,6.166666666666667,8.620096171307878e-07,8.591868908611517e-08,0.005105536130556079,0.0006350198172533366,0.08606519657541671,4.2095924873057435e-05,2044.5018570075613,0.7831149608601325,1.0048614122512995,0.24526601455963842,0.25661073831999354,3.7550999550148845,66.43630860912934,8.620096169087432e-07,True,11.0,0.7831158039202228,1.004861412251531,0.08638179302215576,17.222699942067266,converged
120,0.5,60,calibrated,load,6.56923076923077,True,0.7642802421291671,0.7692872545334707,1.0048548401016675,True,7.0,44.0,6.285714285714286,1.2150863215598662e-07,7.640729776653137e-08,0.005107445776499968,0.0005051898412938833,0.08605069836944994,4.2095924873057435e-05,2044.1574482314031,0.7692809420487728,1.004854840101665,0.2648886484130274,0.2754322270123724,4.774400033056736,63.63571480359226,,False,-1.0,,,,60.063600074499846,tpf_only
120,0.5,60,calibrated,load,6.846153846153847,True,0.7498152763639031,0.7548224243944747,1.004848267827237,True,7.0,47.0,6.714285714285714,2.7498450927421203e-07,1.0880851763268721e-07,0.005108627018213761,0.00071497122089182,0.0860362001396907,4.2095924873057435e-05,2043.8130388900486,0.7548160633895912,1.0048482678272348,0.28530716394312133,0.29585807435963335,5.060099996626377,61.061685890188535,,False,-1.0,,,,60.82819995936006,tpf_only
120,0.5,60,calibrated,load,7.1230769230769235,True,0.7346266385124973,0.7396339347200234,1.004841695428231,True,8.0,53.0,6.625,5.7273716436156974e-08,2.8361806463060657e-08,0.005108881054481694,0.0003416510085013875,0.08602170189010695,4.2095924873057435e-05,2043.4686290777577,0.7396274734110665,1.004841695428231,0.3081577849845337,0.3181556335240606,6.014400045387447,58.68779745385292,,False,-1.0,,,,60.115200001746416,tpf_only
120,0.5,60,calibrated,load,7.4,True,0.7185948240479227,0.7236022834739556,1.0048351229046433,True,8.0,59.0,7.375,2.816883095668743e-07,5.130925133718157e-08,0.005107931807560732,0.0005613318670690114,0.08600720362064819,4.2095924873057435e-05,2043.12421879333,0.7235956750992598,1.0048351229046433,0.3328516177073096,0.34267546703709056,5.5905000772327185,56.491580501317884,,False,-1.0,,,,57.90600006002933,tpf_only
120,0.5,60,calibrated,load,7.676923076923077,True,0.7015632232923317,0.7065708643130318,1.0048285502564662,True,9.0,69.0,7.666666666666667,1.8049727235069923e-07,5.888534370724825e-08,0.005105393065259521,0.0005992205696204835,0.08599270533132401,4.2095924873057435e-05,2042.7798080369946,0.706564096202257,1.0048285502564662,0.3597171268469095,0.36988815997627994,6.629200070165098,54.453808058384574,,False,-1.0,,,,57.40950000472367,tpf_only
120,0.5,60,calibrated,load,7.953846153846155,True,0.6833196468618148,0.6883274924736198,1.0048219774836937,True,10.0,80.0,8.0,1.516420300440302e-07,4.9470897925887536e-08,0.005100694717595544,0.0005162417798563225,0.08597820702215242,4.2095924873057435e-05,2042.4353968091782,0.6883207591134687,1.0048219774836937,0.3901467553034657,0.40044752569419273,7.517400081269443,52.55793079522997,,False,-1.0,,,,57.36190010793507,tpf_only
120,0.5,60,calibrated,load,8.23076923076923,True,0.6635640120715831,0.6685720919610538,1.0048154045863187,True,11.0,97.0,8.818181818181818,2.527694213938503e-07,8.0261402125835e-08,0.0050929668626975046,0.0007786646944494538,0.08596370869313438,4.2095924873057435e-05,2042.0909851099043,0.6685648756454795,1.0048154045863187,0.42496434980666575,0.4352997014267979,8.914300007745624,50.7896265815587,,False,-1.0,,,,57.121100020594895,tpf_only
120,0.5,60,calibrated,load,8.507692307692308,True,0.6418469113690601,0.6468552654960757,1.0048088315643344,True,13.0,128.0,9.846153846153847,4.253433798506734e-07,9.919129976682785e-08,0.005080783851199866,0.0008977462069865252,0.0859492103442471,4.2095924873057435e-05,2041.7465729386313,0.6468477020764248,1.0048088315643344,0.4647345059176364,0.4758959380597675,11.20120007544756,49.13643801290036,,False,-1.0,,,,59.521400020457804,tpf_only
120,0.5,60,calibrated,load,8.784615384615384,True,0.6174386511049778,0.6224473365634946,1.0048022584177343,True,18.0,195.0,10.833333333333334,3.779423877192656e-07,7.587899930332238e-08,0.0050616158015705445,0.0007794003618073237,0.08593471197550769,4.2095924873057435e-05,2041.4021602957653,0.6224403849553432,1.0048022584177343,0.5124881463086658,0.5246516818823646,17.880699946545064,47.587478495856224,,False,-1.0,,,,57.310399948619306,tpf_only
120,0.5,60,calibrated,load,9.061538461538461,True,0.5889984698110304,0.5940075761091189,1.0047956851465116,True,31.0,416.0,13.419354838709678,8.598550831351304e-07,1.5332025453235406e-07,0.008077360543652238,0.0013521927381495555,0.08592021358691515,4.2095924873057435e-05,2041.057747181283,0.5939991471530524,1.0047956851465116,0.5725741904329943,0.5861324964756416,36.40310000628233,46.13319222603379,,False,-1.0,,,,58.3810000680387,tpf_only
120,0.5,60,calibrated,load,9.338461538461539,True,0.5534621047617823,0.5584717979485566,1.0047891117506595,False,60.0,6859.0,114.31666666666666,0.04708998593952263,0.0004608297941646273,0.04052107159407315,0.10175466456003143,0.08590571517846192,4.2095924873057435e-05,2040.7133335950048,0.6055544950237243,1.0047891117506595,0.8157893427772672,0.5934359438646919,686.0885000787675,44.765156871719775,,False,-1.0,,,,60.801299987360835,no_solution
120,0.5,60,calibrated,load,9.615384615384615,True,0.49861245857614456,0.503623222625346,1.0047825382301714,False,60.0,12591.0,209.85,0.07999956910254669,0.0009114680498228753,0.03728139078218248,0.028425473562717872,0.0858912167501623,4.2095924873057435e-05,2040.3689195372704,0.5828986834244766,1.0047825382301714,1.0002183822845494,0.6522757467908313,1256.3925000140443,43.475920353814246,,False,-1.0,,,,60.870900051668286,no_solution
120,0.5,60,calibrated,load,9.892307692307693,False,,,,,,,,,,,,,,,,,,,,,,,,,,,,infeasible_base
120,0.5,60,fixed,load,0.2,True,1.0000006117251543,1.0,1.0,True,3.0,8.0,2.6666666666666665,6.510202377185692e-09,1.5685014179517596e-05,0.00015667565287774747,0.0005450237142901085,6.124012427894817e-05,4.2095924873057435e-05,1.4547755979615868,0.9999893309482347,1.0000000065102024,0.003540541003638628,0.009157338207948373,1.0019000619649887,1085.5375971425292,6.510202377185692e-09,True,2.0,0.9999893244726624,1.0000000000000002,7.104873657226562e-05,12.170600006356835,converged
120,0.5,60,fixed,load,0.47692307692307695,True,0.9925777217486093,1.0,1.0,True,3.0,8.0,2.6666666666666665,3.7711045175470304e-08,3.452565915625028e-05,0.00045567132883531385,0.0022817260217733565,0.0002726137963013954,4.2095924873057435e-05,6.476013940149247,0.9999745055648598,1.0,0.006467213146565395,0.015710435441067556,1.216100063174963,876.530652294642,3.7711084033276165e-08,True,2.0,0.9999745425667869,1.0000000000000002,0.00029659271240234375,10.79209998715669,converged
120,0.5,60,fixed,load,0.7538461538461538,True,0.9843335763659553,1.0,1.0,True,3.0,11.0,3.6666666666666665,6.61705521598499e-07,9.910892795489051e-05,0.0008342124254101,0.005219854751110012,0.0004862213050489665,4.2095924873057435e-05,11.550317673627399,0.9999591025787424,1.0,0.016483214823568848,0.029021451031655928,1.2730000307783484,554.5398004313041,6.617079257864589e-07,True,2.0,0.9999597600965472,1.0000000000000002,0.0005242824554443359,11.716300039552152,converged
120,0.5,60,fixed,load,1.0307692307692309,True,0.9759581389761871,1.0,1.0,True,4.0,13.0,3.25,4.249054386118445e-08,1.299447525339181e-07,0.0012378729937872048,0.00015653979006413627,0.0007017958619222682,4.2095924873057435e-05,16.67134916357277,0.9999449358547171,1.0,0.026572964760345544,0.043386361028279356,1.5795000363141298,405.5589585243866,4.2490543750162146e-08,True,2.0,0.999944977061884,1.0000000000000002,0.0007536411285400391,11.502700042910874,converged
120,0.5,60,fixed,load,1.3076923076923077,True,0.9674451036002073,1.0,1.0,True,4.0,14.0,3.5,1.578587707218304e-07,2.5637591244327443e-07,0.0016583129839786543,0.0002979736618824476,0.0009389530688560563,4.2095924873057435e-05,22.30508230161282,0.9999300419671324,1.0,0.03672482320987759,0.05813911933825393,1.6846000216901302,319.67588495451645,1.5785877094387502e-07,True,3.0,0.99993019346274,1.0000000000000002,0.0010046958923339844,13.636399991810322,converged
120,0.5,60,fixed,load,1.5846153846153845,True,0.9587876410657591,1.0,1.0,True,4.0,16.0,4.0,3.659457802340782e-07,4.246066574384032e-07,0.0020920565285081003,0.0004830819092793459,0.0012031353378957718,4.2095924873057435e-05,28.580803047418303,0.9999150505129191,1.0,0.04692850233148714,0.07314156421228514,2.0530999172478914,263.8101963216884,3.659457804561228e-07,True,3.0,0.9999154092990544,1.0000000000000002,0.0012829303741455078,13.241800013929605,converged
120,0.5,60,fixed,load,1.8615384615384616,True,0.949978336097875,1.0,1.0,True,4.0,17.0,4.25,6.90145190218594e-07,6.34290702886327e-07,0.002539917682935846,0.0007110128609077195,0.0014849780571594491,4.2095924873057435e-05,35.276052530915564,0.9998999364222207,1.0,0.05720448395551022,0.08835196853978015,2.412400091998279,224.56570430689175,6.901451901075717e-07,True,3.0,0.999900624570771,1.0000000000000004,0.001578688621520996,12.83070002682507,converged
120,0.5,60,fixed,load,2.138461538461539,True,0.9410091143175425,1.0,1.0,True,5.0,20.0,4.0,4.8515154893458146e-08,4.4313074477484586e-07,0.003002790851428069,0.0005110198768448307,0.0017851940021224328,4.2095924873057435e-05,42.40776292493354,0.9998857953323999,1.0,0.0675419616219652,0.10375810911585599,2.4355000350624323,195.4852533894525,4.8515154893458146e-08,True,3.0,0.9998858392778289,1.0000000000000004,0.001892685890197754,12.201900011859834,converged
120,0.5,60,fixed,load,2.4153846153846157,True,0.9318711571061389,1.0,1.0,True,5.0,20.0,4.0,9.64179036611057e-08,5.895220412929469e-07,0.0034816548040103924,0.0006766341196564628,0.002103923880451824,4.2095924873057435e-05,49.97927677789053,0.9998709673168731,1.0,0.08783518781249684,0.1193563285736466,2.72320001386106,173.0729313448019,9.64179035500834e-08,True,3.0,0.9998710534201712,1.0000000000000002,0.002225518226623535,12.44829990901053,converged
120,0.5,60,fixed,load,2.6923076923076925,True,0.9225548018376731,1.0,1.0,True,5.0,22.0,4.4,1.8425714176650843e-07,7.564276283251874e-07,0.003977593962870152,0.0008648257611379586,0.0024418051145815457,4.2095924873057435e-05,58.00573623088084,0.9998555048251007,1.0,0.08841844463312644,0.13514982997528358,2.440699958242476,155.27114412076514,1.8425714176650843e-07,True,3.0,0.9998556411542515,1.0000000000000004,0.0025773048400878906,11.569499969482422,converged
120,0.5,60,fixed,load,2.9692307692307693,True,0.913049424104411,1.0,1.0,True,5.0,23.0,4.6,1.8807515322905033e-07,9.437759178956638e-07,0.004491784922330835,0.0010753366729959028,0.0027993579252507134,4.2095924873057435e-05,66.49949926726471,0.9998353015973975,1.0,0.09894866172341779,0.15114417596034047,2.805700059980154,140.7898975188285,1.8807515322905033e-07,True,3.0,0.9998354768515553,1.0000000000000002,0.002948760986328125,12.4561000848189,converged
120,0.5,60,fixed,load,3.2461538461538466,True,0.9033432980714786,1.0,1.0,True,5.0,24.0,4.8,2.8607515500933545e-07,1.149786204976994e-06,0.005025544626868639,0.001307651946500375,0.0031771149819576857,4.2095924873057435e-05,75.47321959402127,0.9998139416907226,1.0,0.10954033319547732,0.16734609500558636,2.803899929858744,128.77938493428388,2.8607515523138005e-07,True,3.0,0.9998142087360442,1.0000000000000004,0.003340482711791992,12.029700097627938,converged
120,0.5,60,fixed,load,3.5230769230769234,True,0.8934234294584754,1.0,1.0,True,5.0,25.0,5.0,3.2229975599484817e-07,1.3764027995141737e-06,0.00558033023962941,0.0015611937653798845,0.0035756293703475047,4.2095924873057435e-05,84.94003590917674,0.9997915043524214,1.0,0.12910691069786231,0.18376374719740318,2.796799992211163,118.65698786521354,3.2229975588382587e-07,True,3.0,0.9997918078910671,1.0000000000000004,0.0037529468536376953,12.333299964666367,converged
120,0.5,60,fixed,load,3.8000000000000003,True,0.8832753546189954,1.0,1.0,True,5.0,27.0,5.4,4.3131005045271564e-07,1.6218135004380297e-06,0.006157775949715623,0.0018352356388397256,0.003995474595169556,4.2095924873057435e-05,94.91357197206447,0.999767852517549,1.0,0.1309674180816622,0.20040619080687475,3.0834999633952975,110.00991992361902,4.3131005045271564e-07,True,3.0,0.9997682445042965,1.0000000000000002,0.0041866302490234375,12.364799971692264,converged
120,0.5,60,fixed,load,4.0769230769230775,True,0.8728828965782376,1.0,1.0,True,5.0,28.0,5.6,5.988777459497996e-07,1.8868550591267538e-06,0.006759684661807758,0.002128821233559645,0.004461785690765676,4.2095924873057435e-05,105.99091727335686,0.9997429407155626,1.0,0.141759866440866,0.21728282097193516,2.9989000177010894,102.53754800427886,5.988777461718442e-07,True,3.0,0.999743487834204,1.0000000000000004,0.004668235778808594,11.74170000012964,converged
120,0.5,60,fixed,load,4.353846153846154,True,0.8622278665222106,1.0,1.0,True,5.0,29.0,5.8,7.59465333399767e-07,2.1702917627487625e-06,0.007388103344418069,0.002440806083159636,0.0049639552335252616,4.2095924873057435e-05,117.92008961661587,0.9997168363927244,1.0,0.15261513761844434,0.23440424092936668,3.351499908603728,96.01572516301731,7.594653332887447e-07,True,3.0,0.9997175061750413,1.0000000000000004,0.0051850080490112305,11.862399987876415,converged
120,0.5,60,fixed,load,4.630769230769231,True,0.8512896946896293,1.0,1.0,True,5.0,29.0,5.8,9.549780024542542e-07,2.4753305175146173e-06,0.008045336115844936,0.002769927291316437,0.005497728179107412,4.2095924873057435e-05,130.6000092808535,0.9996894834383225,1.0,0.17126879505127227,0.2517811938540611,3.297499963082373,90.27392100044484,9.54978002343232e-07,True,3.0,0.9996902668202303,1.0000000000000004,0.005733370780944824,11.35489996522665,converged
120,0.5,60,fixed,load,4.907692307692308,True,0.8400449695000072,1.0,1.0,True,6.0,34.0,5.666666666666667,9.51761527367978e-08,2.778666182063695e-08,0.008734019035267684,0.0005184038650651321,0.00606801833630166,4.2095924873057435e-05,144.14740511344272,0.9996618036678628,1.0000000951761527,0.17461338710567942,0.26942404613629095,3.555700066499412,85.18009473709688,9.518188526236315e-08,True,3.0,0.9996617360240964,1.0000000000000002,0.006315112113952637,12.009099940769374,converged
120,0.5,60,fixed,load,5.184615384615385,True,0.8284668549609315,1.0,1.0,True,6.0,35.0,5.833333333333333,1.6269838498672584e-07,3.066044308087112e-08,0.00945710755368274,0.0005996700634413883,0.006670889785223716,4.2095924873057435e-05,158.4687782805616,0.999631998036714,1.000000162698385,0.1856767427829533,0.28734630662538946,3.9420999819412827,80.63041608645075,1.6270211433688786e-07,True,3.0,0.9996318789618379,1.0000000000000002,0.00693202018737793,12.499499949626625,converged
120,0.5,60,fixed,load,5.461538461538462,True,0.81652434507953,1.0,1.0,True,6.0,36.0,6.0,3.063036162487265e-07,3.8495446726641314e-08,0.010218040066254212,0.0006854243207554931,0.007310665495135864,4.2095924873057435e-05,173.6668220779464,0.9996008846119271,1.0000003063036162,0.19680362608399823,0.30555992334564797,3.8753999397158623,76.54211329896874,3.063036162487265e-07,True,3.0,0.9996006596876587,1.0000000000000004,0.007585763931274414,11.821300024166703,converged
120,0.5,60,fixed,load,5.7384615384615385,True,0.8041812951879572,1.0,1.0,True,6.0,37.0,6.166666666666667,4.7603992370248704e-07,4.7585347305199405e-08,0.011035361582589534,0.0007747074389537474,0.007989277083653193,4.2095924873057435e-05,189.78742260076945,0.9995683944270598,1.0000004760399237,0.21466739841437238,0.3240779227221023,3.9772000163793564,72.84839201376381,4.7603992370248704e-07,True,3.0,0.9995680410909382,1.0000000000000007,0.008278250694274902,12.951199896633625,converged
120,0.5,60,fixed,load,6.015384615384616,True,0.7913951434636675,1.0,1.0,True,6.0,39.0,6.5,7.219901891897251e-07,5.798172034033791e-08,0.01192350322626927,0.0008663058666175322,0.00870879470042848,4.2095924873057435e-05,206.87975680996027,0.9995345250401818,1.0000007219901892,0.21939187286839307,0.34291403694623934,3.8389000110328197,69.49475759880792,7.219901893007474e-07,True,3.0,0.9995339848503607,1.0000000000000004,0.00901186466217041,12.290099984966218,converged
120,0.5,60,fixed,load,6.292307692307693,True,0.7781151913921018,1.0,1.0,True,7.0,41.0,5.857142857142857,1.5957859389459372e-07,4.448315272727654e-08,0.012871954572916813,0.000507206019447258,0.009471935023008698,4.2095924873057435e-05,225.0083601101968,0.9994985895677962,1.000000159578594,0.23073260457636172,0.36208103521662915,4.792100051417947,66.43630860912934,1.5957859433868293e-07,True,4.0,0.999498451335158,1.0000000000000009,0.0097886323928833,12.771399924531579,converged
120,0.5,60,fixed,load,6.56923076923077,True,0.7642802421291671,1.0,1.0,True,7.0,45.0,6.428571428571429,2.1573133035523995e-07,5.3961846951899306e-08,0.013888582294168431,0.0005539074001313213,0.010280048310003941,4.2095924873057435e-05,244.20530825736668,0.9994615597010028,1.0000002157313304,0.24213807653200445,0.3815964971926321,4.944500047713518,63.63571480359226,2.1573133035523995e-07,True,4.0,0.999461399733343,1.0000000000000007,0.010610580444335938,13.293800060637295,converged
120,0.5,60,fixed,load,6.846153846153847,True,0.7498152763639031,1.0,1.0,True,7.0,46.0,6.571428571428571,3.0697124020484523e-07,6.468323850547627e-08,0.014982768540506966,0.0005989636435198916,0.011136098920998618,4.2095924873057435e-05,264.5410204094609,0.9994230080600721,1.0000003069712402,0.25377181310974783,0.40147487019315137,4.891699994914234,61.061685890188535,3.0697124042688984e-07,True,4.0,0.9994227877575995,1.0000000000000007,0.011480331420898438,12.726800050586462,converged
120,0.5,60,fixed,load,7.1230769230769235,True,0.7346266385124973,1.0,1.0,True,7.0,48.0,6.857142857142857,4.242745577087703e-07,7.637057711074973e-08,0.01616604294991244,0.000637857579923129,0.012042732006762863,4.2095924873057435e-05,286.07833283336527,0.9993828663648123,1.0000004242745577,0.2653309204721019,0.421732483725362,5.733400001190603,58.68779745385292,4.242745579308149e-07,True,4.0,0.9993825717364035,1.0000000000000007,0.012400984764099121,12.180399964563549,converged
120,0.5,60,fixed,load,7.4,True,0.7185948240479227,1.0,1.0,True,7.0,48.0,6.857142857142857,5.752992133789547e-07,8.976959059098993e-08,0.01745255063633525,0.0006692851258409368,0.013002785654448273,4.2095924873057435e-05,308.88466505151945,0.9993410922878966,1.0000005752992134,0.2769554541413276,0.4423864012884482,5.395199987106025,56.491580501317884,5.75299213489977e-07,True,4.0,0.9993407065221069,1.0000000000000004,0.013374805450439453,12.829400016926229,converged
120,0.5,60,fixed,load,7.676923076923077,True,0.7015632232923317,1.0,1.0,True,7.0,53.0,7.571428571428571,2.753110175390816e-07,1.0466407933745417e-07,0.01886015288103322,0.0006896584383418844,0.014019307239706976,4.2095924873057435e-05,333.0324082908967,0.9992973941785462,1.0000002753110175,0.28882827886467566,0.4634542380915628,5.713899969123304,54.453808058384574,2.753110175390816e-07,True,4.0,0.9992971454298464,1.0000000000000004,0.014405131340026855,12.435500044375658,converged
120,0.5,60,fixed,load,7.953846153846155,True,0.6833196468618148,1.0,1.0,True,7.0,54.0,7.714285714285714,3.2079705158949423e-07,1.205362436911736e-07,0.020411563135254975,0.0006947669595061127,0.015095512742322868,4.2095924873057435e-05,358.5979590148978,0.9992521135759389,1.0000003207970516,0.30060858175552985,0.48495497079560096,5.506100016646087,52.55793079522997,3.207970513674496e-07,True,4.0,0.9992518401733885,1.0000000000000004,0.0154951810836792,13.28989991452545,converged
120,0.5,60,fixed,load,8.23076923076923,True,0.6635640120715831,1.0,1.0,True,7.0,55.0,7.857142857142857,4.128662109970094e-07,1.370186466871575e-07,0.02213665715197614,0.0006828063521790212,0.016234896675837017,4.2095924873057435e-05,385.66433033112435,0.9992050919953586,1.000000412866211,0.3124548325476268,0.5069081545171702,6.26140006352216,50.7896265815587,4.128662111080317e-07,True,4.0,0.9992047407977281,1.0000000000000004,0.016648292541503906,12.639999971725047,converged
120,0.5,60,fixed,load,8.507692307692308,True,0.6418469113690601,1.0,1.0,True,7.0,57.0,8.142857142857142,4.5617470556535977e-07,1.5432616000720277e-07,0.024075483927822643,0.0006566206797029943,0.017441103989806157,4.2095924873057435e-05,414.3181089951286,0.9991561804941037,1.0000004561747056,0.32457142114553333,0.5293341279292801,6.626800051890314,49.13643801290036,4.5617470556535977e-07,True,4.0,0.9991557956082436,1.0000000000000004,0.01786816120147705,13.112699962221086,converged
120,0.5,60,fixed,load,8.784615384615384,True,0.6174386511049778,1.0,1.0,True,7.0,61.0,8.714285714285714,5.09745742727219e-07,1.720762828176606e-07,0.026283777969106623,0.0006067229958170041,0.018718154630848367,4.2095924873057435e-05,444.65478991835874,0.9991053757415521,1.0000005097457427,0.33657535445239556,0.5522537492256359,7.177299936302006,47.587478495856224,5.097457425051743e-07,True,4.0,0.9991049510962006,1.0000000000000004,0.01915884017944336,13.640200020745397,converged
120,0.5,60,fixed,load,9.061538461538461,True,0.5889984698110304,1.0,1.0,True,7.0,65.0,9.285714285714286,4.0017518143642405e-07,1.863294446962955e-07,0.028842539553129598,0.0005240657056314486,0.02007027636669859,4.2095924873057435e-05,476.7748048587032,0.999052254971825,1.0000004001751814,0.35230791158788943,0.5756895318798866,7.148300064727664,46.13319222603379,4.0017518176949096e-07,True,4.0,0.9990521518603724,1.0000000000000007,0.02052474021911621,12.97460007481277,converged
120,0.5,60,fixed,load,9.338461538461539,True,0.5534621047617823,1.0,1.0,True,7.0,69.0,9.857142857142858,6.332311941470437e-07,1.9236152176874052e-07,0.0318764231806784,0.00040790277034931935,0.021502026535686912,4.2095924873057435e-05,510.7864146120426,0.9989970848121762,1.0000003074180845,0.3610092637355248,0.5996657089840394,7.115300046280026,44.765156871719775,6.333133720781703e-07,True,4.0,0.9989973405245473,1.0000000000000004,0.021970033645629883,13.223999994806945,converged
120,0.5,60,fixed,load,9.615384615384615,True,0.49861245857614456,1.0,1.0,True,8.0,72.0,9.0,7.332288401995513e-07,7.251652053796171e-08,0.035593053144398645,8.579349369418674e-05,0.02301613235184222,4.2095924873057435e-05,546.7544048800122,0.9989399225280805,1.0,0.37323874898534803,0.6242101256734907,7.827199995517731,43.475920353814246,7.332288401995513e-07,True,4.0,0.9989404576506491,1.0000000000000007,0.02350008487701416,12.589799938723445,converged
120,0.5,60,fixed,load,9.892307692307693,False,,,,,,,,,,,,,,,,,,,,,,,,,,,,infeasible_base
120,0.5,60,fixed,load,10.169230769230769,False,,,,,,,,,,,,,,,,,,,,,,,,,,,,infeasible_base
120,0.5,60,fixed,load,10.446153846153846,False,,,,,,,,,,,,,,,,,,,,,,,,,,,,infeasible_base
350,0.1,35,calibrated,load,0.2,True,1.0000024677520627,1.0050024677520626,1.0057607136039428,True,3.0,8.0,2.6666666666666665,2.48726111928832e-07,2.3218377472798116e-06,0.005012427675434345,0.0024645909700272517,0.08638903870614535,2.1279051848322847e-05,4059.8161667130053,1.0010049279443027,1.005760480018875,0.0070041095230800226,0.1318836007636013,0.9700999362394214,495.98134329609326,2.48726111928832e-07,True,4.0,1.0010049745731116,1.0057607136039426,0.08639419078826904,16.53040002565831,converged
350,0.1,35,calibrated,load,0.47692307692307695,True,0.9926352136638146,0.9976406690036659,1.0050021356732177,True,3.0,8.0,2.6666666666666665,2.487139973972319e-07,6.3908310978629135e-06,0.00501664606845916,0.002405163456366881,0.08638758741625079,2.1279051848322847e-05,4059.7479639610733,0.9976350564941897,1.0050018869592203,0.006454496763784322,0.1321099514317877,1.2824999867007136,549.5104438320813,2.487139978413211e-07,True,3.0,0.9976352664726131,1.0050021356732182,0.08639419078826904,13.862299965694547,converged
350,0.1,35,calibrated,load,0.7538461538461538,True,0.9843911418325715,0.9893966428662971,1.0050018035941244,True,3.0,9.0,3.0,2.487018830876764e-07,1.0623832370024804e-05,0.005021761196818727,0.002344163871502491,0.0863861361263048,2.1279051848322847e-05,4059.6797612067244,0.9893910493970286,1.0050015548922413,0.012783232785623648,0.13269497741097933,1.3973999302834272,614.7196267735459,2.48701883309721e-07,True,4.0,0.9893912267056786,1.0050018035941246,0.08639419078826904,14.95840004645288,converged
350,0.1,35,calibrated,load,1.0307692307692309,True,0.9760173742263505,0.9810229224631571,1.0050014715147821,True,3.0,10.0,3.3333333333333335,2.4625216221707547e-07,1.5034911629790449e-05,0.005026946397373024,0.002281575539599515,0.08638472727522159,2.1279051848322847e-05,4059.6135528486993,0.9810173648920726,1.00500122526262,0.02092356208336229,0.1336687088194218,1.3792000245302916,695.2039243455054,2.4625216221707547e-07,True,5.0,0.9810174922740862,1.0050014715147821,0.08639419078826904,17.02329993713647,converged
350,0.1,35,calibrated,load,1.3076923076923077,True,0.9675077435750642,0.9725133406180192,1.005001139435191,True,3.0,10.0,3.3333333333333335,2.462402064473679e-07,1.963995068870022e-05,0.0050322038345756845,0.0022172906034976262,0.08638327598239105,2.1279051848322847e-05,4059.545349958792,0.972507843271423,1.0050008931949845,0.02835991453806175,0.13506326998320675,1.4462999533861876,795.5900568884003,2.462402064473679e-07,True,6.0,0.9725078959794469,1.005001139435191,0.08639419078826904,20.160700078122318,converged
350,0.1,35,calibrated,load,1.5846153846153845,True,0.9588555757962185,0.9638612233511417,1.0050008073553514,True,3.0,11.0,3.6666666666666665,2.462282513437941e-07,2.4455080288365348e-05,0.005037535854228664,0.0021512185698699727,0.08638182468951097,2.1279051848322847e-05,4059.477147066557,0.9638558229376165,1.0050005611271,0.03647243187482414,0.13691319425851922,1.9760000286623836,832.8039291028593,2.462282513437941e-07,True,7.0,0.9638557638179376,1.0050008073553514,0.08639419078826904,18.870700034312904,converged
350,0.1,35,calibrated,load,1.8615384615384616,True,0.9500536296215215,0.9550593295070324,1.005000475275263,True,3.0,11.0,3.6666666666666665,2.4621629579613113e-07,2.9498587506050402e-05,0.005042944805392467,0.002083261644177938,0.0863803733965795,2.1279051848322847e-05,4059.4089441719066,0.9550540783721264,1.0050002290589672,0.045472180554841674,0.1392548123861326,1.503799925558269,708.9157413024341,2.4621629601817574e-07,True,7.0,0.9550538546078243,1.0050004752752633,0.08639395236968994,19.80480004567653,converged
350,0.1,35,calibrated,load,2.138461538461539,True,0.9410940266291051,0.946099780788028,1.005000143194926,True,3.0,12.0,4.0,6.102588362422168e-07,3.4790603974587754e-05,0.005048433250509816,0.00201331496377627,0.08637892210358711,2.1279051848322847e-05,4059.340741274393,0.9460949002561755,1.004999898221443,0.054247512603374785,0.14212576210154917,1.6462999628856778,617.1137028603921,6.102588363532391e-07,True,8.0,0.9460942900227751,1.0050001431949263,0.08639395236968994,19.320000079460442,converged
350,0.1,35,calibrated,load,2.4153846153846157,True,0.9319681697576518,0.9369739802700078,1.0049998111143401,True,4.0,14.0,3.5,1.5138832076821984e-08,1.2865013587437978e-06,0.005054003859676431,5.2899933222529564e-05,0.08638169285159329,2.1279051848322847e-05,4059.4709513996345,0.9369684617212871,1.0049998086589835,0.06288536854631564,0.14556696207961942,1.830299966968596,546.3618133604746,1.5138831965799682e-08,True,8.0,0.9369684731072717,1.0049998111143388,0.08639395236968994,20.448199938982725,converged
350,0.1,35,calibrated,load,2.6923076923076925,True,0.9226666479512001,0.9276725170490779,1.0049994790335057,True,4.0,15.0,3.75,2.4957932942548666e-08,1.6595681942054438e-06,0.0050596596375319415,6.347228889466292e-05,0.0863802413524349,2.1279051848322847e-05,4059.4027388134373,0.9276669753412081,1.0049994765783081,0.07224647460550228,0.14961081118864614,1.814400078728795,490.16459827196866,2.495793305357097e-08,True,8.0,0.9276669929228862,1.0049994790335044,0.08639395236968994,19.48419993277639,converged
350,0.1,35,calibrated,load,2.9692307692307693,True,0.9131791237764887,0.9181850538611509,1.0049991469524224,True,4.0,15.0,3.75,4.005561471398522e-08,2.1035521317157947e-06,0.00506540333959854,7.661200987308957e-05,0.08637878985322134,2.1279051848322847e-05,4059.334526224648,0.9181794859245451,1.0049991444973836,0.08250806200163253,0.15429732979089372,1.948599936440587,444.44976527251043,4.005561471398522e-08,True,9.0,0.9181795121674837,1.0049991469524224,0.08639395236968994,21.866100025363266,converged
350,0.1,35,calibrated,load,3.2461538461538466,True,0.9034942003844302,0.9085001940460848,1.0049988148710907,True,4.0,15.0,3.75,6.249540795977282e-08,2.6285490632126185e-06,0.005071238188683474,9.272150481733229e-05,0.08637733835396873,2.1279051848322847e-05,4059.266313634023,0.908494596596717,1.004998812416211,0.09265095490309658,0.15966208043113742,1.9691999768838286,406.5346194198791,6.249540795977282e-08,True,9.0,0.908494634138783,1.0049988148710889,0.08639395236968994,22.264800034463406,converged
350,0.1,35,calibrated,load,3.5230769230769234,True,0.8935992626910576,0.8986053227318489,1.00499848278951,True,4.0,18.0,4.5,1.250880130587717e-07,3.245659551474844e-06,0.005077167653262732,0.00011206648473580234,0.08637588706406273,2.1279051848322847e-05,4059.1981108815535,0.8985996331788992,1.0049984803468166,0.10278018051640848,0.16573907740477914,2.3130999179556966,374.5799331772685,1.250880127257048e-07,True,9.0,0.8985997439179675,1.00499848278951,0.08639383316040039,21.648299996741116,converged
350,0.1,35,calibrated,load,3.8000000000000003,True,0.8834802866820975,0.8884864161429912,1.0049981507076806,True,4.0,18.0,4.5,1.910121774084672e-07,3.821814274638425e-06,0.005083194989094533,0.0001357233622487052,0.08637443556467873,2.1279051848322847e-05,4059.1298982847547,0.8884806524240092,1.0049981482651449,0.11372892487548861,0.1725610681095956,2.588900038972497,347.28261011171867,1.9101217763051181e-07,True,9.0,0.8884808176773643,1.0049981507076806,0.08639383316040039,20.898600108921528,converged
350,0.1,35,calibrated,load,4.0769230769230775,True,0.8731216083665209,0.8781278105589612,1.0049978186256026,True,4.0,18.0,4.5,2.8680428143523784e-07,4.689341897699293e-06,0.00508932390470318,0.0001643035234218371,0.08637298406525094,2.1279051848322847e-05,4059.0616856858974,0.8781219497895258,1.0049978161832247,0.12567096841551864,0.1801606567298552,2.467100042849779,323.6936026324321,2.8680428121319324e-07,True,10.0,0.8781221916379249,1.0049978186256006,0.08639383316040039,24.74239992443472,converged
350,0.1,35,calibrated,load,4.353846153846154,True,0.8625056417065298,0.867511920249975,1.0049974865432758,True,4.0,18.0,4.5,4.245193505614253e-07,5.719882920329618e-06,0.005095558158850001,0.00019878410083091024,0.08637153256577175,2.1279051848322847e-05,4058.9934730846244,0.8675059322334472,1.0049974841010556,0.13765469656312287,0.1885716780613387,3.4860000014305115,303.1053169526308,4.245193503393807e-07,True,10.0,0.8675062800039448,1.0049974865432756,0.08639383316040039,23.47909996751696,converged
350,0.1,35,calibrated,load,4.630769230769231,True,0.8516125307286794,0.8566188895954628,1.0049971544607001,True,4.0,20.0,5.0,9.358194748010362e-07,6.94243572344552e-06,0.0051019019842291685,0.00024022039197500294,0.0863700810662383,2.1279051848322847e-05,4058.9252604808016,0.856612292747139,1.0049971520308152,0.1498120604913364,0.19783123442029105,3.369599930010736,284.97941759998173,,False,-1.0,,,,110.78180000185966,tpf_only
350,0.1,35,calibrated,load,4.907692307692308,True,0.8404197163271848,0.845426159896591,1.0049968223778762,True,5.0,22.0,4.4,2.9741669904659318e-08,4.495977156048447e-06,0.005108358882094765,0.00015720602683876457,0.08636867144417378,2.1279051848322847e-05,4058.8590158908373,0.8454204443936209,1.004996822353525,0.16295126568499124,0.2079811638872365,2.4537999415770173,268.8990742871301,,False,-1.0,,,,107.18689998611808,tpf_only
350,0.1,35,calibrated,load,5.184615384615385,True,0.828901390340329,0.8339079234644062,1.0049964902948032,True,5.0,24.0,4.8,9.661446565001341e-08,5.421859053929838e-06,0.0051149330015653706,0.00019190085165449072,0.08636721994390631,2.1279051848322847e-05,4058.79080325252,0.8339022778258499,1.0049964902705735,0.1772876711243326,0.21907259562771106,2.7846000157296658,254.53651245577004,,False,-1.0,,,,108.37370005901903,tpf_only
350,0.1,35,calibrated,load,5.461538461538462,True,0.8170277992226043,0.8220344273071049,1.0049961582114815,True,5.0,25.0,5.0,1.546954775388798e-07,6.678727135355501e-06,0.005121628682345614,0.00023436976167296638,0.08636576844151114,2.1279051848322847e-05,4058.7225905142122,0.8220287874238629,1.0049961581872542,0.1915660550774937,0.23116680211517324,3.537000040523708,241.6304357678719,,False,-1.0,,,,108.81430003792048,tpf_only
350,0.1,35,calibrated,load,5.7384615384615385,True,0.8047643428106246,0.8097710719157425,1.0049958261279113,True,5.0,25.0,5.0,2.474719817957549e-07,8.18647667820512e-06,0.005128448860226792,0.00028635262090723315,0.08636431693908835,2.1279051848322847e-05,4058.654377774606,0.8097654513234933,1.0049958261036873,0.20701410566236841,0.2443396369600234,3.0985999619588256,229.9699857844357,,False,-1.0,,,,111.95459996815771,tpf_only
350,0.1,35,calibrated,load,6.015384615384616,True,0.7920703898541643,0.7970772268215801,1.0049954940440924,True,5.0,28.0,5.6,7.08159415441223e-07,1.0031924047930869e-05,0.005135396762825057,0.00035262278782410237,0.08636286543657037,2.1279051848322847e-05,4058.5861650305274,0.7970721319829358,1.0049954940199894,0.22390431580621217,0.25868548153066623,3.057599999010563,219.38313221891175,,False,-1.0,,,,109.84560009092093,tpf_only
350,0.1,35,calibrated,load,6.292307692307693,True,0.7788976926246591,0.7839046452401982,1.0049951619600246,True,6.0,31.0,5.166666666666667,1.0551012030735052e-07,3.171911430117291e-06,0.005142475111216318,0.00011135566387604644,0.08636141434941456,2.1279051848322847e-05,4058.517971806217,0.7838989288829464,1.0049951619597832,0.24111539072155028,0.27432374684800975,3.5119999665766954,209.72812884497438,,False,-1.0,,,,109.133500023745,tpf_only
350,0.1,35,calibrated,load,6.56923076923077,True,0.7651882213276108,0.770195298533127,1.0049948298757083,True,6.0,33.0,5.5,1.387912115236034e-07,4.254939500556217e-06,0.00514968300114757,0.0001524824396991502,0.08635996284680895,2.1279051848322847e-05,4058.449759058019,0.7701894012701522,1.0049948298754683,0.2603016212402835,0.2914037621461771,3.3194998977705836,200.88713043933137,,False,-1.0,,,,107.14929993264377,tpf_only
350,0.1,35,calibrated,load,6.846153846153847,True,0.7508711356918939,0.7558783478668059,1.0049944977911431,True,6.0,38.0,6.333333333333333,2.75668162519338e-07,5.7656707871702025e-06,0.005157018938678815,0.0002122181971069016,0.08635851134412532,2.1279051848322847e-05,4058.381546306155,0.7558723878479272,1.0049944977909027,0.2802356921678874,0.3101166773869278,3.861699951812625,192.76135887099892,,False,-1.0,,,,114.54400001093745,tpf_only
350,0.1,35,calibrated,load,7.1230769230769235,True,0.7358584313660105,0.7408657907102119,1.004994165706329,True,7.0,41.0,5.857142857142857,2.568339094732863e-07,4.910051102874188e-06,0.005164473763547538,0.00017730854292264707,0.08635705984551341,2.1279051848322847e-05,4058.3133337456397,0.7408596087250988,1.004994165706329,0.30251769551359087,0.3307095118288725,4.18089993763715,185.26739675506374,,False,-1.0,,,,109.54610002227128,tpf_only
350,0.1,35,calibrated,load,7.4,True,0.7200384751607638,0.7250459962299736,1.0049938336212665,True,7.0,46.0,6.571428571428571,1.9773668391565025e-07,7.061670726817543e-06,0.005172032666187046,0.00025771638837327653,0.08635560834273459,2.1279051848322847e-05,4058.2451209893024,0.7250400252290667,1.0049938336212638,0.3261535898968578,0.35350569503893187,4.986500018276274,178.33431330061228,,False,-1.0,,,,108.52000000886619,tpf_only
350,0.1,35,calibrated,load,7.676923076923077,True,0.7032660237263807,0.7082737242059234,1.004993501535955,True,8.0,54.0,6.75,2.9046996086190546e-07,4.19235238912844e-06,0.005179663559532733,0.00015680557309126757,0.08635415683994813,2.1279051848322847e-05,4058.176908232606,0.7082680059646446,1.004993501535955,0.3526432923690247,0.3789407399222893,5.752299912273884,171.90141221962827,,False,-1.0,,,,107.13679995387793,tpf_only
350,0.1,35,calibrated,load,7.953846153846155,True,0.6853460582131977,0.6903539600831449,1.0049931694503953,True,8.0,60.0,7.5,3.0904153647259847e-07,7.222271435916564e-06,0.005187306797660078,0.0002734170813357565,0.0863527053370722,2.1279051848322847e-05,4058.1086954717052,0.6903480444044381,1.0049931694503953,0.38211811779576693,0.40761640400313776,6.549800047650933,165.91645009205902,,False,-1.0,,,,108.5742999566719,tpf_only
350,0.1,35,calibrated,load,8.23076923076923,True,0.6660059868160565,0.6710141181987315,1.0049928373645864,True,9.0,75.0,8.333333333333334,7.273856492684416e-07,8.423882268161542e-06,0.005194855656235556,0.00033800304234011256,0.08635125383414007,2.1279051848322847e-05,4058.0404827081625,0.6710086453489055,1.0049928373645864,0.41538266890919323,0.440395506777412,7.670300081372261,160.33421438802714,,False,-1.0,,,,109.04639994259924,tpf_only
350,0.1,35,calibrated,load,8.507692307692308,True,0.6448439772462005,0.6498523755404295,1.004992505278529,True,11.0,94.0,8.545454545454545,2.5268784820120516e-07,7.340930813775616e-06,0.005202089963417927,0.0002957868569908621,0.08634980233115848,2.1279051848322847e-05,4057.9722699422964,0.649845954484667,1.004992505278529,0.4539908008477059,0.47858980706794063,10.649299947544932,155.1153791999901,,False,-1.0,,,,107.99920000135899,tpf_only
350,0.1,35,calibrated,load,8.784615384615384,True,0.6212222373368761,0.626230955050462,1.004992173192223,True,14.0,135.0,9.642857142857142,3.763270136625252e-07,7.887279670098906e-06,0.005208552226191823,0.00031329391558134254,0.08634835082813117,2.1279051848322847e-05,4057.904057174281,0.6262250933397483,1.004992173192223,0.49946926803216457,0.5243317949321785,14.188600005581975,150.2255774038433,,False,-1.0,,,,108.18459989968687,tpf_only
350,0.1,35,calibrated,load,9.061538461538461,True,0.5940101734419172,0.5990192906227535,1.004991841105668,True,21.0,235.0,11.19047619047619,7.669510234675769e-07,1.2804471203660476e-05,0.005213143226354722,0.0004881344746515751,0.08634689932505529,2.1279051848322847e-05,4057.835844403984,0.5990122050835239,1.004991841105668,0.5557312655776792,0.581521754009168,22.860900033265352,145.6346429500756,,False,-1.0,,,,113.53680002503097,tpf_only
350,0.1,35,calibrated,load,9.338461538461539,True,0.5607924041405239,0.5658020615128336,1.0049915090188644,False,60.0,1275.0,21.25,0.006640757722554791,0.0003624094219921007,0.005212557691371763,0.012973937611829908,0.08634544782192231,2.1279051848322847e-05,4057.767631631003,0.5591548195409407,1.0049915090188644,0.6173065361998316,0.6709966212266936,140.33500000368804,141.31598796967793,,False,-1.0,,,,114.05930004548281,no_solution
350,0.1,35,calibrated,load,9.615384615384615,True,0.5137659099133456,0.5187764515213416,1.004991176931812,False,60.0,10186.0,169.76666666666668,0.07762432714673906,0.0025542349865397625,0.03478800883038479,0.06830782186759327,0.08634399631874078,2.1279051848322847e-05,4057.69941885574,0.44680060661518345,1.004991176931812,0.6699283335029734,1.5029385915599172,1211.1184999812394,137.24608751615122,,False,-1.0,,,,110.85190006997436,no_solution
350,0.1,35,calibrated,load,9.892307692307693,False,,,,,,,,,,,,,,,,,,,,,,,,,,,,infeasible_base
350,0.1,35,fixed,load,0.2,True,1.0000024677520627,1.0,1.0,True,3.0,8.0,2.6666666666666665,5.034211714161074e-09,1.1507105017652618e-05,0.00025339689184187577,0.00031300000509471005,4.3338832426860993e-05,2.1279051848322847e-05,2.036690014939591,0.9999895625525966,1.0000000050342117,0.003591942209009983,0.024104867014946532,1.0392999975010753,495.98134329609326,5.034211714161074e-09,True,2.0,0.9999895575196162,1.0000000000000002,4.2319297790527344e-05,14.26640001591295,converged
350,0.1,35,fixed,load,0.47692307692307695,True,0.9926352136638146,1.0,1.0,True,3.0,8.0,2.6666666666666665,1.6119890200450016e-08,8.535111170069519e-05,0.0009591081900746219,0.002550526881760574,0.00013520675736585473,2.1279051848322847e-05,6.353984112149778,0.9999750793799594,1.0,0.006292051829950215,0.03836088153174189,1.1258000740781426,549.5104438320813,1.6119890200450016e-08,True,2.0,0.9999750954377947,1.0000000000000004,0.00013768672943115234,13.998499955050647,converged
350,0.1,35,fixed,load,0.7538461538461538,True,0.9843911418325715,1.0,1.0,True,3.0,10.0,3.3333333333333335,5.187982787813183e-07,0.00018575501317693297,0.0017355842736852009,0.005524891400035281,0.00024091756010303396,2.1279051848322847e-05,11.321818369554018,0.9999600880210057,1.0,0.016180559265184063,0.065721803301282,2.1089999936521053,614.7196267735459,5.187982787813183e-07,True,2.0,0.9999606063501878,1.0000000000000002,0.0002447366714477539,13.331800000742078,converged
350,0.1,35,fixed,load,1.0307692307692309,True,0.9760173742263505,1.0,1.0,True,4.0,13.0,3.25,3.412518678747034e-08,3.672577674348045e-06,0.002538618641347625,0.00012536977773769452,0.0003468638520722091,2.1279051848322847e-05,16.30071934335495,0.9999460562335146,1.0,0.026141007150399503,0.09581405864420862,2.012799959629774,695.2039243455054,3.412518678747034e-08,True,2.0,0.9999460902015406,1.0000000000000002,0.0003521442413330078,14.032200095243752,converged
350,0.1,35,fixed,load,1.3076923076923077,True,0.9675077435750642,1.0,1.0,True,4.0,14.0,3.5,1.3022731304435098e-07,7.172292798224534e-06,0.003369902721976086,0.0002441187794861504,0.00045304581292182313,2.1279051848322847e-05,21.290695476054818,0.9999314175191784,1.0,0.036161489433590155,0.12693354640821736,1.9560999935492873,795.5900568884003,1.3022731326639558e-07,True,2.0,0.9999315469364854,1.0000000000000002,0.0004596710205078125,13.342400081455708,converged
350,0.1,35,fixed,load,1.5846153846153845,True,0.9588555757962185,1.0,1.0,True,4.0,16.0,4.0,3.053227817240156e-07,1.1767781225226793e-05,0.004231297233791639,0.0003998396575637593,0.0005594646441000259,2.1279051848322847e-05,26.291803229198923,0.9999166721570041,1.0,0.0462275818683411,0.1586681296017923,2.6676999405026436,832.8039291028593,3.053227817240156e-07,True,2.0,0.9999169764995375,1.0000000000000002,0.0005675554275512695,14.157500001601875,converged
350,0.1,35,fixed,load,1.8615384615384616,True,0.9500536296215215,1.0,1.0,True,4.0,17.0,4.25,5.783416766602656e-07,1.742587157411772e-05,0.005124831646419479,0.0005913746743525699,0.0006661200903941813,2.1279051848322847e-05,31.304030609177868,0.999901806113581,1.0,0.05636667519490825,0.19087724220887253,2.3111000191420317,708.9157413024341,5.783430327976902e-07,True,3.0,0.99990237883328,1.0000000000000004,0.0006754398345947266,15.630400041118264,converged
350,0.1,35,fixed,load,2.138461538461539,True,0.9410940266291051,1.0,1.0,True,5.0,20.0,4.0,4.0408145940418194e-08,1.2363558482462499e-05,0.006052752927365418,0.0004260260816919018,0.000773012072514528,2.1279051848322847e-05,36.32737388980302,0.9998877140901133,1.0,0.06656478317495328,0.22350575835431416,3.0380000825971365,617.1137028603921,4.040814560735129e-08,True,3.0,0.9998877538839649,1.0000000000000004,0.0007838010787963867,14.689599978737533,converged
350,0.1,35,fixed,load,2.4153846153846157,True,0.9319681697576518,1.0,1.0,True,5.0,20.0,4.0,8.030457354646359e-08,1.635285773012223e-05,0.007017541141696703,0.0005642397420226673,0.0008801419563994777,2.1279051848322847e-05,41.361897262769624,0.9998730226811036,1.0,0.07682063012050937,0.2565278970438742,2.5927999522536993,546.3618133604746,8.030457354646359e-08,True,3.0,0.9998731015946501,1.0000000000000002,0.0008924007415771484,15.440099989064038,converged
350,0.1,35,fixed,load,2.6923076923076925,True,0.9226666479512001,1.0,1.0,True,5.0,22.0,4.4,1.5295765998235566e-07,2.0927863662282653e-05,0.008021966273575019,0.0007204357780511472,0.0009875097160185057,2.1279051848322847e-05,46.40759950478425,0.9998582718086327,1.0,0.0871498351395558,0.28993544628070467,2.9832000145688653,490.16459827196866,1.5295765998235566e-07,True,3.0,0.9998584219090829,1.0000000000000002,0.0010012388229370117,15.038699959404767,converged
350,0.1,35,fixed,load,2.9692307692307693,True,0.9131791237764887,1.0,1.0,True,5.0,23.0,4.6,1.5542747378027855e-07,2.6034483195867573e-05,0.0090690681936722,0.0008940051271611523,0.0011051612197257102,2.1279051848322847e-05,51.93658193059085,0.9998435606361622,1.0,0.09753197873031726,0.32372759187824013,3.072999999858439,444.44976527251043,1.5542747378027855e-07,True,3.0,0.9998437147708323,1.0000000000000004,0.001120448112487793,13.894799980334938,converged
350,0.1,35,fixed,load,3.2461538461538466,True,0.9034942003844302,1.0,1.0,True,5.0,24.0,4.8,2.3510160895856558e-07,3.1209005011999034e-05,0.01016227873587438,0.001084052358211207,0.0012543191267368916,2.1279051848322847e-05,58.94619439238565,0.9998287471829549,1.0,0.10797312962366369,0.35790699084648286,3.186299931257963,406.5346194198791,2.3510160895856558e-07,True,3.0,0.9998289801233097,1.0000000000000002,0.0012710094451904297,15.317299985326827,converged
350,0.1,35,fixed,load,3.5230769230769234,True,0.8935992626910576,1.0,1.0,True,5.0,26.0,5.2,2.649556267719788e-07,3.6864846515088744e-05,0.011305452165737851,0.0012895313992625076,0.0014121629427664478,2.1279051848322847e-05,66.36399745779794,0.9998140353020442,1.0,0.1184725449913663,0.3924797385362509,3.451900091022253,374.5799331772685,2.649556267719788e-07,True,3.0,0.9998142179097711,1.0000000000000002,0.0014301538467407227,15.635900082997978,converged
350,0.1,35,fixed,load,3.8000000000000003,True,0.8834802866820975,1.0,1.0,True,5.0,27.0,5.4,3.5329220671176387e-07,4.259850027702388e-05,0.012502900661295084,0.001509291376291593,0.001579119839418138,2.1279051848322847e-05,74.21006587483829,0.9997992244633218,1.0,0.12908401207928558,0.42745386571584826,3.5984000423923135,347.28261011171867,3.533301414782031e-07,True,3.0,0.9997994280732989,1.0000000000000002,0.0015987157821655273,14.572599902749062,converged
350,0.1,35,fixed,load,4.0769230769230775,True,0.8731216083665209,1.0,1.0,True,5.0,28.0,5.6,4.6090184857572325e-07,4.848679323860453e-05,0.013759534770512007,0.0017417967522701887,0.0017556407088693067,2.1279051848322847e-05,82.50558912979392,0.9997844036999157,1.0,0.13971674807415976,0.4628385231598159,3.559799981303513,323.6936026324321,4.6090184857572325e-07,True,3.0,0.9997846105568116,1.0000000000000002,0.0017768144607543945,15.299399965442717,converged
350,0.1,35,fixed,load,4.353846153846154,True,0.8625056417065298,1.0,1.0,True,5.0,29.0,5.8,6.14335872728411e-07,5.4440972244231216e-05,0.015080937275035521,0.00198530860254852,0.00194220486956565,2.1279051848322847e-05,91.27309258935468,0.9997694185227499,1.0,0.15040892305316642,0.4986434038784088,3.9483000291511416,303.1053169526308,6.143358729504556e-07,True,3.0,0.9997697653030677,1.0000000000000002,0.0019649267196655273,15.258200000971556,converged
350,0.1,35,fixed,load,4.630769230769231,True,0.8516125307286794,1.0,1.0,True,5.0,30.0,6.0,7.493740800113002e-07,6.0357880156823894e-05,0.01647353225585924,0.002237675672137441,0.002139318481965883,2.1279051848322847e-05,100.5363630492069,0.999754553948304,1.0,0.1688138738502013,0.5348807776740949,3.6479999544098973,284.97941759998173,7.493740800113002e-07,True,3.0,0.999754892254648,1.0000000000000004,0.0021636486053466797,14.948599971830845,converged
350,0.1,35,fixed,load,4.907692307692308,True,0.8404197163271848,1.0,1.0,True,5.0,31.0,6.2,9.198636724550013e-07,6.605758848468705e-05,0.017944650495345733,0.0024963438566619665,0.002347520901107834,2.1279051848322847e-05,110.32074727017776,0.9997395736852752,1.0,0.17206492531367654,0.5715624421562704,3.7109999684616923,268.8990742871301,9.198958108580513e-07,True,3.0,0.9997399913539805,1.0000000000000004,0.0023734569549560547,14.97930008918047,converged
350,0.1,35,fixed,load,5.184615384615385,True,0.828901390340329,1.0,1.0,True,6.0,35.0,5.833333333333333,1.324319340856306e-07,6.487074091391977e-06,0.019502862553048464,0.0004731734398045911,0.002568524322545106,2.1279051848322847e-05,120.70670915478547,0.9997251944626685,1.000000132431934,0.18295419847342895,0.608697934221014,4.381000064313412,254.53651245577004,1.3243446561617134e-07,True,3.0,0.9997250625433179,1.0000000000000004,0.002595067024230957,17.102699959650636,converged
350,0.1,35,fixed,load,5.461538461538462,True,0.8170277992226043,1.0,1.0,True,6.0,37.0,6.166666666666667,2.433372934262934e-07,6.5560000525423994e-06,0.021158207269405524,0.0005319464973637297,0.002800953984763559,2.1279051848322847e-05,131.62964236981838,0.9997103477469356,1.0000002433372934,0.19390443506472071,0.6463058535024612,4.502599942497909,241.6304357678719,2.433372937593603e-07,True,3.0,0.9997101057647451,1.0000000000000004,0.002828836441040039,14.7763000568375,converged
350,0.1,35,fixed,load,5.7384615384615385,True,0.8047643428106246,1.0,1.0,True,6.0,37.0,6.166666666666667,3.7377300166063776e-07,6.220431571166078e-06,0.02292244834912724,0.0005895510287468454,0.003046344672090871,2.1279051848322847e-05,143.16167345261556,0.9996954922358893,1.0000003737730017,0.21151620759790835,0.6843982684539296,4.803800024092197,229.9699857844357,3.7377300188268237e-07,True,3.0,0.9996951209601744,1.0000000000000002,0.0030754804611206055,15.186999924480915,converged
350,0.1,35,fixed,load,6.015384615384616,True,0.7920703898541643,1.0,1.0,True,6.0,38.0,6.333333333333333,5.540765770639666e-07,5.051369990595857e-06,0.024809667505558214,0.0006435680684816174,0.0033053875143072655,2.1279051848322847e-05,155.33528175353294,0.9996806579052929,1.000000554076577,0.21611934185860726,0.7229901944329584,4.931699950248003,219.38313221891175,5.540765770639666e-07,True,3.0,0.999680108071362,1.0000000000000002,0.0033359527587890625,14.812499983236194,converged
350,0.1,35,fixed,load,6.292307692307693,True,0.7788976926246591,1.0,1.0,True,6.0,40.0,6.666666666666667,8.025671580647042e-07,5.212002638388458e-06,0.026836868703364183,0.000691878739919492,0.0035788179958395217,2.1279051848322847e-05,168.18503105069476,0.9996658627581143,1.000000802567158,0.22727247656232397,0.7620973451791415,6.38869998510927,209.72812884497438,8.025671581757265e-07,True,3.0,0.9996650670398793,1.0000000000000004,0.003610849380493164,15.578599995933473,converged
350,0.1,35,fixed,load,6.56923076923077,True,0.7651882213276108,1.0,1.0,True,7.0,42.0,6.0,1.017541813030931e-07,4.399596286995816e-06,0.02902462949225903,0.000383298043530616,0.0038675054311291795,2.1279051848322847e-05,181.75177440690362,0.9996500724004241,1.0000001017541813,0.23848608095094684,0.8017340727520836,6.239300011657178,200.88713043933137,1.0175485365415682e-07,True,3.0,0.9996499978071292,1.0000000000000004,0.003900885581970215,15.8547000028193,converged
350,0.1,35,fixed,load,6.846153846153847,True,0.7508711356918939,1.0,1.0,True,7.0,45.0,6.428571428571429,2.6965426602743037e-07,5.19812758504155e-06,0.031398606176767256,0.0003936675156109763,0.004172082379642561,2.1279051848322847e-05,196.06523868550056,0.9996351645854824,1.000000269654266,0.2554733923414634,0.8419223237357956,6.413200055249035,192.76135887099892,2.6965426624947497e-07,True,3.0,0.9996349003143562,1.0000000000000002,0.00420689582824707,16.198200057260692,converged
350,0.1,35,fixed,load,7.1230769230769235,True,0.7358584313660105,1.0,1.0,True,7.0,46.0,6.571428571428571,3.3479250971524266e-07,5.119783889712697e-06,0.03399087710549152,0.0003921432925936426,0.004493528701252817,2.1279051848322847e-05,211.17147198487532,0.9996201015433293,1.0000003347925097,0.2612726100620954,0.8826772098625952,6.597899948246777,185.26739675506374,3.3479250971524266e-07,True,3.0,0.9996197745026126,1.0000000000000004,0.004529714584350586,14.649400021880865,converged
350,0.1,35,fixed,load,7.4,True,0.7200384751607638,1.0,1.0,True,7.0,48.0,6.857142857142857,4.1289372121333656e-07,5.804932674738223e-06,0.036842832209017094,0.00037590906805534,0.004832784526825089,2.1279051848322847e-05,227.11465535556724,0.9996050220895083,1.0000004128937212,0.2726929520378715,0.9240183296241421,6.103199906647205,178.33431330061228,4.1289372132435886e-07,True,3.0,0.9996046203127964,1.0000000000000004,0.004870295524597168,16.115800011903048,converged
350,0.1,35,fixed,load,7.676923076923077,True,0.7032660237263807,1.0,1.0,True,7.0,50.0,7.142857142857143,2.9631895315240797e-07,7.0360604689968456e-06,0.04000860624536454,0.0003466192024542654,0.005190859066542763,2.1279051848322847e-05,243.9422162013244,0.9995897295662277,1.0000002963189532,0.28904719700887727,0.9659645855880191,7.347900071181357,171.90141221962827,2.9631895315240797e-07,True,4.0,0.999589437685616,1.0000000000000004,0.005229830741882324,16.055000014603138,converged
350,0.1,35,fixed,load,7.953846153846155,True,0.6853460582131977,1.0,1.0,True,7.0,52.0,7.428571428571429,2.0316105620032943e-07,8.49055139891243e-06,0.04356140962772587,0.0003016097084168093,0.005568805037672643,2.1279051848322847e-05,261.7036265227936,0.999570661121365,1.0000002031610562,0.2959126483934153,1.0085384309485699,7.350499974563718,165.91645009205902,2.0316105620032943e-07,True,4.0,0.9995704780361225,1.0000000000000004,0.005609035491943359,15.583300031721592,converged
350,0.1,35,fixed,load,8.23076923076923,True,0.6660059868160565,1.0,1.0,True,7.0,56.0,8.0,2.6833583910423897e-07,1.3277564488732682e-05,0.04760418038872939,0.0002390783013536529,0.005967777309568641,2.1279051848322847e-05,280.4531589145502,0.9995508644365888,1.0000001160407417,0.307541509513983,1.0517620006485207,7.071699947118759,160.33421438802714,2.6833583899321667e-07,True,4.0,0.9995509528163657,1.0000000000000004,0.006009459495544434,16.875799978151917,converged
350,0.1,35,fixed,load,8.507692307692308,True,0.6448439772462005,1.0,1.0,True,7.0,58.0,8.285714285714286,1.1343532313468074e-07,1.2810137855071165e-05,0.052287277770862874,0.00013731390322736849,0.006388980429071635,2.1279051848322847e-05,300.2474205435613,0.999531010198545,1.0000001134353231,0.32344282028553584,1.0956572818180936,7.167799980379641,155.1153791999901,1.1343532291263614e-07,True,4.0,0.999531047681977,1.0000000000000004,0.006431937217712402,16.484700026921928,converged
350,0.1,35,fixed,load,8.784615384615384,True,0.6212222373368761,1.0,1.0,True,7.0,62.0,8.857142857142858,3.8811864544463504e-07,1.7237447551945405e-05,0.05784578573390864,0.00023692441429508208,0.006833718804950974,2.1279051848322847e-05,321.1477115456903,0.9995103829145809,1.0000000409206495,0.33119959289775136,1.1402491056778665,7.557600038126111,150.2255774038433,3.881223672452805e-07,True,4.0,0.99951075409953,1.0000000000000002,0.006878018379211426,15.55979996919632,converged
350,0.1,35,fixed,load,9.061538461538461,True,0.5940101734419172,1.0,1.0,True,8.0,67.0,8.375,3.197408775523769e-07,4.719313184207071e-06,0.06468018355743776,0.00030254239171106,0.007303093583038321,2.1279051848322847e-05,343.20577980141206,0.99948978269594,1.0,0.34303815514747693,1.1855653607809238,8.043800015002489,145.6346429500756,3.197408775523769e-07,True,4.0,0.9994900633075171,1.0000000000000004,0.007349252700805664,16.69610000681132,converged
350,0.1,35,fixed,load,9.338461538461539,True,0.5607924041405239,1.0,1.0,True,8.0,74.0,9.25,7.888370224806707e-07,4.762626787287929e-06,0.07357121374399403,0.0004544042789440169,0.007799127094544455,2.1279051848322847e-05,366.5166639066749,0.9994683949716276,1.0,0.3586175952311435,1.2316278140365813,9.24809998832643,141.31598796967793,7.888370224806707e-07,True,4.0,0.9994689663090782,1.0000000000000002,0.007846593856811523,15.94339997973293,converged
350,0.1,35,fixed,load,9.615384615384615,True,0.5137659099133456,1.0,1.0,True,8.0,88.0,11.0,5.024768980899097e-07,8.950347612623545e-06,0.08646186446720054,0.0006967128959581724,0.008323128569581263,2.1279051848322847e-05,391.1418905742865,0.9994470243160164,1.0,0.3671374077019201,1.2784678393417062,9.847600013017654,137.24608751615122,5.024768979788874e-07,True,4.0,0.999447453864434,1.0000000000000004,0.00837242603302002,15.27700002770871,converged
350,0.1,35,fixed,load,9.892307692307693,False,,,,,,,,,,,,,,,,,,,,,,,,,,,,infeasible_base
350,0.1,35,fixed,load,10.169230769230769,False,,,,,,,,,,,,,,,,,,,,,,,,,,,,infeasible_base
350,0.1,35,fixed,load,10.446153846153846,False,,,,,,,,,,,,,,,,,,,,,,,,,,,,infeasible_base
350,0.25,88,calibrated,load,0.2,True,1.0000008370481335,1.0050008370481334,1.0057619982205421,True,3.0,8.0,2.6666666666666665,2.487269208373277e-07,2.1186652107675676e-06,0.005012435869498153,0.00238371295476774,0.08638889887251243,8.463259257855678e-06,10207.521268159833,1.0025052813456725,1.0057617563262378,0.007066490107133497,0.13171931575863977,1.823800033889711,1395.6131493484504,2.4872692105937233e-07,True,4.0,1.0025054025403877,1.005761998220542,0.08639419078826904,15.295599936507642,converged
350,0.25,88,calibrated,load,0.47692307692307695,True,0.9926405551342964,0.9976415051123112,1.0050005049679318,True,3.0,8.0,2.6666666666666665,2.48714806083683e-07,5.416350054045622e-06,0.005014056157756714,0.002210435555727385,0.08638744758234557,8.463259257855678e-06,10207.3497869228,0.9976403533905595,1.0050002562531257,0.0064326366609885055,0.13185729688667305,1.33200001437217,1894.5831035078747,2.487148058616384e-07,True,3.0,0.9976405763100662,1.0050005049679316,0.08639419078826904,16.641100053675473,converged
350,0.25,88,calibrated,load,0.7538461538461538,True,0.9843969569275213,0.9893978752540326,1.0050001728874818,True,3.0,9.0,3.0,2.4870269266230594e-07,8.852736526042493e-06,0.005016069149360363,0.0020330661995251664,0.08638599629211208,8.463259257855678e-06,10207.178305677895,0.9893967821588469,1.0049999241847891,0.012813614678797929,0.13234603056742944,1.4578000409528613,1750.5878509713166,2.4870269266230594e-07,True,5.0,0.989396961568366,1.0050001728874818,0.08639419078826904,16.969599993899465,converged
350,0.25,88,calibrated,load,1.0307692307692309,True,0.9760232935599022,0.9810243969018775,1.0049998408067828,True,3.0,9.0,3.0,2.4869057857479504e-07,1.244000396551638e-05,0.0050181084283370675,0.001851410867820807,0.08638454500183099,8.463259257855678e-06,10207.006824427366,0.981023211786626,1.0049995921162043,0.020964343806106255,0.13321568574229437,1.6002999618649483,1280.2806671282763,2.4869057857479504e-07,True,6.0,0.981023300014621,1.0049998408067828,0.08639395236968994,18.535600043833256,converged
350,0.25,88,calibrated,load,1.3076923076923077,True,0.9675137719157239,0.9725148849636838,1.0049995087258352,True,3.0,10.0,3.3333333333333335,2.4624100380954417e-07,1.6189492387787746e-05,0.00502017475193582,0.0016652618880383192,0.08638313614778134,8.463259257855678e-06,10206.84035734811,0.9725138537468422,1.0049992624848314,0.028410696210838415,0.13449918569096778,1.5761000104248524,1009.1624082069943,2.4624100380954417e-07,True,7.0,0.9725137802488563,1.0049995087258352,0.08639395236968994,18.947499920614064,converged
350,0.25,88,calibrated,load,1.5846153846153845,True,0.9588617182824068,0.9638628413755859,1.0049991766446387,True,3.0,12.0,4.0,4.3066438104588656e-07,2.003270292329095e-05,0.00502226893106688,0.0014743969276830786,0.08638168485461949,8.463259257855678e-06,10206.668875757196,0.9638621592276959,1.0049989316466137,0.03653182853383433,0.1362318522937982,1.8518000142648816,832.8039291028593,4.3066491328680456e-07,True,8.0,0.9638617285627826,1.0049991766446384,0.08639395236968994,21.414099959656596,converged
350,0.25,88,calibrated,load,1.8615384615384616,True,0.9500598918035779,0.9550610253036435,1.0049988445631939,True,3.0,12.0,4.0,9.217258254423655e-07,2.403226673131495e-05,0.005024391791470705,0.0012785823528378547,0.08638023356141289,8.463259257855678e-06,10206.497394160995,0.9550608258316472,1.0049985995770447,0.045541603813374604,0.13845153661366508,1.9248999888077378,708.9157413024341,9.217268965855396e-07,True,8.0,0.9550599041047506,1.004998844563194,0.08639395236968994,21.872000070288777,converged
350,0.25,88,calibrated,load,2.138461538461539,True,0.9411004145177394,0.9461015588110584,1.0049985124815002,True,4.0,14.0,3.5,2.3232359258607005e-08,8.004129537945447e-07,0.0050265442210778045,0.00010279638228662686,0.08638300452204818,8.463259257855678e-06,10206.82480474253,0.946100410517744,1.0049985100259733,0.054323055346230754,0.14120326497544783,2.7010999619960785,617.1137028603921,2.3232359147584702e-08,True,9.0,0.9461004289184717,1.0049985124815017,0.08639395236968994,21.828799974173307,converged
350,0.25,88,calibrated,load,2.4153846153846157,True,0.9319746898800974,0.9369758453803217,1.0049981803995576,True,4.0,14.0,3.5,3.9420458231020916e-08,1.0733876453918876e-06,0.005028727147244044,0.00013032701845200093,0.08638155302265181,8.463259257855678e-06,10206.653298783402,0.9369746775942737,1.0049981779441892,0.06296192643615557,0.14451666749882144,2.3849999997764826,546.3618133604746,3.942045834204322e-08,True,9.0,0.9369747064649233,1.0049981803995576,0.08639383316040039,21.593399927951396,converged
350,0.25,88,calibrated,load,2.6923076923076925,True,0.9226733074165755,0.9276744745675978,1.0049978483173665,True,4.0,15.0,3.75,8.19409491370493e-08,1.4031226355593202e-06,0.005030941584515406,0.00016385658153772828,0.08638010131376603,8.463259257855678e-06,10206.481768071468,0.9276732502821822,1.0049978458500042,0.0723266801649452,0.14843773425248433,2.781699993647635,490.16459827196866,8.1940949026027e-08,True,9.0,0.9276733262764388,1.0049978483173678,0.08639383316040039,25.12370003387332,converged
350,0.25,88,calibrated,load,2.9692307692307693,True,0.9131859303524507,0.918187109631807,1.0049975162349265,True,4.0,16.0,4.0,1.402476607070824e-07,1.8232726489942336e-06,0.005033188513804798,0.00020482859943013877,0.0863786502352544,8.463259257855678e-06,10206.31031184315,0.9181858228131452,1.0049975137920262,0.0825948767267845,0.15300603500566612,2.5586000410839915,444.44976527251043,1.402476608181047e-07,True,10.0,0.9181859515854457,1.0049975162349265,0.08639383316040039,23.23749999050051,converged
350,0.25,88,calibrated,load,3.2461538461538466,True,0.9035011625874463,0.9085023545102479,1.0049971841522378,True,4.0,16.0,4.0,2.2184379377954144e-07,2.3281665918084633e-06,0.005035469032108545,0.00025408893465245035,0.0863771987356962,8.463259257855678e-06,10206.138805864899,0.9085009867709887,1.0049971817094954,0.09274089780444923,0.1582594833140915,2.508100005798042,406.5346194198791,2.2184379411260835e-07,True,10.0,0.9085011862996729,1.004997184152238,0.08639383316040039,22.416799911297858,converged
350,0.25,88,calibrated,load,3.5230769230769234,True,0.893606389893599,0.8986075950171044,1.0049968520693007,True,4.0,17.0,4.25,3.5101830253569943e-07,2.9432489728010986e-06,0.00503778426805142,0.0003133553692151721,0.08637574723399694,8.463259257855678e-06,10205.967299633667,0.898606105852378,1.004996849626595,0.10287051712239344,0.16423400987992726,2.6048999279737473,374.5799331772685,3.5101830253569943e-07,True,10.0,0.8986064162001616,1.0049968520693007,0.08639383316040039,23.11169996391982,converged
350,0.25,88,calibrated,load,3.8000000000000003,True,0.8834875892406829,0.8884888081696445,1.0049965199861146,True,4.0,19.0,4.75,7.416868385012876e-07,3.6636898126051738e-06,0.00504013546501892,0.0003840619309055485,0.08637429573434066,8.463259257855678e-06,10205.795793643829,0.888486876851774,1.0049965175557476,0.11382177208722308,0.1709638348974794,2.463500015437603,347.28261011171867,,False,-1.0,,,,114.18429994955659,tpf_only
350,0.25,88,calibrated,load,4.0769230769230775,True,0.8731290977760195,0.8781303311689785,1.0049961879026799,True,5.0,21.0,4.2,1.832237039867124e-08,2.3331850817231674e-06,0.00504252377017122,0.0002474156461734026,0.08637288612042149,8.463259257855678e-06,10205.629236780069,0.8781291234589452,1.0049961878783227,0.12576844645187912,0.17848169638647507,3.344799974001944,323.6936026324321,,False,-1.0,,,,107.6241999398917,tpf_only
350,0.25,88,calibrated,load,4.353846153846154,True,0.8625133307875595,0.8675145793643112,1.0049958558189964,True,5.0,22.0,4.4,2.8709011612448876e-08,2.850502594479374e-06,0.0050449504890478685,0.00030286292587266894,0.0863714346179511,8.463259257855678e-06,10205.457730457721,0.8675133487805753,1.0049958557946415,0.13775445442444115,0.1868223747700376,2.7450999477878213,303.1053169526308,,False,-1.0,,,,107.45490004774183,tpf_only
350,0.25,88,calibrated,load,4.630769230769231,True,0.8516204338575015,0.856621698408016,1.0049955237350643,True,5.0,24.0,4.8,1.0348777079727256e-07,3.468615174638821e-06,0.0050474169235399345,0.00036987621966450804,0.0863699831175104,8.463259257855678e-06,10205.286224375197,0.8566205490539486,1.004995523710831,0.14991162973483943,0.19602199401420028,2.736099995672703,284.97941759998173,,False,-1.0,,,,108.77060005441308,tpf_only
350,0.25,88,calibrated,load,4.907692307692308,True,0.8404278497205105,0.8454291311156866,1.0049951916508835,True,5.0,25.0,5.0,1.6836271476972087e-07,4.208299946552769e-06,0.005049924508709344,0.0004507262378826662,0.08636853161493338,8.463259257855678e-06,10205.11471804025,0.8454280104451066,1.0049951916266522,0.1630533395161741,0.20612219035903748,2.711299923248589,268.8990742871301,,False,-1.0,,,,107.0348999928683,tpf_only
350,0.25,88,calibrated,load,5.184615384615385,True,0.8289097724123995,0.8339110716171523,1.0049948595664537,True,5.0,26.0,5.2,2.76768521434434e-07,5.097947179158037e-06,0.005052474396859497,0.0005490183467208031,0.08636708011230496,8.463259257855678e-06,10204.94321169923,0.8339100044094799,1.0049948595422242,0.17739421521704757,0.2171722015435281,2.88159993942827,254.53651245577004,,False,-1.0,,,,100.52940004970878,tpf_only
350,0.25,88,calibrated,load,5.461538461538462,True,0.8170364510384478,0.8220377691278049,1.0049945274817755,True,5.0,27.0,5.4,7.305279894342931e-07,6.179469435258568e-06,0.005055067909009064,0.0006689104695924217,0.08636562860962989,8.463259257855678e-06,10204.771705352698,0.8220372228940593,1.0049945274576688,0.1916726141111214,0.22923199199491265,3.6461999407038093,241.6304357678719,,False,-1.0,,,,106.26149992458522,tpf_only
350,0.25,88,calibrated,load,5.7384615384615385,True,0.8047732886699556,0.8097746268490893,1.0049941953968484,True,6.0,31.0,5.166666666666667,6.932553053839996e-08,1.1998646640206624e-06,0.005057706331237981,0.00016825028284901095,0.08636417752235792,8.463259257855678e-06,10204.600248089277,0.809773410790301,1.0049941953966068,0.2071233684714043,0.24237691541948742,3.8305000634863973,229.9699857844357,,False,-1.0,,,,109.78329996578395,tpf_only
350,0.25,88,calibrated,load,6.015384615384616,True,0.7920796580555742,0.7970810176850666,1.0049938633116728,True,6.0,34.0,5.666666666666667,1.2276734273619638e-07,1.6572305226099065e-06,0.005060390397449566,0.00022803562313886578,0.08636272601957146,8.463259257855678e-06,10204.428741729584,0.7970796559491301,1.0049938633114326,0.2240179874224082,0.25669924861868126,3.696200088597834,219.38313221891175,,False,-1.0,,,,105.68080004304647,tpf_only
350,0.25,88,calibrated,load,6.292307692307693,True,0.7789073164845873,0.7839086991127755,1.0049935312262481,True,6.0,35.0,5.833333333333333,2.2855073289473893e-07,2.3072777381392038e-06,0.005063120737693257,0.00030997921003221096,0.086361274516706,8.463259257855678e-06,10204.257235360556,0.7839072789615236,1.0049935312260079,0.24122913823276088,0.2723165056161135,4.034300101920962,209.72812884497438,,False,-1.0,,,,108.91860001720488,tpf_only
350,0.25,88,calibrated,load,6.56923076923077,True,0.7651982405680768,0.7701996479731879,1.0049931991405752,True,6.0,38.0,6.333333333333333,7.815014628764771e-07,3.238625910904021e-06,0.005065897509028262,0.0004242062400433369,0.08635982301380436,8.463259257855678e-06,10204.085728987253,0.7701975473851873,1.0049931991403362,0.26041902087347724,0.2893776892505624,4.279599990695715,200.88713043933137,,False,-1.0,,,,112.12639999575913,tpf_only
350,0.25,88,calibrated,load,6.846153846153847,True,0.7508815983771323,0.7558830326232683,1.0049928670546533,True,7.0,43.0,6.142857142857143,1.1648156350574368e-07,2.691529292212243e-06,0.00506871931966983,0.0003421616371717952,0.08635837151496299,8.463259257855678e-06,10203.914223093701,0.7558816938620008,1.004992867054651,0.2803522432613594,0.3080711624011911,5.247499910183251,192.76135887099892,,False,-1.0,,,,110.26990006212145,tpf_only
350,0.25,88,calibrated,load,7.1230769230769235,True,0.7358693966844312,0.7408708601977121,1.0049925349684827,True,7.0,48.0,6.857142857142857,2.678673898248718e-07,3.947466273758614e-06,0.005071583782475494,0.000487096230671493,0.08635692001195473,8.463259257855678e-06,10203.7427167078,0.7408695126655035,1.0049925349684803,0.3026376603835204,0.32864401724227543,5.620300071313977,185.26739675506374,,False,-1.0,,,,109.24380004871637,tpf_only
350,0.25,88,calibrated,load,7.4,True,0.7200500175605726,0.7250515132355937,1.0049922028820635,True,8.0,53.0,6.625,8.371145521213208e-08,2.1033299139323675e-06,0.005074484992320529,0.00025639426632828686,0.08635546850893504,8.463259257855678e-06,10203.571210320548,0.7250501862577078,1.0049922028820633,0.3262753756936504,0.3514183940955529,6.405199994333088,178.33431330061228,,False,-1.0,,,,108.89299993868917,tpf_only
350,0.25,88,calibrated,load,7.676923076923077,True,0.7032782393243003,0.7082797706779946,1.0049918707953955,True,8.0,59.0,7.375,3.170437219424116e-07,3.5764209817161485e-06,0.005077413073286508,0.0004274101317939576,0.0863540170058268,8.463259257855678e-06,10203.399703922834,0.7082783944983122,1.0049918707953955,0.3527672065276004,0.3768274652371395,7.3448000475764275,171.90141221962827,,False,-1.0,,,,109.16800005361438,tpf_only
350,0.25,88,calibrated,load,7.953846153846155,True,0.6853590752505855,0.6903606466539091,1.0049915387084785,True,9.0,71.0,7.888888888888889,2.3068431986850158e-07,4.035217721974515e-06,0.005080349106277026,0.0004789611890687182,0.08635256550266432,8.463259257855678e-06,10203.22819751871,0.6903590624514511,1.0049915387084785,0.3822409753060449,0.4054700012897637,7.765599992126226,165.91645009205902,,False,-1.0,,,,110.70740001741797,tpf_only
350,0.25,88,calibrated,load,8.23076923076923,True,0.6660199838711617,0.671021600916453,1.004991206621313,True,10.0,84.0,8.4,2.6235748784575463e-07,3.924003862177183e-06,0.0050832587888060094,0.0004718886131937674,0.08635111399945422,8.463259257855678e-06,10203.056691108959,0.6710203221477136,1.004991206621313,0.41551147350944545,0.43820757659554993,11.185399955138564,160.33421438802714,,False,-1.0,,,,110.64590001478791,tpf_only
350,0.25,88,calibrated,load,8.507692307692308,True,0.6448592178114837,0.649860887935661,1.004990874533899,True,12.0,107.0,8.916666666666666,2.828561354029091e-07,3.86989539157972e-06,0.0050860770042571255,0.00046939063414433424,0.0863496624962013,8.463259257855678e-06,10202.885184694149,0.6498596223804644,1.004990874533899,0.4541210622199967,0.4763448958714092,11.350899934768677,155.1153791999901,,False,-1.0,,,,107.39149991422892,tpf_only
350,0.25,88,calibrated,load,8.784615384615384,True,0.6212391437790205,0.6262408774232304,1.004990542446236,True,15.0,152.0,10.133333333333333,5.190057371651235e-07,4.971484070354267e-06,0.005088671534124157,0.0006315743408205537,0.08634821099288646,8.463259257855678e-06,10202.713678272024,0.6262387601921795,1.004990542446236,0.49959493977631647,0.5220115813117329,15.277299913577735,150.2255774038433,,False,-1.0,,,,105.78969994094223,tpf_only
350,0.25,88,calibrated,load,9.061538461538461,True,0.5940295159461457,0.5990313290272246,1.0049902103583244,True,24.0,288.0,12.0,6.463409022439137e-07,6.0206299753166146e-06,0.0050907432703527575,0.0007198565318206136,0.08634675948952786,8.463259257855678e-06,10202.542171844727,0.5990303149509598,1.0049902103583244,0.5558620452548383,0.5790862146314504,30.484699993394315,145.6346429500756,,False,-1.0,,,,108.67129999678582,tpf_only
350,0.25,88,calibrated,load,9.338461538461539,True,0.560815952780735,0.5658178732783027,1.004989878270164,False,60.0,3868.0,64.46666666666667,0.021270912739165704,0.0005470849107684522,0.01751233186518489,0.057626119903146956,0.08634530798612261,8.463259257855678e-06,10202.370665411918,0.5870871052082925,1.004989878270164,0.6792083788200195,0.620544773246069,479.59829994942993,141.31598796967793,,False,-1.0,,,,110.99600000306964,no_solution
350,0.25,88,calibrated,load,9.615384615384615,True,0.5138009416652066,0.5188030379682225,1.0049895461817548,False,60.0,9825.0,163.75,0.07628895002573832,0.0006690256461574524,0.02173193870680622,0.04098581312126397,0.08634385648265928,8.463259257855678e-06,10202.199158972247,0.59509134572453,1.0049895461817548,1.0004705018047495,0.6448164042193513,1092.5141000188887,137.24608751615122,,False,-1.0,,,,109.27519993856549,no_solution
350,0.25,88,calibrated,load,9.892307692307693,False,,,,,,,,,,,,,,,,,,,,,,,,,,,,infeasible_base
350,0.25,88,fixed,load,0.2,True,1.0000008370481335,1.0,1.0,True,3.0,8.0,2.6666666666666665,5.824547288924009e-09,9.175442487396553e-06,0.00019992624262658683,0.000402886660790311,2.937304389124258e-05,8.463259257855678e-06,3.470653916690339,0.9999937782418555,1.0000000058245473,0.003588376567774119,0.015593612381315635,1.0937999468296766,1395.6131493484504,5.824547288924009e-09,True,2.0,0.9999937724188374,1.0000000000000002,3.039836883544922e-05,13.567299931310117,converged
350,0.25,88,fixed,load,0.47692307692307695,True,0.9926405551342964,1.0,1.0,True,3.0,8.0,2.6666666666666665,2.392499531822523e-08,2.5180998808138e-05,0.0006606446355216271,0.002388781040178217,9.563556014044621e-05,8.463259257855678e-06,11.300086317416824,0.9999851229048604,1.0,0.006271411487888922,0.027442461595370032,1.2278000358492136,1894.5831035078747,2.392499764969358e-08,True,2.0,0.9999851467324996,1.0000000000000004,9.810924530029297e-05,14.474399969913065,converged
350,0.25,88,fixed,load,0.7538461538461538,True,0.9843969569275213,1.0,1.0,True,3.0,10.0,3.3333333333333335,5.699110925405648e-07,5.437551822828368e-05,0.0011363114774821468,0.005287802669518679,0.00016212388511417793,8.463259257855678e-06,19.15619977772665,0.9999759299911208,1.0,0.01616205319025436,0.046978886146712605,1.5407000901177526,1750.5878509713166,5.699111578216787e-07,True,2.0,0.9999764991132736,1.0000000000000002,0.00016582012176513672,13.86319997254759,converged
350,0.25,88,fixed,load,1.0307692307692309,True,0.9760232935599022,1.0,1.0,True,4.0,13.0,3.25,3.6258954394519094e-08,1.1989593428463604e-06,0.0016278300813093425,0.00013492294804616213,0.00022883851605301966,8.463259257855678e-06,27.039053050467476,0.9999677935022485,1.0,0.026121129514600397,0.06805209095440919,2.534099970944226,1280.2806671282763,3.625895428349679e-08,True,2.0,0.9999678295158545,1.0000000000000004,0.0002340078353881836,14.635700033977628,converged
350,0.25,88,fixed,load,1.3076923076923077,True,0.9675137719157239,1.0,1.0,True,4.0,14.0,3.5,1.369756102986841e-07,2.294450039529016e-06,0.002136185573988875,0.00026021002289449265,0.0002957795959198259,8.463259257855678e-06,34.94866302781407,0.9999590021630717,1.0,0.03613929536378445,0.08973481543271741,2.0897999638691545,1009.1624082069943,1.369756102986841e-07,True,2.0,0.9999591378948481,1.0000000000000002,0.00030243396759033203,15.34479996189475,converged
350,0.25,88,fixed,load,1.5846153846153845,True,0.9588617182824068,1.0,1.0,True,4.0,16.0,4.0,3.1965644431419804e-07,3.7132194434623663e-06,0.0026624591282593028,0.0004244153791323138,0.0003629481008114186,8.463259257855678e-06,42.88514504320859,0.9999501060319965,1.0,0.04620257532273415,0.1118011551083615,2.917399979196489,832.8039291028593,3.1965644431419804e-07,True,2.0,0.9999504242047761,1.0000000000000002,0.00037097930908203125,15.49320004414767,converged
350,0.25,88,fixed,load,1.8615384615384616,True,0.9500598918035779,1.0,1.0,True,4.0,17.0,4.25,6.044739878641181e-07,5.438015387453506e-06,0.0032078271553873878,0.0006265272547176025,0.00043034396607137467,8.463259257855678e-06,50.84849145699103,0.9999410899878846,1.0,0.056338413445696664,0.13417399585221707,2.857399987988174,708.9157413024341,6.044754053968759e-07,True,3.0,0.9999416883986235,1.0000000000000002,0.0004398822784423828,15.150699997320771,converged
350,0.25,88,fixed,load,2.138461538461539,True,0.9411004145177394,1.0,1.0,True,5.0,20.0,4.0,4.1919586579730606e-08,3.7838603710520487e-06,0.003773588683926959,0.00045093204147029657,0.0004979671487197409,8.463259257855678e-06,58.83869719074517,0.9999328894390992,1.0,0.06653287098744834,0.15682423865477826,3.0854999786242843,617.1137028603921,4.1919586357686e-08,True,3.0,0.999932930432296,1.0000000000000004,0.0005089044570922852,14.883499941788614,converged
350,0.25,88,fixed,load,2.4153846153846157,True,0.9319746898800974,1.0,1.0,True,5.0,20.0,4.0,8.33625933838178e-08,4.9456151755167056e-06,0.004361173505895464,0.0005972523470913306,0.0005658188357866249,8.463259257855678e-06,66.85590250132375,0.9999240689925518,1.0,0.07678470659424214,0.179738689280609,2.7043999871239066,546.3618133604746,8.336259327279549e-08,True,3.0,0.9999241502591762,1.0000000000000004,0.0005781650543212891,14.573600026778877,converged
350,0.25,88,fixed,load,2.6923076923076925,True,0.9226733074165755,1.0,1.0,True,5.0,22.0,4.4,1.5907616135457658e-07,6.227867400837842e-06,0.004972173467054946,0.000763040198529461,0.000633899063808492,8.463259257855678e-06,74.90011170579477,0.9999151930665888,1.0,0.08710954112122073,0.20291478434894536,3.105000010691583,490.16459827196866,1.5907616124355428e-07,True,3.0,0.9999153478331834,1.0000000000000004,0.000647425651550293,14.655299950391054,converged
350,0.25,88,fixed,load,2.9692307692307693,True,0.9131859303524507,1.0,1.0,True,5.0,23.0,4.6,1.6095187993503401e-07,7.620246464705687e-06,0.0056083304245041505,0.000947837438844191,0.0007022095376690567,8.463259257855678e-06,82.97152624944806,0.9999063640787851,1.0,0.09748696648133884,0.2263541933298523,3.056799992918968,444.44976527251043,1.6095187993503401e-07,True,3.0,0.9999065231081155,1.0000000000000004,0.0007171630859375,15.443300013430417,converged
350,0.25,88,fixed,load,3.2461538461538466,True,0.9035011625874463,1.0,1.0,True,5.0,24.0,4.8,2.438555992689828e-07,9.10580144535076e-06,0.006271603608082952,0.0011509252987753074,0.0007843786404007817,8.463259257855678e-06,92.68044573640043,0.9998974353986622,1.0,0.10792297332099085,0.2500605477216444,3.3543999306857586,406.5346194198791,2.438555990469382e-07,True,3.0,0.9998976760376426,1.0000000000000004,0.0008009672164916992,15.127399936318398,converged
350,0.25,88,fixed,load,3.5230769230769234,True,0.893606389893599,1.0,1.0,True,5.0,25.0,5.0,2.7662885992985053e-07,1.0669177748015412e-05,0.00696417705661422,0.0013714900858443147,0.0008833547067034765,8.463259257855678e-06,104.37523887544131,0.9998886177101225,1.0,0.11841683984868859,0.27403966157837295,4.396099946461618,374.5799331772685,2.7662885992985053e-07,True,3.0,0.9998888065753142,1.0000000000000002,0.0009012222290039062,14.958100044168532,converged
350,0.25,88,fixed,load,3.8000000000000003,True,0.8834875892406829,1.0,1.0,True,5.0,27.0,5.4,3.7100083327690214e-07,1.238671351698066e-05,0.0076885170839422826,0.0016085331482948448,0.0009880167831873266,8.463259257855678e-06,116.74187840461582,0.999879703899769,1.0,0.12902231347801354,0.2982985928692474,3.560700104571879,347.28261011171867,3.7100083316587984e-07,True,3.0,0.9998799146745518,1.0000000000000004,0.0010074377059936523,16.65320002939552,converged
350,0.25,88,fixed,load,4.0769230769230775,True,0.8731290977760195,1.0,1.0,True,5.0,27.0,5.4,4.825522315066166e-07,1.430063436807011e-05,0.008447369630595378,0.0018608600382887502,0.0010985854910020424,8.463259257855678e-06,129.80643243113755,0.9998707843928986,1.0,0.1396486988676987,0.3228451259699188,4.3889000080525875,323.6936026324321,4.825547968989596e-07,True,3.0,0.9998710002886525,1.0000000000000004,0.001119375228881836,15.510499943047762,converged
350,0.25,88,fixed,load,4.353846153846154,True,0.8625133307875595,1.0,1.0,True,5.0,29.0,5.8,6.465335973260267e-07,1.631410171075344e-05,0.00924387563769992,0.0021270488924141732,0.0012152932690637824,8.463259257855678e-06,143.59636542337228,0.9998617010988499,1.0,0.15033405548593096,0.34768741653606533,3.845199942588806,303.1053169526308,6.465372902608735e-07,True,3.0,0.9998620633707865,1.0000000000000004,0.001237630844116211,15.265700058080256,converged
350,0.25,88,fixed,load,4.630769230769231,True,0.8516204338575015,1.0,1.0,True,5.0,29.0,5.8,7.995889906853293e-07,1.829411871741435e-05,0.010081603788489293,0.0024053578115762544,0.0013383825809565523,8.463259257855678e-06,158.1403263422721,0.9998527475111757,1.0,0.16873100323901674,0.3728354659471205,4.161800025030971,284.97941759998173,7.995939093063953e-07,True,3.0,0.9998531038739964,1.0000000000000002,0.0013619661331176758,14.75520001258701,converged
350,0.25,88,fixed,load,4.907692307692308,True,0.8404278497205105,1.0,1.0,True,5.0,31.0,6.2,9.87127612317451e-07,2.026771948034626e-05,0.010964673041149519,0.002693328822482702,0.0014681086776590136,8.463259257855678e-06,173.46847507906617,0.9998436755363893,1.0,0.1719748040265509,0.3982989770256896,5.063900025561452,268.8990742871301,9.871322801391358e-07,True,3.0,0.9998441217511991,1.0000000000000004,0.001493215560913086,15.54179994855076,converged
350,0.25,88,fixed,load,5.184615384615385,True,0.8289097724123995,1.0,1.0,True,6.0,35.0,5.833333333333333,1.438960766098063e-07,7.988140207033798e-07,0.011897760155512036,0.0005137327197897693,0.0016049938479287564,8.463259257855678e-06,189.6425241184696,0.9998352600228143,1.0000001438960766,0.18285580754433073,0.42408642465037555,4.64200007263571,254.53651245577004,1.4389638613998557e-07,True,3.0,0.9998351169551836,1.0000000000000002,0.0016313791275024414,14.377000043168664,converged
350,0.25,88,fixed,load,5.461538461538462,True,0.8170364510384478,1.0,1.0,True,6.0,36.0,6.0,2.6417779741549907e-07,1.009193563725144e-06,0.012886358907399127,0.0005819966765856395,0.0017488571057417903,8.463259257855678e-06,206.64108855208286,0.9998263514669368,1.0000002641777974,0.19379730759616517,0.45021182696713097,4.4908999698236585,241.6304357678719,2.6417779741549907e-07,True,3.0,0.9998260894386121,1.0000000000000002,0.001776576042175293,15.376899973489344,converged
350,0.25,88,fixed,load,5.7384615384615385,True,0.8047732886699556,1.0,1.0,True,6.0,37.0,6.166666666666667,4.0649607702114565e-07,1.506081670383487e-06,0.013936910840682598,0.0006509816332825643,0.0019001990255653734,8.463259257855678e-06,224.52331515208996,0.999817441722178,1.000000406496077,0.21139836815171598,0.47668552979544504,4.552299971692264,229.9699857844357,4.0649607702114565e-07,True,3.0,0.9998170391540157,1.0000000000000004,0.0019294023513793945,16.166600049473345,converged
350,0.25,88,fixed,load,6.015384615384616,True,0.7920796580555742,1.0,1.0,True,6.0,38.0,6.333333333333333,6.046127536407653e-07,1.7976131553392688e-06,0.015056944880772067,0.000718771326877105,0.0020593271888092743,8.463259257855678e-06,243.32554705774697,0.9998085640143598,1.0000006046127536,0.21599294161798846,0.5035197758351643,5.111099919304252,219.38313221891175,6.046127538628099e-07,True,3.0,0.9998079660538001,1.0000000000000002,0.002089858055114746,15.791400102898479,converged
350,0.25,88,fixed,load,6.292307692307693,True,0.7789073164845873,1.0,1.0,True,6.0,39.0,6.5,8.804272579876482e-07,1.943661333782115e-06,0.016255501220615805,0.0007837073341565757,0.002226564072331228,8.463259257855678e-06,263.08588742150494,0.999799739773349,1.000000880427258,0.2271354942386967,0.5307273925708391,5.2986000664532185,209.72812884497438,8.804272579876482e-07,True,3.0,0.9997988700902383,1.0000000000000004,0.0022586584091186523,14.704699977301061,converged
350,0.25,88,fixed,load,6.56923076923077,True,0.7651982405680768,1.0,1.0,True,7.0,42.0,6.0,1.2502102908484858e-07,1.4137732387937402e-06,0.01754351531847393,0.00044322299236552835,0.002402179811566608,8.463259257855678e-06,283.8362548490857,0.9997898583721407,1.000000125021029,0.23833798327054997,0.5583200543952488,5.4938000394031405,200.88713043933137,1.2502205581910175e-07,True,3.0,0.9997897512154768,1.0000000000000004,0.0024355649948120117,15.569700044579804,converged
350,0.25,88,fixed,load,6.846153846153847,True,0.7508815983771323,1.0,1.0,True,7.0,45.0,6.428571428571429,2.958426141841386e-07,1.6130921115057798e-06,0.0189341883917461,0.00046724781670831465,0.002586628911407964,8.463259257855678e-06,305.6303526335945,0.9997808971719375,1.0000002958426142,0.2553121357020283,0.5863155509773831,5.4345999378710985,192.76135887099892,2.958426141841386e-07,True,3.0,0.9997806093815277,1.0000000000000002,0.0026214122772216797,15.126499929465353,converged
350,0.25,88,fixed,load,7.1230769230769235,True,0.7358693966844312,1.0,1.0,True,7.0,46.0,6.571428571428571,3.9385823891180394e-07,1.7350533654905276e-06,0.020444049681717223,0.000482230685022019,0.0027802413608237907,8.463259257855678e-06,328.507171541879,0.99977182628572,1.000000393858239,0.26110017008033737,0.6147265375867517,5.710700061172247,185.26739675506374,3.9385823902282624e-07,True,3.0,0.9997714445402769,1.0000000000000004,0.002816438674926758,14.959300053305924,converged
350,0.25,88,fixed,load,7.4,True,0.7200500175605726,1.0,1.0,True,7.0,47.0,6.714285714285714,5.039798829375997e-07,1.946713252584414e-06,0.022093737285477567,0.00048620454660681223,0.002983404170278847,8.463259257855678e-06,352.5124398746999,0.9997627430852588,1.000000503979883,0.27250756436867724,0.6435689436549917,5.8636999456211925,178.33431330061228,5.03979883048622e-07,True,3.0,0.9997622566434774,1.0000000000000002,0.0030208826065063477,15.358300064690411,converged
350,0.25,88,fixed,load,7.676923076923077,True,0.7032782393243003,1.0,1.0,True,7.0,50.0,7.142857142857143,3.710711447002524e-07,2.448901104887754e-06,0.023909971679154998,0.0004733008881349603,0.0031965266852578365,8.463259257855678e-06,377.6945249893875,0.9997534089317008,1.0000003710711447,0.2888464356664461,0.6728583934173471,6.721599958837032,171.90141221962827,3.710711448112747e-07,True,3.0,0.9997530456427506,1.0000000000000004,0.0032355785369873047,15.018199919722974,converged
350,0.25,88,fixed,load,7.953846153846155,True,0.6853590752505855,1.0,1.0,True,7.0,52.0,7.428571428571429,2.0306532344527284e-07,2.681578533125724e-06,0.025927692473317502,0.000447493669604479,0.003420034789150598,8.463259257855678e-06,404.1037483255744,0.9997437841738652,1.0000002030653234,0.2956987353233067,0.7026136676696698,6.444500060752034,165.91645009205902,2.0306762793520505e-07,True,4.0,0.9997438114895845,1.0000000000000004,0.0034602880477905273,15.675799921154976,converged
350,0.25,88,fixed,load,8.23076923076923,True,0.6660199838711617,1.0,1.0,True,7.0,57.0,8.142857142857142,2.013299358338827e-07,2.8132268368383296e-06,0.028194324488535205,0.00040943840917882237,0.003654380908870858,8.463259257855678e-06,431.7935676469827,0.9997343904518701,1.0000002013299358,0.3073122465788944,0.7328516849527116,6.902899942360818,160.33421438802714,2.0133236311448144e-07,True,4.0,0.9997345541353375,1.0000000000000004,0.0036962032318115234,17.157600028440356,converged
350,0.25,88,fixed,load,8.507692307692308,True,0.6448592178114837,1.0,1.0,True,7.0,59.0,8.428571428571429,2.099895304308319e-07,2.978425580142639e-06,0.03077640151727655,0.00034365628509979497,0.003900034138224292,8.463259257855678e-06,460.8194100404337,0.999719732754763,1.0000002099895304,0.32319624476161674,0.7635924634208615,7.705099997110665,155.1153791999901,2.099895304308319e-07,True,4.0,0.9997195485007139,1.0000000000000004,0.003943324089050293,16.698599909432232,converged
350,0.25,88,fixed,load,8.784615384615384,True,0.6212391437790205,1.0,1.0,True,7.0,60.0,8.571428571428571,1.8521720912545447e-07,3.6600285544479937e-06,0.03377181454889878,0.0002440404821786111,0.004157483063977674,8.463259257855678e-06,491.23900583792926,0.9997016477552735,1.0000001852172091,0.3309370698664356,0.7948540122025949,6.872700061649084,150.2255774038433,1.8521720890340987e-07,True,4.0,0.9997015109401843,1.0000000000000004,0.00420224666595459,15.567799913696945,converged
350,0.25,88,fixed,load,9.061538461538461,True,0.5940295159461457,1.0,1.0,True,7.0,62.0,8.857142857142858,3.6303184947072964e-07,5.289912669881126e-06,0.037333862974016176,0.00016051582368281154,0.004427257886395861,8.463259257855678e-06,523.1150023303892,0.9996825460232197,1.0000000923871575,0.34275789643973575,0.8266596880484945,7.669700076803565,145.6346429500756,3.6303184935970734e-07,True,4.0,0.9996826476731082,1.0000000000000004,0.004473328590393066,15.59830002952367,converged
350,0.25,88,fixed,load,9.338461538461539,True,0.560815952780735,1.0,1.0,True,8.0,70.0,8.75,6.209292493508656e-07,7.771607446075428e-07,0.041724666899571716,0.0003261735765493809,0.00470992924137482,8.463259257855678e-06,556.5148245934944,0.9996625952025945,1.0,0.35831775271286537,0.8590329411927395,8.498299983330071,141.31598796967793,6.20929249128821e-07,True,4.0,0.9996629242350001,1.0000000000000004,0.004757523536682129,15.489900019019842,converged
350,0.25,88,fixed,load,9.615384615384615,True,0.5138009416652066,1.0,1.0,True,8.0,77.0,9.625,5.473763659002984e-07,8.833398738845861e-07,0.0474590906862859,0.000489891225091126,0.0050060894667038475,8.463259257855678e-06,591.5084619506542,0.9996418789498561,1.0,0.36681870895591306,0.8919932058530082,9.491999982856214,137.24608751615122,5.473770284813995e-07,True,4.0,0.9996423044366395,1.0000000000000004,0.005055069923400879,15.534000005573034,converged
350,0.25,88,fixed,load,9.892307692307693,False,,,,,,,,,,,,,,,,,,,,,,,,,,,,infeasible_base
350,0.25,88,fixed,load,10.169230769230769,False,,,,,,,,,,,,,,,,,,,,,,,,,,,,infeasible_base
350,0.25,88,fixed,load,10.446153846153846,False,,,,,,,,,,,,,,,,,,,,,,,,,,,,infeasible_base
350,0.5,175,calibrated,load,0.2,True,1.0000003016832173,1.0050003016832172,1.0057424126180465,True,3.0,8.0,2.6666666666666665,2.487271868467644e-07,2.0888336314007655e-06,0.00501243855963957,0.002253661514336421,0.0863888529645188,4.255810369664569e-06,20299.037189320945,1.0033408533599508,1.0057421700106035,0.0070649879589922545,0.09822239868088789,1.4193999813869596,3426.8575994947314,2.487271868467644e-07,True,4.0,1.00334101630209,1.0057424126180468,0.08639419078826904,13.9357999432832,converged
350,0.5,175,calibrated,load,0.47692307692307695,True,0.9926215587088382,0.9976221042540141,1.0049999696025702,True,3.0,8.0,2.6666666666666665,2.487150720931197e-07,5.203769043372695e-06,0.005012357256070061,0.0018972276438031675,0.08638740167425675,4.255810369664569e-06,20298.69617547493,0.9976213439873184,1.0049997208874981,0.0064267195062157395,0.098365895086222,1.3277000980451703,2767.058216051436,2.487150720931197e-07,True,3.0,0.9976215615965494,1.0049999696025702,0.08639419078826904,14.660999993793666,converged
350,0.5,175,calibrated,load,0.7538461538461538,True,0.9843772518692853,0.9893778019843416,1.0049996375216745,True,3.0,9.0,3.0,2.487029577835642e-07,8.436554790388334e-06,0.005012275952406097,0.001533103530894197,0.0863859503839376,4.255810369664569e-06,20298.355161615505,0.9893771065364516,1.0049993888187168,0.012829810208604752,0.09897659890097207,1.6120999353006482,1750.5878509713166,2.487029580056088e-07,True,5.0,0.9893772565103158,1.0049996375216748,0.08639395236968994,15.879499958828092,converged
350,0.5,175,calibrated,load,1.0307692307692309,True,0.9760032372492654,0.9810037920851512,1.0049993054405302,True,3.0,9.0,3.0,2.486908439180979e-07,1.1798078346606297e-05,0.005012194648647278,0.0011609480152138722,0.08638449909356224,4.255810369664569e-06,20298.014147742873,0.9810032383485257,1.0049990567496863,0.020988359865523762,0.10009432097895343,1.5069999499246478,1280.2806671282763,2.486908439180979e-07,True,6.0,0.9810032437042486,1.0049993054405302,0.08639395236968994,17.27140008006245,converged
350,0.5,175,calibrated,load,1.3076923076923077,True,0.9674933465529356,0.9724939062699893,1.0049989733591371,True,3.0,10.0,3.3333333333333335,3.195800868383003e-07,1.5300492506824842e-05,0.005012113344793831,0.0007803991378109832,0.08638304780313265,4.255810369664569e-06,20297.673133857494,0.9724936731552779,1.004998725911265,0.028437014942411278,0.10176140383572527,1.6570000443607569,1009.1624082069943,3.19580086727278e-07,True,7.0,0.9724933548864183,1.0049989733591385,0.08639395236968994,18.424500012770295,converged
350,0.5,175,calibrated,load,1.5846153846153845,True,0.9588409045474188,0.9638414693162566,1.0049986412774954,True,3.0,12.0,4.0,8.887404924218245e-07,1.895758123225569e-05,0.005012032040845364,0.0005703355147540798,0.08638163894621936,4.255810369664569e-06,20297.342090697457,0.9638418035693572,1.004998396279211,0.036560735426316646,0.10402146661950584,1.9766000332310796,832.8039291028593,8.887411175884097e-07,True,8.0,0.9638409148282396,1.0049986412774954,0.08639395236968994,19.713699934072793,converged
350,0.5,175,calibrated,load,1.8615384615384616,True,0.9500386686694975,0.9550392386720186,1.0049983091956052,True,4.0,14.0,3.5,2.2127128795901285e-08,2.4372101121779105e-07,0.005011950736802436,0.00012678512968955575,0.0863844101151198,4.255810369664569e-06,20297.993240222397,0.9550386623216826,1.0049983067399155,0.0455745323272433,0.10692175954297149,2.418600022792816,708.9157413024341,2.212712857385668e-08,True,8.0,0.955038680971218,1.0049983091956052,0.08639395236968994,19.507399993017316,converged
350,0.5,175,calibrated,load,2.138461538461539,True,0.9410787590338683,0.9460793344643963,1.0049979771134658,True,4.0,14.0,3.5,3.970101380978974e-08,3.3412888427251534e-07,0.005011869432664434,0.00016730489841825113,0.08638295861567678,4.255810369664569e-06,20297.652177224532,0.9460787422331857,1.0049979746579347,0.05435754110329515,0.11049272760765025,2.4033000227063894,617.1137028603921,3.970101369876744e-08,True,9.0,0.9460787734352617,1.0049979771134656,0.08639383316040039,20.851400098763406,converged
350,0.5,175,calibrated,load,2.4153846153846157,True,0.9319525769182939,0.9369531579848762,1.0049976450310782,True,4.0,15.0,3.75,8.761170100513027e-08,4.433129321402349e-07,0.005011788128432025,0.00021759058012279223,0.08638150732776617,4.255810369664569e-06,20297.311163931045,0.9369525107042214,1.004997642587858,0.06299743119632281,0.11477230917739571,2.9727000510320067,546.3618133604746,8.761170022797415e-08,True,9.0,0.9369525935039047,1.0049976450310798,0.08639383316040039,23.171899956651032,converged
350,0.5,175,calibrated,load,2.6923076923076925,True,0.9226507093732805,0.927651296299176,1.0049973129484415,True,4.0,17.0,4.25,1.5309410017483316e-07,5.738731470209631e-07,0.005011706824104375,0.0002792567087694011,0.08638005582612308,4.255810369664569e-06,20296.970100416227,0.9276505853067577,1.0049973105052585,0.07236384945669187,0.11978637547243076,3.312499960884452,490.16459827196866,1.5309410028585546e-07,True,10.0,0.9276507282340652,1.0049973129484413,0.08639383316040039,21.659099962562323,converged
350,0.5,175,calibrated,load,2.9692307692307693,True,0.9131628167961175,0.9181634098215085,1.0049969808655563,True,4.0,17.0,4.25,2.5300280692697186e-07,7.285541711297184e-07,0.005011625519682372,0.0003541496465589674,0.08637860432652679,4.255810369664569e-06,20296.629037382347,0.9181626057159065,1.0049969784225314,0.08263453912470849,0.12555290790453963,2.7300999499857426,444.44976527251043,2.5300280670492725e-07,True,10.0,0.9181628380301851,1.0049969808655559,0.08639383316040039,21.63149998523295,converged
350,0.5,175,calibrated,load,3.2461538461538466,True,0.9034774998392048,0.9084780992231736,1.0049966487824222,True,4.0,17.0,4.25,4.0556376124101234e-07,9.105314596300928e-07,0.005011544215165297,0.0004445146672050564,0.08637715282686864,4.255810369664569e-06,20296.287974333933,0.908477157990231,1.0049966463395548,0.09278234101126613,0.13208317520433668,2.7129000518471003,406.5346194198791,4.0556376124101234e-07,True,10.0,0.9084775235526702,1.004996648782422,0.08639383316040039,23.100699996575713,converged
350,0.5,175,calibrated,load,3.5230769230769234,True,0.8935821405244952,0.8985827465473261,1.0049963166990394,True,4.0,19.0,4.75,8.597970934109966e-07,1.1235297249701726e-06,0.005011462910553534,0.00055306176411379,0.08637570132719333,4.255810369664569e-06,20295.946911281484,0.8985813071153498,1.0049963142685128,0.10291308259239666,0.1393842178365094,2.9975000070407987,374.5799331772685,8.598053334862854e-07,True,11.0,0.8985821668324826,1.0049963166990397,0.08639383316040039,24.942099931649864,converged
350,0.5,175,calibrated,load,3.8000000000000003,True,0.8834627114648461,0.8884633244307136,1.0049959846154082,True,5.0,22.0,4.4,2.086719641525292e-08,7.045907019358666e-07,0.005011381605847308,0.0003586133213837963,0.08637429171597975,4.255810369664569e-06,20295.615690881343,0.8884627377943597,1.0049959845910488,0.11386571594138752,0.14746122529730485,3.828900051303208,347.28261011171867,2.086719597116371e-08,True,11.0,0.8884627404926548,1.0049959846154084,0.08639359474182129,23.155199945904315,converged
350,0.5,175,calibrated,load,4.0769230769230775,True,0.8731035447117081,0.8781041649518448,1.004995652531528,True,5.0,22.0,4.4,3.339622012266119e-08,8.573079345472e-07,0.005011300301045894,0.0004429056921024288,0.0863728402134646,4.255810369664569e-06,20295.27462716161,0.878103565103355,1.004995652507171,0.12581530307888858,0.15632303661032126,3.4383999882265925,323.6936026324321,,False,-1.0,,,,105.27639999054372,tpf_only
350,0.5,175,calibrated,load,4.353846153846154,True,0.8624870495497208,0.867487677426173,1.004995320447399,True,5.0,24.0,4.8,1.1417175405092905e-07,1.0373553764065268e-06,0.005011218996149459,0.0005446539878559996,0.08637138871297534,4.255810369664569e-06,20294.933563917908,0.8674871730671153,1.0049953204231634,0.13780324265639127,0.16598217155878997,3.438299987465143,303.1053169526308,,False,-1.0,,,,103.08710008393973,tpf_only
350,0.5,175,calibrated,load,4.630769230769231,True,0.8515933644319447,0.8565940003420603,1.0049949883630216,True,5.0,24.0,4.8,1.8856500261232867e-07,1.2472753817521096e-06,0.005011137691159008,0.0006673386220157256,0.08636993721036121,4.255810369664569e-06,20294.592500174916,0.8565935427277044,1.004994988338788,0.14996215572015464,0.17645933692939078,3.347399993799627,284.97941759998173,,False,-1.0,,,,101.2398999882862,tpf_only
350,0.5,175,calibrated,load,4.907692307692308,True,0.8403999235525207,0.8454005679343605,1.0049946562783951,True,5.0,26.0,5.2,3.125695821060148e-07,1.497335380065698e-06,0.005011056386072922,0.0008156526024961888,0.0863684857076909,4.255810369664569e-06,20294.251436418726,0.8454001879917241,1.0049946562541636,0.16310613767145954,0.18778502220533316,3.5457001067698,268.8990742871301,,False,-1.0,,,,101.37940000277013,tpf_only
350,0.5,175,calibrated,load,5.184615384615385,True,0.8288809106155299,0.8338815639544521,1.0049943241935202,True,5.0,28.0,5.6,8.149939435542208e-07,1.7978828680556612e-06,0.005010975080892818,0.0009961441691876626,0.08636703420497108,4.255810369664569e-06,20293.910372650906,0.833881764132744,1.004994324169411,0.17744991614452846,0.20000168062686918,4.243899951688945,254.53651245577004,,False,-1.0,,,,102.80029999557883,tpf_only
350,0.5,175,calibrated,load,5.461538461538462,True,0.8170065620915857,0.8220072249283445,1.0049939921083966,True,6.0,31.0,5.166666666666667,6.117912754177723e-08,2.6601104641989543e-07,0.005010893775617579,0.00022786096001442598,0.08636558311770007,4.255810369664569e-06,20293.569406502284,0.8220066720281523,1.004993992108155,0.19173155183771542,0.2131671985147413,4.550199955701828,241.6304357678719,,False,-1.0,,,,104.35609996784478,tpf_only
350,0.5,175,calibrated,load,5.7384615384615385,True,0.8047422654112546,0.8097429383520811,1.0049936600230243,True,6.0,34.0,5.666666666666667,1.2624889700330044e-07,3.585038679752171e-07,0.0050108124702478215,0.00030839592531606985,0.08636413161486696,4.255810369664569e-06,20293.22834270784,0.8097422492621432,1.0049936600227838,0.20718493254153453,0.22735464208777525,4.569899989292026,229.9699857844357,,False,-1.0,,,,103.1267000362277,tpf_only
350,0.5,175,calibrated,load,6.015384615384616,True,0.7920473736933155,0.7970480574226301,1.004993327937403,True,6.0,35.0,5.833333333333333,2.3407628668703495e-07,4.836288330056498e-07,0.005010731164783099,0.0004179332608966702,0.08636268011196628,4.255810369664569e-06,20292.887278897517,0.7970473130243748,1.0049933279371626,0.22408337824713587,0.24265900051842892,4.726800019852817,219.38313221891175,,False,-1.0,,,,100.73890001513064,tpf_only
350,0.5,175,calibrated,load,6.292307692307693,True,0.7788736192010003,0.7838743144976913,1.0049929958515331,True,6.0,37.0,6.166666666666667,7.712455397657081e-07,6.556797188110653e-07,0.0050106498592236886,0.0005687399250862988,0.08636122860901227,4.255810369664569e-06,20292.546215074668,0.7838729270145672,1.0049929958512938,0.2412981570413202,0.25920081421277297,4.829899989999831,209.72812884497438,,False,-1.0,,,,103.90920005738735,tpf_only
350,0.5,175,calibrated,load,6.56923076923077,True,0.7651629460589666,0.7701636538175933,1.0049926637654147,True,7.0,44.0,6.285714285714286,1.0554857021727315e-07,5.109219570640364e-07,0.005010568553569645,0.0004475047744200565,0.08635977711013951,4.255810369664569e-06,20292.205152210798,0.7701630454508629,1.0049926637654125,0.260491596118674,0.27713104576712083,5.791999981738627,200.88713043933137,,False,-1.0,,,,101.74040007404983,tpf_only
350,0.5,175,calibrated,load,6.846153846153847,True,0.7508444792750416,0.7558452005340116,1.0049923316790472,True,7.0,46.0,6.571428571428571,2.2806958388521537e-07,7.122851350487305e-07,0.005010487247820356,0.0006272464192219139,0.08635832560708365,4.255810369664569e-06,20291.864088364015,0.7558446078236519,1.0049923316790448,0.2804301794158238,0.29664536709976547,5.799500038847327,192.76135887099892,,False,-1.0,,,,102.96149994246662,tpf_only
350,0.5,175,calibrated,load,7.1230769230769235,True,0.7358301671121606,0.7408309030920551,1.0049919995924312,True,7.0,50.0,7.142857142857143,9.844255397517543e-07,1.0064536024242708e-06,0.005010405941976658,0.0008910716538846128,0.0863568741039792,4.255810369664569e-06,20291.523024505812,0.7408311871679363,1.0049919995924288,0.3027215233525041,0.3179926091238356,7.945599965751171,185.26739675506374,,False,-1.0,,,,105.25849997065961,tpf_only
350,0.5,175,calibrated,load,7.4,True,0.7200083097664378,0.7250090619235977,1.0049916675055663,True,8.0,57.0,7.125,2.197741730824987e-07,5.148188457509599e-07,0.005010324636037658,0.00046900440488732974,0.08635542260086622,4.255810369664569e-06,20291.18196064561,0.725008401542255,1.0049916675055663,0.3263667866669357,0.341502454167578,8.672300027683377,178.33431330061228,,False,-1.0,,,,105.36909999791533,tpf_only
350,0.5,175,calibrated,load,7.676923076923077,True,0.7032335668063874,0.7082343369103733,1.004991335418453,True,9.0,67.0,7.444444444444445,1.258334110243453e-07,5.348706192661061e-07,0.00501024333000447,0.0004892188131456743,0.08635397109767042,4.255810369664569e-06,20290.84089676594,0.7082336146839526,1.004991335418453,0.3528653035973878,0.3676104365270815,10.89569996111095,171.90141221962827,,False,-1.0,,,,101.69260005932301,tpf_only
350,0.5,175,calibrated,load,7.953846153846155,True,0.68531077141771,0.6903115616679543,1.0049910033310907,True,10.0,76.0,7.6,3.6294502592237876e-07,4.3346877438427124e-07,0.005010162023876149,0.00040004375844879096,0.08635251959441556,4.255810369664569e-06,20290.4998328724,0.6903112351661546,1.0049910033310907,0.3823517410794131,0.396921931229477,10.334399994462729,165.91645009205902,,False,-1.0,,,,101.37419996317476,tpf_only
350,0.5,175,calibrated,load,8.23076923076923,True,0.6659670929875634,0.6709679061983655,1.00499067124348,True,11.0,95.0,8.636363636363637,1.662523231305002e-07,6.251703941693761e-07,0.005010080717653418,0.0005790833569583986,0.0863510680911198,4.255810369664569e-06,20290.158768969242,0.6709670578052176,1.0049906712434802,0.4156327426271576,0.4303052703947867,12.194199953228235,160.33421438802714,,False,-1.0,,,,104.24830007832497,tpf_only
350,0.5,175,calibrated,load,8.507692307692308,True,0.6448002833612271,0.6498011232756606,1.0049903391556205,True,13.0,123.0,9.461538461538462,2.2032818902673057e-07,6.603022470845807e-07,0.005009999411335994,0.0006067275746586369,0.08634961658777071,4.255810369664569e-06,20289.81770505356,0.6498001848026183,1.0049903391556205,0.4542604612380338,0.4690714725857618,16.29620010498911,155.1153791999901,,False,-1.0,,,,104.77209999226034,tpf_only
350,0.5,175,calibrated,load,8.784615384615384,True,0.6211717449792733,0.626172616853493,1.004990007067512,True,16.0,173.0,10.8125,5.016700604931756e-07,9.084025288454444e-07,0.005009918104923382,0.0007905053322371059,0.08634816508436356,4.255810369664569e-06,20289.476641124234,0.6261723820376403,1.004990007067512,0.49976501884678726,0.5153588527731059,21.625999943353236,150.2255774038433,,False,-1.0,,,,103.13639999367297,tpf_only
350,0.5,175,calibrated,load,9.061538461538461,True,0.5939490527657827,0.5989499646149413,1.004989674979155,True,25.0,314.0,12.56,8.325891236449223e-07,1.3612617961607346e-06,0.0050098367984160235,0.0011212473055125485,0.08634671358091735,4.255810369664569e-06,20289.135577185727,0.5989483729581287,1.004989674979155,0.5560658421714955,0.5730706199426513,40.44919996522367,145.6346429500756,,False,-1.0,,,,104.88230001647025,tpf_only
350,0.5,175,calibrated,load,9.338461538461539,True,0.5607113288805855,0.565712294802514,1.0049893428905492,False,60.0,2375.0,39.583333333333336,0.00046008082682924556,1.1572689645044723e-06,0.008809506292166256,0.0010179974360650544,0.08634526207741212,4.255810369664569e-06,20288.794513233355,0.5661715869187005,1.0049893428905492,0.6321412011445987,0.6499504913950971,293.8170999987051,141.31598796967793,,False,-1.0,,,,101.76699992734939,no_solution
350,0.5,175,calibrated,load,9.615384615384615,True,0.5136235913573323,0.5186246458698878,1.0049890108016948,False,60.0,9519.0,158.65,0.07345086199725664,0.0003687765301095524,0.009687485796108812,0.0530943129139729,0.08634381057386598,4.255810369664569e-06,20288.453449271365,0.4451737838726311,1.0049890108016948,0.5265220797344811,0.9885289419634948,1124.2796999868006,137.24608751615122,,False,-1.0,,,,103.53029996622354,no_solution
350,0.5,175,calibrated,load,9.892307692307693,False,,,,,,,,,,,,,,,,,,,,,,,,,,,,infeasible_base
350,0.5,175,fixed,load,0.2,True,1.0000003016832173,1.0,1.0,True,3.0,8.0,2.6666666666666665,6.57825660610456e-09,5.621244180185306e-06,6.0315517891784797e-05,0.000528755552234399,1.0073988446940239e-05,4.255810369664569e-06,2.367114032793299,0.9999984981528656,1.0000000065782566,0.0035507432668435593,0.009432959823557368,1.680699991993606,3426.8575994947314,6.57825660610456e-09,True,2.0,0.9999984959864997,1.0000000000000002,1.1086463928222656e-05,16.07270003296435,converged
350,0.5,175,fixed,load,0.47692307692307695,True,0.9926215587088382,1.0,1.0,True,3.0,8.0,2.6666666666666665,3.4468493725903215e-08,9.548152550769843e-06,0.00022690461089975035,0.0020639005371251525,3.688650798704728e-05,4.255810369664569e-06,8.667328847632506,0.9999963975430983,1.0,0.006301428167670518,0.01659816103803306,1.5303000109270215,2767.058216051436,3.446849705657229e-08,True,2.0,0.999996408530247,1.0000000000000004,3.933906555175781e-05,13.856099918484688,converged
350,0.5,175,fixed,load,0.7538461538461538,True,0.9843772518692853,1.0,1.0,True,3.0,11.0,3.6666666666666665,6.222309588688191e-07,2.5878074167518412e-05,0.0004002875671161873,0.004754553208642882,6.426212303595252e-05,4.255810369664569e-06,15.099855833336267,0.9999939669851902,1.0,0.01619307260536722,0.03011142805722794,1.982899964787066,1750.5878509713166,6.222321129456532e-07,True,2.0,0.9999942381132154,1.0000000000000002,6.818771362304688e-05,14.023000025190413,converged
350,0.5,175,fixed,load,1.0307692307692309,True,0.9760032372492654,1.0,1.0,True,4.0,13.0,3.25,3.9398052376071746e-08,2.0260175787167546e-07,0.0005788445067505673,0.00014612205411206847,9.609224304269513e-05,4.255810369664569e-06,22.57907065776261,0.9999919658321463,1.0,0.02615190904966611,0.04465808284917903,2.113300026394427,1280.2806671282763,3.9398052265049444e-08,True,2.0,0.99999198111581,1.0000000000000002,0.00010120868682861328,13.994800043292344,converged
350,0.5,175,fixed,load,1.3076923076923077,True,0.9674933465529356,1.0,1.0,True,4.0,14.0,3.5,1.4692967187368566e-07,3.894998659295414e-07,0.0007628732651416928,0.0002786645554119383,0.00013094346515391846,4.255810369664569e-06,30.768162530756523,0.9999895783054831,1.0,0.036169447697952904,0.05958798915420268,3.002900048159063,1009.1624082069943,1.4692967165164106e-07,True,2.0,0.9999896337923254,1.0000000000000004,0.00013768672943115234,14.641899964772165,converged
350,0.5,175,fixed,load,1.5846153846153845,True,0.9588409045474188,1.0,1.0,True,4.0,16.0,4.0,3.409930583453402e-07,6.37661398981718e-07,0.0009526989271244821,0.00045228917737345575,0.00016898460329084695,4.255810369664569e-06,39.70679814480687,0.9999870513885593,1.0,0.04623197394297896,0.07475995755106388,3.8056999910622835,832.8039291028593,3.409930583453402e-07,True,2.0,0.9999871922669965,1.0000000000000002,0.00017702579498291016,14.98189999256283,converged
350,0.5,175,fixed,load,1.8615384615384616,True,0.9500386686694975,1.0,1.0,True,4.0,17.0,4.25,6.432097582331764e-07,9.477926979140993e-07,0.0011486729840113217,0.0006662204637108501,0.00021034999248812446,4.255810369664569e-06,49.426542589279805,0.99998435869651,1.0,0.05636678577751345,0.09012921016442013,3.2676999690011144,708.9157413024341,6.432097582331764e-07,True,3.0,0.9999846501176487,1.0000000000000004,0.0002200603485107422,14.836299931630492,converged
350,0.5,175,fixed,load,2.138461538461539,True,0.9410787590338683,1.0,1.0,True,5.0,20.0,4.0,4.4455578995794554e-08,6.614583546094831e-07,0.0013511812303293245,0.0004792016592168532,0.0002553261754835942,4.255810369664569e-06,59.994725635230374,0.9999819879868574,1.0,0.0665600702982017,0.10568061016500137,3.81649995688349,617.1137028603921,4.445557877374995e-08,True,3.0,0.999982005685181,1.0000000000000004,0.00026619434356689453,14.892900013364851,converged
350,0.5,175,fixed,load,2.4153846153846157,True,0.9319525769182939,1.0,1.0,True,5.0,20.0,4.0,8.847722809957048e-08,8.810757173287273e-07,0.0015606454695525946,0.0006348536643281353,0.0003038743258928867,4.255810369664569e-06,71.40222413547933,0.9999792187463633,1.0,0.07681055240937198,0.12140835168607424,3.29220003914088,546.3618133604746,8.847722809957048e-08,True,3.0,0.9999792531590269,1.0000000000000002,0.0003161430358886719,15.364399994723499,converged
350,0.5,175,fixed,load,2.6923076923076925,True,0.9226507093732805,1.0,1.0,True,5.0,22.0,4.4,1.691653898072687e-07,1.1342138965856497e-06,0.001777532266082818,0.0008118310517487357,0.0003562351528058259,4.255810369664569e-06,83.70559819701349,0.9999763246835545,1.0,0.08713396769219627,0.13731310240561936,3.8216999964788556,490.16459827196866,1.691653898072687e-07,True,3.0,0.999976387557872,1.0000000000000007,0.0003699064254760742,15.667599975131452,converged
350,0.5,175,fixed,load,2.9692307692307693,True,0.9131628167961175,1.0,1.0,True,5.0,23.0,4.6,1.7118112505265515e-07,1.4180460502802768e-06,0.0020023479128163106,0.0010099046417828416,0.0004125811938725331,4.255810369664569e-06,96.94538948760811,0.9999733087547331,1.0,0.09750968833399415,0.15339801639931533,3.333900007419288,444.44976527251043,1.7118112527469975e-07,True,3.0,0.9999734036355223,1.0000000000000004,0.00042760372161865234,14.70780000090599,converged
350,0.5,175,fixed,load,3.2461538461538466,True,0.9034774998392048,1.0,1.0,True,5.0,24.0,4.8,2.6013824416804e-07,1.7368389296743017e-06,0.002235657924220313,0.0012286237762562109,0.00047309386450998135,4.255810369664569e-06,111.16422570944327,0.9999701475456836,1.0,0.10794377552470642,0.16966739008512227,3.7167000118643045,406.5346194198791,2.6013824416804e-07,True,3.0,0.999970295864468,1.0000000000000004,0.0004895925521850586,15.33200009725988,converged
350,0.5,175,fixed,load,3.5230769230769234,True,0.8935821405244952,1.0,1.0,True,5.0,25.0,5.0,2.9597218209609366e-07,2.090987198799965e-06,0.002478087387196781,0.0014674777679990496,0.0005379640200447773,4.255810369664569e-06,126.40695268740983,0.9999668545593862,1.0,0.11843552394501526,0.1861268882455558,3.7002000026404858,374.5799331772685,2.9597218209609366e-07,True,3.0,0.9999670584182904,1.0000000000000004,0.0005559921264648438,14.340099995024502,converged
350,0.5,175,fixed,load,3.8000000000000003,True,0.8834627114648461,1.0,1.0,True,5.0,27.0,5.4,3.990068722092843e-07,2.47992059814753e-06,0.002730336040964726,0.0017258313468924494,0.0006073930153273063,4.255810369664569e-06,142.72088334969195,0.9999633990288135,1.0,0.12903881054308294,0.20278299232305902,4.217199981212616,347.28261011171867,3.99006872098262e-07,True,3.0,0.9999636851527781,1.0000000000000004,0.0006268024444580078,14.65180004015565,converged
350,0.5,175,fixed,load,4.0769230769230775,True,0.8731035447117081,1.0,1.0,True,5.0,28.0,5.6,5.53405851477784e-07,2.9079283042687596e-06,0.002993175515313806,0.0020028739517261537,0.0006815925424017754,4.255810369664569e-06,160.15575958463032,0.9999597689099063,1.0,0.13966252565314766,0.21964246021255787,4.255500040017068,323.6936026324321,5.534058513667617e-07,True,3.0,0.9999601695856868,1.0000000000000004,0.0007025003433227539,15.013299998827279,converged
350,0.5,175,fixed,load,4.353846153846154,True,0.8624870495497208,1.0,1.0,True,5.0,29.0,5.8,7.083524531381613e-07,3.371951547991378e-06,0.0032674798626129197,0.002297657717612066,0.000760786205953601,4.255810369664569e-06,178.764122428125,0.9999559738247971,1.0,0.1503452132583431,0.23671314127790188,4.174400004558265,303.1053169526308,7.083565546350812e-07,True,3.0,0.9999565048750026,1.0000000000000002,0.0007832050323486328,15.689099906012416,converged
350,0.5,175,fixed,load,4.630769230769231,True,0.8515933644319447,1.0,1.0,True,5.0,29.0,5.8,8.828664238569317e-07,3.880912426342487e-06,0.003554231452958514,0.0026089873005418784,0.0008452101020785708,4.255810369664569e-06,198.60144805868967,0.9999519996784803,1.0,0.1687395869138022,0.2540029471400858,4.608799936249852,284.97941759998173,8.828664238569317e-07,True,3.0,0.9999526837956013,1.0000000000000004,0.0008690357208251953,15.566800022497773,converged
350,0.5,175,fixed,load,4.907692307692308,True,0.8403999235525207,1.0,1.0,True,6.0,34.0,5.666666666666667,9.249949028955484e-08,1.644690117215565e-07,0.003854551031478227,0.000492684304970557,0.0009355244737500324,4.255810369664569e-06,219.8228756662783,0.99994869417813,1.0000000924994903,0.17197913343339385,0.2715196098019386,5.389799945987761,268.8990742871301,9.249999477489723e-08,True,3.0,0.9999486987141646,1.0000000000000004,0.0009605884552001953,15.5123999575153,converged
350,0.5,175,fixed,load,5.184615384615385,True,0.8288809106155299,1.0,1.0,True,6.0,35.0,5.833333333333333,1.563802154436189e-07,2.2475329196722652e-07,0.004169695039813146,0.0005697342566357547,0.001031290589610504,4.255810369664569e-06,242.32531528226605,0.9999445454021275,1.0000001563802154,0.1828570825894939,0.2892732084226657,5.164100090041757,254.53651245577004,1.5638050954169813e-07,True,3.0,0.9999445415622024,1.0000000000000004,0.0010578632354736328,14.474900090135634,converged
350,0.5,175,fixed,load,5.461538461538462,True,0.8170065620915857,1.0,1.0,True,6.0,36.0,6.0,2.888443582094169e-07,3.104969306715784e-07,0.0045011198218972625,0.0006509607690015303,0.0011331024691645622,4.255810369664569e-06,266.24834537772654,0.9999402302261075,1.0000002888443582,0.193794762195752,0.30727271422834657,5.219100043177605,241.6304357678719,2.888443583204392e-07,True,3.0,0.9999402038070325,1.0000000000000002,0.0011608600616455078,15.540000051259995,converged
350,0.5,175,fixed,load,5.7384615384615385,True,0.8047422654112546,1.0,1.0,True,6.0,37.0,6.166666666666667,4.466238476830142e-07,4.157836770965083e-07,0.004850506834121781,0.0007354738148242639,0.0012412562153652198,4.255810369664569e-06,291.6615421149632,0.9999357327742541,1.0000004466238477,0.21139208678521712,0.3255279398808342,5.558199947699904,229.9699857844357,4.466238474609696e-07,True,3.0,0.999935676420531,1.0000000000000004,0.001270294189453125,14.751099981367588,converged
350,0.5,175,fixed,load,6.015384615384616,True,0.7920473736933155,1.0,1.0,True,6.0,39.0,6.5,6.740533338156496e-07,4.27957014311684e-07,0.005219790813808087,0.0008221034153862216,0.0013560675400333423,4.255810369664569e-06,318.6390892083436,0.9999310542399144,1.0000006740533338,0.21598171043673173,0.3440492663710403,5.788900074549019,219.38313221891175,6.740533338156496e-07,True,3.0,0.9999309498454718,1.0000000000000004,0.0013866424560546875,14.62919998448342,converged
350,0.5,175,fixed,load,6.292307692307693,True,0.7788736192010003,1.0,1.0,True,6.0,39.0,6.5,9.809327472520835e-07,4.950014289361144e-07,0.0056112523713928286,0.0009091309300051585,0.001477869415535964,4.255810369664569e-06,347.2592261324006,0.9999261878698408,1.0000009809327473,0.22711941607874178,0.3628475471881663,5.944200092926621,209.72812884497438,9.809327472520835e-07,True,3.0,0.9999260139592415,1.0000000000000004,0.0015099048614501953,15.78329992480576,converged
350,0.5,175,fixed,load,6.56923076923077,True,0.7651629460589666,1.0,1.0,True,7.0,42.0,6.0,1.6175377925975454e-07,4.198616510984768e-07,0.00602759385163138,0.0005250528521639361,0.0016070336799644013,4.255810369664569e-06,377.60932475265884,0.9999209280095854,1.0000001617537793,0.23831668319834687,0.38193275135246424,7.086000056006014,200.88713043933137,1.6175377937077684e-07,True,3.0,0.999920858034699,1.0000000000000004,0.0016404390335083008,14.965199981816113,converged
350,0.5,175,fixed,load,6.846153846153847,True,0.7508444792750416,1.0,1.0,True,7.0,46.0,6.571428571428571,2.798526277381086e-07,4.2561057077045996e-07,0.006472007820594867,0.0005665388598955665,0.001743881160803861,4.255810369664569e-06,409.76477082584597,0.9999155563584087,1.0000002798526277,0.255285334657511,0.4013194759545343,7.3269999120384455,192.76135887099892,2.798526277381086e-07,True,3.0,0.9999154706979406,1.0000000000000004,0.0017788410186767578,15.743599971756339,converged
350,0.5,175,fixed,load,7.1230769230769235,True,0.7358301671121606,1.0,1.0,True,7.0,48.0,6.857142857142857,3.864936224395876e-07,4.3401313583151287e-07,0.006948386076954732,0.0006034813881272438,0.0018888381600001979,4.255810369664569e-06,443.82573374599644,0.9999099561198123,1.0000003864936224,0.26106719919589094,0.4210188375942474,8.53120000101626,185.26739675506374,3.86493622217543e-07,True,3.0,0.9999098398826763,1.0000000000000004,0.0019248723983764648,16.713500022888184,converged
350,0.5,175,fixed,load,7.4,True,0.7200083097664378,1.0,1.0,True,7.0,48.0,6.857142857142857,5.236184905665908e-07,4.5738037147949223e-07,0.0074614538780189,0.0006326780130119876,0.0020423209676272746,4.255810369664569e-06,479.89003038879395,0.9999041073006466,1.0000005236184906,0.2724680705874018,0.44104410794741783,9.373600012622774,178.33431330061228,5.236184907886354e-07,True,3.0,0.9999039527809419,1.0000000000000004,0.0020798444747924805,15.129700070247054,converged
350,0.5,175,fixed,load,7.676923076923077,True,0.7032335668063874,1.0,1.0,True,7.0,52.0,7.428571428571429,2.4801186149225884e-07,4.132147967649551e-07,0.008017098785942397,0.0006521754986174021,0.002204776471316553,4.255810369664569e-06,518.0626672260134,0.9998979571164559,1.0000002480118615,0.28880002820139433,0.4614088344816133,8.189799962565303,171.90141221962827,2.4801186160328115e-07,True,3.0,0.9998977957897903,1.0000000000000002,0.0022437572479248047,15.685499995015562,converged
350,0.5,175,fixed,load,7.953846153846155,True,0.68531077141771,1.0,1.0,True,7.0,52.0,7.428571428571429,3.4354732236785424e-07,4.898596829274665e-07,0.00862278904539101,0.000658374787198399,0.0023766762539673704,4.255810369664569e-06,558.4544534475331,0.9998915771498981,1.0000003435473224,0.2956448764800709,0.4821280038259653,6.919400067999959,165.91645009205902,3.4354732247887654e-07,True,4.0,0.999891353314438,1.0000000000000007,0.0024172067642211914,18.388699973002076,converged
350,0.5,175,fixed,load,8.23076923076923,True,0.6659670929875634,1.0,1.0,True,7.0,54.0,7.714285714285714,3.6870708886027614e-07,5.600958718051398e-07,0.00928809832497964,0.0006486608296587449,0.0025585156144845174,4.255810369664569e-06,601.1817708612267,0.9998848744065167,1.0000003687070889,0.30725035482772334,0.5032163311916724,8.337899926118553,160.33421438802714,3.687114911166134e-07,True,4.0,0.9998846118139455,1.0000000000000004,0.0026003122329711914,18.2757000438869,converged
350,0.5,175,fixed,load,8.507692307692308,True,0.6448002833612271,1.0,1.0,True,7.0,58.0,8.285714285714286,3.97265768281585e-07,5.592820127585244e-07,0.010025748062933592,0.0006265080487824407,0.002750824822789355,4.255810369664569e-06,646.3692185152901,0.9998778520738864,1.0000003972657683,0.3231257270435408,0.5246903048904861,8.078799932263792,155.1153791999901,3.97265768281585e-07,True,4.0,0.9998775540883166,1.0000000000000004,0.002794027328491211,15.639100107364357,converged
350,0.5,175,fixed,load,8.784615384615384,True,0.6211717449792733,1.0,1.0,True,7.0,59.0,8.428571428571429,4.1084861068796386e-07,6.681090847864145e-07,0.010853097303902364,0.0005836304439692279,0.002954177987987832,4.255810369664569e-06,694.1516964771793,0.9998704945316993,1.0000004108486107,0.3308574774521613,0.5465662804604194,8.854400017298758,150.2255774038433,4.108518910639347e-07,True,4.0,0.9998701626801231,1.0000000000000007,0.0029987096786499023,15.605499967932701,converged
350,0.5,175,fixed,load,9.061538461538461,True,0.5939490527657827,1.0,1.0,True,7.0,64.0,9.142857142857142,3.72521562930217e-07,6.649692473815778e-07,0.011794830425393995,0.0005177615425660579,0.0031691632790327305,4.255810369664569e-06,744.6674084969898,0.9998627478392035,1.000000372521563,0.34266841196497844,0.5688616468910382,10.240299976430833,145.6346429500756,3.725215632632839e-07,True,4.0,0.9998624189832623,1.0000000000000004,0.0032149553298950195,16.224700026214123,converged
350,0.5,175,fixed,load,9.338461538461539,True,0.5607113288805855,1.0,1.0,True,7.0,67.0,9.571428571428571,6.452846630367048e-07,7.028288755336093e-07,0.012887869058394534,0.0004027493885894372,0.003396426703466822,4.255810369664569e-06,798.0681488246194,0.9998545703620305,1.0000002762981002,0.3582173901404139,0.59159543157901,11.101100011728704,141.31598796967793,6.453022091124083e-07,True,4.0,0.999854303153424,1.0000000000000004,0.0034437179565429688,16.417300095781684,converged
350,0.5,175,fixed,load,9.615384615384615,True,0.5136235913573323,1.0,1.0,True,8.0,70.0,8.75,6.62324580846807e-07,1.5898595885985687e-07,0.014191604915852094,0.0001841163427049361,0.0036363933764300815,4.255810369664569e-06,854.4538079869127,0.9998456401264517,1.0,0.366708003652947,0.614789919386733,10.495099937543273,137.24608751615122,6.623245810688516e-07,True,4.0,0.9998457940104268,1.0000000000000007,0.0036852359771728516,15.842300024814904,converged
350,0.5,175,fixed,load,9.892307692307693,False,,,,,,,,,,,,,,,,,,,,,,,,,,,,infeasible_base
350,0.5,175,fixed,load,10.169230769230769,False,,,,,,,,,,,,,,,,,,,,,,,,,,,,infeasible_base
350,0.5,175,fixed,load,10.446153846153846,False,,,,,,,,,,,,,,,,,,,,,,,,,,,,infeasible_base
