mode,n_bus,pv_share,n_pv,tau,stress_axis,stress_level,lam_ref,rho,v_min_base,load_scale,mem_est_gb,lam_batch_min,lam_batch_max,t_pre_ms_min,t_pre_ms_median,t_solve_ms_min,t_solve_ms_median,t_wall_ms_min,t_wall_ms_median,t_total_ms_min,t_total_ms_median,t_per_scen_ms_min,t_per_scen_ms_median,k_out,k_in,converged,conv_share,v_min_batch,v_max_batch,gflops,q_max_batch,q_med_batch,t_nr_total_ms_min,t_nr_total_ms_median,speedup_raw,speedup_corrected,timed_out,skip_reason
thorough,20,0.0,0,1,base,0,1.0,1.0,0.97,0.0056215645801508,1.7881393432617188e-06,1.0,1.0,0.022799998987466,0.0274999983957968,0.0405999962822534,0.0454000037279911,0.14999999984866,0.1727999988361261,0.0633999952697195,0.072900002123788,0.0633999952697195,0.072900002123788,0.0,4.0,True,1.0,0.97000001741878,0.9978104393617658,0.315270964829989,,,13.72109999647364,15.155349999986356,207.89231218747813,117.82167012665556,False,
thorough,20,0.0,0,10,base,0,1.0,1.0,0.97,0.0056215645801508,1.7881393432617188e-05,0.8604303770065466,1.1467956645482678,0.0233000027947127,0.0252999961958266,0.0614999953540973,0.0640999933239072,0.1640000045881606,0.1754999975673854,0.0847999981488101,0.0893999895197339,0.008479999814881,0.0089399989519733,0.0,50.0,True,1.0,0.965449173937418,0.9981174772144656,2.601626212795157,,,137.2109999647364,151.55349999986356,1695.2295052161053,960.7607393024896,False,
thorough,20,0.0,0,100,base,0,1.0,1.0,0.97,0.0056215645801508,0.0001788139343261,0.8528112198158209,1.1461091921896744,0.0243999966187402,0.0281999964499846,0.1711000004434026,0.1768000001902692,0.2804999967338517,0.3015000038431026,0.1954999970621429,0.2049999966402538,0.0019549999706214,0.0020499999664025,0.0,500.0,True,1.0,0.9654705487127984,0.9981342249412788,9.35125655086866,,,1372.109999647364,1515.5349999986356,7392.853779691453,4189.853728404824,False,
thorough,20,0.0,0,1000,base,0,1.0,1.0,0.97,0.0056215645801508,0.0017881393432617,0.851079563357539,1.1495768688224086,0.0325000000884756,0.0507000004290603,2.8498000028776005,3.2495000050403178,3.251599999202881,3.759799998078961,2.882300002966076,3.300200005469378,0.002882300002966,0.0033002000054693,0.0,5000.0,True,1.0,0.9653625661752318,0.9981380311125684,5.614429077073449,,,13721.09999647364,15155.349999986356,4592.251977113385,2602.6301400602,False,
thorough,20,0.0,0,10000,base,0,1.0,1.0,0.97,0.0056215645801508,0.0178813934326171,0.8500209581721487,1.1499894291103416,0.0396999967051669,0.0588999973842874,28.2227000061539,29.79670000058832,29.103000000759494,31.18220000033034,28.262400002859067,29.855599997972604,0.0028262400002859,0.0029855599997972,0.0,50000.0,True,1.0,0.9653497176526504,0.9981403578851776,5.669195362779335,,,137210.9999647364,151553.49999986356,5076.2168574791685,2876.9142147686543,False,
thorough,20,0.0,0,50000,base,0,1.0,1.0,0.97,0.0056215645801508,0.0894069671630859,0.850005485336774,1.1499933444946686,0.0565000009373761,0.0665999978082254,137.62309999583522,139.97620000009192,139.96850000694394,142.89470000221627,137.6795999967726,140.04279999790015,0.0027535919999354,0.002800855999958,0.0,250000.0,True,1.0,0.965349595712809,0.998140391893661,5.812977618032218,,,686054.999823682,757767.4999993178,5410.970789006504,3066.633915699425,False,
thorough,20,0.0,0,100000,base,0,1.0,1.0,0.97,0.0056215645801508,0.1788139343261718,0.8500000997783869,1.1499966071892658,0.0599000049987807,0.0689000007696449,273.94129999447614,280.80050000426127,280.00600000086706,287.47090000251774,274.0011999994749,280.8694000050309,0.0027400119999947,0.0028086940000503,0.0,500000.0,True,1.0,0.9653494941001666,0.9981404037308352,5.840667325563043,,,1372109.999647364,1515534.9999986356,5395.870820998975,3058.0761030954563,False,
thorough,20,0.0,0,500000,base,0,1.0,1.0,0.97,0.0056215645801508,0.8940696716308594,0.850000665736439,1.1499994442290844,0.0645000036456622,0.102300000435207,1415.2699999976903,2274.8572999989847,1432.446799997706,2303.928999994241,1415.334500001336,2274.95959999942,0.0028306690000026,0.0045499191999988,0.0,2500000.0,True,1.0,0.9653494057440068,0.9981404024868894,5.652631653333326,,,6860549.99823682,7577674.999993178,3330.905304865682,1887.769787749996,False,
thorough,20,0.0,0,1000000,base,0,1.0,1.0,0.97,0.0056215645801508,1.7881393432617188,0.8500000094779021,1.1499998965667366,0.0864999965415336,0.0927000000956468,2932.146200000716,3751.586699996551,2977.2494999997434,3795.9087999988697,2932.232699997257,3751.679399996647,0.0029322326999972,0.0037516793999966,0.0,5000000.0,True,1.0,0.9653493916564984,0.9981404039293112,5.456753827621588,,,13721099.99647364,15155349.999986356,4039.617564336628,2289.4280365398804,False,
thorough,20,0.0,0,1,lambda,1,5.0,1.0,0.8269888917175168,0.0056215645801508,1.7881393432617188e-06,5.0,5.0,0.0280000022030435,0.040300001273863,0.069699999585282,0.07999999797903,0.199999994947575,0.3355000008014031,0.0977000017883256,0.120299999252893,0.0977000017883256,0.120299999252893,0.0,8.0,True,1.0,0.8269890671277829,0.9888011179239692,0.367288380951522,,,14.034899999387562,16.017150002880953,133.1433923720142,78.56192904447383,False,
thorough,20,0.0,0,10,lambda,1,5.0,1.0,0.8269888917175168,0.0056215645801508,1.7881393432617188e-05,4.85447148546497,5.04222055007394,0.0246999989030882,0.0289000017801299,0.0921999962884001,0.0978000025497749,0.207199998840224,0.2352000010432675,0.1168999951914884,0.1267000043299049,0.0116899995191488,0.0126700004329904,0.0,80.0,True,1.0,0.8251929059819683,0.98913632002622,2.776572779886412,,,140.34899999387562,160.17150002880953,1264.1791204027952,745.9352551202181,False,
thorough,20,0.0,0,100,lambda,1,5.0,1.0,0.8269888917175168,0.0056215645801508,0.0001788139343261,4.850220891525455,5.149411610350442,0.0275999991572462,0.0325000000884756,0.2960000056191347,0.305800000205636,0.4251999998814426,0.4568000003928318,0.3236000047763809,0.3383000002941116,0.0032360000477638,0.0033830000029411,0.0,900.0,True,1.0,0.820594139854845,0.9891461018085684,9.729729545024792,,,1403.4899999387562,1601.715000288095,4734.5994646633,2793.674252775499,False,
thorough,20,0.0,0,1000,lambda,1,5.0,1.0,0.8269888917175168,0.0056215645801508,0.0017881393432617,4.850003725188548,5.14989088981915,0.0414000023738481,0.0448999999207444,2.909000002546236,4.029000003356487,3.234399999200832,4.373600000690203,2.950400004920084,4.073900003277231,0.00295040000492,0.0040739000032772,0.0,9000.0,True,1.0,0.8205734523987561,0.9891466015544872,9.900309376002571,,,14034.899999387562,16017.150002880951,3931.650258964635,2319.8900311134835,False,
thorough,20,0.0,0,10000,lambda,1,5.0,1.0,0.8269888917175168,0.0056215645801508,0.0178813934326171,4.850000792179346,5.149983351285569,0.0581999993300996,0.0614000018686056,52.0500999991782,57.58639999839943,53.18049999914365,58.85090000083437,52.1082999985083,57.64780000026804,0.0052108299998508,0.0057647800000268,0.0,90000.0,True,1.0,0.8205694612929425,0.989146608303956,5.533130580047822,,,140348.99999387562,160171.50002880953,2778.4494816465644,1639.4381061050194,False,
thorough,20,0.0,0,50000,lambda,1,5.0,1.0,0.8269888917175168,0.0056215645801508,0.0894069671630859,4.850010420748105,5.149998492437147,0.0625999964540824,0.0636999975540675,245.43950000224868,250.74860000313487,248.48580000252696,253.38840000040364,245.5020999987028,250.812300000689,0.004910041999974,0.0050162460000137,0.0,450000.0,True,1.0,0.820568807720029,0.9891465861466004,5.867026293594988,,,701744.9999693781,800857.5001440477,3193.055125852471,1884.078254003108,False,
thorough,20,0.0,0,100000,lambda,1,5.0,1.0,0.8269888917175168,0.0056215645801508,0.1788139343261718,4.850002326360598,5.149997662496338,0.062499995692633,0.0736000001779757,501.0033999933512,512.6366000040434,505.7587999981479,518.2685999971,501.0658999890438,512.7102000042214,0.0050106589998904,0.0051271020000422,0.0,900000.0,True,1.0,0.8205688435447334,0.9891466047734836,5.748463982556247,,,1403489.9999387562,1601715.000288095,3124.0162576732578,1843.3415222240988,False,
thorough,20,0.0,0,500000,lambda,1,5.0,1.0,0.8269888917175168,0.0056215645801508,0.8940696716308594,4.850001271127135,5.14999984516384,0.0682000027154572,0.0837999978102743,2580.5975000039325,2711.4067999937106,2598.286000000371,2768.0990000008023,2580.665700006648,2711.490599991521,0.0051613314000132,0.005422981199983,0.0,4500000.0,True,1.0,0.8205687493290702,0.9891466072017968,5.58010305751984,,,7017449.999693781,8008575.001440477,2953.56915545476,1742.7683513609802,False,
thorough,20,0.0,0,1000000,lambda,1,5.0,1.0,0.8269888917175168,0.0056215645801508,1.7881393432617188,4.850000076242468,5.149999938731434,0.0871999945957213,0.0874000033945776,5221.63709999586,5355.359599998337,5264.032600003702,5401.130500002182,5221.724299990456,5355.447000001732,0.0052217242999904,0.0053554470000017,0.0,9000000.0,True,1.0,0.8205687452901892,0.9891466099514769,5.515511600762687,,,14034899.999387562,16017150.002880951,2990.814772861308,1764.7453154429463,False,
thorough,20,0.0,0,1,lambda,2,9.0,1.0,0.574024139308246,0.0056215645801508,1.7881393432617188e-06,9.0,9.0,0.0337999954354018,0.0574000005144625,0.1727999988361261,0.193500003661029,0.3259999939473346,0.450699997600168,0.2065999942715279,0.2509000041754916,0.2065999942715279,0.2509000041754916,0.0,24.0,True,1.0,0.5740254964491872,0.9793470586726776,0.4444444474379471,,,14.523400001053233,16.09649999954854,64.15504077987129,37.98465461705467,False,
thorough,20,0.0,0,10,lambda,2,9.0,1.0,0.574024139308246,0.0056215645801508,1.7881393432617188e-05,8.852844136820297,9.14288293557897,0.0253000034717842,0.037099998735357,0.2572000012150965,0.262299996393267,0.386400002753362,0.4196000008960254,0.2825000046868808,0.2993999951286241,0.028250000468688,0.0299399995128624,0.0,280.0,True,1.0,0.5548875664127099,0.9797035013250256,3.483670279031898,,,145.23400001053233,160.9649999954854,537.6252592333337,318.31496850657345,False,
thorough,20,0.0,0,100,lambda,2,9.0,1.0,0.574024139308246,0.0056215645801508,0.0001788139343261,8.8533782656163,9.149160732806164,0.025699999241624,0.0408000050811097,0.8152000009431504,0.8794999957899563,0.9378999966429546,1.0745999970822595,0.8409000001847744,0.920300000871066,0.0084090000018477,0.0092030000087106,0.0,2800.0,True,1.0,0.5539707754794294,0.97970220880296,10.991167798863684,,,1452.3400001053233,1609.649999954854,1749.049221374896,1035.5699220909623,False,
thorough,20,0.0,0,1000,lambda,2,9.0,1.0,0.574024139308246,0.0056215645801508,0.0017881393432617,8.850611970033253,9.147740368692268,0.0536999941687099,0.0580999985686503,8.268499994301237,9.131400001933798,8.728300002985634,9.770500000740869,8.322199988469947,9.189500000502449,0.0083221999884699,0.0091895000005024,0.0,28000.0,True,1.0,0.5541788661513543,0.9797089027792544,10.836306471760723,,,14523.400001053233,16096.49999954854,1751.6186951051138,1037.0912456066749,False,
thorough,20,0.0,0,10000,lambda,2,9.0,1.0,0.574024139308246,0.0056215645801508,0.0178813934326171,8.85003168494679,9.14999368947534,0.0519999957759864,0.0603000007686205,162.19850000197766,165.88320000300882,163.11919999861857,166.84260000329232,162.25049999775365,165.94350000377744,0.0162250499997753,0.0165943500003777,0.0,280000.0,True,1.0,0.5538485604393195,0.9797103069419164,5.524095475538154,,,145234.00001053233,160964.9999954854,969.9988248519604,574.3129439722967,False,
thorough,20,0.0,0,50000,lambda,2,9.0,1.0,0.574024139308246,0.0056215645801508,0.0894069671630859,8.850002192795428,9.149978942951748,0.0639999998384155,0.0695999988238327,750.3832000002149,774.6557999998913,753.03829999757,777.2920999996131,750.4472000000533,774.7253999987151,0.015008944000001,0.0154945079999743,0.0,1400000.0,True,1.0,0.5538507252909358,0.9797103783061688,5.970282916780009,,,726170.0000526616,804824.9999774271,1038.8519596475885,615.0792269131379,False,
thorough,20,0.0,0,100000,lambda,2,9.0,1.0,0.574024139308246,0.0056215645801508,0.1788139343261718,8.850000204740029,9.149997993873576,0.0629999994998797,0.0711000029696151,1530.9650999988662,1580.7315000056406,1538.0746000009822,1586.4948999951594,1531.028099998366,1580.8026000086102,0.0153102809999836,0.0158080260000861,0.0,2800000.0,True,1.0,0.5538479285275646,0.9797103831168064,5.852517474112659,,,1452340.0001053233,1609649.999954854,1018.2485782513812,602.8804609741732,False,
thorough,20,0.0,0,500000,lambda,2,9.0,1.0,0.574024139308246,0.0056215645801508,0.8940696716308594,8.850000111704066,9.14999982319234,0.0818999978946521,0.0882000022102147,8016.788100001577,8477.383999997983,8035.002099997655,8500.421299999289,8016.869999999471,8477.472200000193,0.0160337399999989,0.0169549444000003,0.0,14000000.0,True,1.0,0.5538476599713847,0.9797103833419324,5.588272939382193,,,7261700.000526616,8048249.999774271,949.369081950406,562.0985700208729,False,
thorough,20,0.0,0,1000000,lambda,2,9.0,1.0,0.574024139308246,0.0056215645801508,1.7881393432617188,8.850000005122542,9.149999963524255,0.0786999953561462,0.0925999993341974,16510.067800001707,19661.29579999688,16546.046799994656,19719.77709999919,16510.146499997063,19661.388399996213,0.016510146499997,0.0196613883999962,0.0,28000000.0,True,1.0,0.5538476393696975,0.979710383599835,5.426991644455315,,,14523400.001053233,16096499.99954854,818.6858258469499,484.7241612919594,False,
thorough,20,0.0,0,1,rho,1,1.0,3.16,0.97,0.0050304636799148,1.7881393432617188e-06,1.0,1.0,0.0259000007645227,0.0300999963656067,0.0457999994978308,0.0506999931531026,0.1674000013736076,0.2074000003631226,0.0717000002623535,0.0807999895187094,0.0717000002623535,0.0807999895187094,0.0,4.0,True,1.0,0.9700000111389444,0.9978068327952484,0.2794759855970352,,,14.654099999461325,17.657950000284472,218.5390135006852,137.27477031653842,False,
thorough,20,0.0,0,10,rho,1,1.0,3.16,0.97,0.0050304636799148,1.7881393432617188e-05,0.8541409295011688,1.081678470991203,0.0255000049946829,0.0303999986499547,0.0597999969613738,0.0648999994155019,0.1766999994288198,0.2058999962173402,0.0853000019560568,0.0952999980654567,0.0085300001956056,0.0095299998065456,0.0,40.0,True,1.0,0.9674799541528653,0.998127984340083,2.1404683361886803,,,146.54099999461323,176.57950000284472,1852.880415396873,1163.8825003061552,False,
thorough,20,0.0,0,100,rho,1,1.0,3.16,0.97,0.0050304636799148,0.0001788139343261,0.850050609872141,1.146548300137999,0.0273999976343475,0.0328999958583153,0.15999999595806,0.1914999957079999,0.3039000002900138,0.3642999945441261,0.1873999935924075,0.2243999915663153,0.001873999935924,0.0022439999156631,0.0,400.0,True,1.0,0.9654705311153324,0.9981369841318628,8.000000202097004,,,1465.4099999461323,1765.7950000284472,7868.961971447377,4942.870062221761,False,
thorough,20,0.0,0,1000,rho,1,1.0,3.16,0.97,0.0050304636799148,0.0017881393432617,0.8501366278630559,1.14884871539473,0.044600004912354,0.0528000018675811,2.3940000028233044,2.5602999958209693,2.813099999912083,3.0867000023135915,2.4386000077356584,2.6130999976885505,0.0024386000077356,0.0026130999976885,0.0,4000.0,True,1.0,0.9653991423097776,0.9981367948728928,5.34670007723669,,,14654.099999461325,17657.950000284472,6757.4719742466905,4244.690219498275,False,
thorough,20,0.0,0,10000,rho,1,1.0,3.16,0.97,0.0050304636799148,0.0178813934326171,0.8500171120706694,1.1499894033768563,0.0607999972999095,0.0638999990769662,29.70949999871664,33.21920000598766,30.61259999958565,34.10060000169324,29.770299996016547,33.283100005064625,0.0029770299996016,0.0033283100005064,0.0,40000.0,True,1.0,0.9653637400000038,0.998137057834536,4.308386206618396,,,146540.99999461323,176579.50000284472,5305.380207251577,3332.562171513993,False,
thorough,20,0.0,0,50000,rho,1,1.0,3.16,0.97,0.0050304636799148,0.0894069671630859,0.8500001465154827,1.149991882072631,0.0588000038987956,0.073700000939425,143.27069999853848,154.50879999843892,146.44879999832483,157.88939999765716,143.32950000243727,154.58249999937834,0.0028665900000487,0.0030916499999875,0.0,200000.0,True,1.0,0.9653636630689764,0.9981370951625524,4.467068284070146,,,732704.9999730662,882897.5000142236,5711.497097134373,3587.663546263051,False,
thorough,20,0.0,0,100000,rho,1,1.0,3.16,0.97,0.0050304636799148,0.1788139343261718,0.8500004088335453,1.1499985770048768,0.0658999997540377,0.0705999991623684,255.0762000028044,343.5789000068325,261.52900000306545,350.69369999837363,255.14210000255844,343.6495000059949,0.0025514210000255,0.0034364950000599,0.0,400000.0,True,1.0,0.9653634552789964,0.998137094585394,5.0181083142446345,,,1465409.9999461323,1765795.0000284472,5138.36045155789,3227.649102520464,False,
thorough,20,0.0,0,500000,rho,1,1.0,3.16,0.97,0.0050304636799148,0.8940696716308594,0.850000323231056,1.1499999517809356,0.0770000042393803,0.1039999988279305,1517.8343000006862,1673.7778000024264,1542.07260000112,1698.745699999563,1517.9113000049256,1673.8818000012543,0.0030358226000098,0.0033477636000025,0.0,2000000.0,True,1.0,0.965363412610192,0.9981370947737388,4.216534044590445,,,7327049.999730661,8828975.000142235,5274.551046636399,3313.1969063619795,False,
thorough,20,0.0,0,1000000,rho,1,1.0,3.16,0.97,0.0050304636799148,1.7881393432617188,0.8500000513663024,1.1499998912192704,0.0887999995029531,0.0960000033956021,2994.8354000007384,3314.88790000003,3028.9054999957443,3362.891699995089,2994.9242000002414,3314.9839000034262,0.0029949242000002,0.0033149839000034,0.0,4000000.0,True,1.0,0.9653634144898392,0.998137095371902,4.274024542382811,,,14654099.999461325,17657950.00028447,5326.707619987603,3345.958935953834,False,
thorough,20,0.0,0,1,rho,2,1.0,7.73,0.97,0.0051194165865614,1.7881393432617188e-06,1.0,1.0,0.0245999981416389,0.0308000016957521,0.0447000056738033,0.0499999950989149,0.1627000019652769,0.1936999979079701,0.0693000038154423,0.0807999967946671,0.0693000038154423,0.0807999967946671,0.0,4.0,True,1.0,0.9700000119526136,0.9978073499423312,0.2863534312144727,,,14.722299994900824,17.668499996943865,218.66956309223528,137.40532722585104,False,
thorough,20,0.0,0,10,rho,2,1.0,7.73,0.97,0.0051194165865614,1.7881393432617188e-05,0.8986093101988665,1.144966567419597,0.0254000042332336,0.0287000002572312,0.0584000008529983,0.0639999998384155,0.1759000006131827,0.1984999980777502,0.0838000050862319,0.0927000000956468,0.0083800005086231,0.0092700000095646,0.0,40.0,True,1.0,0.9655176829585156,0.998030609713217,2.19178078990436,,,147.22299994900823,176.68499996943865,1905.9870527199248,1197.6645078709455,False,
thorough,20,0.0,0,100,rho,2,1.0,7.73,0.97,0.0051194165865614,0.0001788139343261,0.8512220613473828,1.1496350759907612,0.0271000026259571,0.0349000038113445,0.1552999965497292,0.171099993167445,0.2936000018962659,0.3122000052826479,0.1823999991756864,0.2059999969787895,0.0018239999917568,0.0020599999697878,0.0,400.0,True,1.0,0.965372737142988,0.9981348814639214,8.242112224324009,,,1472.2299994900825,1766.8499996943865,8576.941871879286,5389.490370022715,False,
thorough,20,0.0,0,1000,rho,2,1.0,7.73,0.97,0.0051194165865614,0.0017881393432617,0.8501423349706916,1.149924031588593,0.0441000011051073,0.0550000040675513,2.168099999835249,2.369199995882809,2.6656000045477413,2.807299999403768,2.2122000009403564,2.4241999999503605,0.0022122000009403,0.0024241999999503,0.0,4000.0,True,1.0,0.9653637645418542,0.998137256766285,5.903786726153155,,,14722.299994900824,17668.499996943865,7288.3837956050065,4579.799521345717,False,
thorough,20,0.0,0,10000,rho,2,1.0,7.73,0.97,0.0051194165865614,0.0178813934326171,0.8500328915639881,1.1499981016517886,0.0497000000905245,0.0641999940853566,28.95169999828795,30.046100000618026,29.9827999988338,31.182500002614688,29.001399998378474,30.110299994703382,0.0029001399998378,0.0030110299994703,0.0,40000.0,True,1.0,0.9653614645074108,0.9981374975307234,4.421156616280538,,,147222.99994900823,176684.99996943865,5867.92559358488,3687.226630545671,False,
thorough,20,0.0,0,50000,rho,2,1.0,7.73,0.97,0.0051194165865614,0.0894069671630859,0.8500105885358109,1.1499985523294547,0.0568000032217241,0.0617000041529536,114.92939999880036,148.0634999970789,118.76740000298014,151.0344999987865,114.98620000202207,148.12520000123186,0.0022997240000404,0.0029625040000246,0.0,200000.0,True,1.0,0.965361450512873,0.9981375465951016,5.568636049667712,,,736114.9997450411,883424.9998471932,5964.042579114468,3747.6236316732793,False,
thorough,20,0.0,0,100000,rho,2,1.0,7.73,0.97,0.0051194165865614,0.1788139343261718,0.8500044479847626,1.1499966107250823,0.0694999980623833,0.0853999954415485,266.38780000212137,325.7954000000609,272.1959999980754,332.7357000016491,266.4573000001837,325.88079999550246,0.0026645730000018,0.003258807999955,0.0,400000.0,True,1.0,0.9653615108039784,0.9981375601036834,4.805024854703582,,,1472229.9994900825,1766849.9996943865,5421.767712975944,3406.874538043412,False,
thorough,20,0.0,0,500000,rho,2,1.0,7.73,0.97,0.0051194165865614,0.8940696716308594,0.8500012626437357,1.1499995302327148,0.0821000066935084,0.0979000033112242,1569.9736000024131,1784.9910000004456,1594.9579999942216,1808.583300000464,1570.0557000091069,1785.0889000037569,0.0031401114000182,0.0035701778000075,0.0,2000000.0,True,1.0,0.965361420146814,0.998137567111106,4.076501668556824,,,7361149.997450411,8834249.998471932,4948.913187714819,3109.7470830151883,False,
thorough,20,0.0,0,1000000,rho,2,1.0,7.73,0.97,0.0051194165865614,1.7881393432617188,0.8500005036684696,1.1499997111006224,0.0857999984873458,0.091699999757111,2971.18269999919,3015.799400003744,3015.087100000528,3065.8001999981934,2971.2684999976773,3015.8911000035005,0.0029712684999976,0.0030158911000035,0.0,4000000.0,True,1.0,0.9653614145304652,0.9981375687807738,4.30804877801809,,,14722299.994900825,17668499.996943865,5858.467501337617,3681.2834519807634,False,
thorough,20,0.3,6,1,base,0,1.0,1.0,0.9772468936739934,0.0056215645801508,1.7881393432617188e-06,1.0,1.0,0.0570000047446228,0.0756000008550472,0.1598000017111189,0.1905000026454217,0.3246999986004084,0.443900004029274,0.2168000064557418,0.266100003500469,0.2168000064557418,0.266100003500469,3.0,6.0,True,1.0,0.9822478434406268,1.0017300792841888,0.1201501864481147,0.0840810432087623,0.0019561019463252,17.58960000006482,20.38720000200556,76.61480546342655,51.939307864219096,False,
thorough,20,0.3,6,10,base,0,1.0,1.0,0.9772468936739934,0.0056215645801508,1.7881393432617188e-05,0.8722832627926629,1.1228746762826756,0.0602999934926629,0.0890999945113435,0.2288000032422132,0.2572000012150965,0.4276999970898032,0.5473999990499578,0.2890999967348762,0.3462999957264401,0.0289099996734876,0.034629999572644,4.0,70.0,True,1.0,0.9822462357245202,1.0017298704608188,0.9790209651477502,0.0891279444113792,0.0022161587389062,175.8960000006482,203.8720000200556,588.7149943285139,399.1062712977504,False,
thorough,20,0.3,6,100,base,0,1.0,1.0,0.9772468936739934,0.0056215645801508,0.0001788139343261,0.8503306846325825,1.145156115121432,0.0636999975540675,0.0792999999248422,0.450699997600168,0.5019999953219667,0.6658000056631863,0.760300004913006,0.5143999951542355,0.581299995246809,0.0051439999515423,0.005812999952468,4.0,700.0,True,1.0,0.9822462360055344,1.001729883331335,4.970046620650714,0.0900500527349982,0.0034308306037956,1758.960000006482,2038.720000200556,3507.173605489113,2377.610548338725,False,
thorough,20,0.3,6,1000,base,0,1.0,1.0,0.9772468936739934,0.0056215645801508,0.0017881393432617,0.8501538372159904,1.1492098325222335,0.0787000026321038,0.109200002043508,4.694400005973876,6.328800001938362,5.289199994876981,7.025300001259893,4.773100008605979,6.43800000398187,0.0047731000086059,0.0064380000039818,4.0,7000.0,True,1.0,0.982246235720558,1.001729883432131,4.771642802380453,0.0902179955089559,0.0030014605860969,17589.60000006482,20387.20000200556,3166.697730567906,2146.792481505497,False,
thorough,20,0.3,6,10000,base,0,1.0,1.0,0.9772468936739934,0.0056215645801508,0.0178813934326171,0.8500004214482362,1.1499277972299051,0.1061000002664513,0.1190999973914586,73.92460000119172,81.75540000229375,75.30389999737963,83.16960000229301,74.03070000145817,81.87449999968521,0.0074030700001458,0.0081874499999685,4.0,70000.0,True,1.0,0.9822462357205046,1.0017298835195352,3.030114467936099,0.0902477461214392,0.0029713476807699,175896.0000006482,203872.0000200556,2490.0549013531613,1688.0774849964002,False,
thorough,20,0.3,6,50000,base,0,1.0,1.0,0.9772468936739934,0.0056215645801508,0.0894069671630859,0.8500017761331725,1.149998183932445,0.1207000022986903,0.1502000013715587,334.8178000014741,375.1402999987477,339.86900000309106,380.5221000002348,334.9385000037728,375.2905000001192,0.0066987700000754,0.0075058100000023,4.0,350000.0,True,1.0,0.9822462357205028,1.0017298835187638,3.345102918647303,0.0902506628597748,0.0029628572790012,879480.000003241,1019360.0001002778,2716.1891923721864,1841.380211393074,False,
thorough,20,0.3,6,100000,base,0,1.0,1.0,0.9772468936739934,0.0056215645801508,0.1788139343261718,0.8500001981889431,1.149997211364249,0.1181000043288804,0.1972999962163157,680.5397999996785,701.0009999939939,689.6157000010135,711.9892999980948,680.6579000040074,701.1982999902102,0.00680657900004,0.0070119829999021,4.0,700000.0,True,1.0,0.9822462357205026,1.0017298835196626,3.2915047731243026,0.0902506225576296,0.0029568947532862,1758960.000006482,2038720.000200556,2907.479952859297,1971.061539178518,False,
thorough,20,0.3,6,500000,base,0,1.0,1.0,0.9772468936739934,0.0056215645801508,0.8940696716308594,0.8500017361813467,1.149999201692859,0.1589000021340325,0.204299998586066,3516.473900002893,3630.3171000035945,3561.719200006337,3666.937900001358,3516.632800005027,3630.5214000021806,0.00703326560001,0.0072610428000043,4.0,3500000.0,True,1.0,0.9822462357205028,1.0017298835187864,3.1850087100008864,0.0902507050346388,0.0029585059609889,8794800.00003241,10193600.001002776,2807.7509751069515,1903.452490938676,False,
thorough,20,0.3,6,1000000,base,0,1.0,1.0,0.9772468936739934,0.0056215645801508,1.7881393432617188,0.8500006695302177,1.149999630670064,0.153200002387166,0.2277999956277199,7481.576699996367,7552.745799999684,7576.786799996626,7627.762099997199,7481.729899998754,7552.973599995312,0.0074817298999987,0.0075529735999953,4.0,7000000.0,True,1.0,0.9822462357205024,1.001729883519394,2.9940213003511515,0.0902507228109781,0.0029648220567366,17589600.00006482,20387200.002005555,2699.2282883152416,1829.881942721105,False,
thorough,20,0.3,6,1,lambda,1,5.0,1.0,0.8370864967813507,0.0056215645801508,1.7881393432617188e-06,5.0,5.0,0.0713000044925138,0.0782999995863065,0.4327999995439313,0.5317000031936914,0.6310999960987829,0.8927000017138198,0.5041000040364452,0.6100000027799979,0.5041000040364452,0.6100000027799979,11.0,16.0,True,1.0,0.8420863809482205,0.9911640301092308,0.1182994455960089,0.0741587228359592,0.0100972826117554,16.983900000923313,20.29955000034533,33.2779506685782,22.51377039382325,False,
thorough,20,0.3,6,10,lambda,1,5.0,1.0,0.8370864967813507,0.0056215645801508,1.7881393432617188e-05,4.855028103775084,5.04722279411353,0.0570999982301145,0.0747000012779608,0.4885999951511621,0.5041999975219369,0.6552999984705821,0.7339000003412366,0.5456999933812767,0.5788999987998977,0.0545699993381276,0.0578899998799897,11.0,160.0,True,1.0,0.8420863487637014,0.991232374292906,1.0478919465433036,0.0763837062212016,0.0119308166823989,169.83900000923313,202.9955000034533,350.6572817831714,237.23268321455805,False,
thorough,20,0.3,6,100,lambda,1,5.0,1.0,0.8370864967813507,0.0056215645801508,0.0001788139343261,4.851529021123821,5.144050315208296,0.062300001445692,0.0732999978936277,0.930799993511755,1.1147999975946732,1.131199998781085,1.324099997873418,0.993099994957447,1.188099995488301,0.0099309999495744,0.011880999954883,11.0,1597.0,True,1.0,0.8420855966009461,0.9912340197571744,5.500644645132715,0.0809748916241497,0.0113917201989507,1698.390000092331,2029.9550000345328,1708.572517248631,1155.9128065795576,False,
thorough,20,0.3,6,1000,lambda,1,5.0,1.0,0.8370864967813507,0.0056215645801508,0.0017881393432617,4.85006510132876,5.148776640087917,0.1054999956977553,0.1238999975612387,11.001099999703,15.379100004793145,11.66170000215061,16.272799999569543,11.106599995400757,15.503000002354383,0.0111065999954007,0.0155030000023543,11.0,15919.0,True,1.0,0.8420855912154359,0.9912347081166996,4.654080046666448,0.081200218782319,0.011184094852323,16983.900000923313,20299.55000034533,1309.394955638426,885.8543508182144,False,
thorough,20,0.3,6,10000,lambda,1,5.0,1.0,0.8370864967813507,0.0056215645801508,0.0178813934326171,4.850018932959932,5.149987447657395,0.1043999945977702,0.1856000017141923,132.63910000387114,160.52959999797167,134.50600000214763,162.31839999818476,132.7434999984689,160.71519999968586,0.0132743499998468,0.0160715199999685,11.0,159145.0,True,1.0,0.8420855902306147,0.9912347298252868,3.860098568107421,0.081257960260531,0.0110127771897117,169839.00000923313,202995.5000034533,1263.075925636468,854.51780558698,False,
thorough,20,0.3,6,50000,lambda,1,5.0,1.0,0.8370864967813507,0.0056215645801508,0.0894069671630859,4.850002474285498,5.149988044694209,0.130599997646641,0.1424999936716631,735.3972000055364,838.890300001367,739.9526000008336,845.7551999963471,735.5278000031831,839.0327999950387,0.0147105560000636,0.0167806559999007,11.0,795968.0,True,1.0,0.8420855902336706,0.9912347375642256,3.4811119759236604,0.0812579887339043,0.0110444065626906,849195.0000461657,1014977.5000172668,1209.6994301334446,818.4066226553732,False,
thorough,20,0.3,6,100000,lambda,1,5.0,1.0,0.8370864967813507,0.0056215645801508,0.1788139343261718,4.850001042563227,5.14999728841517,0.1160999963758513,0.1581999968038872,1555.3779000038048,1604.0379999976722,1567.0271999988472,1612.804899996263,1555.494000000181,1604.196199994476,0.0155549400000018,0.0160419619999447,11.0,1591606.0,True,1.0,0.8420855902362604,0.9912347382374272,3.29180451900948,0.0812584295778293,0.0110459494940244,1698390.000092331,2029955.0000345327,1265.403196966508,856.0922911341959,False,
thorough,20,0.3,6,500000,lambda,1,5.0,1.0,0.8370864967813507,0.0056215645801508,0.8940696716308594,4.850000133272726,5.149999613158265,0.1458999977330677,0.1795999996829778,7799.885000000359,8028.827899994212,7838.108399999328,8078.194599998824,7800.030899998092,8029.007499993895,0.0156000617999961,0.0160580149999877,11.0,7957841.0,True,1.0,0.8420855902290032,0.9912347386649796,3.2820996719821927,0.0812585404476237,0.011039993393485,8491950.000461657,10149775.000172667,1264.1381889580232,855.2364662027567,False,
thorough,20,0.3,6,1000000,lambda,1,5.0,1.0,0.8370864967813507,0.0056215645801508,1.7881393432617188,4.850000025713744,5.149999984696235,0.1317999995080754,0.1577000002725981,15552.485200001684,15601.269899998442,15657.141800002137,15671.761500001594,15552.617000001192,15601.427599998717,0.0155526170000011,0.0156014275999987,11.0,15916543.0,True,1.0,0.8420855902278532,0.9912347387155545,3.292078361855278,0.08125855816672,0.0110447354071773,16983900.000923313,20299550.00034533,1301.1341346959175,880.2655984393087,False,
thorough,20,0.3,6,1,lambda,2,9.0,1.0,0.6019772798916663,0.0056215645801508,1.7881393432617188e-06,9.0,9.0,0.0902000028872862,0.1353999978164211,1.8799000026774595,3.039200004423037,2.3670000009587966,3.48140000278363,1.9701000055647453,3.1746000022394583,1.9701000055647453,3.1746000022394583,44.0,86.0,True,1.0,0.6069763927591736,0.9817527972702346,0.1463907652577502,0.0622121392883596,0.0184891888092325,17.5292999992962,20.93504999720608,6.594547339015267,4.526208022914669,False,
thorough,20,0.3,6,10,lambda,2,9.0,1.0,0.6019772798916663,0.0056215645801508,1.7881393432617188e-05,8.871208671750566,9.129898659138687,0.0753999993321485,0.0862999950186349,2.2620000017923303,2.3908000002847984,2.521599999454338,2.712599998631049,2.337400001124479,2.4770999953034334,0.2337400001124479,0.2477099995303433,46.0,854.0,True,1.0,0.6069759104335487,0.9818172569921756,1.259062775306518,0.0695686686999246,0.0177350259024485,175.292999992962,209.3504999720608,84.5143516083275,58.00694371210088,False,
thorough,20,0.3,6,100,lambda,2,9.0,1.0,0.6019772798916663,0.0056215645801508,0.0001788139343261,8.854983978226283,9.149167604900171,0.0939000019570812,0.1037000038195401,4.772000000230037,6.005600000207778,5.16119999520015,6.367299996782094,4.865900002187118,6.109300004027318,0.0486590000218711,0.0610930000402731,46.0,8544.0,True,1.0,0.6069758032860354,0.9818253573902108,5.9681475269545485,0.0706708692763228,0.0175099937611426,1752.92999992962,2093.504999720608,342.6751016222065,235.197158270326,False,
thorough,20,0.3,6,1000,lambda,2,9.0,1.0,0.6019772798916663,0.0056215645801508,0.0017881393432617,8.850022503577462,9.149941195036716,0.1075000036507844,0.1407999952789396,56.81470000126865,80.07829999405658,57.78750000172295,80.87269999668933,56.92220000491943,80.21909998933552,0.0569222000049194,0.0802190999893355,46.0,85304.0,True,1.0,0.606975740054011,0.9818278335806888,5.012787183486677,0.0707151759931153,0.0175659519431587,17529.2999992962,20935.04999720608,260.97338414404084,179.12068324864515,False,
thorough,20,0.3,6,10000,lambda,2,9.0,1.0,0.6019772798916663,0.0056215645801508,0.0178813934326171,8.850019530556043,9.149947642037858,0.1139000014518387,0.1482000006944872,761.2724999999045,906.1670000010054,763.0490000010468,908.07710000081,761.3864000013564,906.3152000016998,0.0761386400001356,0.0906315200001699,46.0,853740.0,True,1.0,0.6069757379855926,0.9818278350643496,3.741104532214624,0.0707155452580337,0.0175705131559914,175292.999992962,209350.4999720608,230.99082964918625,158.5419730316143,False,
thorough,20,0.3,6,50000,lambda,2,9.0,1.0,0.6019772798916663,0.0056215645801508,0.0894069671630859,8.850004557033085,9.14999722997048,0.1260999997612089,0.1449000046704895,4084.565400000429,4360.506400000304,4089.956900003017,4365.219799998158,4084.69150000019,4360.651300004975,0.0816938300000038,0.0872130260000994,46.0,4268152.0,True,1.0,0.6069757378991398,0.9818278425367551,3.486295016845245,0.0707183855165044,0.0175780927966343,876464.99996481,1046752.499860304,240.04499049467904,164.7563518741429,False,
thorough,20,0.3,6,100000,lambda,2,9.0,1.0,0.6019772798916663,0.0056215645801508,0.1788139343261718,8.850000298922444,9.149998879053234,0.1330999948550015,0.1436999955330975,8051.940899997135,8503.745900001377,8060.858500000904,8515.431899999385,8052.07399999199,8503.88959999691,0.0805207399999198,0.0850388959999691,46.0,8535896.0,True,1.0,0.6069757379496644,0.9818278446617272,3.537035399751895,0.0707184799716702,0.017579591537172,1752929.99992962,2093504.999720608,246.18205294214644,168.96856233512702,False,
thorough,20,0.3,6,500000,lambda,2,9.0,1.0,0.6019772798916663,0.0056215645801508,0.8940696716308594,8.850000016452599,9.149999943110071,0.127500003145542,0.153200002387166,40153.31769999466,40439.37890000234,40187.60320000001,40481.04120000062,40153.445199997805,40439.532100004726,0.0803068903999956,0.0808790642000094,46.0,42685396.0,True,1.0,0.6069757379001391,0.9818278448026916,3.5464068265526896,0.0707185409180894,0.0175800946859685,8764649.9996481,10467524.998603038,258.8438702188104,177.6590783017428,False,
thorough,20,0.3,6,1000000,lambda,2,9.0,1.0,0.6019772798916663,0.0056215645801508,1.7881393432617188,8.850000735843876,9.149999471802609,0.1298999995924532,0.1795999996829778,77105.60930000065,79946.5773999982,77183.4538999974,80016.28560000245,77105.73920000024,79946.75699999789,0.0771057392000002,0.0799467569999978,46.0,85371808.0,True,1.0,0.6069757379062599,0.9818278444436854,3.693635295610038,0.0707185139228178,0.0175795477858538,17529299.9992962,20935049.99720608,261.86240421492806,179.73086762833347,False,
thorough,20,0.3,6,1,rho,1,1.0,3.16,0.9786659727276886,0.0050304636799148,1.7881393432617188e-06,1.0,1.0,0.0609000053373165,0.083699997048825,0.2311999996891245,0.2922000057878904,0.4518999994616024,0.5817000055685639,0.292100005026441,0.3759000028367154,0.292100005026441,0.3759000028367154,5.0,8.0,True,1.0,0.9836658430158246,1.0021252761195625,0.1107266437475008,0.203726603082887,0.0018906510132965,16.525700004422106,19.513600000209408,51.91167824674315,34.44386779722543,False,
thorough,20,0.3,6,10,rho,1,1.0,3.16,0.9786659727276886,0.0050304636799148,1.7881393432617188e-05,0.9172261854410434,1.1182026712812505,0.0561000051675364,0.0729999956092797,0.2679000026546418,0.2860000022337772,0.4393999988678843,0.4974999974365346,0.3240000078221783,0.3589999978430569,0.0324000007822178,0.0358999997843056,5.0,90.0,True,1.0,0.9836156046360424,1.0021250704228335,1.075027984868181,0.2167875077929093,0.0039428710793024,165.25700004422106,195.13600000209408,543.5543208203616,360.6532055842712,False,
thorough,20,0.3,6,100,rho,1,1.0,3.16,0.9786659727276886,0.0050304636799148,0.0001788139343261,0.855267624218838,1.14771056190183,0.0577000027988106,0.0672000023769214,0.5333000008249655,0.6421999933081679,0.7224000000860542,0.9449999997741544,0.5910000036237761,0.7093999956850894,0.0059100000362377,0.0070939999568508,5.0,900.0,True,1.0,0.9835804930523608,1.0021251237537332,5.400337512741248,0.2201322640693704,0.0051695671417389,1652.5700004422106,1951.3600000209408,2750.718934155691,1825.126879255298,False,
thorough,20,0.3,6,1000,rho,1,1.0,3.16,0.9786659727276886,0.0050304636799148,0.0017881393432617,0.8502012572319249,1.1492666901267123,0.098799995612353,0.1073999956133775,7.561800004623365,8.381999999983236,8.138500001223292,9.026400002767332,7.660600000235718,8.489399995596614,0.0076606000002357,0.0084893999955966,5.0,9000.0,True,1.0,0.9835786399381616,1.0021251275895708,3.808616993624716,0.2203096218976833,0.0053924619631455,16525.700004422106,19513.600000209408,2298.584117880058,1525.1313413669086,False,
thorough,20,0.3,6,10000,rho,1,1.0,3.16,0.9786659727276886,0.0050304636799148,0.0178813934326171,0.8500235713059796,1.1499945256364978,0.1069999998435378,0.1094999970518983,69.43180000234861,74.7378000014578,70.81070000276668,76.08880000043428,69.53880000219215,74.8472999985097,0.0069538800002192,0.0074847299998509,5.0,90000.0,True,1.0,0.98357777314214,1.0021251277227423,4.147955259553376,0.220392609637094,0.0053428615983548,165257.00004422106,195136.00000209408,2607.121432649935,1729.8486388877477,False,
thorough,20,0.3,6,50000,rho,1,1.0,3.16,0.9786659727276886,0.0050304636799148,0.0894069671630859,0.8500103543874523,1.1499922323156204,0.1209999973070807,0.1365999996778555,358.23960000561783,398.82740000030026,366.4547000007588,407.98479999648407,358.3606000029249,398.9639999999781,0.0071672120000584,0.0079792799999995,5.0,450000.0,True,1.0,0.9835777758733624,1.002125127732645,4.019656118356034,0.2203923481192285,0.0053581029320251,826285.0002211053,975680.0000104704,2445.533932912553,1622.6338720642966,False,
thorough,20,0.3,6,100000,rho,1,1.0,3.16,0.9786659727276886,0.0050304636799148,0.1788139343261718,0.8500006774895952,1.1499953403473668,0.1362000039080158,0.1555999988340772,728.4126000013202,766.6327999977511,741.3610999938101,777.0475999932387,728.5488000052283,766.7883999965852,0.0072854880000522,0.0076678839999658,5.0,900000.0,True,1.0,0.983577772171863,1.0021251277398948,3.953803105540432,0.2203927025423387,0.0053460417359666,1652570.0004422106,1951360.0000209408,2544.8480963322227,1688.5297172912567,False,
thorough,20,0.3,6,500000,rho,1,1.0,3.16,0.9786659727276886,0.0050304636799148,0.8940696716308594,0.850000317741487,1.1499997627677692,0.1287999984924681,0.1996999999391846,3978.738100006012,4152.011300000595,4019.983099999081,4185.738799998944,3978.8669000045047,4152.211000000534,0.007957733800009,0.008304422000001,5.0,4500000.0,True,1.0,0.9835777669049958,1.0021251277401644,3.6192379689374974,0.2203932068518925,0.0053439107093832,8262850.002211053,9756800.000104705,2349.78424750174,1559.1030902190214,False,
thorough,20,0.3,6,1000000,rho,1,1.0,3.16,0.9786659727276886,0.0050304636799148,1.7881393432617188,0.8500012943737801,1.1499999020339244,0.1352999970549717,0.1804999992600642,7909.3693000031635,8143.894699998782,7999.304000004486,8258.381500003452,7909.504600000218,8144.075199998042,0.0079095046000002,0.008144075199998,5.0,9000000.0,True,1.0,0.9835777667391374,1.0021251277394327,3.6412511424885015,0.2203932227330808,0.0053406082364719,16525700.004422106,19513600.00020941,2396.0486023279964,1589.7999078750652,False,
thorough,20,0.3,6,1,rho,2,1.0,7.73,0.9791683473576388,0.0051194165865614,1.7881393432617188e-06,1.0,1.0,0.0728000013623386,0.0975000002654269,0.4829999961657449,0.7878000033088028,0.7595999995828606,1.1140999995404854,0.5557999975280836,0.8853000035742298,0.5557999975280836,0.8853000035742298,10.0,19.0,True,1.0,0.9841680053515184,1.00226610275327,0.1258799181835521,0.564445112030698,0.0022040970905912,17.22670000162907,21.6821499998332,24.491302284305497,17.0744379772736,False,
thorough,20,0.3,6,10,rho,2,1.0,7.73,0.9791683473576388,0.0051194165865614,1.7881393432617188e-05,0.8595333781595665,1.0449329500214677,0.0779000038164667,0.1055999964592047,0.5149999997229315,0.5652000036207028,0.7482000000891276,0.9629999985918404,0.5929000035393983,0.6708000000799075,0.0592900003539398,0.0670800000079907,9.0,147.0,True,1.0,0.984144621103578,1.0022664808820247,0.9320388354528903,0.587735187687942,0.0131035853589426,172.2670000162907,216.821499998332,323.22823490236084,225.3428741876509,False,
thorough,20,0.3,6,100,rho,2,1.0,7.73,0.9791683473576388,0.0051194165865614,0.0001788139343261,0.8523241382078224,1.1438257312621212,0.0724000055924989,0.084900006186217,1.3050999987171965,1.6986999980872497,1.5655999959562903,1.957800006493926,1.3775000043096952,1.7836000042734668,0.0137750000430969,0.0178360000427346,11.0,1708.0,True,1.0,0.9840394161006484,1.0022661928097942,5.394222670231958,0.657889285846046,0.0127440884165686,1722.670000162907,2168.21499998332,1215.6397145034337,847.4994374350009,False,
thorough,20,0.3,6,1000,rho,2,1.0,7.73,0.9791683473576388,0.0051194165865614,0.0017881393432617,0.8512896679579447,1.1498352920153485,0.1277000046684406,0.2000999957090243,15.503200003877282,17.876599995361175,16.3241000045673,18.715300000621937,15.630900008545725,18.0766999910702,0.0156309000085457,0.0180766999910702,11.0,17432.0,True,1.0,0.9840321583594756,1.002266206280027,4.540997986376572,0.6628243614057947,0.0116139938717977,17226.70000162907,21682.1499998332,1199.452887448709,836.2145751036147,False,
thorough,20,0.3,6,10000,rho,2,1.0,7.73,0.9791683473576388,0.0051194165865614,0.0178813934326171,0.8500060600811791,1.1499429984444494,0.1208000030601397,0.1358000008622184,275.8026000010432,289.2214999956195,278.2686999998987,291.7276000007405,275.9234000041033,289.35729999648174,0.0275923400004103,0.0289357299996481,11.0,173810.0,True,1.0,0.9840320281733536,1.0022662061490697,2.552550266013944,0.6629138333892098,0.011896926032046,172267.0000162907,216821.499998332,749.3209951881922,522.3991239375014,False,
thorough,20,0.3,6,50000,rho,2,1.0,7.73,0.9791683473576388,0.0051194165865614,0.0894069671630859,0.8500119734504593,1.1499838040883537,0.1258999982383102,0.1467999973101541,908.0815999986952,942.5439000042388,913.4604000064428,947.6914999977452,908.2074999969336,942.690700001549,0.0181641499999386,0.0188538140000309,11.0,869538.0,True,1.0,0.9840319788500254,1.0022662063349177,3.876303627344786,0.6629477402816153,0.0118535822612993,861335.0000814535,1084107.49999166,1150.0139971571573,801.747593472782,False,
thorough,20,0.3,6,100000,rho,2,1.0,7.73,0.9791683473576388,0.0051194165865614,0.1788139343261718,0.8500006274476611,1.149999782468925,0.1300000003539025,0.1648999968892894,1815.605499999947,1883.3548999973573,1826.2613999977475,1893.777900004352,1815.7355000003008,1883.5197999942463,0.018157355000003,0.0188351979999424,11.0,1739992.0,True,1.0,0.9840319595361968,1.0022662063504693,3.877494312503573,0.6629610187287964,0.0117714641038465,1722670.000162907,2168214.99998332,1151.150627665259,802.5400105883919,False,
thorough,20,0.3,6,500000,rho,2,1.0,7.73,0.9791683473576388,0.0051194165865614,0.8940696716308594,0.8500012335133037,1.149999880993794,0.1324999975622631,0.1489999995101243,9560.66909999936,9711.924599992926,9599.966100002348,9753.103800001554,9560.80159999692,9712.073599992436,0.0191216031999938,0.0194241471999848,11.0,8702826.0,True,1.0,0.9840319594171052,1.002266206353392,3.681750684165229,0.6629611006080018,0.0117861962469407,8613350.000814535,10841074.9999166,1116.2472038849708,778.206623265296,False,
thorough,20,0.3,6,1000000,rho,2,1.0,7.73,0.9791683473576388,0.0051194165865614,1.7881393432617188,0.850000578708453,1.1499997728524496,0.1397999949404038,0.2883999986806884,19003.08820000646,19344.257200005814,19095.25909999502,19426.32450000383,19003.2280000014,19344.54560000449,0.0190032280000014,0.0193445456000044,11.0,17404816.0,True,1.0,0.9840319595478207,1.0022662063532883,3.704661013991193,0.6629610107370112,0.0117991434368456,17226700.00162907,21682149.9998332,1120.8404915868462,781.4088950378225,False,
thorough,20,0.5,10,1,base,0,1.0,1.0,0.9772569737323396,0.0056215645801508,1.7881393432617188e-06,1.0,1.0,0.0565000009373761,0.0800999987404793,0.1649999976507388,0.1843999998527579,0.3446000046096742,0.436700000136625,0.2214999985881149,0.2644999985932372,0.2214999985881149,0.2644999985932372,3.0,6.0,True,1.0,0.982257380054504,1.0036044235216204,0.1163636380204156,0.084433202331328,0.0019026875330047,16.240200005995575,20.27705000000424,76.66181515254905,51.837051324770336,False,
thorough,20,0.5,10,10,base,0,1.0,1.0,0.9772569737323396,0.0056215645801508,1.7881393432617188e-05,0.8669489820084546,1.1410810828737787,0.0568000032217241,0.0720000025467015,0.258400003076531,0.2881999971577897,0.4267999975127168,0.4947999987052753,0.3152000062982552,0.3601999997044913,0.0315200006298255,0.0360199999704491,5.0,64.0,True,1.0,0.9822569741531774,1.003604426825346,0.9907120625079088,0.0898765652176387,0.0023672306963149,162.40200005995575,202.7705000000424,562.9386456590661,380.6468632350851,False,
thorough,20,0.5,10,100,base,0,1.0,1.0,0.9772569737323396,0.0056215645801508,0.0001788139343261,0.8554085713888544,1.1498468318397932,0.0587000031373463,0.0652999951853416,0.5127000040374696,0.5321999997249804,0.6954999989829957,0.7179999956861138,0.571400007174816,0.5974999949103221,0.0057140000717481,0.0059749999491032,5.0,603.0,True,1.0,0.9822567995993556,1.003604430226065,4.993173356427178,0.0902400009652057,0.0021996314443642,1624.0200005995575,2027.705000000424,3393.648564473643,2294.7113170330936,False,
thorough,20,0.5,10,1000,base,0,1.0,1.0,0.9772569737323396,0.0056215645801508,0.0017881393432617,0.8503554541497901,1.149976748839013,0.077099997724872,0.1152999975602142,4.767799997352995,6.0068000020692125,5.365299999539275,6.699199999275152,4.844899995077867,6.122099999629427,0.0048448999950778,0.0061220999996294,5.0,6016.0,True,1.0,0.9822567993292568,1.0036044309076948,5.36935274428724,0.0902453894230208,0.0022752944400302,16240.200005995575,20277.05000000424,3312.1069569643773,2239.57465629592,False,
thorough,20,0.5,10,10000,base,0,1.0,1.0,0.9772569737323396,0.0056215645801508,0.0178813934326171,0.8500141735419441,1.1499680945835342,0.1111000019591301,0.113200003397651,75.43900000018766,77.73340000130702,76.98489999893354,79.42150000599213,75.55010000214679,77.84660000470467,0.0075550100002146,0.0077846600004704,5.0,60253.0,True,1.0,0.982256799210574,1.0036044309210883,3.393470220964795,0.0902450304759624,0.0022191379554678,162402.00005995575,202770.5000000424,2604.744458817571,1761.2715265214797,False,
thorough,20,0.5,10,50000,base,0,1.0,1.0,0.9772569737323396,0.0056215645801508,0.0894069671630859,0.8500060788282998,1.149997096416682,0.1604999997653067,0.1702000008663162,386.2472999971942,414.95020000002114,392.25579999765614,421.833800006425,386.4077999969595,415.12040000088746,0.0077281559999391,0.0083024080000177,5.0,301412.0,True,1.0,0.9822567991614648,1.0036044309267704,3.313939023028247,0.0902462333675928,0.002242847113208,812010.0002997788,1013852.500000212,2442.309508272888,1651.4365473787857,False,
thorough,20,0.5,10,100000,base,0,1.0,1.0,0.9772569737323396,0.0056215645801508,0.1788139343261718,0.8500014556964066,1.1499996425860417,0.1532999958726577,0.1693000012892298,772.7784999951837,796.8502000003355,788.9018999994732,809.7271000006003,772.9317999910563,797.0195000016247,0.0077293179999105,0.0079701950000162,5.0,602145.0,True,1.0,0.9822567991040928,1.0036044309266796,3.312721562538237,0.0902463389736695,0.0022379207453962,1624020.0005995575,2027705.000000424,2544.1096485045728,1720.2715871382534,False,
thorough,20,0.5,10,500000,base,0,1.0,1.0,0.9772569737323396,0.0056215645801508,0.8940696716308594,0.8500000305719025,1.14999940141962,0.1430999982403591,0.1597000009496696,4426.766299999144,4497.5848000030965,4482.052700004715,4547.1529999995255,4426.909399997385,4497.744500004046,0.0088538187999947,0.008995489000008,5.0,3012271.0,True,1.0,0.9822567991058372,1.003604430926769,2.891501184510796,0.0902463289709387,0.0022432485863042,8120100.002997788,10138525.00000212,2254.1353782975,1524.1972951628295,False,
thorough,20,0.5,10,1000000,base,0,1.0,1.0,0.9772569737323396,0.0056215645801508,1.7881393432617188,0.8500005346838203,1.149999922848974,0.1562000034027733,0.1827000014600344,9024.810100003378,9153.280400001677,9118.895300001896,9243.679899998824,9024.96630000678,9153.463100003137,0.0090249663000067,0.0091534631000031,5.0,6021282.0,True,1.0,0.982256799105368,1.0036044309268166,2.836624783937605,0.0902463505979834,0.002241069301563,16240200.005995575,20277050.00000424,2215.232615074101,1497.8920931548437,False,
thorough,20,0.5,10,1,lambda,1,5.0,1.0,0.8371905675939003,0.0056215645801508,1.7881393432617188e-06,5.0,5.0,0.0602000000071711,0.0662000020383857,0.436399997852277,0.4445000013220124,0.6004000024404377,0.6212000007508323,0.4965999978594482,0.5107000033603981,0.4965999978594482,0.5107000033603981,11.0,16.0,True,1.0,0.8421904479390989,0.9946351575653376,0.117323556947705,0.0764866274207105,0.0096160432140058,18.171899995650165,22.099900001194328,43.273741640449046,30.41658488634732,False,
thorough,20,0.5,10,10,lambda,1,5.0,1.0,0.8371905675939003,0.0056215645801508,1.7881393432617188e-05,4.880057073154126,5.136854352902929,0.0658000062685459,0.0762000054237432,0.5606000049738213,0.599899998633191,0.8101999992504716,0.8395000040763989,0.6264000112423673,0.6761000040569343,0.0626400011242367,0.0676100004056934,11.0,160.0,True,1.0,0.8421904213625014,0.994635157565348,0.9133071627851826,0.0806254354968813,0.0106667135796942,181.71899995650165,220.99900001194328,326.87324165928123,229.75521240140853,False,
thorough,20,0.5,10,100,lambda,1,5.0,1.0,0.8371905675939003,0.0056215645801508,0.0001788139343261,4.852390116772099,5.14979370315532,0.0638999990769662,0.0919000012800097,1.041099996655248,1.577999995788559,1.2654000020120293,1.851399996667169,1.1049999957322143,1.669899997068569,0.0110499999573221,0.0166989999706856,11.0,1600.0,True,1.0,0.8421904147405703,0.9946351575653506,4.917875339976057,0.0812422419655323,0.0099635078656257,1817.1899995650165,2209.990000119433,1323.4265548829069,930.2203743300904,False,
thorough,20,0.5,10,1000,lambda,1,5.0,1.0,0.8371905675939003,0.0056215645801508,0.0017881393432617,4.850310312184502,5.149123666219145,0.0900000013643875,0.1178999955300241,10.834299995622132,11.868599998706486,11.562200001208112,12.50590000563534,10.92429999698652,11.98649999423651,0.0109242999969865,0.0119864999942365,11.0,16000.0,True,1.0,0.8421904142350674,0.9946351575653508,4.725732167347095,0.0812102833094947,0.0099069133299416,18171.899995650165,22099.900001194328,1843.7325334184843,1295.93709682881,False,
thorough,20,0.5,10,10000,lambda,1,5.0,1.0,0.8371905675939003,0.0056215645801508,0.0178813934326171,4.850067860174047,5.149986477979747,0.1124000045820139,0.1655999949434772,156.97070000169333,159.46080000139773,160.23260000656592,162.34799999801908,157.08310000627534,159.6263999963412,0.0157083100006275,0.0159626399996341,11.0,160000.0,True,1.0,0.8421904141760677,0.994635157565351,3.261755219250961,0.0812514370960753,0.0099214507453978,181718.99995650165,220999.00001194328,1384.4765027402034,973.1316376254466,False,
thorough,20,0.5,10,50000,lambda,1,5.0,1.0,0.8371905675939003,0.0056215645801508,0.0894069671630859,4.850003050766952,5.14999829585733,0.1376000000163912,0.1428999967174604,902.8271999995924,942.8153000044404,913.0904999983612,949.4911999936448,902.9647999996088,942.9582000011578,0.0180592959999921,0.0188591640000231,11.0,800000.0,True,1.0,0.8421904141602945,0.994635157565351,2.835537077306882,0.0812520008003093,0.0099267344089852,908594.9997825082,1104995.0000597164,1171.838794188713,823.6711873151078,False,
thorough,20,0.5,10,100000,lambda,1,5.0,1.0,0.8371905675939003,0.0056215645801508,0.1788139343261718,4.850001888489524,5.149999807198302,0.1568999941810034,0.1783999978215433,2126.4169000060065,2259.6584999992047,2144.959600002039,2280.5429000000004,2126.5738000001875,2259.836899997026,0.0212657380000018,0.0225983689999702,11.0,1600000.0,True,1.0,0.8421904141600116,0.994635157565351,2.407806296115093,0.0812520728902299,0.0099101343970312,1817189.9995650165,2209990.000119433,977.942257745389,687.3836781623422,False,
thorough,20,0.5,10,500000,lambda,1,5.0,1.0,0.8371905675939003,0.0056215645801508,0.8940696716308594,4.850001170385034,5.149999936278544,0.1359000016236677,0.1747999995131977,8204.940100004023,8391.6601000019,8265.505700001086,8439.696400004323,8205.076000005647,8391.834900001413,0.0164101520000112,0.0167836698000028,11.0,8000000.0,True,1.0,0.8421904141598369,0.994635157565351,3.120071528613286,0.0812520790472662,0.0099185269299659,9085949.997825082,11049950.000597164,1316.750166354596,925.5276223121832,False,
thorough,20,0.5,10,1000000,lambda,1,5.0,1.0,0.8371905675939003,0.0056215645801508,1.7881393432617188,4.850000050821624,5.149999993136931,0.1330000013695098,0.1625000004423782,16553.48820000654,17139.36570000078,16669.700399994326,17252.118000003975,16553.62120000791,17139.528200001223,0.0165536212000079,0.0171395282000012,11.0,16000000.0,True,1.0,0.8421904141595641,0.994635157565351,3.0930036848656326,0.0812520817593711,0.0099184620034525,18171899.995650165,22099900.001194328,1289.4112220190957,906.311411983225,False,
thorough,20,0.5,10,1,lambda,2,9.0,1.0,0.6027192451939554,0.0056215645801508,1.7881393432617188e-06,9.0,9.0,0.0615999961155466,0.083999999333173,1.8602000054670496,2.0003999961772934,2.0832000009249896,2.2723000001860783,1.9218000015825965,2.0843999955104664,1.9218000015825965,2.0843999955104664,46.0,90.0,True,1.0,0.6077198864689969,0.985226814239516,0.1548220616888399,0.0684832996265714,0.0176523412745577,17.114799993578345,20.22335000219755,9.702240474839805,6.552101340476161,False,
thorough,20,0.5,10,10,lambda,2,9.0,1.0,0.6027192451939554,0.0056215645801508,1.7881393432617188e-05,8.88638146768467,9.143687595607512,0.0648999994155019,0.0692999965394847,2.268500000354834,2.324500004760921,2.463999997416977,2.616499994473997,2.333399999770336,2.3938000013004057,0.2333399999770335,0.2393800001300405,46.0,876.0,True,1.0,0.6077200043249135,0.985226814239516,1.2695613839759827,0.0703534633291609,0.0174037824126491,171.14799993578345,202.2335000219755,84.48220399035607,57.05238531729262,False,
thorough,20,0.5,10,100,lambda,2,9.0,1.0,0.6027192451939554,0.0056215645801508,0.0001788139343261,8.862135286415135,9.149091023804807,0.0849999996717087,0.1102000023820437,6.48910000018077,8.20410000596894,6.828099998529069,8.764999998675194,6.574099999852479,8.314300008350983,0.0657409999985247,0.0831430000835098,48.0,8805.0,True,1.0,0.607718025860784,0.985226814239516,4.586152162729957,0.0706623307689458,0.0175905341292669,1711.4799993578345,2022.3350002197549,243.23575023615905,164.26157332493625,False,
thorough,20,0.5,10,1000,lambda,2,9.0,1.0,0.6027192451939554,0.0056215645801508,0.0017881393432617,8.850014591933657,9.148949602261943,0.1088999997591599,0.1854999936767853,55.33339999965392,65.60489999537822,56.143099995097145,66.47489999886602,55.44229999941308,65.790399989055,0.055442299999413,0.065790399989055,48.0,88377.0,True,1.0,0.6077180211622607,0.985226814239516,5.378306773158007,0.0706542442264551,0.0177373921770029,17114.799993578345,20223.35000219755,307.39059202500573,207.5865172873955,False,
thorough,20,0.5,10,10000,lambda,2,9.0,1.0,0.6027192451939554,0.0056215645801508,0.0178813934326171,8.850010647101755,9.149846769587876,0.1170000032288953,0.1412999990861863,790.7582999978331,923.7954999989596,792.4255000034464,925.6592000019735,790.875300001062,923.936799998046,0.0790875300001062,0.0923936799998045,48.0,885067.0,True,1.0,0.6077180207588145,0.985226814239516,3.763476146893628,0.0707055470795705,0.0177728485626083,171147.99993578345,202233.5000219755,218.8823954435013,147.8153051669932,False,
thorough,20,0.5,10,50000,lambda,2,9.0,1.0,0.6027192451939554,0.0056215645801508,0.0894069671630859,8.8500205149833,9.149990799174578,0.1294000030611641,0.1392999984091147,4170.713799998339,4248.552799996105,4177.060399997572,4257.8502999967895,4170.8432000014,4248.692099994514,0.083416864000028,0.0849738419998902,48.0,4424687.0,True,1.0,0.6077180207965013,0.985226814239516,3.567734616555547,0.0707137836875428,0.0177688966545179,855739.9996789172,1011167.5001098774,237.995005595059,160.7224021327677,False,
thorough,20,0.5,10,100000,lambda,2,9.0,1.0,0.6027192451939554,0.0056215645801508,0.1788139343261718,8.850014003536769,9.149998755272245,0.1585999998496845,0.1819000026443973,8460.000099999888,8733.372700000473,8475.901999998314,8743.831100000534,8460.158699999738,8733.554600003117,0.0846015869999973,0.0873355460000311,48.0,8848264.0,True,1.0,0.6077180207575835,0.985226814239516,3.517730454873209,0.0707142386766138,0.0177631794449157,1711479.9993578345,2022335.0002197549,231.55920960510548,156.3761907971327,False,
thorough,20,0.5,10,500000,lambda,2,9.0,1.0,0.6027192451939554,0.0056215645801508,0.8940696716308594,8.850000411727988,9.149999722302404,0.1322999960393645,0.1762999963830225,45705.7461000004,46675.59369999799,45783.133000004455,46741.75120000291,45705.87839999644,46675.76999999437,0.0914117567999928,0.0933515399999887,48.0,44249396.0,True,1.0,0.6077180207437066,0.985226814239516,3.255608160830324,0.070714293978646,0.0177712425323943,8557399.996789172,10111675.001098774,216.63649043390168,146.29860422949935,False,
thorough,20,0.5,10,1000000,lambda,2,9.0,1.0,0.6027192451939554,0.0056215645801508,1.7881393432617188,8.850000227494533,9.14999916337706,0.1377000007778406,0.1804999992600642,91905.96910000022,93059.51220000134,92022.92980000492,93190.4663000023,91906.106800001,93059.6927000006,0.091906106800001,0.0930596927000006,48.0,88494751.0,True,1.0,0.6077180207420381,0.985226814239516,3.238092181762319,0.0707142620151074,0.0177699370281185,17114799.993578345,20223350.00219755,217.3158906444296,146.75741568048983,False,
thorough,20,0.5,10,1,rho,1,1.0,3.16,0.9786740174687536,0.0050304636799148,1.7881393432617188e-06,1.0,1.0,0.0591999996686354,0.0817999971332028,0.2199000009568408,0.2353000018047168,0.3843999948003329,0.468699996417854,0.2791000006254762,0.3170999989379197,0.2791000006254762,0.3170999989379197,5.0,8.0,True,1.0,0.983673885660556,1.0037623387779109,0.1164165524720686,0.20508308575096,0.0017738242700174,17.159700000775047,20.15079999910085,63.54714622072856,42.84027135627797,False,
thorough,20,0.5,10,10,rho,1,1.0,3.16,0.9786740174687536,0.0050304636799148,1.7881393432617188e-05,0.8908123758149066,1.128383578783996,0.0651999944238923,0.0776000015321187,0.2775000029942021,0.3261000019847415,0.480099995911587,0.5985000025248155,0.3426999974180944,0.4037000035168603,0.0342699997418094,0.040370000351686,5.0,90.0,True,1.0,0.9836734049366244,1.0037620286369628,1.0378378266396535,0.2179097835162562,0.0020981276939119,171.59700000775047,201.5079999910085,499.15283189387605,336.5035888836345,False,
thorough,20,0.5,10,100,rho,1,1.0,3.16,0.9786740174687536,0.0050304636799148,0.0001788139343261,0.8504051271958268,1.1497459723214118,0.0628999987384304,0.0830000062705949,0.5773000011686236,0.6109000023570843,0.8374999961233698,0.9442999944440088,0.640199999907054,0.6939000086276792,0.0064019999990705,0.0069390000862767,5.0,900.0,True,1.0,0.9836731277494568,1.0037620457154464,4.988740679317582,0.2203372344980193,0.0028572169416851,1715.970000077505,2015.0799999100848,2903.991893436194,1957.724431859022,False,
thorough,20,0.5,10,1000,rho,1,1.0,3.16,0.9786740174687536,0.0050304636799148,0.0017881393432617,0.8505377711496747,1.1496201634081005,0.0895999983185902,0.1147000002674758,6.490899999334943,7.409599995298777,7.038999996439088,7.979699999850709,6.580499997653533,7.524299995566253,0.0065804999976535,0.0075242999955662,5.0,9000.0,True,1.0,0.9836731288871916,1.0037620456619631,4.436981004629689,0.2203228848114203,0.0028384672734982,17159.700000775047,20150.79999910085,2678.0963027756543,1805.4370518959624,False,
thorough,20,0.5,10,10000,rho,1,1.0,3.16,0.9786740174687536,0.0050304636799148,0.0178813934326171,0.8500464887854465,1.1499632146764436,0.1323999968008138,0.1524000035715289,100.34849999647122,107.85839999880407,102.4284000013722,110.81579999881797,100.48089999327205,108.01080000237562,0.0100480899993272,0.0108010800002375,5.0,90000.0,True,1.0,0.9836731246649888,1.003762045859968,2.869998056873073,0.2203620145339983,0.0028867139748372,171597.00000775047,201507.9999910085,1865.6282518653368,1257.7121918620317,False,
thorough,20,0.5,10,50000,rho,1,1.0,3.16,0.9786740174687536,0.0050304636799148,0.0894069671630859,0.8500135296612289,1.1499962837167612,0.2020000029006041,0.2261999979964457,461.4147999964189,528.5023999967962,469.0905000024941,537.0964999965508,461.6167999993195,528.7285999947926,0.0092323359999863,0.0105745719998958,5.0,450000.0,True,1.0,0.9836731243809153,1.0037620458732437,3.120836176063655,0.2203657867652309,0.0028569805369998,857985.0000387523,1007539.9999550428,1905.5901268911232,1284.6524664742678,False,
thorough,20,0.5,10,100000,rho,1,1.0,3.16,0.9786740174687536,0.0050304636799148,0.1788139343261718,0.8500009708926283,1.149999488251024,0.1755999983288347,0.2144999962183646,905.8072999978322,1059.8670999970636,918.477699997311,1073.935000000347,905.982899996161,1060.081599993282,0.0090598289999616,0.0106008159999328,5.0,900000.0,True,1.0,0.9836731242726447,1.003762045878302,3.179484201559087,0.2203661523132338,0.0028688870598727,1715970.000077505,2015079.9999100848,1900.8725365319567,1281.4721057003562,False,
thorough,20,0.5,10,500000,rho,1,1.0,3.16,0.9786740174687536,0.0050304636799148,0.8940696716308594,0.8500002019096684,1.1499992056853976,0.1546999992569908,0.1733000026433728,4781.090799995582,4815.217199997278,4829.161000001477,4868.481400000746,4781.245499994839,4815.390499999921,0.0095624909999896,0.0096307809999998,5.0,4500000.0,True,1.0,0.9836731242660148,1.0037620458786114,3.0118649911466457,0.2203661200803593,0.0028782136091449,8579850.000387523,10075399.999550428,2092.3329062410603,1410.5450016541918,False,
thorough,20,0.5,10,1000000,rho,1,1.0,3.16,0.9786740174687536,0.0050304636799148,1.7881393432617188,0.850000019176312,1.1499996497075384,0.1316000052611343,0.1557000068714842,8950.122599999304,9363.09710000205,9071.673699996609,9478.846800004249,8950.254200004565,9363.252800008922,0.0089502542000045,0.0093632528000089,5.0,9000000.0,True,1.0,0.9836731242644392,1.0037620458786851,3.2178330160530138,0.2203661707309394,0.0028775908797616,17159700.000775047,20150799.999100856,2152.115341698523,1450.8472954573,False,
thorough,20,0.5,10,1,rho,2,1.0,7.73,0.9791766694377768,0.0051194165865614,1.7881393432617188e-06,1.0,1.0,0.0605999957770109,0.0677999996696598,0.433199995313771,0.436399997852277,0.6154000002425164,0.6295000057434663,0.493799991090782,0.5041999975219369,0.493799991090782,0.5041999975219369,9.0,18.0,True,1.0,0.9841763421275193,1.0038182659629928,0.1329639903580325,0.5746436284107064,0.0019511809862065,16.755800003011245,19.937799999752315,39.54343533864229,26.520527703187103,False,
thorough,20,0.5,10,10,rho,2,1.0,7.73,0.9791766694377768,0.0051194165865614,1.7881393432617188e-05,0.8852876860704821,1.1335399421893533,0.0752999985706992,0.09479999425821,0.5596999981207773,0.6643000015174039,0.8023000045795925,1.0145000051124953,0.6349999966914766,0.7590999957756139,0.0634999996691476,0.0759099995775614,10.0,176.0,True,1.0,0.9841757390781224,1.003818412277551,1.143469719758503,0.6495811398327522,0.0067135554898862,167.55800003011245,199.37799999752315,262.65050863794005,176.15136446634875,False,
thorough,20,0.5,10,100,rho,2,1.0,7.73,0.9791766694377768,0.0051194165865614,0.0001788139343261,0.8511728368991099,1.146017414007141,0.0665999978082254,0.0815000021248124,1.2275999979465269,1.283499994315207,1.5592999989166856,1.6370000012102537,1.2941999957547523,1.3649999964400197,0.0129419999575475,0.0136499999644001,11.0,1788.0,True,1.0,0.98417567435037,1.003818592964407,5.734767034682462,0.6596658582290059,0.0063242758563069,1675.5800003011243,1993.779999975232,1460.644692435969,979.6080613260992,False,
thorough,20,0.5,10,1000,rho,2,1.0,7.73,0.9791766694377768,0.0051194165865614,0.0017881393432617,0.8505935382905512,1.1496265136281576,0.1147000002674758,0.1483999949414283,11.268100002780557,14.553599998180289,11.855700002342928,15.152500003750902,11.382800003048033,14.701999993121715,0.011382800003048,0.0147019999931217,11.0,17966.0,True,1.0,0.9841756643023448,1.0038185933486004,6.247725879485259,0.6626462688446587,0.0061967781094979,16755.800003011245,19937.799999752315,1356.1284185199395,909.5123118271856,False,
thorough,20,0.5,10,10000,rho,2,1.0,7.73,0.9791766694377768,0.0051194165865614,0.0178813934326171,0.8500536239005997,1.149992922735467,0.1140999956987798,0.1278999989153817,190.6703999993624,235.9714999984135,193.1659999972908,238.7326000025496,190.7844999950612,236.09939999732887,0.0190784499995061,0.0236099399997328,11.0,179510.0,True,1.0,0.9841756595771844,1.0038185934724142,3.69223539680178,0.6629511411690348,0.0060778944258215,167558.00003011245,199377.99999752315,844.466356118562,566.3567972802421,False,
thorough,20,0.5,10,50000,rho,2,1.0,7.73,0.9791766694377768,0.0051194165865614,0.0894069671630859,0.8500042801212654,1.1499927845106377,0.1507999986642971,0.185699995199684,1286.9356000010157,1307.9049000007217,1294.9171000000206,1317.6428000006126,1287.08639999968,1308.0905999959214,0.0257417279999936,0.0261618119999184,11.0,896770.0,True,1.0,0.984175659646907,1.0038185934832042,2.735179600282424,0.6629510260780807,0.0060987001263914,837790.0001505623,996889.9999876156,762.0955306847432,511.1132975907437,False,
thorough,20,0.5,10,100000,rho,2,1.0,7.73,0.9791766694377768,0.0051194165865614,0.1788139343261718,0.850012214022462,1.149999794311939,0.1491000002715736,0.1564000049256719,1987.447899999097,2169.4019000060507,1999.39400000585,2181.376000000455,1987.5969999993688,2169.5583000109764,0.0198759699999936,0.0216955830001097,11.0,1795532.0,True,1.0,0.9841756592924988,1.0038185934809778,3.5422312202514585,0.6629568627657936,0.0060743268861556,1675580.0003011243,1993779.999975232,918.9796835444084,616.3305223076857,False,
thorough,20,0.5,10,500000,rho,2,1.0,7.73,0.9791766694377768,0.0051194165865614,0.8940696716308594,0.850000520045101,1.149998846105302,0.1341000024694949,0.1620999973965808,10524.457300001814,10958.962999997311,10570.20680000278,11039.73670000414,10524.591400004285,10959.125099994708,0.0210491828000085,0.0219182501999894,11.0,8975848.0,True,1.0,0.98417565928545,1.0038185934832813,3.3445905091936603,0.6629560732355612,0.0060740362977081,8377900.001505623,9968899.999876156,909.6437816811646,610.0692290771393,False,
thorough,20,0.5,10,1000000,rho,2,1.0,7.73,0.9791766694377768,0.0051194165865614,1.7881393432617188,0.8500002532928924,1.149999346647026,0.1464000015403144,0.1712999946903437,21932.006900002307,22245.60010000277,22062.381200004893,22376.25169999956,21932.153300003847,22245.771399997466,0.0219321533000038,0.0222457713999974,11.0,17950646.0,True,1.0,0.9841756592793348,1.0038185934826185,3.2099205659101173,0.6629564900144428,0.0060575855330682,16755800.003011243,19937799.99975232,896.2512309082967,601.0872701060356,False,
thorough,40,0.0,0,1,base,0,1.0,1.0,0.97,0.0017346032184886,3.576278686523437e-06,1.0,1.0,0.1086000047507695,0.1858999967225827,0.0865000038174912,0.0922999970498494,0.3901999953086488,0.5188999930396676,0.1951000085682608,0.2781999937724322,0.1951000085682608,0.2781999937724322,0.0,4.0,True,1.0,0.9700000193323024,0.9987856177642316,0.5919074883283046,,,16.035000000556465,20.25254999898607,72.79852786608137,49.19626278876424,False,
thorough,40,0.0,0,10,base,0,1.0,1.0,0.97,0.0017346032184886,3.5762786865234375e-05,0.8524758091122211,1.129945397050124,0.0692999965394847,0.0756000008550472,0.0962000049185007,0.1093000028049573,0.2758999980869703,0.3163000001222826,0.1655000014579855,0.1849000036600045,0.0165500001457985,0.0184900003660004,0.0,50.0,True,1.0,0.9659706401870184,0.9989653863956376,6.652806312662858,,,160.35000000556465,202.5254999898607,1095.3244779933373,740.2055019224229,False,
thorough,40,0.0,0,100,base,0,1.0,1.0,0.97,0.0017346032184886,0.0003576278686523,0.8520690424336803,1.1449695566747096,0.0782999995863065,0.0882000022102147,0.9806000016396864,1.4627999989897944,1.2133999989600852,1.6909999976633117,1.058900001225993,1.5510000012000091,0.0105890000122599,0.015510000012,0.0,500.0,True,1.0,0.965502695772226,0.9989658817720124,6.526616346418923,,,1603.5000000556463,2025.254999898607,1305.7736933150654,882.4242418357177,False,
thorough,40,0.0,0,1000,base,0,1.0,1.0,0.97,0.0017346032184886,0.0035762786865234,0.8500501814641241,1.1487011354734258,0.0828999982331879,0.1067999983206391,6.7999000020790845,7.759899999655317,7.518099999288097,8.399399994232226,6.8828000003122725,7.866699997975957,0.0068828000003122,0.0078666999979759,0.0,5000.0,True,1.0,0.9653864043106888,0.9989683403956988,9.411903113344588,,,16035.000000556463,20252.54999898607,2574.465786695425,1739.789238814568,False,
thorough,40,0.0,0,10000,base,0,1.0,1.0,0.97,0.0017346032184886,0.0357627868652343,0.8500089821126245,1.1499576804720113,0.109699998574797,0.153500004671514,79.94719999987865,84.51190000050701,81.7142000014428,86.63569999771426,80.05689999845345,84.66540000517853,0.0080056899998453,0.0084665400005178,0.0,50000.0,True,1.0,0.9653472391329008,0.9989683905689682,8.005283487113639,,,160350.00000556465,202525.4999898607,2392.0692511636785,1616.5281213605592,False,
thorough,40,0.0,0,50000,base,0,1.0,1.0,0.97,0.0017346032184886,0.1788139343261718,0.8500049750584924,1.149986278578814,0.1198999962070956,0.1636000015423633,470.2553999959491,475.9877999968012,474.9510000037844,484.4205999979749,470.3752999921562,476.1513999983436,0.0094075059998431,0.0095230279999668,0.0,250000.0,True,1.0,0.9653463477248224,0.9989683954488258,6.804812874084094,,,801750.0000278233,1012627.4999493036,2126.692266268305,1437.1899359645656,False,
thorough,40,0.0,0,100000,base,0,1.0,1.0,0.97,0.0017346032184886,0.3576278686523437,0.8500015025898396,1.1499985374992017,0.1447999966330826,0.1524000035715289,685.4183999967063,741.5928999980679,698.0616000000737,751.7110999979195,685.5631999933394,741.7453000016394,0.0068556319999333,0.0074174530000163,0.0,500000.0,True,1.0,0.9653459656116102,0.9989683996776564,9.337362405256052,,,1603500.0000556463,2025254.999898607,2730.391415886465,1845.161674961864,False,
thorough,40,0.0,0,500000,base,0,1.0,1.0,0.97,0.0017346032184886,1.7881393432617188,0.8500000038877976,1.1499996363497509,0.130899999930989,0.1516999982413835,3622.1431999947526,3692.031200000202,3661.3772999990033,3736.344700002519,3622.274099994684,3692.182899998442,0.0072445481999893,0.0073843657999968,0.0,2500000.0,True,1.0,0.965345931360186,0.9989684015028004,8.834548562311495,,,8017500.000278233,10126274.999493036,2742.6255073922,1853.429308914643,False,
thorough,40,0.0,0,1000000,base,0,1.0,1.0,0.97,0.0017346032184886,3.576278686523437,0.850000264849442,1.1499999606358502,0.1221999991685152,0.1571999964653514,7803.8136000031955,8451.408799999626,7848.424800002249,8528.939099996933,7803.935800002364,8451.565999996092,0.0078039358000023,0.008451565999996,0.0,5000000.0,True,1.0,0.9653459212521132,0.9989684011849972,8.201118489038974,,,16035000.000556463,20252549.99898607,2396.307382441956,1619.3921932890876,False,
thorough,40,0.0,0,1,lambda,1,5.0,1.0,0.8263734508399418,0.0017346032184886,3.576278686523437e-06,5.0,5.0,0.1656000022194348,0.1827999949455261,0.2592999953776598,0.2928999965661205,0.6938000005902722,0.7550000009359792,0.4248999975970946,0.4756999915116466,0.4248999975970946,0.4756999915116466,0.0,9.0,True,1.0,0.8263734941580638,0.9938266661229082,0.4442730507272703,,,17.29940000222996,21.987599997373763,46.22156903451498,32.41843656722302,False,
thorough,40,0.0,0,10,lambda,1,5.0,1.0,0.8263734508399418,0.0017346032184886,3.5762786865234375e-05,4.854033798912126,5.12162767026912,0.1733999961288646,0.2280999979120679,0.4891000062343664,0.5454999991343357,1.0212999986833893,1.371099999232683,0.662500002363231,0.7735999970464036,0.0662500002363231,0.0773599997046403,0.0,90.0,True,1.0,0.8211303125117996,0.99401058703293,2.355346524874068,,,172.9940000222996,219.87599997373763,284.2244064286735,199.34656228965585,False,
thorough,40,0.0,0,100,lambda,1,5.0,1.0,0.8263734508399418,0.0017346032184886,0.0003576278686523,4.853808727220932,5.146376011807923,0.1647000026423484,0.2033999990089796,1.810599998862017,2.631499999552034,2.421599994704593,3.363899995747488,1.975300001504365,2.834899998561013,0.0197530000150436,0.0283489999856101,0.0,900.0,True,1.0,0.8200543663364539,0.994010870450186,6.362531761427402,,,1729.940000222996,2198.7599997373763,775.6040780463015,543.985678777972,False,
thorough,40,0.0,0,1000,lambda,1,5.0,1.0,0.8263734508399418,0.0017346032184886,0.0035762786865234,4.85003278283455,5.149997653966498,0.1141000029747374,0.1548000000184402,12.210100001539104,13.132300002325792,12.986499998078216,13.961299999209588,12.32420000451384,13.287100002344232,0.0123242000045138,0.0132871000023442,0.0,9000.0,True,1.0,0.8198966516303162,0.9940156251546568,9.43481216251127,,,17299.40000222996,21987.599997373763,1654.8080464130253,1160.6332455635957,False,
thorough,40,0.0,0,10000,lambda,1,5.0,1.0,0.8263734508399418,0.0017346032184886,0.0357627868652343,4.8500467556504425,5.14996676826234,0.1049999991664663,0.1262000005226582,125.60120000125607,133.3098000031896,127.7014000006602,135.00930000009248,125.70620000042254,133.43600000371225,0.0125706200000422,0.0133436000003712,0.0,90000.0,True,1.0,0.8198979969199093,0.9940156075602408,9.171886892708663,,,172994.0000222996,219875.99997373763,1647.8011928386686,1155.7188464447236,False,
thorough,40,0.0,0,50000,lambda,1,5.0,1.0,0.8263734508399418,0.0017346032184886,0.1788139343261718,4.850007987881304,5.149989723349044,0.1116000057663768,0.1190999973914586,713.9840000018012,780.9333999975934,717.6904000007198,784.4913000008091,714.0956000075676,781.0524999949848,0.0142819120001513,0.0156210499998996,0.0,450000.0,True,1.0,0.8198969970649375,0.9940156563761828,8.067407672980725,,,864970.0001114979,1099379.9998686882,1407.5622315730982,987.222369811752,False,
thorough,40,0.0,0,100000,lambda,1,5.0,1.0,0.8263734508399418,0.0017346032184886,0.3576278686523437,4.850001231823975,5.14999969495309,0.1042000003508292,0.1399999964633025,1304.4751999987056,1360.820900001272,1314.1412000040873,1370.5723999955808,1304.5793999990565,1360.9608999977354,0.0130457939999905,0.0136096089999773,0.0,900000.0,True,1.0,0.8198965627308267,0.9940156648833331,8.831137609984024,,,1729940.000222996,2198759.9997373763,1615.5938056273585,1133.1295410378436,False,
thorough,40,0.0,0,500000,lambda,1,5.0,1.0,0.8263734508399418,0.0017346032184886,1.7881393432617188,4.850000705773802,5.149999504546715,0.138900002639275,0.1828000022214837,6603.569500002777,6992.703999996593,6645.155999998678,7039.49719999946,6603.7084000054165,6992.886799998814,0.0132074168000108,0.0139857735999976,0.0,4500000.0,True,1.0,0.8198965710243802,0.9940156655457296,8.722555278622536,,,8649700.00111498,10993799.998686882,1572.1404211331928,1102.6526269416704,False,
thorough,40,0.0,0,1000000,lambda,1,5.0,1.0,0.8263734508399418,0.0017346032184886,3.576278686523437,4.850000198486356,5.14999977224989,0.1393999991705641,0.2147999985027127,12256.197700000484,14632.700399997702,12324.939500002074,14712.235500002862,12256.337099999657,14632.915199996203,0.0122563370999996,0.0146329151999962,0.0,9000000.0,True,1.0,0.8198965593640006,0.9940156661845,9.399326187435394,,,17299400.00222996,21987599.997373763,1502.612411597893,1053.8877447914715,False,
thorough,40,0.0,0,1,lambda,2,9.0,1.0,0.566883715098724,0.0017346032184886,3.576278686523437e-06,9.0,9.0,0.1474000018788501,0.1564999984111637,0.5545999956666492,0.5971999999019317,0.967200001468882,1.0457000025780872,0.7019999975454994,0.7536999983130954,0.7019999975454994,0.7536999983130954,0.0,25.0,True,1.0,0.5668853847872981,0.988693513424342,0.5769924314827094,,,15.311399998608977,18.32310000099824,24.310866448200013,15.59897841287954,False,
thorough,40,0.0,0,10,lambda,2,9.0,1.0,0.566883715098724,0.0017346032184886,3.5762786865234375e-05,8.909499929131284,9.14534073784868,0.1516999982413835,0.1564000049256719,1.1050999964936636,1.3378000003285706,1.4602000010199845,1.9376999989617616,1.2567999947350472,1.4942000052542426,0.1256799994735047,0.1494200005254242,0.0,290.0,True,1.0,0.5459168243993364,0.9888117041224485,3.3589720493871016,,,153.11399998608977,183.2310000099824,122.6281618027468,78.68391086956824,False,
thorough,40,0.0,0,100,lambda,2,9.0,1.0,0.566883715098724,0.0017346032184886,0.0003576278686523,8.857428976328253,9.148471776670274,0.0911999959498643,0.1851999986683949,6.703200000629295,6.856100000732113,7.226799993077293,7.533500000135973,6.794399996579159,7.041299999400508,0.0679439999657915,0.070412999994005,0.0,3000.0,True,1.0,0.5454182108343274,0.9888796629213672,5.728607231828831,,,1531.1399998608977,1832.310000099824,260.22325426495473,166.9712979772812,False,
thorough,40,0.0,0,1000,lambda,2,9.0,1.0,0.566883715098724,0.0017346032184886,0.0035762786865234,8.850006945736638,9.149776354398384,0.0968999956967309,0.1904000018839724,37.67180000431836,44.272899998759385,38.40380000474397,45.14030000427738,37.76870000001509,44.46330000064336,0.037768700000015,0.0444633000006433,0.0,30000.0,True,1.0,0.5452100755798588,0.988889346913128,10.193301088771486,,,15311.399998608977,18323.10000099824,412.0949187472165,264.41919523074546,False,
thorough,40,0.0,0,10000,lambda,2,9.0,1.0,0.566883715098724,0.0017346032184886,0.0357627868652343,8.850010349003657,9.149990045199443,0.0989999971352517,0.1761000021360814,483.39779999514576,509.0233000009903,485.4291999945417,511.1246999949799,483.496799992281,509.1994000031264,0.0483496799992281,0.0509199400003126,0.0,300000.0,True,1.0,0.545175943423095,0.9888893424728216,7.943768051982365,,,153113.99998608977,183231.0000099824,359.8413509694972,230.89088485573896,False,
thorough,40,0.0,0,50000,lambda,2,9.0,1.0,0.566883715098724,0.0017346032184886,0.1788139343261718,8.8500013183061,9.149995636376817,0.1657999964663759,0.1918999987537972,1975.266500005091,2190.197600000829,1980.7886000053256,2195.273900004395,1975.4323000015568,2190.3894999995828,0.0395086460000311,0.0438077899999916,0.0,1500000.0,True,1.0,0.5451750502125773,0.9888893542553416,9.720207374524152,,,765569.9999304488,916155.000049912,418.2612270786024,268.3757843861916,False,
thorough,40,0.0,0,100000,lambda,2,9.0,1.0,0.566883715098724,0.0017346032184886,0.3576278686523437,8.850002346675703,9.149997321806891,0.1307999991695396,0.1368000012007542,3841.541800000414,4055.424899997888,3849.355900005321,4064.890500005277,3841.6725999995833,4055.561699999089,0.0384167259999958,0.0405556169999908,0.0,3000000.0,True,1.0,0.5451747809576188,0.9888893529136086,9.995986507291386,,,1531139.9998608977,1832310.000099824,451.8017812674963,289.8969581322351,False,
thorough,40,0.0,0,500000,lambda,2,9.0,1.0,0.566883715098724,0.0017346032184886,1.7881393432617188,8.850000496862743,9.149999771654564,0.1150000025518238,0.1527999993413686,19339.922500003013,19968.51340000285,19363.591299996187,20004.35650000145,19340.037500005565,19968.66620000219,0.0386800750000111,0.0399373324000043,0.0,15000000.0,True,1.0,0.5451743895823112,0.988889355327094,9.927650951029928,,,7655699.999304488,9161550.000499118,458.7962915869721,294.384960059877,False,
thorough,40,0.0,0,1000000,lambda,2,9.0,1.0,0.566883715098724,0.0017346032184886,3.576278686523437,8.85000010215342,9.149999919860148,0.1561999961268156,0.2260000037495046,39073.54269999632,43786.33320000517,39117.844200001855,43866.89370000386,39073.69889999245,43786.55920000893,0.0390736988999924,0.0437865592000089,0.0,30000000.0,True,1.0,0.5451743659056879,0.9888893558420784,9.827621798932404,,,15311399.998608977,18323100.00099824,418.46402950507473,268.5059118203315,False,
thorough,40,0.0,0,1,rho,1,1.0,3.16,0.97,0.0015524035322878,3.576278686523437e-06,1.0,1.0,0.0632000010227784,0.1308000064454972,0.0466999990749172,0.1552999965497292,0.2089999979943968,0.6228999991435558,0.1099000000976957,0.2861000029952265,0.1099000000976957,0.2861000029952265,0.0,4.0,True,1.0,0.9700000123692174,0.998783239863092,1.0963597647585326,,,14.48299999901792,18.30175000213785,63.96976515391091,41.01922363422253,False,
thorough,40,0.0,0,10,rho,1,1.0,3.16,0.97,0.0015524035322878,3.5762786865234375e-05,0.8662502864081747,1.0998541623636469,0.0767000019550323,0.080499994510319,0.0838999985717237,0.1522000020486302,0.2928000030806288,0.4957999990438111,0.160600000526756,0.2326999965589493,0.0160600000526756,0.0232699996558949,0.0,40.0,True,1.0,0.9669158883439792,0.998946454531514,6.102503083624082,,,144.8299999901792,183.0175000213785,786.4954994746427,504.32317052656174,False,
thorough,40,0.0,0,100,rho,1,1.0,3.16,0.97,0.0015524035322878,0.0003576278686523,0.8513046752531265,1.1493585839776437,0.0648999994155019,0.0757999951019883,0.3358000030857511,0.4180000032647513,0.5383000025176443,0.6133999995654449,0.400700002501253,0.4937999983667396,0.0040070000250125,0.0049379999836673,0.0,400.0,True,1.0,0.9653805443443112,0.9989646835136096,15.247170794970298,,,1448.299999901792,1830.175000213785,3706.3082346438873,2376.589721229006,False,
thorough,40,0.0,0,1000,rho,1,1.0,3.16,0.97,0.0015524035322878,0.0035762786865234,0.8501461206116926,1.1498262852848211,0.0688000000081956,0.1042000003508292,4.43739999900572,5.307799998263363,5.024300000513904,6.015699997078627,4.506199999013916,5.411999998614192,0.0045061999990139,0.0054119999986141,0.0,4000.0,True,1.0,0.9653660187277486,0.9989660965121544,11.538288189361404,,,14482.99999901792,18301.75000213785,3381.698079605365,2168.440503994452,False,
thorough,40,0.0,0,10000,rho,1,1.0,3.16,0.97,0.0015524035322878,0.0357627868652343,0.8500275725973341,1.1498735380764908,0.1009000043268315,0.1660999987507239,50.94249999820022,57.51629999576835,52.66490000212798,59.42240000149468,51.04340000252705,57.68239999451907,0.0051043400002527,0.0057682399994519,0.0,40000.0,True,1.0,0.9653645511547804,0.9989662410952802,10.05054718590742,,,144829.9999901792,183017.5000213785,3172.848217805928,2034.5200625716056,False,
thorough,40,0.0,0,50000,rho,1,1.0,3.16,0.97,0.0015524035322878,0.1788139343261718,0.8500020086474719,1.1499928149235503,0.1062000010279007,0.1403999995090998,258.86410000384785,285.1059999957215,262.8617000009399,290.8141000007163,258.9703000048757,285.2463999952306,0.0051794060000975,0.0057049279999046,0.0,200000.0,True,1.0,0.965360846647942,0.9989662722734828,9.889358933749202,,,724149.999950896,915087.5001068924,3208.059769105563,2057.0987056820272,False,
thorough,40,0.0,0,100000,rho,1,1.0,3.16,0.97,0.0015524035322878,0.3576278686523437,0.8500027897650305,1.149995456076425,0.1340000017080456,0.1512000017100945,521.4814999999362,572.8152000010596,528.9976999993087,582.9404999967664,521.6155000016443,572.9664000027697,0.0052161550000164,0.0057296640000276,0.0,400000.0,True,1.0,0.9653607646185928,0.9989662713208192,9.818181469526008,,,1448299.999901792,1830175.000213785,3194.2099924270224,2048.217836954524,False,
thorough,40,0.0,0,500000,rho,1,1.0,3.16,0.97,0.0015524035322878,1.7881393432617188,0.850002263648447,1.1499980517971748,0.1319000002695247,0.1667999968049116,2892.167399993923,3357.736099998874,2916.034000001673,3384.0917000052286,2892.299299994193,3357.902899995679,0.0057845985999883,0.0067158057999913,0.0,2000000.0,True,1.0,0.9653606840002698,0.9989662719624796,8.851493174307196,,,7241499.99950896,9150875.001068924,2725.175585357368,1747.459702397594,False,
thorough,40,0.0,0,1000000,rho,1,1.0,3.16,0.97,0.0015524035322878,3.576278686523437,0.8500000656779831,1.149999762227224,0.1414999933331273,0.1607000012882053,5987.62159999751,6420.367899998382,6050.487099993916,6467.812799994135,5987.763099990843,6420.52859999967,0.0059877630999908,0.0064205285999996,0.0,4000000.0,True,1.0,0.965360630877445,0.9989662746431592,8.550974563927234,,,14482999.99901792,18301750.00213785,2850.5051752497125,1827.824582015496,False,
thorough,40,0.0,0,1,rho,2,1.0,7.73,0.97,0.0015798263904596,3.576278686523437e-06,1.0,1.0,0.1407000017934478,0.1526000050944276,0.1330000013695098,0.1369000019622035,0.4915000026812777,0.5296999952406622,0.2737000031629577,0.2895000070566311,0.2737000031629577,0.2895000070566311,0.0,4.0,True,1.0,0.9700000132717356,0.998783580902802,0.3849624020510541,,,14.348500000778586,16.95399999516667,58.56303827947809,35.88203711376667,False,
thorough,40,0.0,0,10,rho,2,1.0,7.73,0.97,0.0015798263904596,3.5762786865234375e-05,0.8984590494996383,1.124757425398547,0.0602000000071711,0.0651999944238923,0.0720000025467015,0.0777000022935681,0.2311999996891245,0.2535000021453015,0.1322000025538727,0.1428999967174604,0.0132200002553872,0.014289999671746,0.0,40.0,True,1.0,0.9661423535409516,0.998907480900904,7.111110859585038,,,143.48500000778586,169.5399999516667,1186.4240996931471,726.9314371070589,False,
thorough,40,0.0,0,100,rho,2,1.0,7.73,0.97,0.0015798263904596,0.0003576278686523,0.8502903249061647,1.1469472099385294,0.0799000044935382,0.0828000047476962,1.3015000004088506,1.3886000015190805,1.585899997735396,1.6786999985924922,1.381400004902389,1.4714000062667765,0.0138140000490238,0.0147140000626677,0.0,400.0,True,1.0,0.9654533753102592,0.9989662257379708,3.933922395998166,,,1434.8500000778586,1695.3999995166669,1152.235960510984,705.9840936114794,False,
thorough,40,0.0,0,1000,rho,2,1.0,7.73,0.97,0.0015798263904596,0.0035762786865234,0.8504506382785822,1.1496622602199271,0.0908000001800246,0.1152999975602142,6.188999999722,6.650800001807511,7.2036999990814365,7.359700000961311,6.279799999902025,6.766099999367725,0.006279799999902,0.0067660999993677,0.0,4000.0,True,1.0,0.9653690153577204,0.9989660302581008,8.272741961916275,,,14348.500000778586,16953.99999516667,2505.7270801127647,1535.2788162475383,False,
thorough,40,0.0,0,10000,rho,2,1.0,7.73,0.97,0.0015798263904596,0.0357627868652343,0.8500037843950614,1.14997124102696,0.1153999983216635,0.17890000162879,58.9380000019446,86.20969999901718,60.98110000311863,88.56769999692915,59.053400000266265,86.38860000064597,0.0059053400000266,0.0086388600000645,0.0,40000.0,True,1.0,0.96535941412158,0.9989665751337468,8.687094913012098,,,143485.00000778586,169539.9999516667,1962.527462540184,1202.45611082528,False,
thorough,40,0.0,0,50000,rho,2,1.0,7.73,0.97,0.0015798263904596,0.1788139343261718,0.8500042103367927,1.1499997270569664,0.1237000033142976,0.1451999996788799,344.34909999981755,387.3449000020628,349.3231999964337,393.9159000001382,344.47280000313185,387.49010000174167,0.0068894560000626,0.0077498020000348,0.0,200000.0,True,1.0,0.9653585289413062,0.9989665746143712,7.434315931133133,,,717425.0000389293,847699.9997583334,2187.6687940015067,1340.4019867339914,False,
thorough,40,0.0,0,100000,rho,2,1.0,7.73,0.97,0.0015798263904596,0.3576278686523437,0.850001877965594,1.149993426427904,0.1378000015392899,0.1511000009486451,600.0260000000708,628.4004999979516,607.7562999998918,640.1757999992697,600.1638000016101,628.5515999989002,0.0060016380000161,0.006285515999989,0.0,400000.0,True,1.0,0.965358724728366,0.9989665774583664,8.53296357157756,,,1434850.0000778586,1695399.9995166669,2697.312359907497,1652.6646336847966,False,
thorough,40,0.0,0,500000,rho,2,1.0,7.73,0.97,0.0015798263904596,1.7881393432617188,0.850002630065384,1.149999852397542,0.1342000032309442,0.167699996381998,2829.344399993716,3218.4473000015714,2855.6603000033647,3264.7969000026933,2829.4785999969463,3218.6149999979534,0.0056589571999938,0.0064372299999959,0.0,2000000.0,True,1.0,0.9653585250464464,0.9989665765412876,9.048032470015622,,,7174250.000389293,8476999.997583333,2633.7415309344933,1613.71428357358,False,
thorough,40,0.0,0,1000000,rho,2,1.0,7.73,0.97,0.0015798263904596,3.576278686523437,0.8500000091387218,1.1499996789300884,0.1291000007768161,0.2178000067942775,5526.638300005288,5914.02840000228,5598.204499998246,5994.414699998742,5526.767400006065,5914.2462000090745,0.005526767400006,0.005914246200009,0.0,4000000.0,True,1.0,0.9653585304368112,0.9989665797371352,9.264221253623743,,,14348500.000778586,16953999.995166667,2866.6375091284926,1756.4114929178654,False,
thorough,40,0.3,12,1,base,0,1.0,1.0,0.9767277900111972,0.0017346032184886,3.576278686523437e-06,1.0,1.0,0.0981999983196146,0.1019000046653673,0.1687999974819831,0.1860999982454814,0.3792999996221624,0.4460999989532865,0.2669999958015978,0.2880000029108487,0.2669999958015978,0.2880000029108487,3.0,6.0,True,1.0,0.981736298321704,1.003989169040529,0.4549763101044906,0.0857466224664204,0.0006094059785838,15.744600001198704,18.426450002152706,63.98072852748085,41.18159682206386,False,
thorough,40,0.3,12,10,base,0,1.0,1.0,0.9767277900111972,0.0017346032184886,3.5762786865234375e-05,0.855088789755481,1.1437065439763028,0.0830999997560866,0.0925999993341974,0.2242000045953318,0.247500000114087,0.4100000005564652,0.4561000023386441,0.3073000043514184,0.3400999994482845,0.0307300004351418,0.0340099999448284,4.0,60.0,True,1.0,0.9815223753009572,1.003989142686552,3.425512864668294,0.0866808195961367,0.0007980550091673,157.44600001198705,184.26450002152703,541.7950612185939,348.7297860590341,False,
thorough,40,0.3,12,100,base,0,1.0,1.0,0.9767277900111972,0.0017346032184886,0.0003576278686523,0.8528974688693961,1.1497520955777671,0.1102000023820437,0.1157999940915033,0.7841999977244996,0.8723999999347143,1.080900001397822,1.31379999947967,0.8944000001065433,0.9881999940262176,0.0089440000010654,0.0098819999402621,4.0,600.0,True,1.0,0.981513422335352,1.003989142724246,9.793420074324064,0.0867205381781287,0.000793262749407,1574.4600001198703,1842.6450002152703,1864.6478560557289,1200.192276495109,False,
thorough,40,0.3,12,1000,base,0,1.0,1.0,0.9767277900111972,0.0017346032184886,0.0035762786865234,0.8500265435746066,1.1496375998567268,0.1135999991674907,0.2088999972329475,9.506999995210208,9.975299995858222,10.143100000277627,11.226700000406709,9.6205999943777,10.18419999309117,0.0096205999943776,0.0101841999930911,4.0,6000.0,True,1.0,0.9815135918990064,1.0039891427235466,8.078258129661636,0.086719785903931,0.000787281205697,15744.600001198703,18426.450002152706,1809.3173754102409,1164.578465925027,False,
thorough,40,0.3,12,10000,base,0,1.0,1.0,0.9767277900111972,0.0017346032184886,0.0357627868652343,0.8500101038315602,1.1499507452474649,0.1778000005288049,0.2644000051077455,117.6777000000584,137.05710000067484,120.19299999519716,141.21199999499368,117.8555000005872,137.32150000578258,0.0117855500000587,0.0137321500005782,4.0,60000.0,True,1.0,0.9815131281425662,1.0039891427254597,6.526300225103133,0.0867218433758395,0.0007849904460611,157446.00001198705,184264.50002152703,1341.8474165645416,863.6884977318449,False,
thorough,40,0.3,12,50000,base,0,1.0,1.0,0.9767277900111972,0.0017346032184886,0.1788139343261718,0.850001174302571,1.149999875225382,0.1842999990913085,0.2460000032442622,546.1993999997503,660.5606000011903,559.9230000007083,676.210199999332,546.3836999988416,660.8066000044346,0.0109276739999768,0.0132161320000886,4.0,300000.0,True,1.0,0.9815130553828052,1.0039891427257597,7.030399520764313,0.0867221661778564,0.00078841356352,787230.0000599353,921322.5001076352,1394.239252606515,897.4108312892301,False,
thorough,40,0.3,12,100000,base,0,1.0,1.0,0.9767277900111972,0.0017346032184886,0.3576278686523437,0.8500118822183634,1.1499888127089168,0.1910999999381601,0.207999997655861,1066.8643999961205,1099.5248000035645,1080.5077999975765,1116.1939000012353,1067.0554999960586,1099.7328000012203,0.0106705549999605,0.0109973280000122,4.0,600000.0,True,1.0,0.9815130717660042,1.0039891427256915,7.198665547400332,0.0867220934930196,0.0007889416348551,1574460.0001198703,1842645.0002152703,1675.5388219876918,1078.4710617537849,False,
thorough,40,0.3,12,500000,base,0,1.0,1.0,0.9767277900111972,0.0017346032184886,1.7881393432617188,0.8500011781523689,1.1499999359103654,0.1959000001079403,0.3188999980920926,5428.844900001423,5840.801999998803,5489.849000005052,5896.604599998682,5429.04080000153,5841.120899996895,0.010858081600003,0.0116822417999937,4.0,3000000.0,True,1.0,0.9815130552929328,1.00398914272576,7.07332788232538,0.0867221665765807,0.0007880277815279,7872300.000599353,9213225.001076352,1577.3042809439623,1015.241783870121,False,
thorough,40,0.3,12,1000000,base,0,1.0,1.0,0.9767277900111972,0.0017346032184886,3.576278686523437,0.8500002688865356,1.1499997988162367,0.2013000048464164,0.233200000366196,11053.465800003323,12153.070699998352,11166.243699997722,12317.709199996898,11053.66710000817,12153.303899998718,0.0110536671000081,0.0121533038999987,4.0,6000000.0,True,1.0,0.9815130554959646,1.0039891427257588,6.9480470098326,0.0867221656758133,0.0007879867344723,15744600.001198703,18426450.002152704,1516.1679617140692,975.8910089156118,False,
thorough,40,0.3,12,1,lambda,1,5.0,1.0,0.8358830899954229,0.0017346032184886,3.576278686523437e-06,5.0,5.0,0.1149000017903745,0.2123999947798438,0.4971000016666949,0.6613999939872883,0.8931999982451089,1.493399999162648,0.6120000034570694,0.8737999887671322,0.6120000034570694,0.8737999887671322,11.0,16.0,True,1.0,0.8409354071777672,0.9990359315007892,0.4119895379467695,0.0831003729555563,0.0031331838747276,16.673500002070796,19.769750000705244,22.62502890232228,15.11055181153028,False,
thorough,40,0.3,12,10,lambda,1,5.0,1.0,0.8358830899954229,0.0017346032184886,3.5762786865234375e-05,4.855283927186739,5.131877092252341,0.0964999999268911,0.1102000023820437,0.5855000053998083,0.5908000021008775,0.8032000041566789,0.840499997138977,0.6820000053266995,0.7010000044829212,0.0682000005326699,0.0701000004482921,11.0,160.0,True,1.0,0.8407036008153677,0.9990359315007902,3.497865040328265,0.0840011234825962,0.0031581524206142,166.73500002070796,197.69750000705244,282.02210947613344,188.35377915467635,False,
thorough,40,0.3,12,100,lambda,1,5.0,1.0,0.8358830899954229,0.0017346032184886,0.0003576278686523,4.850235651809291,5.149744772151268,0.1147000002674758,0.1363999981549568,2.751100000750739,4.486300000280608,3.143499998259358,4.891299999144394,2.865800001018215,4.622699998435564,0.0286580000101821,0.0462269999843556,11.0,1600.0,True,1.0,0.840672163214119,0.99903593150079,7.444295007237569,0.0841233755852459,0.0032332437829336,1667.3500002070796,1976.9750000705244,427.66673172379376,285.6252840904396,False,
thorough,40,0.3,12,1000,lambda,1,5.0,1.0,0.8358830899954229,0.0017346032184886,0.0035762786865234,4.850249643724974,5.149924117683219,0.1554999980726279,0.2714000002015382,24.058399998466484,29.292499995790426,24.93340000364697,30.633400005172007,24.213899996539112,29.56389999599196,0.0242138999965391,0.0295638999959919,11.0,16000.0,True,1.0,0.8406718476242095,0.9990359315007902,8.512619293596176,0.0841246029382128,0.0031202715136775,16673.500002070796,19769.750000705244,668.712517745814,446.6122536258872,False,
thorough,40,0.3,12,10000,lambda,1,5.0,1.0,0.8358830899954229,0.0017346032184886,0.0357627868652343,4.850008078605884,5.149974115241429,0.1544000042486004,0.1641999988351017,270.41710000048624,281.4952000044286,272.5834999946528,284.2534999945201,270.57150000473484,281.6594000032637,0.0270571500004734,0.0281659400003263,11.0,160000.0,True,1.0,0.8406717596446073,0.9990359315007904,7.573485552490274,0.0841249450979194,0.0031337831433599,166735.00002070796,197697.50000705244,701.9027236611369,468.7789579551519,False,
thorough,40,0.3,12,50000,lambda,1,5.0,1.0,0.8358830899954229,0.0017346032184886,0.1788139343261718,4.850026725240897,5.149976479872509,0.1927999983308836,0.2134000023943372,1495.846800004074,1597.769699998025,1509.024999999383,1607.6313000012306,1496.0396000024048,1597.9831000004197,0.029920792000048,0.0319596620000083,11.0,800000.0,True,1.0,0.8406717554836165,0.9990359315007904,6.845620821578862,0.0841249612803456,0.0031270284294112,833675.0001035398,988487.5000352622,618.5844518850059,413.1332804200764,False,
thorough,40,0.3,12,100000,lambda,1,5.0,1.0,0.8358830899954229,0.0017346032184886,0.3576278686523437,4.850001123670587,5.149999937726581,0.1923999952850863,0.2578999992692843,2835.3819999974803,2956.3096999991103,2852.8192000012496,2973.2445999979973,2835.5743999927654,2956.56759999838,0.0283557439999276,0.0295656759999837,11.0,1600000.0,True,1.0,0.8406717142053262,0.9990359315007904,7.223012631108682,0.084125121814981,0.0031205295757892,1667350.0002070796,1976975.0000705244,668.6723483243231,446.5854257209463,False,
thorough,40,0.3,12,500000,lambda,1,5.0,1.0,0.8358830899954229,0.0017346032184886,1.7881393432617188,4.850001301224166,5.149999916616686,0.192599996807985,0.233200000366196,15264.362400004757,15491.418800003885,15341.96929999598,15548.474700000952,15264.555000001565,15491.652000004253,0.0305291100000031,0.0309833040000085,11.0,8000000.0,True,1.0,0.8406717142424729,0.9990359315007904,6.708436115220121,0.0841251216705169,0.0031225854428117,8336750.001035398,9884875.00035262,638.0775271965772,426.1520980195238,False,
thorough,40,0.3,12,1000000,lambda,1,5.0,1.0,0.8358830899954229,0.0017346032184886,3.576278686523437,4.850000035198879,5.149999752246527,0.2110999994329176,0.2382000020588748,30920.28209999989,32611.84389999835,31026.34820000094,32778.980399998545,30920.493199999328,32612.082100000407,0.0309204931999993,0.0326120821000004,11.0,16000000.0,True,1.0,0.8406717145317115,0.9990359315007904,6.623484201652892,0.0841251205456389,0.0031224141437332,16673500.002070796,19769750.00070524,606.2093778644386,404.8683540870935,False,
thorough,40,0.3,12,1,lambda,2,9.0,1.0,0.5948488086908694,0.0017346032184886,3.576278686523437e-06,9.0,9.0,0.1055000029737129,0.1197000019601546,1.862500001152512,2.1399000033852644,2.176900001359172,2.5645999994594604,1.9680000041262249,2.259600005345419,1.9680000041262249,2.259600005345419,50.0,98.0,True,1.0,0.600043673021552,0.9939090451845362,0.6735033552879353,0.0804246676263443,0.0057725380081128,17.68430000083754,33.43419999873731,14.796512621545295,11.890622206431244,False,
thorough,40,0.3,12,10,lambda,2,9.0,1.0,0.5948488086908694,0.0017346032184886,3.5762786865234375e-05,8.882888079436087,9.147595594554192,0.1339000009465962,0.1807000007829629,3.145299997413531,7.717300002695993,3.641700001026038,8.74150000163354,3.279199998360127,7.8980000034789555,0.3279199998360127,0.7898000003478955,52.0,965.0,True,1.0,0.5996602476808534,0.9939090451845362,4.110259756026789,0.0814746943821867,0.0059416322147615,176.84300000837538,334.3419999873732,42.33248921753612,34.01880221496253,False,
thorough,40,0.3,12,100,lambda,2,9.0,1.0,0.5948488086908694,0.0017346032184886,0.0003576278686523,8.851077999287655,9.145705579886592,0.1556999995955266,0.1663000002736225,32.74609999789391,33.346500000334345,33.19310000370024,33.79580000182614,32.901799997489434,33.51280000060797,0.3290179999748943,0.3351280000060797,52.0,9664.0,True,1.0,0.5996651253111475,0.9939090451845364,3.987039678263888,0.081461225639202,0.0058194117766151,1768.4300000837538,3343.419999873732,99.76546274298408,80.17250125541577,False,
thorough,40,0.3,12,1000,lambda,2,9.0,1.0,0.5948488086908694,0.0017346032184886,0.0035762786865234,8.850075529954594,9.149973397484906,0.1491999937570653,0.2930000046035275,166.22210000059567,179.40079999971204,167.56619999796385,180.66710000130115,166.37129999435274,179.69380000431556,0.1663712999943527,0.1796938000043155,52.0,94287.0,True,1.0,0.5996542776881941,0.9939090451845364,7.700540421492767,0.0814916400729179,0.005711714145967,17684.30000083754,33434.19999873731,186.06206779496205,149.5212967869071,False,
thorough,40,0.3,12,10000,lambda,2,9.0,1.0,0.5948488086908694,0.0017346032184886,0.0357627868652343,8.850042376664895,9.149885777951056,0.1587000006111338,0.1627000019652769,1781.4632000008714,1882.155100000091,1784.186499993666,1884.391899999173,1781.6219000014826,1882.317800002056,0.1781621900001482,0.1882317800002056,52.0,942604.0,True,1.0,0.5996545040413281,0.9939090451845364,7.185104918245709,0.0814910156254496,0.005718406798013,176843.00000837538,334341.9999873731,177.62250348320984,142.7391803933589,False,
thorough,40,0.3,12,50000,lambda,2,9.0,1.0,0.5948488086908694,0.0017346032184886,0.1788139343261718,8.850000444817699,9.149993871318657,0.1900999995996244,0.2045000001089647,8961.213100003079,9200.19830000092,8970.118499993987,9209.384200003116,8961.403200002678,9200.40280000103,0.1792280640000535,0.1840080560000206,52.0,4713835.0,True,1.0,0.5996542247967347,0.9939090451845364,7.141890197877117,0.0814917859861563,0.0057185326558156,884215.0000418769,1671709.9999368656,181.6996534039443,146.01561793147465,False,
thorough,40,0.3,12,100000,lambda,2,9.0,1.0,0.5948488086908694,0.0017346032184886,0.3576278686523437,8.850005990733333,9.149999303515177,0.2206999997724779,0.2319999985047616,18078.235200002386,19800.5684000018,18094.14459999971,19818.713799999387,18078.455900002155,19800.8004000003,0.1807845590000215,0.1980080040000029,52.0,9426361.0,True,1.0,0.599654210763363,0.9939090451845364,7.080337133791861,0.0814918247004285,0.0057155827799639,1768430.0000837538,3343419.999873732,168.8527702078993,135.69173699267222,False,
thorough,40,0.3,12,500000,lambda,2,9.0,1.0,0.5948488086908694,0.0017346032184886,1.7881393432617188,8.850000020125691,9.149999041031876,0.2026000001933425,0.3195000026607886,87328.53120000073,103225.2257,87405.13379999902,103312.08180000247,87328.73380000092,103225.54520000269,0.1746574676000018,0.2064510904000053,52.0,47132123.0,True,1.0,0.5996542114414545,0.9939090451845364,7.328647249708863,0.0814918228297554,0.0057166285193953,8842150.00041877,16717099.999368656,161.94731611229332,130.14244656763364,False,
thorough,40,0.3,12,1000000,lambda,2,9.0,1.0,0.5948488086908694,0.0017346032184886,3.576278686523437,8.850000480280988,9.149999687910594,0.18629999976838,0.2466000005370006,184226.5079999997,184678.18300000363,184376.2768000015,184884.3454999951,184226.6942999995,184678.42960000416,0.1842266942999995,0.1846784296000041,52.0,94270280.0,True,1.0,0.5996542097703277,0.9939090451845364,6.947968638693417,0.0814918274399407,0.005717836735976,17684300.00083754,33434199.99873732,181.0400926147824,145.4855884328561,False,
thorough,40,0.3,12,1,rho,1,1.0,3.16,0.978039784966046,0.0015524035322878,3.576278686523437e-06,1.0,1.0,0.0908000001800246,0.1088999997591599,0.1910999999381601,0.2095000018016435,0.3913000036845915,0.4438000032678246,0.2819000001181848,0.3184000015608035,0.2819000001181848,0.3184000015608035,4.0,8.0,True,1.0,0.983047213030394,1.0040281331095215,0.5358451074470778,0.2064309025263483,0.0005958989380969,15.942700003506616,19.08239999829675,59.93216050488199,39.30983021173653,False,
thorough,40,0.3,12,10,rho,1,1.0,3.16,0.978039784966046,0.0015524035322878,3.5762786865234375e-05,0.8748008176286611,1.1258876513492164,0.0949999957811087,0.1124999980675056,0.2938999969046563,0.313000004098285,0.498399997013621,0.5851000023540109,0.388899992685765,0.4255000021657906,0.0388899992685765,0.042550000216579,5.0,90.0,True,1.0,0.9828604369191618,1.0040280632112608,3.919700619710176,0.208746703567544,0.0018353117899927,159.42700003506616,190.8239999829675,448.4700329299067,294.1539350661398,False,
thorough,40,0.3,12,100,rho,1,1.0,3.16,0.978039784966046,0.0015524035322878,0.0003576278686523,0.8535198998449307,1.1463799366685443,0.1135999991674907,0.1168000017059966,2.0807999972021207,2.606299996841699,2.4033000008785166,2.9323999988264404,2.1943999963696115,2.723099998547696,0.0219439999636961,0.0272309999854769,5.0,900.0,True,1.0,0.9828299366297388,1.004028069232621,5.536332187375043,0.2091267927893506,0.0014230609324928,1594.2700003506616,1908.239999829675,700.7601633606522,459.6324045186403,False,
thorough,40,0.3,12,1000,rho,1,1.0,3.16,0.978039784966046,0.0015524035322878,0.0035762786865234,0.8510183175194529,1.1496564402312566,0.1506000044173561,0.1611999978194944,10.523999997531064,13.123600001563318,11.394100001780316,13.74529999884544,10.67460000194842,13.284799999382813,0.0106746000019484,0.0132847999993828,5.0,9000.0,True,1.0,0.9828250561283528,1.0040280699291364,10.946408212374193,0.2091876259984221,0.0013887668838963,15942.700003506616,19082.39999829675,1436.4085269769423,942.148169438254,False,
thorough,40,0.3,12,10000,rho,1,1.0,3.16,0.978039784966046,0.0015524035322878,0.0357627868652343,0.8500000780625041,1.1499280683759974,0.1742000022204592,0.1788999943528324,145.37679999921238,164.23740000027465,149.50500000122702,166.74300000158837,145.55100000143284,164.41629999462748,0.0145551000001432,0.0164416299994627,5.0,90000.0,True,1.0,0.9828246514767612,1.0040280702119688,7.924235503919754,0.2091926699369294,0.0014147175802174,159427.00003506616,190823.9999829675,1160.6148538143902,761.2535984072637,False,
thorough,40,0.3,12,50000,rho,1,1.0,3.16,0.978039784966046,0.0015524035322878,0.1788139343261718,0.850008428706514,1.1499991409123649,0.1744999972288496,0.2176000052713789,759.6881999998004,890.7084999955259,767.1981000021333,900.971800001571,759.8626999970293,890.9261000007973,0.0151972539999405,0.0178185220000159,5.0,450000.0,True,1.0,0.9828245455968864,1.0040280702096511,7.582058007484536,0.2091939897216858,0.001406316829912,797135.0001753308,954119.9999148377,1070.930574279936,702.4291914200646,False,
thorough,40,0.3,12,100000,rho,1,1.0,3.16,0.978039784966046,0.0015524035322878,0.3576278686523437,0.8500039169811995,1.1499988173939455,0.1816000003600493,0.2461999974912032,1580.3987000035704,1660.6688000028953,1596.94500000478,1677.4248000001537,1580.5803000039305,1660.9150000003865,0.0158058030000393,0.0166091500000038,5.0,900000.0,True,1.0,0.9828245460788474,1.0040280702109037,7.289299845649059,0.2091939837140805,0.0014073987502637,1594270.0003506616,1908239.999829675,1148.9088844578023,753.5755894051725,False,
thorough,40,0.3,12,500000,rho,1,1.0,3.16,0.978039784966046,0.0015524035322878,1.7881393432617188,0.8500005607551973,1.1499994914991798,0.1894000015454366,0.2305000016349367,8044.878200002131,8635.908700001892,8108.761000003142,8705.728399996588,8045.0676000036765,8636.139200003527,0.0160901352000073,0.017272278400007,5.0,4500000.0,True,1.0,0.9828245450746008,1.0040280702118347,7.159834936964582,0.2091939962319586,0.0014056236921773,7971350.001753308,9541199.999148376,1104.7992370415336,724.6438316306159,False,
thorough,40,0.3,12,1000000,rho,1,1.0,3.16,0.978039784966046,0.0015524035322878,3.576278686523437,0.850000486123582,1.1499996852836596,0.1964999974006787,0.2193999971495941,16042.129199995545,16652.450800000224,16184.34499999421,16757.195600002888,16042.325699992944,16652.670199997374,0.0160423256999929,0.0166526701999973,5.0,9000000.0,True,1.0,0.9828245447859107,1.0040280702118556,7.181091647113277,0.2091939998304431,0.001403501388134,15942700.003506616,19082399.99829676,1145.9063182731957,751.6061899054367,False,
thorough,40,0.3,12,1,rho,2,1.0,7.73,0.978505578572219,0.0015798263904596,3.576278686523437e-06,1.0,1.0,0.0862999950186349,0.1015000016195699,0.3481999956420623,0.4296999977668747,0.5450999960885383,0.7260999991558492,0.4344999906606972,0.5311999993864447,0.4344999906606972,0.5311999993864447,9.0,18.0,True,1.0,0.9835128176815204,1.0040426105536775,0.6616886929454282,0.5779080561888605,0.0007053837203405,16.36529999814229,19.30779999747756,36.347515097475096,23.98653993725473,False,
thorough,40,0.3,12,10,rho,2,1.0,7.73,0.978505578572219,0.0015798263904596,3.5762786865234375e-05,0.8859660269510182,1.101630835179804,0.0958000018727034,0.1139000014518387,0.5945999946561642,0.6599999978789128,0.8186999984900467,0.914199998078402,0.6903999965288676,0.7738999993307516,0.0690399996528867,0.0773899999330751,10.0,188.0,True,1.0,0.9833616511482272,1.0040428828770016,4.305415444008465,0.5884416136258531,0.0023876941969158,163.6529999814229,193.0779999747756,249.48701400923164,164.64207276096766,False,
thorough,40,0.3,12,100,rho,2,1.0,7.73,0.978505578572219,0.0015798263904596,0.0003576278686523,0.8519643021230385,1.1409898329248915,0.1178000020445324,0.1311000014538876,3.0342000027303584,3.911400002834853,3.422300003876444,4.268400000000838,3.152000004774891,4.0425000042887405,0.0315200000477489,0.0404250000428874,11.0,1852.0,True,1.0,0.9833024563320908,1.004043009655435,9.280864799505608,0.5926820833122037,0.0031095341666054,1636.529999814229,1930.779999747756,477.6202839083158,315.19233114248266,False,
thorough,40,0.3,12,1000,rho,2,1.0,7.73,0.978505578572219,0.0015798263904596,0.0035762786865234,0.8507908222440561,1.1499449426964925,0.1268999985768459,0.2499999973224476,36.8131000068388,41.02899999998044,37.74649999832036,42.32900000351947,36.94000000541564,41.27899999730289,0.0369400000054156,0.0412789999973028,11.0,18694.0,True,1.0,0.9832887566102888,1.0040430096959954,7.649450873403407,0.5936543481099961,0.0032901393849771,16365.29999814229,19307.79999747756,467.7390440354442,308.67147946377486,False,
thorough,40,0.3,12,10000,rho,2,1.0,7.73,0.978505578572219,0.0015798263904596,0.0357627868652343,0.8500637777979366,1.1499697186361555,0.1769999944372102,0.1919999995152466,329.6171999973012,351.2756999989506,333.0859999987297,354.6838000038406,329.7941999917384,351.46769999846583,0.0329794199991738,0.0351467699998465,11.0,186986.0,True,1.0,0.9832887186177542,1.004043009707159,8.543243495858396,0.5936570446044703,0.0031670297446132,163652.9999814229,193077.9999747756,549.3477778345447,362.52691214607376,False,
thorough,40,0.3,12,50000,rho,2,1.0,7.73,0.978505578572219,0.0015798263904596,0.1788139343261718,0.8500039861715123,1.149991589837044,0.1875999951153062,0.196599998162128,1849.466500003473,1933.886300001177,1858.027300004324,1943.709199993464,1849.654099998588,1934.0828999993391,0.0369930819999717,0.0386816579999867,11.0,934958.0,True,1.0,0.9832886850790428,1.0040430096998294,7.613006237189785,0.5936594249911924,0.0031395100937785,818264.9999071145,965389.999873878,499.1461327093104,329.3977212651277,False,
thorough,40,0.3,12,100000,rho,2,1.0,7.73,0.978505578572219,0.0015798263904596,0.3576278686523437,0.8500018868106575,1.1499998706794134,0.189500002306886,0.276099999609869,3575.163599998632,3769.972300004156,3591.434499998286,3783.7758000023314,3575.353100000939,3770.2484000037657,0.0357535310000093,0.0377024840000376,11.0,1868890.0,True,1.0,0.9832886723805586,1.0040430097079045,7.876562627794368,0.5936603262571378,0.0031460126110635,1636529.999814229,1930779.999747756,512.1094938322439,337.95253384206507,False,
thorough,40,0.3,12,500000,rho,2,1.0,7.73,0.978505578572219,0.0015798263904596,1.7881393432617188,0.8500000759915758,1.1499999465169437,0.1754000040818937,0.2288000032422132,18431.859299998905,18728.27479999978,18507.639900002687,18836.31370000512,18432.034700002987,18728.503600003023,0.0368640694000059,0.037457007200006,11.0,9344798.0,True,1.0,0.9832886722642634,1.004043009707935,7.638947200514295,0.5936603345111419,0.0031434027346687,8182649.999071145,9653899.99873878,515.4656348912586,340.1673265543379,False,
thorough,40,0.3,12,1000000,rho,2,1.0,7.73,0.978505578572219,0.0015798263904596,3.576278686523437,0.8500001656376858,1.1499997579019088,0.1955000043381005,0.2010000025620684,37920.382200005406,41275.527800004056,38036.27930000221,41411.52500000317,37920.577700009744,41275.72880000662,0.0379205777000097,0.0412757288000066,11.0,18689948.0,True,1.0,0.9832886725535008,1.0040430097080264,7.4260854891900285,0.5936603139826955,0.0031441725410732,16365299.99814229,19307799.99747756,467.77611344016935,308.69594239485843,False,
thorough,40,0.5,20,1,base,0,1.0,1.0,0.9767938237946636,0.0017346032184886,3.576278686523437e-06,1.0,1.0,0.1011999993352219,0.1102000023820437,0.1654000006965361,0.1885000019683502,0.3832000002148561,0.4423999998834915,0.2666000000317581,0.298700004350394,0.2666000000317581,0.298700004350394,3.0,6.0,True,1.0,0.9817951168599102,1.0041524962080537,0.4643288976818509,0.0857605629537052,0.0005883199141927,16.17709999845829,19.61569999912172,65.670236737296,43.68781322911817,False,
thorough,40,0.5,20,10,base,0,1.0,1.0,0.9767938237946636,0.0017346032184886,3.5762786865234375e-05,0.8703538143616372,1.137500833048782,0.1176999940071255,0.1688999982434325,0.2721000055316835,0.5732999998144805,0.5391000013332814,1.0382000036770478,0.389799999538809,0.742199998057913,0.0389799999538809,0.0742199998057913,4.0,55.0,True,1.0,0.9817757189288934,1.004152495139363,2.822491673601136,0.0861786653810072,0.0007235482096385,161.7709999845829,196.1569999912172,264.29129682631884,175.8225550490847,False,
thorough,40,0.5,20,100,base,0,1.0,1.0,0.9767938237946636,0.0017346032184886,0.0003576278686523,0.8550067033921704,1.1492348280442315,0.1290000000153668,0.1434999940101988,1.4169999994919635,2.7142000035382807,1.92100000276696,3.1780999997863546,1.5459999995073304,2.85769999754848,0.0154599999950733,0.0285769999754847,4.0,600.0,True,1.0,0.9817739101311675,1.0041524865988731,5.419901201660909,0.0862109016907797,0.0006912910813066,1617.7099998458289,1961.569999912172,686.415649506573,456.6452046328008,False,
thorough,40,0.5,20,1000,base,0,1.0,1.0,0.9767938237946636,0.0017346032184886,0.0035762786865234,0.8500084786010513,1.149906752088257,0.1362000039080158,0.160900002811104,8.916500002669636,10.404799999378156,9.649699997680727,11.169600002176594,9.052700006577652,10.56570000218926,0.0090527000065776,0.0105657000021892,4.0,6000.0,True,1.0,0.981773818161226,1.0041524866041296,8.613245104806346,0.0862129718888541,0.0006678704899096,16177.099998458289,19615.69999912172,1856.5452355316968,1235.0861749711685,False,
thorough,40,0.5,20,10000,base,0,1.0,1.0,0.9767938237946636,0.0017346032184886,0.0357627868652343,0.8500178169474992,1.1499937479113855,0.1735000041662715,0.1897000038297847,121.45320000126958,124.08639999921434,124.88800000573974,126.79729999945266,121.62670000543584,124.27610000304412,0.0121626700005435,0.0124276100003044,4.0,60000.0,True,1.0,0.9817738062536934,1.0041524866048086,6.323423343246386,0.0862132399274935,0.0006839386876412,161770.9999845829,196156.9999912172,1578.3968115060927,1050.0450208267844,False,
thorough,40,0.5,20,50000,base,0,1.0,1.0,0.9767938237946636,0.0017346032184886,0.1788139343261718,0.8500087656557769,1.149994828731662,0.2040999970631674,0.2358999990974553,598.4117000043625,656.2871999994968,616.2003999997978,666.818500001682,598.6158000014257,656.5230999985943,0.0119723160000285,0.0131304619999718,4.0,300000.0,True,1.0,0.9817738061057564,1.0041524866048168,6.416986833599688,0.0862132432575652,0.0006852356795623,808854.9999229144,980784.9999560858,1493.907830445244,993.8378407115256,False,
thorough,40,0.5,20,100000,base,0,1.0,1.0,0.9767938237946636,0.0017346032184886,0.3576278686523437,0.8500033526844449,1.1499991063376942,0.1917000045068562,0.1993000041693449,1230.7116000010865,1387.2335999985808,1249.622700001055,1407.8793000007863,1230.903300005593,1387.43290000275,0.0123090330000559,0.0138743290000275,4.0,600000.0,True,1.0,0.9817738055202604,1.00415248660485,6.240292201676835,0.0862132564371159,0.0006844502118894,1617709.9998458289,1961569.999912172,1413.812516560825,940.5535937320597,False,
thorough,40,0.5,20,500000,base,0,1.0,1.0,0.9767938237946636,0.0017346032184886,1.7881393432617188,0.8500010625629094,1.149999369595968,0.2308999974047765,0.2613000033306889,6231.223700000555,6567.242299999634,6329.799600003753,6703.809499995259,6231.45459999796,6567.503600002965,0.0124629091999959,0.0131350072000059,4.0,3000000.0,True,1.0,0.9817738054842272,1.004152486604852,6.162513472272963,0.086213257248229,0.0006841110594061,8088549.999229144,9807849.99956086,1493.3908828853068,993.4939359295448,False,
thorough,40,0.5,20,1000000,base,0,1.0,1.0,0.9767938237946636,0.0017346032184886,3.576278686523437,0.8500005018572316,1.1499995571277393,0.1957999993464909,0.2762000003713183,12794.589199998882,13749.294900000676,12962.44320000551,13896.87359999516,12794.784999998228,13749.571100001049,0.0127947849999982,0.013749571100001,4.0,6000000.0,True,1.0,0.9817738054585584,1.004152486604854,6.002537385100783,0.0862132578260226,0.0006838546094349,16177099.998458289,19615699.99912172,1426.640864391779,949.0877865707248,False,
thorough,40,0.5,20,1,lambda,1,5.0,1.0,0.8359926376687014,0.0017346032184886,3.576278686523437e-06,5.0,5.0,0.0924999985727481,0.1140000022132881,0.3843999948003329,0.4518999994616024,0.5869000015081838,0.7874999937484972,0.4768999933730811,0.5659000016748905,0.4768999933730811,0.5659000016748905,11.0,16.0,True,1.0,0.8409973004225367,0.9992080610025532,0.5327783630860304,0.0831888030739158,0.0029718529481128,16.42419999552658,20.41055000154301,36.06741463356431,24.46439293699049,False,
thorough,40,0.5,20,10,lambda,1,5.0,1.0,0.8359926376687014,0.0017346032184886,3.5762786865234375e-05,4.868848381655628,5.12818413546811,0.0995000009424984,0.1117000065278261,0.5291000052238815,0.6090000024414621,0.7554000039817765,0.8501999982399866,0.6286000061663799,0.7207000089692883,0.0628600006166379,0.0720700008969288,11.0,160.0,True,1.0,0.8409768192840655,0.9992080610025542,3.87072383250765,0.0836080236594073,0.0028643669920777,164.24199995526578,204.10550001543007,283.2045198769074,192.0965704415311,False,
thorough,40,0.5,20,100,lambda,1,5.0,1.0,0.8359926376687014,0.0017346032184886,0.0003576278686523,4.85191461111865,5.144899031560839,0.1131000026362016,0.1219999976456165,2.187399993999861,3.570200002286583,2.490500002750196,3.973500002757646,2.300499996636063,3.6921999999322,0.0230049999663606,0.036921999999322,11.0,1600.0,True,1.0,0.840974148211052,0.9992080610025548,9.362713749738312,0.0836628641868876,0.0029952007238449,1642.4199995526578,2041.0550001543013,552.8018526059752,374.9634365492748,False,
thorough,40,0.5,20,1000,lambda,1,5.0,1.0,0.8359926376687014,0.0017346032184886,0.0035762786865234,4.850090746166151,5.149881488060617,0.1369000019622035,0.1420000044163316,25.011699995957315,26.2873000028776,26.055400005134288,26.91829999821493,25.14859999791952,26.42930000729393,0.0251485999979195,0.0264293000072939,11.0,16000.0,True,1.0,0.8409733519881349,0.9992080610025548,8.188167938728762,0.0836792191417766,0.0029997368759835,16424.19999552658,20410.55000154301,772.2697913266766,523.8277215135223,False,
thorough,40,0.5,20,10000,lambda,1,5.0,1.0,0.8359926376687014,0.0017346032184886,0.0357627868652343,4.850003984000323,5.1499917381985085,0.1778000005288049,0.1899999988381751,322.55089999671327,344.8579000032624,325.4419000004418,348.3903999949689,322.7286999972421,345.0479000021005,0.0322728699997242,0.03450479000021,11.0,160000.0,True,1.0,0.8409733343694933,0.9992080610025548,6.349385476899518,0.0836795810794235,0.0029881676099872,164241.99995526578,204105.5000154301,591.528016875882,401.2312494564905,False,
thorough,40,0.5,20,50000,lambda,1,5.0,1.0,0.8359926376687014,0.0017346032184886,0.1788139343261718,4.850006394837467,5.149999326407883,0.2154999965569004,0.2473999993526376,1722.6078000021516,1943.6533999978565,1733.571500000835,1955.9895999991568,1722.8232999987083,1943.900799997209,0.0344564659999741,0.0388780159999441,11.0,800000.0,True,1.0,0.8409733331568514,0.9992080610025548,5.944475579401887,0.0836796059906514,0.0029910846039945,821209.9997763289,1020527.5000771508,524.9894953891762,356.09841829474976,False,
thorough,40,0.5,20,100000,lambda,1,5.0,1.0,0.8359926376687014,0.0017346032184886,0.3576278686523437,4.850000716979842,5.14999312032532,0.2077000026474706,0.2231999969808384,3670.625200000359,3684.828799996467,3690.2031999998144,3706.609699998808,3670.832900003006,3685.051999993448,0.03670832900003,0.0368505199999344,11.0,1600000.0,True,1.0,0.8409733341486212,0.9992080610025548,5.5794309917553,0.0836795856167884,0.0029904275180672,1642419.9995526578,2041055.0001543013,553.8741380468798,375.6907637678577,False,
thorough,40,0.5,20,500000,lambda,1,5.0,1.0,0.8359926376687014,0.0017346032184886,1.7881393432617188,4.850001349360252,5.149999839281556,0.1794999989215284,0.2678999953786842,16684.95090000215,17062.812099997245,16774.24289999908,17144.805100004305,16685.13040000107,17063.079999992624,0.0333702608000021,0.0341261599999852,11.0,8000000.0,True,1.0,0.8409733330748907,0.9992080610025548,6.137267086592794,0.083679607674355,0.0029906370609141,8212099.997763289,10205275.000771508,598.0910246436117,405.68291316761344,False,
thorough,40,0.5,20,1000000,lambda,1,5.0,1.0,0.8359926376687014,0.0017346032184886,3.576278686523437,4.850000004094562,5.149999861683977,0.1916000037454068,0.2225999996881,33099.11930000089,34177.38719999761,33266.60730000003,34362.43889999605,33099.31090000464,34177.6097999973,0.0330993109000046,0.0341776097999973,11.0,16000000.0,True,1.0,0.8409733330713106,0.9992080610025548,6.187475809967985,0.083679607747903,0.0029906332367569,16424199.995526578,20410550.00154301,597.1906789556896,405.0722120427272,False,
thorough,40,0.5,20,1,lambda,2,9.0,1.0,0.595244959735905,0.0017346032184886,3.576278686523437e-06,9.0,9.0,0.1571999964653514,0.1799000019673258,2.3040999949444085,2.5065999943763018,2.700400000321679,2.9521999967983,2.46129999140976,2.686499996343628,2.46129999140976,2.686499996343628,48.0,94.0,True,1.0,0.6002610729380816,0.994090850247658,0.5221995584566762,0.0805933127372547,0.0053314075189476,17.566700000315905,21.31590000135475,7.934450039220567,5.490321989169735,False,
thorough,40,0.5,20,10,lambda,2,9.0,1.0,0.595244959735905,0.0017346032184886,3.5762786865234375e-05,8.890828961006067,9.148008363651034,0.19629999587778,0.1985999988391995,3.615399997215718,4.752900000312366,4.086799999640789,5.558500000915956,3.811699993093498,4.951499999151565,0.3811699993093498,0.4951499999151565,50.0,934.0,True,1.0,0.6002276332415407,0.994090850247658,3.434198154993024,0.0811080301062177,0.0053441461423365,175.66700000315905,213.15900001354748,43.049378986180365,29.78844795790606,False,
thorough,40,0.5,20,100,lambda,2,9.0,1.0,0.595244959735905,0.0017346032184886,0.0003576278686523,8.857461900495718,9.147861328689212,0.1699999993434175,0.3123999995295889,28.667699996731244,29.05559999635443,29.528499995649327,29.780299999401905,28.83769999607466,29.36799999588402,0.2883769999607466,0.2936799999588402,50.0,9228.0,True,1.0,0.6002276656034663,0.9940908502476584,4.331006673509107,0.0811075171388615,0.005217428384412,1756.6700000315905,2131.590000135475,72.58206212320285,50.22388315818931,False,
thorough,40,0.5,20,1000,lambda,2,9.0,1.0,0.595244959735905,0.0017346032184886,0.0035762786865234,8.850048229372529,9.149801001330903,0.1618999958736822,0.2921999985119328,168.08859999582637,174.4378000003053,169.432799993956,175.69199999707052,168.25049999170005,174.72999999881722,0.1682504999917,0.1747299999988172,50.0,93072.0,True,1.0,0.6002272386530052,0.9940908502476584,7.386580648722334,0.0811142844220724,0.0052917305895345,17566.700000315905,21315.90000135475,121.99336119440876,84.41452529004565,False,
thorough,40,0.5,20,10000,lambda,2,9.0,1.0,0.595244959735905,0.0017346032184886,0.0357627868652343,8.850019904936046,9.149996868866255,0.1592999979038722,0.1955999978235922,1815.1712000035327,1848.962100004428,1818.8311999983853,1852.027699998871,1815.330500001437,1849.157700002252,0.1815330500001437,0.1849157700002251,50.0,929788.0,True,1.0,0.6002271955355171,0.9940908502476584,6.840126154478339,0.0811149678116971,0.005281427129282,175667.00000315905,213159.00001354748,115.27356483078104,79.76469504905866,False,
thorough,40,0.5,20,50000,lambda,2,9.0,1.0,0.595244959735905,0.0017346032184886,0.1788139343261718,8.850014681165044,9.14999541876397,0.2085000014631077,0.2163000026484951,8932.263700000476,9638.040500001807,8945.261799999571,9655.570499999158,8932.47220000194,9638.256800004456,0.1786494440000388,0.1927651360000891,50.0,4650332.0,True,1.0,0.6002271958547396,0.9940908502476584,6.95008590039686,0.0811149627522156,0.0052854658371082,878335.0000157952,1065795.0000677374,110.57964341303344,76.51668922031115,False,
thorough,40,0.5,20,100000,lambda,2,9.0,1.0,0.595244959735905,0.0017346032184886,0.3576278686523437,8.850002388656998,9.14999932024144,0.185800003237091,0.2069999973173253,17303.718699993624,18629.25740000356,17323.74549999804,18649.451899997075,17303.90449999686,18629.46440000087,0.1730390449999686,0.1862946440000087,50.0,9301060.0,True,1.0,0.6002271949958765,0.9940908502476584,7.175336247233709,0.0811149763646783,0.0052856217894451,1756670.0000315905,2131590.000135475,114.42035875896546,79.17431058205378,False,
thorough,40,0.5,20,500000,lambda,2,9.0,1.0,0.595244959735905,0.0017346032184886,1.7881393432617188,8.850000061608402,9.149999805079004,0.2095000018016435,0.2700000040931627,92379.44080000308,97560.1652999976,92498.69320000288,97668.48640000536,92379.65030000488,97560.4353000017,0.1847593006000097,0.1951208706000034,50.0,46506548.0,True,1.0,0.6002271948891451,0.9940908502476584,6.72010995762576,0.0811149780563064,0.0052853826444856,8783350.000157952,10657950.000677371,109.24459252261236,75.59288741626584,False,
thorough,40,0.5,20,1000000,lambda,2,9.0,1.0,0.595244959735905,0.0017346032184886,3.576278686523437,8.850000239374536,9.14999994585026,0.2227000004495494,0.2974000017275102,209187.14069999987,265884.61899999675,209327.22099999955,266102.3849999983,209187.36340000032,265884.9163999985,0.2091873634000003,0.2658849163999984,50.0,93005572.0,True,1.0,0.6002271948581562,0.9940908502476584,5.935355279704345,0.08111497854746,0.0052846773862618,17566700.000315905,21315900.001354747,80.16964741725705,55.47418862091538,False,
thorough,40,0.5,20,1,rho,1,1.0,3.16,0.9781177289014468,0.0015524035322878,3.576278686523437e-06,1.0,1.0,0.2242000045953318,0.2601000014692545,0.527299998793751,0.702500001352746,0.969100001384504,1.279299998714123,0.7515000033890828,0.9626000028220004,0.7515000033890828,0.9626000028220004,4.0,8.0,True,1.0,0.9831183650088824,1.0042246727331927,0.1941968523312151,0.2064621848944323,0.0005505054116365,22.25749999342952,42.00200000195764,43.63390803950003,36.81264273898548,False,
thorough,40,0.5,20,10,rho,1,1.0,3.16,0.9781177289014468,0.0015524035322878,3.5762786865234375e-05,0.8552570696095394,1.1399747266067213,0.2591000011307187,0.2719000040087849,0.9530000024824404,1.0269999984302558,1.6111999939312227,1.7102999991038814,1.212100003613159,1.2989000024390407,0.1212100003613159,0.129890000243904,4.0,80.0,True,1.0,0.9830988357313898,1.0042247073554802,1.074501571177979,0.2078998535925395,0.0010083107957879,222.5749999342952,420.0200000195764,323.3659244213364,272.8143039332682,False,
thorough,40,0.5,20,100,rho,1,1.0,3.16,0.9781177289014468,0.0015524035322878,0.0003576278686523,0.8522968611389683,1.1467419729638797,0.204299998586066,0.3211999937775545,3.383899995242245,3.762000000278931,4.1713999962667,4.7474999955738895,3.588199993828312,4.083199994056486,0.0358819999382831,0.0408319999405648,4.0,800.0,True,1.0,0.983097879989444,1.0042247080163396,3.026094155973112,0.2079701530451915,0.0009760708700483,2225.749999342952,4200.200000195764,1028.6539984104584,867.8450738639601,False,
thorough,40,0.5,20,1000,rho,1,1.0,3.16,0.9781177289014468,0.0015524035322878,0.0035762786865234,0.8503885858108836,1.1497662081753095,0.3049000006285496,0.3273000038461759,18.02870000392432,19.526500000210945,19.43550000578398,21.44219999900088,18.333600004552864,19.85380000405712,0.0183336000045528,0.0198538000040571,4.0,8000.0,True,1.0,0.9830974523865736,1.00422470844141,5.679832709940848,0.2080015931772639,0.0009240279075916,22257.49999342952,42002.00000195764,2115.5647781973494,1784.8396779050563,False,
thorough,40,0.5,20,10000,rho,1,1.0,3.16,0.9781177289014468,0.0015524035322878,0.0357627868652343,0.8500065056363,1.149982430898271,0.3179999985150061,0.37519999750657,262.87690000026487,294.5991000015056,268.45309999771416,298.4026999984053,263.1948999987799,294.97429999901215,0.0263194899998779,0.0294974299999012,4.0,80000.0,True,1.0,0.9830974218025528,1.0042247085264298,3.895359386842162,0.2080038416050291,0.0009299522224374,222574.9999342952,420020.0000195764,1423.920660277804,1201.3199117533763,False,
thorough,40,0.5,20,50000,rho,1,1.0,3.16,0.9781177289014468,0.0015524035322878,0.1788139343261718,0.850008305790646,1.1499791168721267,0.2021999971475452,0.3813000002992339,1314.708400001109,1362.0676999998975,1334.312700004375,1379.7293999959948,1314.9105999982569,1362.449000000197,0.0262982119999651,0.0272489800000039,4.0,400000.0,True,1.0,0.9830974222713234,1.0042247085260294,3.8943997011015377,0.2080038071430076,0.0009289253610697,1112874.999671476,2100100.000097882,1541.4154952571278,1300.4468425764046,False,
thorough,40,0.5,20,100000,rho,1,1.0,3.16,0.9781177289014468,0.0015524035322878,0.3576278686523437,0.8500024152017454,1.1499999482251448,0.3572999994503334,0.4503000018303282,2459.442300001683,2644.734299996344,2502.1907999980613,2684.463500001584,2459.799600001133,2645.1845999981742,0.0245979960000113,0.0264518459999817,4.0,800000.0,True,1.0,0.9830974193247124,1.0042247085273397,4.16354553225054,0.2080040237651433,0.0009311604480905,2225749.999342952,4200200.000195764,1587.8664952905983,1339.6361828379456,False,
thorough,40,0.5,20,500000,rho,1,1.0,3.16,0.9781177289014468,0.0015524035322878,1.7881393432617188,0.8500015281884463,1.149999826499347,0.2905000001192093,0.3690000012284145,12408.080200002589,12671.422999999775,12564.550499999314,12839.213500003098,12408.370700002706,12671.792000001004,0.0248167414000054,0.025343584000002,4.0,4000000.0,True,1.0,0.9830974193419308,1.004224708527537,4.126343412898744,0.2080040224993362,0.0009308557401002,11128749.99671476,21001000.00097882,1657.3030871227331,1398.2177897344714,False,
thorough,40,0.5,20,1000000,rho,1,1.0,3.16,0.9781177289014468,0.0015524035322878,3.576278686523437,0.8500000550758724,1.149997510736377,0.3598999974201433,0.4331000018282793,25173.435400000017,25744.20700000337,25385.936900005618,26047.477499996603,25173.79529999744,25744.6401000052,0.0251737952999974,0.0257446401000051,4.0,8000000.0,True,1.0,0.983097419669498,1.0042247085278648,4.067780117130932,0.208003998418029,0.0009285093964257,22257499.99342952,42002000.00195764,1631.4852271696411,1376.4360218974498,False,
thorough,40,0.5,20,1,rho,2,1.0,7.73,0.9785879612407614,0.0015798263904596,3.576278686523437e-06,1.0,1.0,0.2377999990130774,0.2697000018088147,1.2273999964236282,1.4976000020396896,1.7359999983455054,2.090000001771841,1.4651999954367056,1.7673000038485045,1.4651999954367056,1.7673000038485045,9.0,18.0,True,1.0,0.9835884820003652,1.004250637619234,0.1877138672570756,0.5779690403330894,0.0006116683942923,20.91680000012275,41.52489999614773,23.496237144640048,19.78088039523341,False,
thorough,40,0.5,20,10,rho,2,1.0,7.73,0.9785879612407614,0.0015798263904596,3.5762786865234375e-05,0.8751261378995903,1.1194047304565808,0.1264000020455569,0.1543000034871511,0.7590999957756139,1.2742000035359524,1.178899998194538,1.6446000008727424,0.8854999978211708,1.4285000070231035,0.088549999782117,0.1428500007023103,12.0,194.0,True,1.0,0.9835716751732022,1.004251094160749,4.046897664465364,0.5881330403228495,0.0014479589118091,209.16800000122748,415.2489999614773,290.6888329856069,244.72348496150485,False,
thorough,40,0.5,20,100,rho,2,1.0,7.73,0.9785879612407614,0.0015798263904596,0.0003576278686523,0.8519903626535461,1.145235238663026,0.2231999969808384,0.2855999991879798,6.597200001124293,10.965800000121815,7.288900000276044,11.848800000734627,6.820399998105131,11.251399999309797,0.0682039999810513,0.1125139999930979,13.0,1906.0,True,1.0,0.98356784154626,1.0042511150233926,5.044564359778153,0.5904332086013621,0.0018134290963856,2091.680000012275,4152.489999614772,369.0642942095652,310.70577884323114,False,
thorough,40,0.5,20,1000,rho,2,1.0,7.73,0.9785879612407614,0.0015798263904596,0.0035762786865234,0.8500139266835166,1.1499326801453489,0.1249999986612238,0.334700001985766,64.2119999974966,65.88879999617347,65.23939999897266,67.3601000016788,64.33699999615783,66.22349999815924,0.0643369999961578,0.0662234999981592,14.0,19350.0,True,1.0,0.9835675063113712,1.004251123560581,5.581511244221839,0.5908568155282397,0.001874941490626,20916.80000012275,41524.89999614773,627.041760059525,527.8904014374735,False,
thorough,40,0.5,20,10000,rho,2,1.0,7.73,0.9785879612407614,0.0015798263904596,0.0357627868652343,0.8500114861700461,1.1499938609478044,0.2421999961370602,0.4594999991240911,944.0021999980672,987.6189999995404,950.0170999963302,993.018100001791,944.2443999942044,988.0784999986644,0.0944244399994204,0.0988078499998664,14.0,194022.0,True,1.0,0.9835674961546697,1.004251123584256,3.796601321487744,0.5908623241445228,0.001854814520298,209168.00000122748,415248.9999614773,420.25911904979057,353.8053909549703,False,
thorough,40,0.5,20,50000,rho,2,1.0,7.73,0.9785879612407614,0.0015798263904596,0.1788139343261718,0.8500026835427943,1.1499837758286775,0.3029999934369698,0.3838999982690438,4579.914299996744,4786.785299998883,4604.71569999936,4813.162799997372,4580.217299990181,4787.169199997152,0.0916043459998036,0.095743383999943,14.0,969452.0,True,1.0,0.9835674978292688,1.004251123585712,3.912736969775338,0.5908614160809939,0.0018687717297485,1045840.0000061374,2076244.9998073864,433.7103856301176,365.1296678488365,False,
thorough,40,0.5,20,100000,rho,2,1.0,7.73,0.9785879612407614,0.0015798263904596,0.3576278686523437,0.8500028330770102,1.149999510518656,0.2253000056953169,0.3585999947972595,8593.246500000532,8650.60739999899,8631.353899996611,8690.841299998283,8593.471800006228,8650.965999993787,0.0859347180000622,0.0865096599999378,14.0,1939802.0,True,1.0,0.9835674952165168,1.0042511235856972,4.170717085794965,0.590862832834384,0.0018676870811597,2091680.0000122748,4152489.999614773,480.00304239061336,404.10227018171054,False,
thorough,40,0.5,20,500000,rho,2,1.0,7.73,0.9785879612407614,0.0015798263904596,1.7881393432617188,0.8500003706601991,1.1499995954845006,0.204600000870414,0.3782999992836267,42991.87050000182,43350.59000000183,43152.03130000009,43491.54509999789,42992.07510000269,43350.96830000112,0.0859841502000053,0.0867019366000022,14.0,9689452.0,True,1.0,0.983567495202407,1.0042511235857043,4.1682298982546575,0.590862840484755,0.0018662576451175,10458400.000061374,20762449.99807386,478.9385522923447,403.2061032258639,False,
thorough,40,0.5,20,1000000,rho,2,1.0,7.73,0.9785879612407614,0.0015798263904596,3.576278686523437,0.8500001435678664,1.1499999718864986,0.2524999945308082,0.3281999961473048,84219.24550000404,86118.57869999949,84531.29419999459,86407.59050000634,84219.49799999857,86118.90689999564,0.0842194979999985,0.0861189068999956,14.0,19377628.0,True,1.0,0.983567495139901,1.004251123585724,4.25555937805193,0.5908628743762463,0.0018641381527368,20916800.00012275,41524899.99614772,482.1809924314056,405.9358305513348,False,
thorough,75,0.0,0,1,base,0,1.0,1.0,0.97,0.0003103774270091,6.705522537231445e-06,1.0,1.0,0.4120999947190285,0.4775999987032264,0.4116999989491887,0.5280999976093881,0.9665000034146942,1.258099997357931,0.8237999936682172,1.0056999963126143,0.8237999936682172,1.0056999963126143,0.0,4.0,True,1.0,0.9700000189374092,0.9999759527651858,0.4372115629327832,,,18.950099998619407,35.5880499992054,35.386347946394054,28.85741285481643,False,
thorough,75,0.0,0,10,base,0,1.0,1.0,0.97,0.0003103774270091,6.705522537231445e-05,0.9092436793450532,1.0978392224005136,0.5242999977781437,0.6788000027881935,0.2808999997796491,0.4378000012366101,1.3194000057410449,1.4203000027919188,0.8051999975577928,1.1166000040248036,0.0805199997557792,0.1116600004024803,0.0,50.0,True,1.0,0.966969886956045,0.9999781352575512,8.009967966411548,,,189.50099998619407,355.880499992054,318.7179820072333,259.913128220227,False,
thorough,75,0.0,0,100,base,0,1.0,1.0,0.97,0.0003103774270091,0.0006705522537231,0.8507701038975242,1.1396458242658252,0.4188999955658801,0.7009000037214719,3.4258000014233403,3.4636999989743344,4.495500004850328,4.941500003042165,3.844699996989221,4.164600002695806,0.0384469999698922,0.041646000026958,0.0,500.0,True,1.0,0.9656696185627528,0.99997954141433,6.567808976195859,,,1895.0099998619407,3558.80499992054,854.5370498047528,696.8712477283335,False,
thorough,75,0.0,0,1000,base,0,1.0,1.0,0.97,0.0003103774270091,0.0067055225372314,0.8500104903284501,1.149609728509574,0.8152999944286421,0.8333000005222857,18.478199999663047,24.75609999964945,20.334900000307243,26.76200000132667,19.29349999409169,25.589400000171736,0.0192934999940916,0.0255894000001717,0.0,5000.0,True,1.0,0.965359230712252,0.9999795596812832,12.17651069931611,,,18950.099998619407,35588.0499992054,1390.7340539038255,1134.1375726467095,False,
thorough,75,0.0,0,10000,base,0,1.0,1.0,0.97,0.0003103774270091,0.0670552253723144,0.8500312987475726,1.1499577912086445,0.8416999990004115,0.906499997654464,222.20699999888893,232.772000003024,225.9429000041564,237.1248999988893,223.0486999978893,233.67850000067847,0.0223048699997889,0.0233678500000678,0.0,50000.0,True,1.0,0.9653483847074188,0.9999795591808884,10.125693610062916,,,189500.99998619407,355880.499992054,1522.9492657262892,1241.958502883073,False,
thorough,75,0.0,0,50000,base,0,1.0,1.0,0.97,0.0003103774270091,0.3352761268615722,0.8500063523300099,1.149999850676747,1.0515999965718947,1.4880000017001294,1008.335700003954,1131.0258000012254,1017.5024999989546,1144.1511000011817,1009.387300000526,1132.5138000029256,0.0201877460000105,0.0226502760000585,0.0,250000.0,True,1.0,0.965347074073881,0.9999795597807924,11.156998606670264,,,947504.9999309704,1779402.4999602698,1571.1971897875974,1281.3044751245195,False,
thorough,75,0.0,0,100000,base,0,1.0,1.0,0.97,0.0003103774270091,0.6705522537231445,0.8500010819527529,1.149999819481011,0.858300001709722,1.4044999988982454,1945.1642999993053,2024.3142000035728,1962.0649999997115,2045.21830000158,1946.0226000010152,2025.718700002472,0.0194602260000101,0.0202571870000247,0.0,500000.0,True,1.0,0.9653470750459864,0.9999795599075328,11.567146281683266,,,1895009.9998619407,3558804.99992054,1756.8110517596533,1432.6717723267832,False,
thorough,75,0.0,0,500000,base,0,1.0,1.0,0.97,0.0003103774270091,3.3527612686157227,0.8500002128586513,1.1499999098245193,0.9451000005356036,1.6934000013861803,10810.197599996172,11315.614700004517,10862.1415000016,11406.859800001255,10811.142699996708,11317.308100005905,0.0216222853999934,0.0226346162000118,0.0,2500000.0,True,1.0,0.965347072230749,0.9999795599284326,10.406840296799,,,9475049.999309704,17794024.999602698,1572.2842253975057,1282.1909479368746,False,
thorough,75,0.0,0,1000000,base,0,1.0,1.0,0.97,0.0003103774270091,6.705522537231445,0.8500005419155855,1.1499987079958724,1.1312999995425344,1.4685000060126183,21224.39789999771,22539.515600001323,21311.94439999672,22688.11899999855,21225.52919999725,22540.984100007336,0.0212255291999972,0.0225409841000073,0.0,5000000.0,True,1.0,0.9653471096815056,0.9999795599205196,10.601007437766905,,,18950099.998619407,35588049.9992054,1578.815274493442,1287.516990071034,False,
thorough,75,0.0,0,1,lambda,1,5.0,1.0,0.8265683430639928,0.0003103774270091,6.705522537231445e-06,5.0,5.0,0.5298999967635609,0.7849000030546449,1.3758999994024634,1.98880000243662,2.338299993425608,3.0708000049344264,1.9057999961660244,2.773700005491264,1.9057999961660244,2.773700005491264,0.0,9.0,True,1.0,0.8265683848379292,0.9998797507810844,0.2943527873943503,,,19.291500000690576,39.148600000771694,14.114215640936946,11.746926465998955,False,
thorough,75,0.0,0,10,lambda,1,5.0,1.0,0.8265683430639928,0.0003103774270091,6.705522537231445e-05,4.850170330976471,5.107017309032136,0.5940000046393834,0.760000002628658,0.5037000009906478,0.7538999998359941,1.4998000042396598,2.095199997711461,1.0977000056300312,1.513900002464652,0.1097700005630031,0.1513900002464652,0.0,90.0,True,1.0,0.8219712545477351,0.9998833546352954,8.04050028198272,,,192.91500000690576,391.48600000771694,258.5943585245867,215.2219429962485,False,
thorough,75,0.0,0,100,lambda,1,5.0,1.0,0.8265683430639928,0.0003103774270091,0.0006705522537231,4.850586869566237,5.145601458187672,0.6072000032872893,0.8338999978150241,6.080999999539927,6.54239999857964,7.698600005824119,8.194599999114871,6.688200002827216,7.376299996394664,0.0668820000282721,0.0737629999639466,0.0,900.0,True,1.0,0.8202998806973054,0.99988334461633,6.660088801687902,,,1929.1500000690576,3914.8600000771694,530.7349215718784,441.7180702950286,False,
thorough,75,0.0,0,1000,lambda,1,5.0,1.0,0.8265683430639928,0.0003103774270091,0.0067055225372314,4.850108459864312,5.149525246572669,0.7690999991609715,1.1741999987862073,42.559999994409736,49.59679999592481,44.40519999479875,52.28400000487454,43.32909999357071,50.77099999471102,0.0433290999935707,0.050770999994711,0.0,9000.0,True,1.0,0.8201294911877054,0.9998833561234758,9.515977444858947,,,19291.500000690576,39148.600000771694,771.0819169378175,641.7531663083453,False,
thorough,75,0.0,0,10000,lambda,1,5.0,1.0,0.8265683430639928,0.0003103774270091,0.0670552253723144,4.850016558069112,5.149973376138655,0.5840999947395176,1.2819999974453822,422.17900000105146,442.4241000015172,426.3479000001098,447.0805999953882,422.763099995791,443.7060999989626,0.0422763099995791,0.0443706099998962,0.0,90000.0,True,1.0,0.8201100263143399,0.9998833583339812,9.59308729233314,,,192915.00000690576,391486.00000771694,882.309258332559,734.3250409070995,False,
thorough,75,0.0,0,50000,lambda,1,5.0,1.0,0.8265683430639928,0.0003103774270091,0.3352761268615722,4.850004913373279,5.1499915658227655,0.6823999938205816,1.5229999989969656,1868.559800001094,2019.7720999931328,1882.3601999974928,2032.880999999179,1869.2421999949147,2021.2950999921304,0.0373848439998983,0.0404259019998426,0.0,450000.0,True,1.0,0.8201092362090776,0.9998833586140704,10.837223405955829,,,964575.0000345288,1957430.0000385847,968.4038713823657,805.9795426054719,False,
thorough,75,0.0,0,100000,lambda,1,5.0,1.0,0.8265683430639928,0.0003103774270091,0.6705522537231445,4.850007096105286,5.149999322922995,1.5750000020489097,1.7432000022381544,3603.671700002451,3961.889699996391,3624.501400001464,3985.852000005252,3605.2467000045,3963.632899998629,0.0360524670000449,0.0396363289999862,0.0,900000.0,True,1.0,0.8201088992634247,0.9998833585615692,11.23853762815643,,,1929150.0000690576,3914860.0000771694,987.6948998174184,822.0350074109549,False,
thorough,75,0.0,0,500000,lambda,1,5.0,1.0,0.8265683430639928,0.0003103774270091,3.3527612686157227,4.85000115883415,5.149999633438073,0.7605999999213964,1.5716999987489544,18391.41949999612,18873.866000001726,18467.90090000286,18958.04089999729,18392.18009999604,18875.437700000475,0.036784360199992,0.0377508754000009,0.0,4500000.0,True,1.0,0.8201088857755553,0.999883358704378,11.01056935817503,,,9645750.000345288,19574300.000385847,1037.024958652236,863.091243792613,False,
thorough,75,0.0,0,1000000,lambda,1,5.0,1.0,0.8265683430639928,0.0003103774270091,6.705522537231445,4.850000044421623,5.149999141293119,0.6553999992320314,1.530300003651064,37907.86379999918,38227.45069999655,38047.47700000007,38373.788400000194,37908.51919999841,38228.9810000002,0.0379085191999984,0.0382289810000002,0.0,9000000.0,True,1.0,0.8201089071528965,0.9998833587311828,10.683799069680337,,,19291500.000690576,39148600.000771694,1024.055545733,852.2971094428754,False,
thorough,75,0.0,0,1,lambda,2,9.0,1.0,0.5686985075919512,0.0003103774270091,6.705522537231445e-06,9.0,9.0,0.382700003683567,0.603899999987334,2.8693999993265606,3.751500000362285,3.77699999808101,4.378499994345475,3.252100003010128,4.3554000003496185,3.252100003010128,4.3554000003496185,0.0,25.0,True,1.0,0.5687000724007032,0.9997835279156804,0.3920680282512142,,,20.887999999104068,41.049700001167366,9.42501262751348,7.917424346988651,False,
thorough,75,0.0,0,10,lambda,2,9.0,1.0,0.5686985075919512,0.0003103774270091,6.705522537231445e-05,8.856085610963904,9.148201926350476,0.5334000015864149,0.7473000005120412,0.680199998896569,2.383799997915048,1.853800000390038,3.272399997513276,1.213600000482984,3.1310999984270893,0.1213600000482983,0.3131099998427089,0.0,290.0,True,1.0,0.5475575946580298,0.9997869902416714,19.185533697691728,,,208.87999999104068,410.49700001167366,131.10312676627612,110.13238165809231,False,
thorough,75,0.0,0,100,lambda,2,9.0,1.0,0.5686985075919512,0.0003103774270091,0.0006705522537231,8.851581509304562,9.148703528215735,0.5769999988842756,0.78189999476308,12.265899997146334,14.078400003199931,13.688099999853875,15.593099997204265,12.84289999603061,14.860299997963011,0.1284289999603061,0.1486029999796301,0.0,2900.0,True,1.0,0.5474787989535029,0.9997870986019648,10.639251912241326,,,2088.7999999104068,4104.970000116737,276.2373572996123,232.0515064189102,False,
thorough,75,0.0,0,1000,lambda,2,9.0,1.0,0.5686985075919512,0.0003103774270091,0.0067055225372314,8.850119336224205,9.149545162256478,0.8105000015348196,0.8479000025545247,119.41469999874244,131.08590000047116,121.49019999924349,132.96319999790285,120.22520000027724,131.93380000302568,0.1202252000002772,0.1319338000030256,0.0,29000.0,True,1.0,0.5473464550325811,0.999787133779119,10.928302797006928,,,20887.999999104068,41049.700001167366,311.1386164896786,261.370096236534,False,
thorough,75,0.0,0,10000,lambda,2,9.0,1.0,0.5686985075919512,0.0003103774270091,0.0670552253723144,8.850012130537483,9.149994502894302,0.7266999964485876,0.8932999990065582,1286.3180000058492,1344.011799999862,1290.5723999938346,1348.0521999954362,1287.0447000022978,1344.9050999988683,0.1287044700002297,0.1344905099998868,0.0,290000.0,True,1.0,0.5472757293084223,0.9997871363582876,10.145236247911216,,,208879.99999104068,410497.00001167366,305.2237663549785,256.40136247287234,False,
thorough,75,0.0,0,50000,lambda,2,9.0,1.0,0.5686985075919512,0.0003103774270091,0.3352761268615722,8.850000673446445,9.149995089732055,1.065500000549946,1.4434999975492246,6148.595599996042,6266.365600000427,6161.823800001002,6277.127200002724,6149.661099996592,6267.809099997976,0.1229932219999318,0.1253561819999595,0.0,1450000.0,True,1.0,0.5472756369095509,0.9997871366339236,10.61217947071393,,,1044399.9999552034,2052485.0000583683,327.4645043128437,275.0845586829821,False,
thorough,75,0.0,0,100000,lambda,2,9.0,1.0,0.5686985075919512,0.0003103774270091,0.6705522537231445,8.850001395856479,9.14999920019418,1.4521999983116984,2.086300002702046,11426.773599996524,11694.158399994194,11445.504499999515,11713.702699998976,11428.225799994834,11696.244699996896,0.1142822579999483,0.1169624469999689,0.0,2900000.0,True,1.0,0.5472749897061298,0.999787136616544,11.420546566183802,,,2088799.9999104068,4104970.0001167366,350.9647844592227,294.8258256229164,False,
thorough,75,0.0,0,500000,lambda,2,9.0,1.0,0.5686985075919512,0.0003103774270091,3.3527612686157227,8.850000052930255,9.149998438673965,1.7351000060443766,1.981099994736724,57611.52199999924,62814.05119999545,57692.84630000038,62868.67599999823,57613.257100005285,62816.03229999018,0.1152265142000105,0.1256320645999803,0.0,14500000.0,True,1.0,0.547275109609857,0.9997871366488522,11.32585943485417,,,10443999.999552034,20524850.00058368,326.7454063727436,274.4804848462853,False,
thorough,75,0.0,0,1000000,lambda,2,9.0,1.0,0.5686985075919512,0.0003103774270091,6.705522537231445,8.850001032229533,9.149999868109298,1.2920000008307395,1.7259000014746562,112899.94920000026,121447.67450000654,113054.17709999892,121539.75359999458,112901.2412000011,121449.40040000802,0.1129012412000011,0.121449400400008,0.0,29000000.0,True,1.0,0.5472748845407028,0.999787136625292,11.558906883901388,,,20887999.999104068,41049700.00116736,337.99837517489016,283.9334726237164,False,
thorough,75,0.0,0,1,rho,1,1.0,3.16,0.97,0.000277764449888,6.705522537231445e-06,1.0,1.0,0.4792999970959499,0.7074000022839755,0.6212000007508323,0.8530999984941445,1.538699994853232,1.7000000007101337,1.1004999978467822,1.56050000077812,1.1004999978467822,1.56050000077812,0.0,4.0,True,1.0,0.9700000121144998,0.9999758902123446,0.2897617510985794,,,18.71050000045216,35.11224999965634,22.50064080881009,18.29291892848276,False,
thorough,75,0.0,0,10,rho,1,1.0,3.16,0.97,0.000277764449888,6.705522537231445e-05,0.8609456166262979,1.1276018713293137,0.2854999984265305,0.4006000017398037,0.1211999988299794,0.1641999988351017,0.516500003868714,1.0624999995343387,0.4066999972565099,0.5648000005749054,0.0406699997256509,0.0564800000574905,0.0,40.0,True,1.0,0.9660566038739492,0.9999792428535976,14.851485291885668,,,187.1050000045216,351.1224999965634,621.6758138087087,505.4196170870144,False,
thorough,75,0.0,0,100,rho,1,1.0,3.16,0.97,0.000277764449888,0.0006705522537231,0.868187664526863,1.1489911452366677,0.5326000027707778,0.6818000038038008,2.223399998911191,2.479299997503404,3.495400000247173,3.602400000090711,2.756000001681969,3.1611000013072044,0.0275600000168196,0.031611000013072,0.0,400.0,True,1.0,0.9653928731366872,0.9999790682462908,8.095709278049242,,,1871.050000045216,3511.224999965634,1110.7604942942785,903.0432441342192,False,
thorough,75,0.0,0,1000,rho,1,1.0,3.16,0.97,0.000277764449888,0.0067055225372314,0.8500908710555503,1.149902027059019,0.5449000018415973,0.946600004681386,22.023099998477846,22.7969999978086,23.60690000205068,25.37589999701595,22.568000000319444,23.743600002489984,0.0225680000003194,0.0237436000024899,0.0,4000.0,True,1.0,0.9653645900944726,0.9999795045636952,8.17323628428518,,,18710.50000045216,35112.24999965634,1478.80902626283,1202.26503138268,False,
thorough,75,0.0,0,10000,rho,1,1.0,3.16,0.97,0.000277764449888,0.0670552253723144,0.8500447073026535,1.1499688077462085,0.9366000012960284,0.9910000007948838,196.6334999960964,209.45990000473105,202.54369999747723,215.0962999949116,197.5700999973924,210.4509000055259,0.0197570099997392,0.0210450900005525,0.0,40000.0,True,1.0,0.9653625164860932,0.9999795056767122,9.154086155389262,,,187105.0000045216,351122.4999965634,1668.4295481147567,1356.425655646133,False,
thorough,75,0.0,0,50000,rho,1,1.0,3.16,0.97,0.000277764449888,0.3352761268615722,0.85000026523837,1.1499987130754366,0.906000001123175,1.3311000002431683,820.0064999982715,927.5674000018626,834.7842000002856,936.854300001869,820.9124999993946,928.8985000021056,0.0164182499999878,0.0185779700000421,0.0,200000.0,True,1.0,0.9653615878926618,0.999979506748219,10.975522755025688,,,935525.000022608,1755612.499982817,1889.9939013561088,1536.5564699515994,False,
thorough,75,0.0,0,100000,rho,1,1.0,3.16,0.97,0.000277764449888,0.6705522537231445,0.8500010510298641,1.1499991486244023,1.0517999980947934,1.556999995955266,1645.3756999981124,1682.6387000037355,1670.4391999955988,1701.612099997874,1646.4274999962072,1684.195699999691,0.016464274999962,0.0168419569999969,0.0,400000.0,True,1.0,0.965361574368375,0.9999795067292736,10.939750720774988,,,1871050.000045216,3511224.999965634,2084.808196557133,1694.9396083921044,False,
thorough,75,0.0,0,500000,rho,1,1.0,3.16,0.97,0.000277764449888,3.3527612686157227,0.8500003739581172,1.149999940377593,1.3004000065848231,1.9181000025128008,8916.630200001237,9073.343700001717,8985.100099998817,9120.018699999491,8917.930600007821,9075.261800004228,0.0178358612000156,0.0181505236000084,0.0,2000000.0,True,1.0,0.9653615497835444,0.9999795067455978,10.093499223505704,,,9355250.00022608,17556124.99982817,1934.5034211376685,1572.742507666177,False,
thorough,75,0.0,0,1000000,rho,1,1.0,3.16,0.97,0.000277764449888,6.705522537231445,0.8500002894910539,1.149999945529277,1.0775999980978668,1.4204000035533682,17087.647400003334,17445.50220000383,17235.16820000077,17585.75139999448,17088.725000001432,17446.922600007383,0.0170887250000014,0.0174469226000073,0.0,4000000.0,True,1.0,0.9653615496235788,0.9999795067476344,10.533925226006527,,,18710500.00045216,35112249.99965634,2012.5182420217468,1636.168203217646,False,
thorough,75,0.0,0,1,rho,2,1.0,7.73,0.97,0.000282672774662,6.705522537231445e-06,1.0,1.0,0.3223000021534972,0.4154999987804331,0.375300005543977,0.5468999952427112,1.0533999957260676,1.204100000904873,0.6976000076974742,0.9623999940231442,0.6976000076974742,0.9623999940231442,0.0,4.0,True,1.0,0.9700000129987494,0.9999758991831414,0.4796162998694864,,,16.03350000368664,18.99329999650945,19.73534924611885,10.96674985254543,False,
thorough,75,0.0,0,10,rho,2,1.0,7.73,0.97,0.000282672774662,6.705522537231445e-05,0.8718925544031633,1.125172577314602,0.2929999973275698,0.3500000020721927,0.1323999968008138,0.1353999978164211,0.5572000009124167,0.6241000010049902,0.4253999941283837,0.4853999998886138,0.0425399994128383,0.0485399999888613,0.0,40.0,True,1.0,0.966130250862014,0.9999789867432928,13.595166491642514,,,160.3350000368664,189.9329999650945,391.291718188461,217.437165120828,False,
thorough,75,0.0,0,100,rho,2,1.0,7.73,0.97,0.000282672774662,0.0006705522537231,0.8505724055322603,1.1460673307290647,0.3202000007149763,0.3698000000440515,1.0984999971697107,1.310400002694223,1.950000005308539,2.3574000006192364,1.418699997884687,1.6802000027382746,0.0141869999788468,0.0168020000273827,0.0,400.0,True,1.0,0.965481639621229,0.9999795005854072,16.385980925240844,,,1603.350000368664,1899.329999650945,1130.418995688339,628.1633124236521,False,
thorough,75,0.0,0,1000,rho,2,1.0,7.73,0.97,0.000282672774662,0.0067055225372314,0.8505069543226385,1.1497899035487913,0.3638000052887946,0.4124999977648258,12.312299993936904,13.351800000236835,13.43520000227727,14.47570000163978,12.676099999225698,13.76429999800166,0.0126760999992256,0.0137642999980016,0.0,4000.0,True,1.0,0.965366004198024,0.9999795021628616,14.619526821848035,,,16033.50000368664,18993.29999650945,1379.8958173875133,766.7952597716816,False,
thorough,75,0.0,0,10000,rho,2,1.0,7.73,0.97,0.000282672774662,0.0670552253723144,0.8500111544694103,1.1499907340681126,0.4010999982710928,0.4539000001386739,101.0857000001124,105.63110000657616,103.35479999775998,107.55950000020675,101.4867999983835,106.08500000671484,0.0101486799998383,0.0106085000006714,0.0,40000.0,True,1.0,0.9653597650492848,0.9999795141122486,17.80667295174291,,,160335.0000368664,189932.9999650945,1790.3850681347255,994.9003150186152,False,
thorough,75,0.0,0,50000,rho,2,1.0,7.73,0.97,0.000282672774662,0.3352761268615722,0.8500053635941063,1.1499966370839871,0.5845999985467643,0.9963000047719106,516.4052999971318,539.9547000051825,525.4389999972773,548.9142000005813,516.9898999956786,540.9510000099544,0.0103397979999135,0.010819020000199,0.0,200000.0,True,1.0,0.965359581660782,0.9999795142518156,17.428171244659936,,,801675.000184332,949664.9998254724,1755.547174897536,975.5412220652906,False,
thorough,75,0.0,0,100000,rho,2,1.0,7.73,0.97,0.000282672774662,0.6705522537231445,0.8500000992909928,1.1499993742381256,1.05489999987185,1.1661999960779212,1013.525700000173,1048.9974000010989,1026.4268000028096,1061.7066999984672,1014.5806000000448,1050.1635999971768,0.0101458060000004,0.0105016359999717,0.0,400000.0,True,1.0,0.9653594966258212,0.999979514378692,17.75978645632462,,,1603350.000368664,1899329.999650945,1808.603916243194,1005.0243593066274,False,
thorough,75,0.0,0,500000,rho,2,1.0,7.73,0.97,0.000282672774662,3.3527612686157227,0.8500000763300681,1.1499995570178634,0.6595000013476238,0.7427000018651597,5084.527999999409,7168.363700002374,5119.582100000116,7248.81109999842,5085.187500000757,7169.106400004239,0.0101703750000015,0.0143382128000084,0.0,2000000.0,True,1.0,0.9653594909474166,0.9999795143792456,17.70075806446743,,,8016750.00184332,9496649.998254724,1324.6630009911848,736.102897882559,False,
thorough,75,0.0,0,1000000,rho,2,1.0,7.73,0.97,0.000282672774662,6.705522537231445,0.8500000286135805,1.1499995043139872,0.5000000019208528,1.263000005565118,13257.899400006863,13738.29349999869,13402.848700003233,13812.493299999916,13258.399400008784,13739.556500004255,0.0132583994000087,0.0137395565000042,0.0,4000000.0,True,1.0,0.9653594925847642,0.9999795143803956,13.576811421567042,,,16033500.00368664,18993299.996509448,1382.3808648047384,768.1761774872261,False,
thorough,75,0.3,22,1,base,0,1.0,1.0,0.9769891856046016,0.0003103774270091,6.705522537231445e-06,1.0,1.0,0.651299997116439,0.7801000028848648,1.3164999982109291,1.7569999981787987,2.5414000047021545,3.285600003437139,1.9677999953273684,2.5371000010636635,1.9677999953273684,2.5371000010636635,3.0,6.0,True,1.0,0.9819899674750356,1.0036270494029058,0.2050892520827339,0.0862131078042024,0.0001069086304851,20.227699998940807,42.15594999914174,16.615801498351708,13.289602294367452,False,
thorough,75,0.3,22,10,base,0,1.0,1.0,0.9769891856046016,0.0003103774270091,6.705522537231445e-05,0.9000712389075499,1.1029294488714965,0.7757999992463738,0.916600001801271,0.422700002673082,1.2056999985361472,1.6680999979143962,2.41499999538064,1.1985000019194558,2.122300000337418,0.1198500001919455,0.2122300000337418,4.0,60.0,True,1.0,0.9819884564151048,1.0036269427842557,6.387508831146593,0.0863085579786215,0.0001144330907917,202.27699998940807,421.5594999914174,198.6333223033477,158.87032931166544,False,
thorough,75,0.3,22,100,base,0,1.0,1.0,0.9769891856046016,0.0003103774270091,0.0006705522537231,0.8508824705984795,1.1498135708701256,0.778000001446344,0.9873999952105804,3.376900000148453,4.242700000759214,4.766099998960272,5.984899995382875,4.154900001594797,5.230099995969795,0.0415490000159479,0.0523009999596979,4.0,600.0,True,1.0,0.981988327678304,1.0036269601018093,7.995498829936642,0.0863565184844708,0.000135255698879,2022.769999894081,4215.594999914174,806.0256980100999,644.6731424094564,False,
thorough,75,0.3,22,1000,base,0,1.0,1.0,0.9769891856046016,0.0003103774270091,0.0067055225372314,0.850368796575834,1.149793530619999,0.951499998336658,0.9755999999470076,29.75889999652281,33.7874999968335,32.30469999834895,35.99260000191862,30.710399994859472,34.76309999678051,0.0307103999948594,0.0347630999967805,4.0,6000.0,True,1.0,0.9819883262114132,1.0036269603244443,9.07291600265965,0.0863564978708833,0.0001266267657841,20227.699998940807,42155.94999914174,1212.663715348916,969.9091852653517,False,
thorough,75,0.3,22,10000,base,0,1.0,1.0,0.9769891856046016,0.0003103774270091,0.0670552253723144,0.8501304072297571,1.1499829068139538,1.010899999528192,1.2254000030225145,351.2868999969214,397.9435000001104,358.7539999934961,405.29090000200085,352.2977999964496,399.1689000031329,0.0352297799996449,0.0399168900003132,4.0,60000.0,True,1.0,0.9819883255297356,1.003626960428075,7.68602529733862,0.0863566926688793,0.0001237022594797,202276.99998940807,421559.4999914174,1056.0930472992982,844.6812864156176,False,
thorough,75,0.3,22,50000,base,0,1.0,1.0,0.9769891856046016,0.0003103774270091,0.3352761268615722,0.8500052340574269,1.1499996977004905,1.052600004186388,1.574300003994722,1695.0282999969204,1884.1604999979609,1721.6602999978932,1912.1449000012944,1696.0809000011068,1885.734800001956,0.0339216180000221,0.0377146960000391,4.0,300000.0,True,1.0,0.98198832517157,1.0036269604825685,7.964468793839329,0.0863567099408978,0.0001240258428811,1011384.9999470403,2107797.499957087,1117.7592416255463,894.0029635964814,False,
thorough,75,0.3,22,100000,base,0,1.0,1.0,0.9769891856046016,0.0003103774270091,0.6705522537231445,0.8500006755202484,1.14999781642263,1.2174000003142282,1.6071999998530373,3160.9172000025865,3618.860100003076,3221.645500001614,3658.762599996408,3162.1346000029007,3620.467300002929,0.031621346000029,0.0362046730000292,4.0,600000.0,True,1.0,0.9819883251585232,1.003626960484554,8.541824505867446,0.0863567080057157,0.000122713323064,2022769.9998940807,4215594.999914174,1164.3786977197014,931.2900021261912,False,
thorough,75,0.3,22,500000,base,0,1.0,1.0,0.9769891856046016,0.0003103774270091,3.3527612686157227,0.8500000107307245,1.149998143822451,0.7113000028766692,1.6212999980780296,15756.226499994227,16188.417800003665,15958.322299993595,16350.55939999438,15756.937799997104,16190.03910000174,0.0315138755999942,0.0323800782000034,4.0,3000000.0,True,1.0,0.9819883251566204,1.0036269604848436,8.568041339088992,0.0863567083424871,0.0001235706988948,10113849.999470403,21077974.99957087,1301.9100738038735,1041.2899495459435,False,
thorough,75,0.3,22,1000000,base,0,1.0,1.0,0.9769891856046016,0.0003103774270091,6.705522537231445,0.850000579826867,1.1499999976889344,0.9995000000344588,1.3245000009192154,33230.853100001696,34077.346600002784,33545.18069999904,34431.10709999746,33231.85260000173,34078.6711000037,0.0332318526000017,0.0340786711000037,4.0,6000000.0,True,1.0,0.9819883251582492,1.0036269604845955,8.124979493830274,0.0863567102494814,0.0001234807949174,20227699.998940807,42155949.99914174,1237.0185995643817,989.3886383137652,False,
thorough,75,0.3,22,1,lambda,1,5.0,1.0,0.8363882291924858,0.0003103774270091,6.705522537231445e-06,5.0,5.0,0.4617000013240613,0.6958000012673438,2.4810000031720847,2.96169999637641,3.121800000371877,3.944600000977516,2.942700004496146,3.657499997643754,2.942700004496146,3.657499997643754,11.0,16.0,True,1.0,0.8413880510364378,0.9998797507810844,0.2902055619022343,0.0853657837692296,0.0005523033773738,21.725599995988887,43.23819999626721,11.821790847333496,9.514504446949916,False,
thorough,75,0.3,22,10,lambda,1,5.0,1.0,0.8363882291924858,0.0003103774270091,6.705522537231445e-05,4.891277434508573,5.106497990398385,0.6747000006726012,0.8581000001868233,0.9718000001157634,1.4015000051585955,2.0951000042259693,2.295899997989181,1.6465000007883646,2.259600005345419,0.1646500000788364,0.2259600005345419,11.0,160.0,True,1.0,0.8413880169329104,0.9998823658887264,7.408931878104875,0.0855135235689782,0.0005275207340838,217.25599995988887,432.3819999626721,191.3533364045886,154.00646092218932,False,
thorough,75,0.3,22,100,lambda,1,5.0,1.0,0.8363882291924858,0.0003103774270091,0.0006705522537231,4.85259545932516,5.145089787418199,0.6141000048955902,0.6586000017705373,9.777700004633516,11.68379999580793,11.413899999752177,12.869799997133669,10.391800009529106,12.342399997578468,0.103918000095291,0.1234239999757846,11.0,1600.0,True,1.0,0.8413880038435293,0.9998832963038974,7.363694934992912,0.0855680140633802,0.0005408775371327,2172.5599995988887,4323.819999626721,350.32246568536414,281.9492157046303,False,
thorough,75,0.3,22,1000,lambda,1,5.0,1.0,0.8363882291924858,0.0003103774270091,0.0067055225372314,4.8500754653491365,5.149163126913907,0.5710000041290186,0.9997999950428492,92.14910000446253,99.9690999960876,94.5512000034796,102.9666999966139,92.72010000859154,100.96889999113046,0.0927201000085915,0.1009688999911304,11.0,16000.0,True,1.0,0.841388002972743,0.9998833569170898,7.813424113367709,0.0855737954012749,0.0005558095135542,21725.599995988887,43238.19999626721,428.2328518986088,344.6536507316384,False,
thorough,75,0.3,22,10000,lambda,1,5.0,1.0,0.8363882291924858,0.0003103774270091,0.0670552253723144,4.850008565000747,5.149938306210815,0.986300001386553,1.1600000070757233,997.6927000025172,1030.1073000009635,1005.4328000042004,1038.5378999999375,998.6790000039036,1031.2673000080397,0.0998679000003903,0.1031267300008039,11.0,160000.0,True,1.0,0.8413880029495951,0.999883358526238,7.216650978785186,0.0855748962707527,0.0005509176829842,217255.99995988887,432381.9999626721,419.2724814985421,337.44209665165874,False,
thorough,75,0.3,22,50000,lambda,1,5.0,1.0,0.8363882291924858,0.0003103774270091,0.3352761268615722,4.85000847635017,5.149999241586667,0.6296999999904074,1.3622999977087602,4591.9525000063,4724.00899999775,4610.743100005493,4743.148699999438,4592.582200006291,4725.371299995459,0.0918516440001258,0.0945074259999091,11.0,800000.0,True,1.0,0.8413880029495647,0.9998833585283704,7.839802349861111,0.0855749828168099,0.0005538142758842,1086279.9997994443,2161909.9998133606,457.5111377629602,368.2176254840994,False,
thorough,75,0.3,22,100000,lambda,1,5.0,1.0,0.8363882291924858,0.0003103774270091,0.6705522537231445,4.85000265906446,5.149996866742413,1.651599995966535,2.0588000043062493,8661.938799996278,9152.378499995391,8718.4935999976,9205.53739999741,8663.590399992245,9154.4372999997,0.0866359039999224,0.091544372999997,11.0,1600000.0,True,1.0,0.8413880029475517,0.9998833586682928,8.312226819246396,0.0855749794438172,0.0005524594395785,2172559.9995988887,4323819.999626721,472.3195820705291,380.135871292733,False,
thorough,75,0.3,22,500000,lambda,1,5.0,1.0,0.8363882291924858,0.0003103774270091,3.3527612686157227,4.850001695677928,5.149999838031718,1.7207000055350363,1.847100000304636,43434.52820000675,44003.514500000165,43598.47929999523,44207.248899998376,43436.24890001229,44005.36160000047,0.0868724978000245,0.0880107232000009,11.0,8000000.0,True,1.0,0.8413880029472183,0.9998833586914652,8.288336835208078,0.0855749836639506,0.0005529147900229,10862799.997994443,21619099.998133607,491.2833166705163,395.3984097281049,False,
thorough,75,0.3,22,1000000,lambda,1,5.0,1.0,0.8363882291924858,0.0003103774270091,6.705522537231445,4.850000115730342,5.149999726410683,0.7591000030515715,1.6614999985904433,86489.29599999974,89544.54729999998,86869.22720000439,89814.55730000016,86490.05510000279,89546.20879999857,0.0864900551000028,0.0895462087999985,11.0,16000000.0,True,1.0,0.8413880029466717,0.9998833587294674,8.324729571159905,0.0855749835054057,0.0005527042541048,21725599.995988887,43238199.996267214,482.85907997333226,388.61835088993024,False,
thorough,75,0.3,22,1,lambda,2,9.0,1.0,0.5970830126788805,0.0003103774270091,6.705522537231445e-06,9.0,9.0,0.4130000015720725,0.4704000020865351,10.71560000127647,11.862899991683662,11.435799999162557,12.608899996848775,11.128600002848543,12.333299993770195,11.128600002848543,12.333299993770195,52.0,102.0,True,1.0,0.6020823077675037,0.9997835279156804,0.4283474559943658,0.0840571330510854,0.0010323539919681,18.319399998290464,20.53695000358857,1.6651626096796646,0.9065943435154044,False,
thorough,75,0.3,22,10,lambda,2,9.0,1.0,0.5970830126788805,0.0003103774270091,6.705522537231445e-05,8.868864974377708,9.145929784482204,0.3977000014856457,0.4145999992033466,3.833500013570301,4.109500005142763,4.457400005776435,4.818200002773665,4.231200015055947,4.52410000434611,0.4231200015055947,0.452410000434611,54.0,1012.0,True,1.0,0.6020816797485212,0.9997866827938552,12.442937219550174,0.0843386358435751,0.0009917766934963,183.19399998290464,205.3695000358857,45.39455357719679,24.71497093452672,False,
thorough,75,0.3,22,100,lambda,2,9.0,1.0,0.5970830126788805,0.0003103774270091,0.0006705522537231,8.852845273430773,9.134475765907434,0.4270000063115731,0.4813999985344708,26.94019999762532,29.17929999239277,27.751700006774627,30.027100001461804,27.367200003936887,29.66069999092724,0.2736720000393688,0.2966069999092724,54.0,10120.0,True,1.0,0.6020815454461201,0.9997870681981572,17.70588191780484,0.0843161125546782,0.0010244430166168,1831.9399998290464,2053.695000358857,69.2395999078596,37.697357158296406,False,
thorough,75,0.3,22,1000,lambda,2,9.0,1.0,0.5970830126788805,0.0003103774270091,0.0067055225372314,8.850277357519698,9.149956254983705,0.3886000049533322,0.5043000128353015,307.7579999953741,319.84909999300726,308.8019999995595,321.1534000001848,308.14660000032745,320.35340000584256,0.3081466000003274,0.3203534000058425,54.0,101152.0,True,1.0,0.6020815188352269,0.9997871299774218,15.499190922970962,0.0843465704805372,0.0010203654116741,18319.399998290464,20536.95000358857,64.1071704037292,34.90301651559406,False,
thorough,75,0.3,22,10000,lambda,2,9.0,1.0,0.5970830126788805,0.0003103774270091,0.0670552253723144,8.850039514010186,9.149980299136256,0.4109000001335516,0.4903000080958009,3020.393499988131,3175.9665999998106,3024.10909999162,3180.17449999752,3020.804399988265,3176.4569000079064,0.3020804399988265,0.3176456900007906,54.0,1011540.0,True,1.0,0.6020815157541433,0.9997871356994924,15.792644236649112,0.0843466178889071,0.0010223665564426,183193.99998290464,205369.5000358857,64.6536397315432,35.20054061241253,False,
thorough,75,0.3,22,50000,lambda,2,9.0,1.0,0.5970830126788805,0.0003103774270091,0.3352761268615722,8.850002088169886,9.149995308201424,0.524800008861348,1.5316000062739477,15257.40419999056,15340.363700001037,15269.514400002665,15354.204399991431,15257.928999999422,15341.895300007309,0.3051585799999884,0.3068379060001461,54.0,5060140.0,True,1.0,0.6020815157188427,0.9997871365998882,15.631754712256202,0.0843466474827646,0.0010264166347701,915969.9999145232,1026847.5001794286,66.93094171871577,36.44041297565531,False,
thorough,75,0.3,22,100000,lambda,2,9.0,1.0,0.5970830126788805,0.0003103774270091,0.6705522537231445,8.850005696242139,9.149998465139191,0.8227000071201473,1.301299998885952,29052.64510000416,29324.565400005667,29078.180199998314,29350.009299989324,29053.46780001128,29325.86670000456,0.2905346780001128,0.2932586670000455,54.0,10118072.0,True,1.0,0.6020815156837726,0.9997871365130848,16.418470619734784,0.0843466537074128,0.0010251350680005,1831939.9998290464,2053695.0003588567,70.03015533581957,38.12777342818958,False,
thorough,75,0.3,22,500000,lambda,2,9.0,1.0,0.5970830126788805,0.0003103774270091,3.3527612686157227,8.850000427310833,9.149998237843844,1.2149000103818253,1.3550000003306195,146918.94590000447,148734.55049999757,147047.25709999911,148848.29939999327,146920.16080001486,148735.9054999979,0.2938403216000297,0.2974718109999958,54.0,50597092.0,True,1.0,0.602081515668773,0.9997871366398452,16.233440727401295,0.0843466532592465,0.0010257019720312,9159699.999145232,10268475.001794286,69.03830630052157,37.58776326954486,False,
thorough,75,0.3,22,1000000,lambda,2,9.0,1.0,0.5970830126788805,0.0003103774270091,6.705522537231445,8.85000036046711,9.149999784623228,0.745400000596419,0.8157999982358888,309750.4996999924,321460.3986000002,309943.4411999973,321639.18739999644,309751.24509999296,321461.2143999984,0.3097512450999929,0.3214612143999984,54.0,101183836.0,True,1.0,0.602081515666835,0.9997871366414534,15.399490895478666,0.0843466563090853,0.0010253673229062,18319399.998290464,20536950.00358857,63.88624531864729,34.78273430933287,False,
thorough,75,0.3,22,1,rho,1,1.0,3.16,0.9783539372365618,0.000277764449888,6.705522537231445e-06,1.0,1.0,0.4457000031834468,0.6494999979622662,0.9156000014627352,1.28680000489112,1.5832000062800944,2.181799995014444,1.361300004646182,1.936300002853386,1.361300004646182,1.936300002853386,5.0,8.0,True,1.0,0.9833537451412508,1.0037114368606006,0.3931847962263813,0.2067710336072405,0.0001016351131414,16.45779999671504,18.747499998426065,9.682125688580912,4.850410572859594,False,
thorough,75,0.3,22,10,rho,1,1.0,3.16,0.9783539372365618,0.000277764449888,6.705522537231445e-05,0.8564340075327891,1.1265522404736017,0.3379000118002295,0.443900004029274,0.4662999999709427,0.5018999945605174,0.934900002903305,1.2694999895757064,0.8042000117711723,0.9457999985897914,0.0804200011771172,0.0945799998589791,6.0,92.0,True,1.0,0.9833510483971164,1.0037114485544238,9.650439631740117,0.2074989969262825,0.0002797233385823,164.5779999671504,187.47499998426065,198.21843969527384,99.30059230356926,False,
thorough,75,0.3,22,100,rho,1,1.0,3.16,0.9783539372365618,0.000277764449888,0.0006705522537231,0.8530983128261836,1.149005216140516,0.353199997334741,0.4955000040354207,3.297500006738119,4.107500004465692,4.157200004556216,5.152600002475083,3.65070000407286,4.6030000085011125,0.0365070000407286,0.0460300000850111,6.0,908.0,True,1.0,0.9833502343490474,1.0037114486992864,13.646702019119608,0.2076350725301061,0.0002006089871698,1645.779999671504,1874.7499998426065,407.2887239583313,204.03758393922791,False,
thorough,75,0.3,22,1000,rho,1,1.0,3.16,0.9783539372365618,0.000277764449888,0.0067055225372314,0.8503458848266823,1.1497735265740625,0.4135999915888533,0.5157999985385686,39.375699998345226,43.68990000511985,40.78789999766741,46.17390000203159,39.78929998993408,44.20570000365842,0.039789299989934,0.0442057000036584,6.0,9125.0,True,1.0,0.9833502062862236,1.003711448824257,11.428368258060464,0.2076397673064506,0.0002142616114765,16457.79999671504,18747.499998426065,424.09689241148857,212.4578958209205,False,
thorough,75,0.3,22,10000,rho,1,1.0,3.16,0.9783539372365618,0.000277764449888,0.0670552253723144,0.8500015894491888,1.149996465929519,0.4104999970877543,0.7984999974723905,327.81889999751,340.6505000020843,333.0988000088837,345.82800000498537,328.22939999459777,341.4489999995567,0.0328229399994597,0.0341448999999556,6.0,91368.0,True,1.0,0.9833501981405336,1.0037114488402423,13.727091391113142,0.2076411300612539,0.0002209110495655,164577.9999671504,187474.99998426065,549.0571065796182,275.0586472966773,False,
thorough,75,0.3,22,50000,rho,1,1.0,3.16,0.9783539372365618,0.000277764449888,0.3352761268615722,0.8500031223253246,1.149998407221274,0.6547999946633354,1.0231000051135195,1764.2966999992495,2009.0531000023475,1778.317700009211,2030.6058999995005,1764.9514999939129,2010.076200007461,0.0352990299998782,0.0402015240001492,6.0,456913.0,True,1.0,0.9833501980695976,1.0037114488401708,12.75295702815154,0.207641141928685,0.0002260833795447,822889.999835752,937374.9999213032,466.33804226816073,233.61925299233096,False,
thorough,75,0.3,22,100000,rho,1,1.0,3.16,0.9783539372365618,0.000277764449888,0.6705522537231445,0.8500022149827484,1.149999889377181,1.229999994393438,1.3813999976264313,3072.543400005088,3505.435500002932,3095.749700005399,3534.935999996378,3073.7733999994816,3506.8169000005582,0.0307377339999948,0.0350681690000055,6.0,913532.0,True,1.0,0.9833501980154392,1.0037114488402132,14.64584682511742,0.2076411509893274,0.000226151809022,1645779.999671504,1874749.9998426065,534.6016211574399,267.81694835754416,False,
thorough,75,0.3,22,500000,rho,1,1.0,3.16,0.9783539372365618,0.000277764449888,3.3527612686157227,0.8500006091631723,1.1499999649928936,0.566999995498918,1.6155999910552057,16794.305700008408,17470.234399996116,16920.76090000046,17592.87690000201,16794.872700003907,17471.84999998717,0.0335897454000078,0.0349436999999743,6.0,4568482.0,True,1.0,0.983350198012676,1.003711448840288,13.39739814310319,0.2076411514515933,0.000225594197736,8228899.998357519,9373749.999213032,536.5058651041484,268.7709088068814,False,
thorough,75,0.3,22,1000000,rho,1,1.0,3.16,0.9783539372365618,0.000277764449888,6.705522537231445,0.8500002359375034,1.1499996486646509,0.7502999942516908,1.4438000071095305,33232.26849999628,34230.71050000726,33468.69429999788,34453.61699999194,33233.01879999053,34232.15430001437,0.0332330187999905,0.0342321543000143,6.0,9136293.0,True,1.0,0.9833501980242348,1.0037114488403056,13.541055736235712,0.2076411495178139,0.0002253747847547,16457799.99671504,18747499.998426065,547.6576155307349,274.35755061621063,False,
thorough,75,0.3,22,1,rho,2,1.0,7.73,0.9788379941242906,0.000282672774662,6.705522537231445e-06,1.0,1.0,0.3623000084189698,0.4301000008126721,2.1139000018592924,2.24760000128299,2.700099998037331,2.8200000087963417,2.476200010278262,2.677700002095662,2.476200010278262,2.677700002095662,10.0,16.0,True,1.0,0.9838372037901196,1.0037402345370474,0.3406026772159137,0.5767545975339656,0.0001161511455991,17.06380001269281,19.73704999545589,7.3708966575826205,3.876983976910447,False,
thorough,75,0.3,22,10,rho,2,1.0,7.73,0.9788379941242906,0.000282672774662,6.705522537231445e-05,0.8981549421311744,1.1229002967994846,0.3536999865900725,0.4748000064864754,0.829399999929592,0.8604000031482428,1.3046000094618648,1.4875000051688403,1.1830999865196643,1.3352000096347183,0.1183099986519664,0.1335200009634718,10.0,190.0,True,1.0,0.9838334603334248,1.0037398762252252,10.308656861256104,0.5903805810284136,0.0004679853350668,170.6380001269281,197.3704999545589,147.8209246033148,77.7516471553807,False,
thorough,75,0.3,22,100,rho,2,1.0,7.73,0.9788379941242906,0.000282672774662,0.0006705522537231,0.8521353666480002,1.149483524265957,0.3763999993680045,0.4893000004813075,6.403599996701814,9.344899997813627,7.258800003910437,10.270699989632703,6.779999996069819,9.834199998294936,0.0677999999606981,0.0983419999829493,13.0,1667.0,True,1.0,0.983801459226695,1.0037403117980213,13.351864583052803,0.5939674835325167,0.0004885935464128,1706.380001269281,1973.704999545589,200.69807405663832,105.5642554035701,False,
thorough,75,0.3,22,1000,rho,2,1.0,7.73,0.9788379941242906,0.000282672774662,0.0067055225372314,0.850675826181703,1.149429927166518,0.4300000000512227,0.4910999996354803,72.27099999727216,79.76799999596551,74.0706000069622,80.77359999879263,72.70099999732338,80.25909999560099,0.0727009999973233,0.0802590999956009,13.0,16347.0,True,1.0,0.9838002767124772,1.003740311787554,11.830471420518212,0.5939598963094538,0.0005140253593104,17063.80001269281,19737.04999545589,245.9166623664816,129.34857235711536,False,
thorough,75,0.3,22,10000,rho,2,1.0,7.73,0.9788379941242906,0.000282672774662,0.0670552253723144,0.8500123467207606,1.1499927947253727,0.5150000069988891,0.5877000075997785,783.7192000006326,897.2391999996034,787.4398999992991,902.9290000034962,784.2342000076314,897.8269000072032,0.0784234200007631,0.0897826900007203,13.0,163813.0,True,1.0,0.9838002266502032,1.0037403118972157,10.909519634064214,0.5940396494039886,0.0004956713857196,170638.0001269281,197370.4999545589,219.83135051197,115.62807934374278,False,
thorough,75,0.3,22,50000,rho,2,1.0,7.73,0.9788379941242906,0.000282672774662,0.3352761268615722,0.8500006687984965,1.1499926557241014,0.6259999936446548,1.022900003590621,3303.0491000099573,3511.396200003219,3317.637999993167,3526.341599994339,3303.675100003602,3512.419100006809,0.066073502000072,0.0702483820001362,13.0,816769.0,True,1.0,0.9838002235684076,1.0037403118971886,12.94258689641372,0.594039629688764,0.0004919055420685,853190.0006346405,986852.4997727944,280.9609194332423,147.781339690896,False,
thorough,75,0.3,22,100000,rho,2,1.0,7.73,0.9788379941242906,0.000282672774662,0.6705522537231445,0.8500010408315211,1.1499999652285642,0.6356999947456643,1.570199994603172,6634.6415000007255,6872.413799996139,6657.145999997738,6899.295499999425,6635.277199995471,6873.983999990742,0.0663527719999547,0.0687398399999074,13.0,1634817.0,True,1.0,0.9838002240539024,1.003740311898609,12.88690579588824,0.5940406664449414,0.0004918934705773,1706380.001269281,1973704.999545589,287.12679569057,151.02450053872593,False,
thorough,75,0.3,22,500000,rho,2,1.0,7.73,0.9788379941242906,0.000282672774662,3.3527612686157227,0.8500002998340879,1.1499970590885331,0.8493000059388578,1.4716000005137175,32545.456699997885,33637.22070000949,32682.568499993067,33757.98690000374,32546.306000003824,33638.69230001001,0.0650926120000076,0.06727738460002,13.0,8172687.0,True,1.0,0.98380022336409,1.0037403118980446,13.135473990752995,0.5940402542442894,0.0004945343452542,8531900.006346405,9868524.997727944,293.3682709694696,154.3074253676452,False,
thorough,75,0.3,22,1000000,rho,2,1.0,7.73,0.9788379941242906,0.000282672774662,6.705522537231445,0.8500001443012613,1.1499999743750775,0.5703000060748309,0.8383999957004562,65597.00310000335,66717.22829999635,65800.62069999985,66936.97090000205,65597.57340000942,66718.06669999205,0.0655975734000094,0.066718066699992,13.0,16342795.0,True,1.0,0.9838002233266584,1.0037403118986103,13.034132042534674,0.5940406677421772,0.0004946812666529,17063800.01269281,19737049.99545589,295.8276666529704,155.60103157334427,False,
thorough,75,0.5,38,1,base,0,1.0,1.0,0.9769188471589516,0.0003103774270091,6.705522537231445e-06,1.0,1.0,0.3849999920930713,0.4221999988658353,0.5178999999770895,0.684200000250712,1.0983000101987273,1.2137000012444332,0.9028999920701608,1.1063999991165474,0.9028999920701608,1.1063999991165474,3.0,5.0,True,1.0,0.9819184819235144,1.004986917065026,0.4344468044216131,0.0862899443318455,0.0001050910517987,16.476399992825463,18.92085000145016,17.101274418436667,8.645336240717613,False,
thorough,75,0.5,38,10,base,0,1.0,1.0,0.9769188471589516,0.0003103774270091,6.705522537231445e-05,0.8598147715639399,1.1277892160028875,0.3371000057086348,0.3663999959826469,0.3972999984398484,0.4235999949742108,0.8814000029815361,0.953300012042746,0.7344000041484833,0.7899999909568578,0.0734400004148483,0.0789999990956857,5.0,59.0,True,1.0,0.981918849370653,1.0049866691607012,9.061162884814468,0.0863370798298793,6.841000777621425e-05,164.76399992825463,189.2085000145016,239.50443313971428,121.07848251373692,False,
thorough,75,0.5,38,100,base,0,1.0,1.0,0.9769188471589516,0.0003103774270091,0.0006705522537231,0.8539053636058196,1.1480881894544306,0.3615000023273751,0.3896999987773597,3.977000000304544,4.2501999996602535,4.609300012816675,5.169299998669885,4.338500002631918,4.639899998437613,0.0433850000263191,0.0463989999843761,4.0,600.0,True,1.0,0.9819179317851666,1.0049866679744277,6.789036962014697,0.0863542362749937,9.423887963028592e-05,1647.6399992825463,1892.085000145016,407.78572830926,206.15099489887925,False,
thorough,75,0.5,38,1000,base,0,1.0,1.0,0.9769188471589516,0.0003103774270091,0.0067055225372314,0.8502026027121146,1.149331541031014,0.4182999982731417,0.5298000032780692,24.65940000547561,28.006499996990897,26.07930000522174,29.274000000441447,25.07770000374876,28.53630000026897,0.0250777000037487,0.0285363000002689,4.0,6000.0,True,1.0,0.9819179205534851,1.0049866679744923,10.94917151025761,0.0863555163791046,0.0001089603275558,16476.399992825463,18920.85000145016,663.0449638275398,335.1941214874412,False,
thorough,75,0.5,38,10000,base,0,1.0,1.0,0.9769188471589516,0.0003103774270091,0.0670552253723144,0.8500348879064004,1.1499948729909923,0.7444999937433749,1.0390000097686425,277.0574000023771,326.4511000015773,283.24099999736063,332.8200999967521,277.8018999961205,327.490100011346,0.027780189999612,0.0327490100011345,4.0,60000.0,True,1.0,0.9819179200414674,1.0049866679744952,9.745273001106757,0.0863561994723262,0.0001097231837941,164763.99992825463,189208.5000145016,577.7533427970692,292.07600500781047,False,
thorough,75,0.5,38,50000,base,0,1.0,1.0,0.9769188471589516,0.0003103774270091,0.3352761268615722,0.850005416217395,1.1499962714289165,0.91709999833256,1.268699998036027,1322.9151999985334,1328.293800004758,1342.9520000063349,1358.096600000863,1323.832299996866,1329.562500002794,0.0264766459999373,0.0265912500000558,4.0,300000.0,True,1.0,0.9819179199514638,1.004986667974496,10.204735723056904,0.0863562009125368,0.0001098282751701,823819.9996412732,946042.500072508,711.5442110246943,359.7123117217928,False,
thorough,75,0.5,38,100000,base,0,1.0,1.0,0.9769188471589516,0.0003103774270091,0.6705522537231445,0.8500060643349541,1.1499983348511733,0.6966999935684726,1.210899994475767,2289.338000002317,2540.2523999946425,2323.3949999994365,2597.359300008975,2290.0346999958856,2541.4632999891182,0.0229003469999588,0.0254146329998911,4.0,600000.0,True,1.0,0.981917919953443,1.004986667974496,11.79380240050734,0.086356203037598,0.000109293310052,1647639.9992825463,1892085.000145016,744.4864539862203,376.36585226838326,False,
thorough,75,0.5,38,500000,base,0,1.0,1.0,0.9769188471589516,0.0003103774270091,3.3527612686157227,0.850000713208686,1.1499995396208402,0.6242000090423971,1.253900001756847,12115.594299990336,12363.244500011206,12310.264100000495,12552.599000002374,12116.218499999375,12364.498400012964,0.0242324369999987,0.0247289968000259,4.0,3000000.0,True,1.0,0.9819179199371004,1.004986667974496,11.14266429341462,0.0863562042783542,0.0001091333645352,8238199.996412732,9460425.00072508,765.128086450734,386.8009724147886,False,
thorough,75,0.5,38,1000000,base,0,1.0,1.0,0.9769188471589516,0.0003103774270091,6.705522537231445,0.8500003311814691,1.1499995527191866,0.8648999937577173,0.9221999935107306,24416.45710000012,25203.646599999047,24747.75740000769,25564.552600000752,24417.32199999388,25204.56879999256,0.0244173219999938,0.0252045687999925,4.0,6000000.0,True,1.0,0.9819179199359336,1.0049866679744963,11.05811538890295,0.086356204291846,0.0001093573324918,16476399.992825463,18920850.00145016,750.6912794896039,379.5026245041354,False,
thorough,75,0.5,38,1,lambda,1,5.0,1.0,0.8362985099735885,0.0003103774270091,6.705522537231445e-06,5.0,5.0,0.4115000047022477,0.4167000006418675,1.579000003403053,1.6359000001102686,2.117699987138621,2.177900008973665,1.9905000081053004,2.052600000752136,1.9905000081053004,2.052600000752136,11.0,16.0,True,1.0,0.8412983339470033,1.0048904697845384,0.4559847995239137,0.0858695500936255,0.0005337926719836,17.180099996039644,18.805299994710367,9.161697353512386,5.879908405455917,False,
thorough,75,0.5,38,10,lambda,1,5.0,1.0,0.8362985099735885,0.0003103774270091,6.705522537231445e-05,4.858362828744178,5.1282583771015,0.4049999988637864,0.4461999924387783,0.7521000079577789,0.8131000067805871,1.3729000056628138,1.413300007698126,1.157100006821565,1.2592999992193654,0.1157100006821565,0.1259299999219365,11.0,160.0,True,1.0,0.8412982895195672,1.0048904697845389,9.57319495255768,0.0859097638667922,0.0005352056044332,171.80099996039644,188.05299994710367,149.33137462374088,95.83975228256088,False,
thorough,75,0.5,38,100,lambda,1,5.0,1.0,0.8362985099735885,0.0003103774270091,0.0006705522537231,4.853820339121255,5.1495109163594615,0.4028999974252656,0.4138999938732013,4.735000009532087,4.930299997795373,5.40049999835901,5.681399998138659,5.137900006957352,5.344199991668575,0.0513790000695735,0.0534419999166857,11.0,1600.0,True,1.0,0.8412982879841586,1.0048904697845389,15.205913380159645,0.085916427364631,0.0005268866755893,1718.0099996039644,1880.5299994710367,351.8824150298864,225.83548550347336,False,
thorough,75,0.5,38,1000,lambda,1,5.0,1.0,0.8362985099735885,0.0003103774270091,0.0067055225372314,4.850490627109195,5.149323830783258,0.3962000046158209,0.4447000101208687,61.62000000767876,62.40189999516588,62.88800000038464,63.44019999960437,62.016200012294576,62.846600005286746,0.0620162000122945,0.0628466000052867,11.0,16000.0,True,1.0,0.8412982868541521,1.0048904697845389,11.684518012175875,0.0859163687059843,0.0005352077572759,17180.099996039644,18805.299994710367,299.2254154262671,192.04061948372765,False,
thorough,75,0.5,38,10000,lambda,1,5.0,1.0,0.8362985099735885,0.0003103774270091,0.0670552253723144,4.850013576000598,5.149991565268278,0.4316999984439462,0.5139999993843958,542.321400003857,565.6553000007989,546.3993000012124,570.2159000065876,542.7531000023009,566.1693000001833,0.05427531000023,0.0566169300000183,11.0,160000.0,True,1.0,0.8412982866919405,1.0048904697845389,13.276260165925214,0.0859165780668833,0.0005356840693534,171800.99996039644,188052.99994710367,332.1497650032292,213.17121923526057,False,
thorough,75,0.5,38,50000,lambda,1,5.0,1.0,0.8362985099735885,0.0003103774270091,0.3352761268615722,4.850004880300971,5.149997521408211,0.5729999975301325,0.7996999920578673,2714.8906999937026,2791.972399994848,2731.8128000042634,2810.517000005348,2715.4636999912327,2792.772099986905,0.0543092739998246,0.0558554419997381,11.0,800000.0,True,1.0,0.841298286688983,1.0048904697845389,13.260202335248158,0.0859165799343646,0.0005344878506935,859004.9998019822,940264.9997355184,336.67802673190806,216.07742353051108,False,
thorough,75,0.5,38,100000,lambda,1,5.0,1.0,0.8362985099735885,0.0003103774270091,0.6705522537231445,4.8500063349850535,5.149998195726501,0.7965999975567684,1.505500011262484,5512.9836999985855,5588.061599992216,5546.62599999574,5620.794400005252,5513.780299996142,5589.567100003478,0.0551378029999614,0.0558956710000347,11.0,1600000.0,True,1.0,0.8412982866894777,1.0048904697845389,13.060078519734873,0.0859165801457904,0.0005355281328089,1718009.9996039644,1880529.9994710367,336.4357142201346,215.9219091842336,False,
thorough,75,0.5,38,500000,lambda,1,5.0,1.0,0.8362985099735885,0.0003103774270091,3.3527612686157227,4.850000166607407,5.149999675569223,0.7279999990714714,1.316199995926581,27419.1651000001,28046.34810000425,27566.24250000459,28180.154899993795,27419.89309999917,28047.66430000018,0.0548397861999983,0.0560953286000003,11.0,8000000.0,True,1.0,0.8412982866873798,1.0048904697845389,13.129502619319313,0.0859165806097771,0.0005356236735701,8590049.998019822,9402649.997355184,335.23825359515314,215.1533879678749,False,
thorough,75,0.5,38,1000000,lambda,1,5.0,1.0,0.8362985099735885,0.0003103774270091,6.705522537231445,4.850000599586169,5.1499998315576905,0.7083999953465536,0.9368000028189272,55696.50120000006,56163.63189999538,55961.19839999301,56425.87180000555,55697.2095999954,56164.5686999982,0.0556972095999954,0.0561645686999981,11.0,16000000.0,True,1.0,0.841298286687527,1.0048904697845389,12.927203405732053,0.0859165806586901,0.0005356671461606,17180099.996039644,18805299.994710367,334.8249693709652,214.888145263398,False,
thorough,75,0.5,38,1,lambda,2,9.0,1.0,0.5968967591214639,0.0003103774270091,6.705522537231445e-06,9.0,9.0,0.4327999922679737,0.5148999916855246,9.603600003174506,11.626399995293468,10.308299999451265,12.30760000180453,10.03639999544248,12.141299986978993,10.03639999544248,12.141299986978993,52.0,102.0,True,1.0,0.6018960521007284,1.0047942495040068,0.4779457701781371,0.0854491195619412,0.000988085512909,17.9982999979984,19.693400005053263,1.6220174138002983,1.067200383953961,False,
thorough,75,0.5,38,10,lambda,2,9.0,1.0,0.5968967591214639,0.0003103774270091,6.705522537231445e-05,8.873759655797903,9.145973257700664,0.4293000092729926,0.5360999930417165,4.189699990092777,4.997799987904728,4.975600008037873,6.071099996916018,4.618999999365769,5.533899980946444,0.4618999999365769,0.5533899980946444,54.0,1024.0,True,1.0,0.6018954442428041,1.0047942495040068,11.385063396614164,0.0854948920450865,0.0010000524589694,179.98299997998402,196.93400005053263,35.58683762420507,23.41422875804881,False,
thorough,75,0.5,38,100,lambda,2,9.0,1.0,0.5968967591214639,0.0003103774270091,0.0006705522537231,8.850683196627134,9.14839074265326,0.4236999957356602,0.4424999933689832,25.817899993853644,29.75309999601449,26.62449999479577,30.52229998866096,26.241599989589304,30.19559998938348,0.262415999895893,0.3019559998938348,54.0,10052.0,True,1.0,0.6018952738703925,1.0047942495040068,18.475553786851656,0.0854956500940975,0.0009582510615588,1799.8299997998402,1969.3400005053263,65.21943598397547,42.9108877199322,False,
thorough,75,0.5,38,1000,lambda,2,9.0,1.0,0.5968967591214639,0.0003103774270091,0.0067055225372314,8.850798479108896,9.14963427334724,0.4272000078344717,0.4602000117301941,335.71200000005774,369.0350999968359,336.8097000056878,370.1061000028858,336.1392000078922,369.4953000085661,0.3361392000078922,0.3694953000085661,54.0,101216.0,True,1.0,0.6018952638244685,1.004794249504007,14.208607377749916,0.0854960400271722,0.000977464300029,17998.2999979984,19693.400005053263,53.298106916641984,35.06729316314392,False,
thorough,75,0.5,38,10000,lambda,2,9.0,1.0,0.5968967591214639,0.0003103774270091,0.0670552253723144,8.850104526872942,9.149936787568224,0.4813000123249367,0.48820000665728,3457.7266999986023,3638.933200010797,3462.278299994068,3643.2060999941314,3458.208000010927,3639.4214000174543,0.3458208000010927,0.3639421400017454,54.0,1011484.0,True,1.0,0.6018952628129755,1.0047942495040072,13.795190927038648,0.0854961348863571,0.0009756619573666,179982.99997998402,196934.00005053263,54.111348592275725,35.60236252867575,False,
thorough,75,0.5,38,50000,lambda,2,9.0,1.0,0.5968967591214639,0.0003103774270091,0.3352761268615722,8.85000004900176,9.14999796897558,0.644500003545545,0.7777999999234453,16645.791700007976,17007.98099998792,16664.646399993217,17025.861600006465,16646.43620001152,17008.758799987845,0.3329287240002304,0.3401751759997569,54.0,5060140.0,True,1.0,0.6018952628258293,1.004794249504007,14.327945723355755,0.0854961540709677,0.0009772446990566,899914.9998999201,984670.0002526632,57.89193743245785,38.08978703317688,False,
thorough,75,0.5,38,100000,lambda,2,9.0,1.0,0.5968967591214639,0.0003103774270091,0.6705522537231445,8.850002657327888,9.149996577179904,1.075799998943694,1.3582999963546172,32825.94500000414,33105.18400000001,32855.86310000508,33141.851399996085,32827.02080000308,33106.54229999636,0.3282702080000308,0.3310654229999636,54.0,10118648.0,True,1.0,0.6018952628138582,1.0047942495040072,14.531188667986248,0.0854961536345462,0.0009768295405187,1799829.9997998402,1969340.0005053263,59.48491940535701,39.1378836557197,False,
thorough,75,0.5,38,500000,lambda,2,9.0,1.0,0.5968967591214639,0.0003103774270091,3.3527612686157227,8.850000649758439,9.149998839933062,0.7492000004276633,1.328400001511909,174794.7306999995,175646.27570001176,174965.99710000737,175800.150199997,174795.47989999992,175647.60410001327,0.3495909597999998,0.3512952082000265,54.0,50596220.0,True,1.0,0.601895262818158,1.0047942495040072,13.644576071880447,0.0854961543440728,0.000976964713562,8999149.9989992,9846700.002526632,56.059404015098025,36.88407841995502,False,
thorough,75,0.5,38,1000000,lambda,2,9.0,1.0,0.5968967591214639,0.0003103774270091,6.705522537231445,8.850000222137378,9.149999688933317,0.8476000075461343,1.465900000766851,354301.2921000045,356716.66219999315,354625.4256999964,357013.3819000039,354302.13970001205,356718.1280999939,0.354302139700012,0.3567181280999939,54.0,101199604.0,True,1.0,0.6018952628115051,1.0047942495040072,13.463117709019327,0.0854961546102979,0.0009772058454636,17998299.9979984,19693400.005053263,55.20717466742504,36.32335725918613,False,
thorough,75,0.5,38,1,rho,1,1.0,3.16,0.97826940023638,0.000277764449888,6.705522537231445e-06,1.0,1.0,0.4480000061448663,0.5109000048832968,0.8559999987483025,0.9713000035844744,1.5196000022115186,1.700299995718524,1.3040000048931688,1.4822000084677711,1.3040000048931688,1.4822000084677711,5.0,8.0,True,1.0,0.9832692079691636,1.0049888186071865,0.420560748278522,0.2071658836864925,9.791550010741905e-05,17.83949999662582,19.729300001927182,13.31082167670638,8.766090898966992,False,
thorough,75,0.5,38,10,rho,1,1.0,3.16,0.97826940023638,0.000277764449888,6.705522537231445e-05,0.8515200809187337,1.1249655789765562,0.4599999956553802,0.5683000053977594,0.5735000013373792,0.5971999926259741,1.25270000717137,1.3585999986389652,1.0334999969927594,1.1654999980237335,0.1033499996992759,0.1165499998023733,6.0,91.0,True,1.0,0.9832687397462332,1.004988823097538,7.84655621535515,0.2074875639538763,0.0001228839434308,178.39499996625818,197.29300001927183,169.27756358113209,111.48090971007916,False,
thorough,75,0.5,38,100,rho,1,1.0,3.16,0.97826940023638,0.000277764449888,0.0006705522537231,0.850603178116851,1.1491897455281226,0.4725000035250559,0.4999000084353611,3.204599997843616,5.551399997784756,4.043399996589869,6.443500009481795,3.677100001368672,6.051300006220117,0.0367710000136867,0.0605130000622011,6.0,910.0,True,1.0,0.9832684511944632,1.004988823098623,14.042314182824883,0.2076343188798785,0.0001101158706358,1783.9499996625818,1972.9300001927184,326.03407501937573,214.71584603841404,False,
thorough,75,0.5,38,1000,rho,1,1.0,3.16,0.97826940023638,0.000277764449888,0.0067055225372314,0.8505563424873311,1.1497935662122238,0.4846999945584684,0.5261000042082742,38.56890001043212,38.91740000108257,39.8365000000922,41.003300008014776,39.053600004990585,39.44350000529084,0.0390536000049905,0.0394435000052908,6.0,9139.0,True,1.0,0.9832683939405156,1.004988823099419,11.66743152846682,0.2076380092566101,0.000142581387563,17839.49999662582,19729.300001927186,500.1914130155983,329.41042257749103,False,
thorough,75,0.5,38,10000,rho,1,1.0,3.16,0.97826940023638,0.000277764449888,0.0670552253723144,0.8500133147267347,1.1499826255818832,0.5476999940583482,0.6292000034591183,360.2849999879254,384.2004000034649,365.3406000084942,389.246999999159,360.83269998198375,384.829600006924,0.0360832699981983,0.0384829600006924,6.0,91484.0,True,1.0,0.9832683909668228,1.0049888230995343,12.49011199508948,0.2076391650578668,0.0001456685776487,178394.99996625818,197293.00001927183,512.6762598711796,337.6325522892301,False,
thorough,75,0.5,38,50000,rho,1,1.0,3.16,0.97826940023638,0.000277764449888,0.3352761268615722,0.850002645552118,1.149998594249692,0.687899999320507,0.8412000024691224,1719.63500000129,1793.6574000050314,1740.3716999979224,1811.7424000083704,1720.3229000006104,1794.4986000075005,0.0344064580000122,0.03588997200015,6.0,457094.0,True,1.0,0.9832683908208656,1.004988823099535,13.084171931824558,0.2076392626882989,0.0001436922893639,891974.9998312909,986465.0000963592,549.7162271913927,362.02591644885706,False,
thorough,75,0.5,38,100000,rho,1,1.0,3.16,0.97826940023638,0.000277764449888,0.6705522537231445,0.8500021258925985,1.1499999254264326,0.8057999948505312,1.1992000072496012,3380.6263000005856,3479.522599998745,3412.165500005358,3515.1321000012103,3381.432099995436,3480.7218000059947,0.0338143209999543,0.0348072180000599,6.0,914169.0,True,1.0,0.9832683908301436,1.004988823099535,13.311142967796291,0.2076392708270245,0.0001433218307892,1783949.9996625818,1972930.0001927183,566.8163425727735,373.2875176825608,False,
thorough,75,0.5,38,500000,rho,1,1.0,3.16,0.97826940023638,0.000277764449888,3.3527612686157227,0.8500001754289194,1.1499998560104103,1.0833999986061826,1.2615000014193356,17621.28729998949,18245.65219999932,17748.48139999085,18379.682600003434,17622.370699988096,18246.91370000073,0.0352447413999761,0.0364938274000014,6.0,4570827.0,True,1.0,0.9832683908149225,1.0049888230995354,12.76864715781203,0.2076392704025951,0.0001434270797373,8919749.99831291,9864650.000963593,540.6201927158343,356.0355525953303,False,
thorough,75,0.5,38,1000000,rho,1,1.0,3.16,0.97826940023638,0.000277764449888,6.705522537231445,0.8500005273671027,1.1499996028916015,0.8005999989109114,1.41789999906905,34904.47760000825,35227.65929999878,35179.10179999308,35548.19159999897,34905.27820000716,35229.077199997846,0.0349052782000071,0.0352290771999978,6.0,9142646.0,True,1.0,0.983268390812728,1.0049888230995352,12.892328748100033,0.2076392688550473,0.0001437977084023,17839499.99662582,19729300.001927186,560.0288616679517,368.8174950174091,False,
thorough,75,0.5,38,1,rho,2,1.0,7.73,0.9787485580756222,0.000282672774662,6.705522537231445e-06,1.0,1.0,0.4081000079168007,0.4742000019177794,1.767399997333996,1.83419999666512,2.326300003915094,2.556999999796972,2.1755000052507967,2.3083999985829,2.1755000052507967,2.3083999985829,10.0,19.0,True,1.0,0.9837480443996656,1.004989026661657,0.4837614582379257,0.5810681293797769,0.0001069804172551,18.314200002350844,19.8812500020722,8.612567152260036,5.694442043360219,False,
thorough,75,0.5,38,10,rho,2,1.0,7.73,0.9787485580756222,0.000282672774662,6.705522537231445e-05,0.9500832495331516,1.1421972875337083,0.3552999987732619,0.5545000021811575,0.8086000016191974,0.8792000007815659,1.3920000055804849,1.6939000051934272,1.163900000392459,1.4337000029627234,0.1163900000392459,0.1433700002962723,9.0,180.0,True,1.0,0.9837476651314156,1.0049890473670733,10.017313855775404,0.592965047380261,0.0002173176517598,183.14200002350844,198.812500020722,138.6709211200937,91.68619639854258,False,
thorough,75,0.5,38,100,rho,2,1.0,7.73,0.9787485580756222,0.000282672774662,0.0006705522537231,0.8542675344459144,1.1496663171500514,0.4288000054657459,0.4619000101229176,5.423700000392273,5.692799997632392,6.265300005907193,6.624100002227351,5.852500005858019,6.154700007755309,0.0585250000585801,0.061547000077553,13.0,1646.0,True,1.0,0.9837126495120762,1.004989619372751,15.764146245886783,0.5939919169000722,0.000280193425937,1831.4200002350844,1988.1250002072195,323.0254923395221,213.5774284410214,False,
thorough,75,0.5,38,1000,rho,2,1.0,7.73,0.9787485580756222,0.000282672774662,0.0067055225372314,0.8500012211353031,1.14985397967617,0.4144999984418973,0.5369999998947605,73.57090000004973,75.16260001284536,75.01879999472294,76.78810000652447,73.98539999849163,75.69960001274012,0.0739853999984916,0.0756996000127401,13.0,16385.0,True,1.0,0.983712192431646,1.004989619373049,11.621442717153414,0.5940185210232417,0.0002910474096379,18314.200002350844,19881.2500020722,262.633488138989,173.6475490307854,False,
thorough,75,0.5,38,10000,rho,2,1.0,7.73,0.9787485580756222,0.000282672774662,0.0670552253723144,0.8500337813973802,1.1499854735112014,0.4899000050500035,0.5504000000655651,692.737000004854,728.9593999885255,697.3419999994803,733.5324000014225,693.226900009904,729.5097999885911,0.0693226900009904,0.0729509799988591,13.0,163489.0,True,1.0,0.983712177095316,1.004989619373258,12.342346373789894,0.594037173113698,0.0002899089042273,183142.00002350844,198812.500020722,272.5288954635444,180.1901770891729,False,
thorough,75,0.5,38,50000,rho,2,1.0,7.73,0.9787485580756222,0.000282672774662,0.3352761268615722,0.8500005447636418,1.1499958279036304,0.633100004051812,1.0363000037614256,3495.446800006903,3593.4011999925133,3516.236899988144,3611.7996999964816,3496.0799000109546,3594.4374999962747,0.069921598000219,0.0718887499999254,13.0,817921.0,True,1.0,0.983712172531478,1.0049896193732748,12.230196151151716,0.5940386422368847,0.0002893748860275,915710.0001175422,994062.5001036096,276.5557893563707,182.85267173009348,False,
thorough,75,0.5,38,100000,rho,2,1.0,7.73,0.9787485580756222,0.000282672774662,0.6705522537231445,0.8500025910922383,1.1499952656158483,1.3519000058295203,1.3586999994004143,6674.280799998087,6838.992100005271,6713.960099994438,6871.950100001413,6675.632700003916,6840.350800004671,0.0667563270000391,0.0684035080000467,13.0,1634344.0,True,1.0,0.9837121726851684,1.004989619373274,12.810369021337026,0.5940385624557657,0.0002911148450638,1831420.0002350844,1988125.0002072195,290.6466434741712,192.16923794046,False,
thorough,75,0.5,38,500000,rho,2,1.0,7.73,0.9787485580756222,0.000282672774662,3.3527612686157227,0.850000440679745,1.1499992949088556,0.6615000020246953,1.564999998663552,34108.6507,34459.35889999964,34258.47009998688,34616.205700003775,34109.31220000202,34460.923899998306,0.068218624400004,0.0689218477999966,13.0,8171698.0,True,1.0,0.98371217249304,1.00498961937328,12.53347732104806,0.5940391341619151,0.0002902592833474,9157100.001175422,9940625.001036096,288.4607803865811,190.72399281819284,False,
thorough,75,0.5,38,1000000,rho,2,1.0,7.73,0.9787485580756222,0.000282672774662,6.705522537231445,0.8500000181468584,1.149999906547171,0.7355999987339601,1.2546000070869925,69637.91010000568,70507.09600000118,69944.92620001256,70783.34900000482,69638.64570000442,70508.35060000827,0.0696386457000044,0.0705083506000082,13.0,16345559.0,True,1.0,0.9837121725061722,1.004989619373281,12.277795223494657,0.5940392209464529,0.0002903367716344,18314200.002350844,19881250.0020722,281.9701472646541,186.4325273951536,False,
thorough,120,0.0,0,1,base,0,1.0,1.0,0.97,0.0001531013985555,1.0728836059570312e-05,1.0,1.0,10.129599992069416,42.85549999622162,0.6831999926362187,0.7293999951798469,11.167999997269362,43.882800004212186,10.812799984705634,43.58489999140147,10.812799984705634,43.58489999140147,0.0,4.0,True,1.0,0.9700000190292896,0.999976276036658,0.6744730751854101,,,15.396400005556645,17.020649996993598,0.3905171286466521,0.2359636021138852,False,
thorough,120,0.0,0,10,base,0,1.0,1.0,0.97,0.0001531013985555,0.0001072883605957,0.8546164467355933,1.137151045987568,10.419500002171844,14.669699987280184,0.596199999563396,0.6446999905165285,11.611900001298636,15.622199993231334,11.01570000173524,15.314399977796713,1.101570000173524,1.531439997779671,0.0,50.0,True,1.0,0.965747128931226,0.999979725211552,9.661187528041117,,,153.96400005556643,170.20649996993598,11.11414748319925,6.715542244329031,False,
thorough,120,0.0,0,100,base,0,1.0,1.0,0.97,0.0001531013985555,0.001072883605957,0.8545102935697211,1.1471255832248457,16.2514999974519,20.4574999952456,2.162200005841441,2.408599990303628,19.150899999658577,24.87480000127107,18.413700003293343,22.866099985549223,0.1841370000329334,0.2286609998554922,0.0,500.0,True,1.0,0.96543644240094,0.9999797277299868,26.63953373618848,,,1539.6400005556643,1702.0649996993598,74.43617410817849,44.97684347678021,False,
thorough,120,0.0,0,1000,base,0,1.0,1.0,0.97,0.0001531013985555,0.0107288360595703,0.8502069837999648,1.149591381103523,16.34649999323301,22.0254999876488,36.85810000752099,41.70929999963846,57.6569999975618,62.43209999229293,53.204600000754,63.73479998728726,0.053204600000754,0.0637347999872872,0.0,5000.0,True,1.0,0.9653596085148288,0.9999798298240106,15.627501143099227,,,15396.400005556645,17020.649996993598,267.05426235570815,161.36317995499957,False,
thorough,120,0.0,0,10000,base,0,1.0,1.0,0.97,0.0001531013985555,0.1072883605957031,0.8500394582984847,1.1499597174459435,22.43959999759681,62.85790000401903,216.10589999181684,262.1950000029756,261.10269999480806,327.85129999683704,238.54549998941368,325.0529000069946,0.0238545499989413,0.0325052900006994,0.0,50000.0,True,1.0,0.965348130212602,0.9999798337984744,26.65359900038875,,,153964.00005556643,170206.49996993598,523.6270772119658,316.3931163057839,False,
thorough,120,0.0,0,50000,base,0,1.0,1.0,0.97,0.0001531013985555,0.5364418029785156,0.8500065589878303,1.149995681912318,28.86590000707656,46.19480000110343,1031.295399996452,1051.722600008361,1069.473299998208,1109.3674000003375,1060.1613000035286,1097.9174000094645,0.0212032260000705,0.0219583480001892,0.0,250000.0,True,1.0,0.96534700945397,0.9999798345789952,27.92604330446842,,,769820.0002778322,851032.4998496799,775.1334479646134,468.3617364865464,False,
thorough,120,0.0,0,100000,base,0,1.0,1.0,0.97,0.0001531013985555,1.0728836059570312,0.8500021151267464,1.149992898146104,31.52129999944009,36.65470000123605,2043.83229999803,2056.291200002306,2102.6304999977583,2113.35319999489,2075.35359999747,2092.945900003542,0.0207535359999747,0.0209294590000354,0.0,500000.0,True,1.0,0.9653470962044074,0.999979834684424,28.18235136026352,,,1539640.0005556643,1702064.9996993598,813.2388895940784,491.38632774631833,False,
thorough,120,0.0,0,500000,base,0,1.0,1.0,0.97,0.0001531013985555,5.364418029785156,0.8500003899917133,1.149999365536801,14.83899999584537,47.10349999368191,10390.98229999945,10467.072300001746,10493.486999999732,10713.492800001404,10405.821299995296,10514.175799995428,0.0208116425999905,0.0210283515999908,0.0,2500000.0,True,1.0,0.965346894661249,0.9999798347253518,27.71634015775537,,,7698200.0027783215,8510324.998496799,809.4143716429489,489.0754251868706,False,
thorough,120,0.0,0,1000000,base,0,1.0,1.0,0.97,0.0001531013985555,10.728836059570312,0.8500000500221293,1.1499998838323666,22.829599998658523,40.56860000127927,20353.055100000347,20638.49519999349,20491.168699998525,20823.39679999859,20375.88469999901,20679.063799994765,0.020375884699999,0.0206790637999947,0.0,5000000.0,True,1.0,0.9653468785096118,0.9999798347334174,28.300419625945505,,,15396400.005556645,17020649.996993598,823.0861010737781,497.33634458573226,False,
thorough,120,0.0,0,1,lambda,1,5.0,1.0,0.8265121042198029,0.0001531013985555,1.0728836059570312e-05,5.0,5.0,43.93759999948088,52.017599999089725,1.285899998038076,1.418600004399195,45.6728999997722,53.607499998179264,45.22349999751896,53.43620000348892,45.22349999751896,53.43620000348892,0.0,9.0,True,1.0,0.8265121471694595,0.9998813639522612,0.8062835380526224,,,15.704499994171783,17.522449990792666,0.3279134741925624,0.2018528636549634,False,
thorough,120,0.0,0,10,lambda,1,5.0,1.0,0.8265121042198029,0.0001531013985555,0.0001072883605957,4.875888565941849,5.106191626601039,13.398199997027405,18.22620000166353,0.8404000109294429,0.8824000105960295,14.689000003272668,19.45360000536312,14.238600007956848,19.10860001225956,1.4238600007956848,1.910860001225956,0.0,90.0,True,1.0,0.8219461805386133,0.9998843092615016,12.336982228895357,,,157.04499994171783,175.22449990792666,9.169928712491098,5.644709704857206,False,
thorough,120,0.0,0,100,lambda,1,5.0,1.0,0.8265121042198029,0.0001531013985555,0.001072883605957,4.851026655051083,5.1456399851330685,10.370599993621,16.49080000061076,3.606500002206303,3.862300000037066,14.478700002655389,20.694599996204488,13.977099995827302,20.353100000647828,0.139770999958273,0.2035310000064782,0.0,900.0,True,1.0,0.8202356892864766,0.9998848992606676,28.74809370208596,,,1570.4499994171783,1752.2449990792666,86.09229056131467,52.99561242857494,False,
thorough,120,0.0,0,1000,lambda,1,5.0,1.0,0.8265121042198029,0.0001531013985555,0.0107288360595703,4.8500410519656505,5.149886496689268,12.909299999591894,16.797399992356077,52.93879999953788,66.97859999258071,77.2865000035381,94.69779999926686,65.84809999912977,83.77599998493679,0.0658480999991297,0.0837759999849367,0.0,9000.0,True,1.0,0.8200510891989248,0.9998849226500398,19.584879143634733,,,15704.499994171783,17522.449990792666,209.15835076803933,128.75107423943624,False,
thorough,120,0.0,0,10000,lambda,1,5.0,1.0,0.8265121042198029,0.0001531013985555,0.1072883605957031,4.850056515699653,5.149983758879637,14.526099999784492,18.29010000801645,389.03010000649374,394.4173000054434,410.4554000077769,444.3640999961645,403.55620000627823,412.7074000134599,0.0403556200006278,0.0412707400013459,0.0,90000.0,True,1.0,0.8200468600385502,0.9998849222830696,26.650894107748822,,,157044.99994171783,175224.49990792666,424.5731961729108,261.3534429765938,False,
thorough,120,0.0,0,50000,lambda,1,5.0,1.0,0.8265121042198029,0.0001531013985555,0.5364418029785156,4.850000233261959,5.149987874258398,42.01419999299105,48.4236000047531,1775.8708000037586,1859.907000005478,1826.21700000891,1912.2566000005463,1817.8849999967497,1908.3306000102311,0.0363576999999349,0.0381666120002046,0.0,450000.0,True,1.0,0.8200466810923418,0.9998849236187096,29.191312791386785,,,785224.9997085892,876122.4995396333,459.1041507875712,282.6095749207652,False,
thorough,120,0.0,0,100000,lambda,1,5.0,1.0,0.8265121042198029,0.0001531013985555,1.0728836059570312,4.85000239068068,5.149998205228515,45.56180001236498,52.28190000343602,3544.0664000052493,3597.538899994106,3609.279000011156,3670.940900003188,3589.6282000176143,3649.820799997542,0.0358962820001761,0.0364982079999754,0.0,900000.0,True,1.0,0.8200462318774324,0.9998849235675118,29.254530897007584,,,1570449.9994171783,1752244.9990792666,480.09069351581496,295.5282076739458,False,
thorough,120,0.0,0,500000,lambda,1,5.0,1.0,0.8265121042198029,0.0001531013985555,5.364418029785156,4.850000101968736,5.149999955566562,20.02189999620896,51.09189999348018,17960.765800002264,18594.270700006746,18065.14539998897,18688.04740000633,17980.787699998473,18645.362600000222,0.0359615753999969,0.0372907252000004,0.0,4500000.0,True,1.0,0.8200461557685583,0.9998849236218252,28.86291184755244,,,7852249.997085892,8761224.995396333,469.8876167415605,289.2475256432791,False,
thorough,120,0.0,0,1000000,lambda,1,5.0,1.0,0.8265121042198029,0.0001531013985555,10.728836059570312,4.850000476452258,5.149999801379119,19.323899992741644,53.1244999874616,36413.93629999948,37448.81259999238,36611.97979999997,37588.647099997615,36433.26019999222,37501.93709997984,0.0364332601999922,0.0375019370999798,0.0,9000000.0,True,1.0,0.820046162472997,0.9998849236129383,28.472615304707247,,,15704499.994171783,17522449.990792666,467.241197276769,287.6184759413242,False,
thorough,120,0.0,0,1,lambda,2,9.0,1.0,0.5671715176259573,0.0001531013985555,1.0728836059570312e-05,9.0,9.0,7.523200009018183,8.964199994807132,2.670000001671724,2.846800009137951,10.507099999813365,12.338299988186918,10.193200010689909,11.811000003945082,10.193200010689909,11.811000003945082,0.0,26.0,True,1.0,0.5671727269810142,0.9997864258830038,1.1217977521066156,,,17.036500008543953,18.788400004268624,1.5907543813388338,1.0204216410967673,False,
thorough,120,0.0,0,10,lambda,2,9.0,1.0,0.5671715176259573,0.0001531013985555,0.0001072883605957,8.882331614557419,9.117021409399394,7.845000000088476,8.587200005422346,2.1535000123549253,2.3480999952880666,10.30160000664182,11.530699994182214,9.9985000124434,10.935300000710413,0.99985000124434,1.0935300000710413,0.0,290.0,True,1.0,0.55045028345489,0.999789219056482,15.513350270877044,,,170.36500008543953,187.88400004268624,17.181421637310393,11.021371161501367,False,
thorough,120,0.0,0,100,lambda,2,9.0,1.0,0.5671715176259573,0.0001531013985555,0.001072883605957,8.857385745718567,9.149908602636392,7.877199997892603,8.785400001215748,10.083200002554804,10.63790000625886,18.423299989080988,19.64919999591075,17.960400000447407,19.42330000747461,0.179604000004474,0.1942330000747461,0.0,3000.0,True,1.0,0.5452568129580471,0.9997898112104304,34.2748333775423,,,1703.650000854395,1878.8400004268624,96.73124544767543,62.05021804936109,False,
thorough,120,0.0,0,1000,lambda,2,9.0,1.0,0.5671715176259573,0.0001531013985555,0.0107288360595703,8.850643195225398,9.149677148499714,10.8267000032356,16.23309998831246,124.5659000123851,168.8642999943113,136.14880001114216,186.77469999238383,135.3926000156207,185.09739998262376,0.1353926000156207,0.1850973999826237,0.0,30000.0,True,1.0,0.5452942839829821,0.999789971261924,27.74435057793813,,,17036.500008543953,18788.400004268624,101.5054776892188,65.11274609017187,False,
thorough,120,0.0,0,10000,lambda,2,9.0,1.0,0.5671715176259573,0.0001531013985555,0.1072883605957031,8.850008592548898,9.149978250978965,18.86359999480192,46.66779999388382,1352.8290999965975,1631.5119999926535,1374.284700010321,1681.6639000026044,1371.6926999913994,1678.1797999865375,0.1371692699991399,0.1678179799986537,0.0,300000.0,True,1.0,0.5452455346151975,0.9997899863258204,25.546464073020694,,,170365.00008543953,187884.00004268624,111.95701440584224,71.81709616047249,False,
thorough,120,0.0,0,50000,lambda,2,9.0,1.0,0.5671715176259573,0.0001531013985555,0.5364418029785156,8.850000407555246,9.149999592686784,45.30859999067616,56.275599999935366,5824.81320000079,6006.742099998519,5898.675899996306,6090.110400007688,5870.121799991466,6063.017699998454,0.1174024359998293,0.121260353999969,0.0,1500000.0,True,1.0,0.54524207844533,0.9997899865201118,29.666187406658217,,,851825.0004271977,939420.0002134312,154.94264518041416,99.3911003016092,False,
thorough,120,0.0,0,100000,lambda,2,9.0,1.0,0.5671715176259573,0.0001531013985555,1.0728836059570312,8.850000074568397,9.14999532805578,30.87650000816211,44.67089999525342,11740.193100005854,11766.124700006912,11787.767200003143,11839.910599999712,11771.069600014016,11810.795600002166,0.1177106960001401,0.1181079560000216,0.0,3000000.0,True,1.0,0.5452427690877722,0.999789986528016,29.437335234275466,,,1703650.000854395,1878840.0004268624,159.07819117846032,102.04393010592236,False,
thorough,120,0.0,0,500000,lambda,2,9.0,1.0,0.5671715176259573,0.0001531013985555,5.364418029785156,8.8500003754013,9.14999994888413,19.685899998876263,34.134900008211844,58563.20150000101,58764.23310000973,58681.9220000034,58871.29149999237,58582.88739999989,58798.368000017945,0.1171657747999997,0.1175967360000359,0.0,15000000.0,True,1.0,0.5452420207601733,0.9997899865208753,29.506583583890475,,,8518250.004271977,9394200.002134312,159.76974058415098,102.4875384892986,False,
thorough,120,0.0,0,1000000,lambda,2,9.0,1.0,0.5671715176259573,0.0001531013985555,10.728836059570312,8.850000043429782,9.149999888855788,37.18500000832137,46.18900000059512,126335.287599999,126852.1735999966,126538.87940000276,127081.41740001156,126372.47260000731,126898.3625999972,0.1263724726000073,0.1268983625999972,0.0,30000000.0,True,1.0,0.5452420304815967,0.9997899865287552,27.355777357647995,,,17036500.008543953,18788400.004268624,148.05864803387965,94.97522079941976,False,
thorough,120,0.0,0,1,rho,1,1.0,3.16,0.97,0.0001370150588333,1.0728836059570312e-05,1.0,1.0,9.132599996519277,18.13149999361485,0.6052999960957095,0.7120000082068145,10.0187000061851,19.36260001093615,9.737899992614985,18.843500001821667,9.737899992614985,18.843500001821667,0.0,4.0,True,1.0,0.9700000121732364,0.9999762142163856,0.761275405538147,,,15.246499999193476,17.800949986849446,0.9446732287063744,0.587191869266894,False,
thorough,120,0.0,0,10,rho,1,1.0,3.16,0.97,0.0001370150588333,0.0001072883605957,0.8763779509243603,1.1461901321658627,7.733100006589666,8.92379999277182,0.4875000013271346,0.7740000000922009,8.589400007622316,10.158799996133894,8.2206000079168,9.69779999286402,0.8220600007916801,0.969779999286402,0.0,40.0,True,1.0,0.9654796845467288,0.9999791547403232,9.452307666575416,,,152.46499999193475,178.00949986849446,18.35565798423148,11.409546492753218,False,
thorough,120,0.0,0,100,rho,1,1.0,3.16,0.97,0.0001370150588333,0.001072883605957,0.8503154544640249,1.1460255113002824,7.474999991245568,8.749500004341826,1.931699996930547,2.108300002873875,10.453599999891594,11.096700007328764,9.406699988176117,10.8578000072157,0.0940669998817611,0.108578000072157,0.0,400.0,True,1.0,0.9654847953057026,0.9999797746706202,23.85463585091923,,,1524.6499999193477,1780.0949986849446,163.94619513179077,101.90600289420652,False,
thorough,120,0.0,0,1000,rho,1,1.0,3.16,0.97,0.0001370150588333,0.0107288360595703,0.8501028357065921,1.1499586310684888,9.454500002902932,22.30070000223349,21.090199996251613,32.491500009200536,31.789700005901977,50.92950000835117,30.544699999154545,54.79220001143403,0.0305446999991545,0.054792200011434,0.0,4000.0,True,1.0,0.9653626763437846,0.9999797797280292,21.84901044475152,,,15246.499999193476,17800.949986849446,324.8810959066207,201.9402394372081,False,
thorough,120,0.0,0,10000,rho,1,1.0,3.16,0.97,0.0001370150588333,0.1072883605957031,0.8500251966076189,1.1499635862029225,25.316100000054576,40.90360000554938,216.1548000003677,255.5050000082701,249.43680000433235,310.5317000008654,241.47090000042223,296.4086000138195,0.0241470900000422,0.0296408600013819,0.0,40000.0,True,1.0,0.9653625224755976,0.9999797815747744,21.3180553935983,,,152464.99999193475,178009.49986849446,600.554436882719,373.293824439794,False,
thorough,120,0.0,0,50000,rho,1,1.0,3.16,0.97,0.0001370150588333,0.5364418029785156,0.8500016890531308,1.1499970589460808,43.52429999562446,53.24570000811946,858.8407000061125,936.4343999914126,921.1473999894224,1002.4625000078232,902.3650000017368,989.680099999532,0.0180473000000347,0.0197936019999906,0.0,200000.0,True,1.0,0.9653614830697332,0.9999797821339318,26.82686090661053,,,762324.9999596737,890047.4993424723,899.3284793165924,559.006389519483,False,
thorough,120,0.0,0,100000,rho,1,1.0,3.16,0.97,0.0001370150588333,1.0728836059570312,0.8500003309860806,1.1499882567649808,45.3473999950802,48.80649999540765,1692.2498000058113,1845.609099997091,1766.871900006663,1923.194400005741,1737.5972000008917,1894.4155999924988,0.0173759720000089,0.0189441559999249,0.0,400000.0,True,1.0,0.9653617563979418,0.9999797821662352,27.23002242330994,,,1524649.9999193477,1780094.9986849446,939.6538957407198,584.0719422730788,False,
thorough,120,0.0,0,500000,rho,1,1.0,3.16,0.97,0.0001370150588333,5.364418029785156,0.8500006844243241,1.1499989473174477,25.577399996109307,54.41240000072867,8958.122600000934,9211.170800001128,9064.13949999842,9352.726600001915,8983.699999997043,9265.583200001856,0.017967399999994,0.0185311664000037,0.0,2000000.0,True,1.0,0.96536142443139,0.999979782157828,25.71967478989136,,,7623249.999596737,8900474.993424723,960.595226582493,597.0886964566985,False,
thorough,120,0.0,0,1000000,rho,1,1.0,3.16,0.97,0.0001370150588333,10.728836059570312,0.850000112750656,1.1499999630048758,40.2880999899935,49.8784999945201,18004.418299999088,18407.65209999517,18175.746099994285,18561.26740000036,18044.70639998908,18457.53059998969,0.018044706399989,0.0184575305999896,0.0,4000000.0,True,1.0,0.9653613928919196,0.999979782171426,25.59371773760796,,,15246499.999193477,17800949.986849446,964.4274942640152,599.4707650440826,False,
thorough,120,0.0,0,1,rho,2,1.0,7.73,0.97,0.0001394361063961,1.0728836059570312e-05,1.0,1.0,19.72320000641048,29.01130000827834,0.9208000119542704,1.0097000049427152,21.365099994000047,30.63159999146592,20.64400001836475,30.02100001322105,20.64400001836475,30.02100001322105,0.0,4.0,True,1.0,0.9700000130617792,0.9999762230822118,0.5004343983684535,,,15.87679999647662,17.928349996509496,0.5971936307456103,0.3728106989884243,False,
thorough,120,0.0,0,10,rho,2,1.0,7.73,0.97,0.0001394361063961,0.0001072883605957,0.8709828241597124,1.1338961046807343,14.800900011323392,42.747399988002144,0.9800999978324398,1.0264000011375174,16.323900010320358,44.44929999590386,15.781000009155832,43.77379998913966,1.5781000009155832,4.377379998913966,0.0,40.0,True,1.0,0.9658594074308346,0.9999792907941516,4.701561075595262,,,158.7679999647662,179.28349996509496,4.095680521443773,2.5568148074960875,False,
thorough,120,0.0,0,100,rho,2,1.0,7.73,0.97,0.0001394361063961,0.001072883605957,0.8526387672465904,1.1475626214913468,13.14470000215806,17.794500003219582,2.5359999999636784,3.1749000045238063,16.415299993241206,21.54309999605175,15.68070000212174,20.96940000774339,0.1568070000212174,0.2096940000774338,0.0,400.0,True,1.0,0.9654350352236988,0.9999797269688716,18.17034700341482,,,1587.679999647662,1792.8349996509496,85.49767752004864,53.37372550062234,False,
thorough,120,0.0,0,1000,rho,2,1.0,7.73,0.97,0.0001394361063961,0.0107288360595703,0.8502842801470966,1.149889026898164,15.379399992525578,17.90130000154022,19.09849999356084,22.4646999995457,36.25950000423472,39.952199993422255,34.47789998608641,40.36600000108592,0.0344778999860864,0.0403660000010859,0.0,4000.0,True,1.0,0.9653627632298272,0.999979782952513,24.127549292109915,,,15876.79999647662,17928.349996509496,444.144824754179,277.2667591279628,False,
thorough,120,0.0,0,10000,rho,2,1.0,7.73,0.97,0.0001394361063961,0.1072883605957031,0.850116769908498,1.149989550092941,24.505900000804104,33.48679999180604,170.32140000083018,199.82539999182336,214.55920000153128,236.53659998672083,194.82730000163428,233.3121999836294,0.0194827300001634,0.0233312199983629,0.0,40000.0,True,1.0,0.965359640167772,0.999979786935475,27.05473299290365,,,158767.9999647662,179283.49996509496,768.4274546194952,479.7070191805549,False,
thorough,120,0.0,0,50000,rho,2,1.0,7.73,0.97,0.0001394361063961,0.5364418029785156,0.8500003359626264,1.1499956324453426,46.81490000803024,52.05109999224078,902.6650000014342,953.0226000060792,962.7803999901516,1025.0669000088235,949.4799000094644,1005.07369999832,0.0189895980001892,0.0201014739999664,0.0,200000.0,True,1.0,0.9653594512002296,0.999979789703974,25.52441935819312,,,793839.999823831,896417.4998254748,891.8923058348588,556.7825523282096,False,
thorough,120,0.0,0,100000,rho,2,1.0,7.73,0.97,0.0001394361063961,1.0728836059570312,0.8500025924886045,1.1499945970275731,32.03370000119321,47.69770000712015,1767.894000004162,1808.683099996415,1832.115299999714,1881.370599992806,1799.9277000053553,1856.3808000035351,0.0179992770000535,0.0185638080000353,0.0,400000.0,True,1.0,0.965359483368767,0.9999797896503198,26.06491113148838,,,1587679.999647662,1792834.9996509496,965.7689842771136,602.9016244532977,False,
thorough,120,0.0,0,500000,rho,2,1.0,7.73,0.97,0.0001394361063961,5.364418029785156,0.8500000922313605,1.1499997208878583,34.727999998722225,54.807399996207096,8915.150199987693,9020.209299997076,9031.957900006091,9176.065200008452,8949.878199986415,9075.016699993284,0.0178997563999728,0.0181500333999865,0.0,2000000.0,True,1.0,0.9653593241797772,0.9999797897097692,25.843647592198508,,,7938399.99823831,8964174.998254748,987.7860608522496,616.6462481148227,False,
thorough,120,0.0,0,1000000,rho,2,1.0,7.73,0.97,0.0001394361063961,10.728836059570312,0.8500002573281351,1.1499998596180452,26.6161000035936,38.603799999691546,17883.726900006877,18394.72290000413,18090.550599998096,18517.179100002977,17910.34300001047,18433.326700003818,0.0179103430000104,0.0184333267000038,0.0,4000000.0,True,1.0,0.9653593198696828,0.9999797897058436,25.76644133387112,,,15876799.99647662,17928349.996509496,972.6052322669344,607.1692962105489,False,
thorough,120,0.3,36,1,base,0,1.0,1.0,0.9768671247816632,0.0001531013985555,1.0728836059570312e-05,1.0,1.0,8.334300000569783,12.045800001942553,1.4556999958585948,1.4960999978939071,10.200499993516132,13.928799991845151,9.789999996428378,13.54189999983646,9.789999996428378,13.54189999983646,3.0,6.0,True,1.0,0.9818683300429506,1.0049852008211275,0.4748231105079583,0.0863415290972844,5.3097693408471047e-05,18.243299986352213,20.23149999877205,1.4939927188220543,0.996558828649301,False,
thorough,120,0.3,36,10,base,0,1.0,1.0,0.9768671247816632,0.0001531013985555,0.0001072883605957,0.855418793311638,1.0914332355964782,31.56269999453798,37.66580000228714,1.33790000109002,1.714199999696575,33.63869999884628,39.40940000757109,32.900599995628,39.38000000198372,3.2900599995628,3.938000000198372,4.0,60.0,True,1.0,0.9818593110582046,1.0049852025475263,5.166305399782214,0.0863658812964488,6.341913550572041e-05,182.43299986352213,202.3149999877205,5.137506347829588,3.4269426106762784,False,
thorough,120,0.3,36,100,base,0,1.0,1.0,0.9768671247816632,0.0001531013985555,0.001072883605957,0.8521934105320494,1.1490062185773142,14.59209999302402,16.23920000565704,4.30850000702776,5.07669999205973,19.79879999998957,22.15020000585355,18.90060000005178,21.31589999771677,0.1890060000005178,0.2131589999771677,4.0,600.0,True,1.0,0.981854439260165,1.0049852025475825,16.04270625211923,0.0864236589853893,6.29040645450412e-05,1824.3299986352213,2023.149999877205,94.91271774093109,63.31095568551422,False,
thorough,120,0.3,36,1000,base,0,1.0,1.0,0.9768671247816632,0.0001531013985555,0.0107288360595703,0.850040661711488,1.1491077347067271,16.19330000539776,27.641499997116625,37.23870000976604,50.32969999592751,63.86009999550879,81.91880000231322,53.432000015163794,77.97119999304414,0.0534320000151637,0.0779711999930441,4.0,6000.0,True,1.0,0.9818544306625692,1.0049852025476196,18.56133538009461,0.086423764185795,6.296028318926821e-05,18243.299986352213,20231.49999877205,259.4740109242504,173.08057337487324,False,
thorough,120,0.3,36,10000,base,0,1.0,1.0,0.9768671247816632,0.0001531013985555,0.1072883605957031,0.8500206911921889,1.1499752890569304,29.52260000165552,45.79170000215527,392.4757999920985,424.8517000087304,468.309700008831,469.12730000622105,421.998399993754,470.64340001088567,0.0421998399993754,0.0470643400010885,4.0,60000.0,True,1.0,0.9818543571868316,1.0049852025476196,17.611276924944562,0.0864246633467822,6.0021936583175646e-05,182432.99986352213,202314.9999877205,429.8689835723631,286.7415117520155,False,
thorough,120,0.3,36,50000,base,0,1.0,1.0,0.9768671247816632,0.0001531013985555,0.5364418029785156,0.8500092018657901,1.149993661412259,34.5899000094505,53.047900000819936,1849.634800004424,1929.576199996518,1922.6392999989912,2016.3222999981367,1884.224700013874,1982.624099997338,0.0376844940002774,0.0396524819999467,4.0,300000.0,True,1.0,0.9818543556308053,1.00498520254762,18.684769555545422,0.0864246823908189,6.063268690738833e-05,912164.9993176106,1011574.9999386026,510.2202681486424,340.3393513057042,False,
thorough,120,0.3,36,100000,base,0,1.0,1.0,0.9768671247816632,0.0001531013985555,1.0728836059570312,0.8500042792478736,1.1499998905124722,32.25840000959579,48.05060000217054,3486.451099990518,3670.229700001073,3620.645600007265,3743.618599997717,3518.7095000001136,3718.280300003244,0.0351870950000011,0.0371828030000324,4.0,600000.0,True,1.0,0.9818543551032384,1.0049852025476205,19.825317498412065,0.0864246888476713,6.022238271923926e-05,1824329.9986352213,2023149.999877205,544.1090602759131,362.94466561628553,False,
thorough,120,0.3,36,500000,base,0,1.0,1.0,0.9768671247816632,0.0001531013985555,5.364418029785156,0.8500015745491111,1.149998066836039,37.85059999790974,52.60719999205321,17878.764499997487,17899.706600001082,18115.636400005314,18149.47650000977,17916.615099995397,17952.313799993135,0.0358332301999907,0.0359046275999862,4.0,3000000.0,True,1.0,0.9818543552576924,1.0049852025476205,19.330194768215023,0.0864246869573152,6.044753349502547e-05,9121649.993176106,10115749.999386026,563.4788981568433,375.865199101192,False,
thorough,120,0.3,36,1000000,base,0,1.0,1.0,0.9768671247816632,0.0001531013985555,10.728836059570312,0.8500000034125184,1.1499998662118085,42.57210000650957,44.712600007187575,37374.95389999822,38557.16370001028,37813.046700001,38965.35250000306,37417.52600000473,38601.876300017466,0.0374175260000047,0.0386018763000174,4.0,6000000.0,True,1.0,0.9818543551052964,1.0049852025476207,18.49366829587,0.0864246888224711,6.0399180837210416e-05,18243299.986352213,20231499.99877205,524.1066481207002,349.60217727854035,False,
thorough,120,0.3,36,1,lambda,1,5.0,1.0,0.8361834063076349,0.0001531013985555,1.0728836059570312e-05,5.0,5.0,24.19079998799134,35.04959998826962,3.142200002912432,4.577899992000312,29.22799999942072,39.15589999814984,27.33299999090377,39.62749998026993,27.33299999090377,39.62749998026993,11.0,16.0,True,1.0,0.841186224511408,1.0048902937974895,0.5865953784900964,0.0861280736325017,0.0002718826212798,19.464199998765253,22.44464999239426,0.5663907640797221,0.3964027506899566,False,
thorough,120,0.3,36,10,lambda,1,5.0,1.0,0.8361834063076349,0.0001531013985555,0.0001072883605957,4.887733402048042,5.147221703041257,21.03429999260697,28.262699997867458,2.3382000072160736,4.245900010573678,23.777399997925382,31.53009999368805,23.37249999982305,32.508600008441135,2.337249999982305,3.250860000844113,11.0,160.0,True,1.0,0.8411714810779405,1.0048902937974902,7.882986888681801,0.0861810253718376,0.0002485451726421,194.64199998765253,224.4464999239426,6.90421918709705,4.832090582512433,False,
thorough,120,0.3,36,100,lambda,1,5.0,1.0,0.8361834063076349,0.0001531013985555,0.001072883605957,4.8549550141101365,5.148595434400761,9.551199997076765,14.124099994660355,10.131300005014054,11.115899993455969,20.167599999695085,25.9894000046188,19.68250000209082,25.239999988116324,0.1968250000209082,0.2523999998811632,11.0,1600.0,True,1.0,0.8411713434663369,1.0048902937974902,18.19312426922297,0.0861815194694204,0.0002760146406206,1946.4199998765253,2244.464999239426,88.92492077243189,62.23633123035327,False,
thorough,120,0.3,36,1000,lambda,1,5.0,1.0,0.8361834063076349,0.0001531013985555,0.0107288360595703,4.8503377147493225,5.149817087158356,24.59699999599252,29.53689999412745,103.80440000153612,116.91759999666829,134.41759999841452,154.37469999596942,128.40139999752864,146.45449999079574,0.1284013999975286,0.1464544999907957,11.0,16000.0,True,1.0,0.8411712210883873,1.0048902937974904,17.75647275041062,0.086181958868095,0.0002677689284114,19464.199998765253,22444.64999239426,153.25339947768654,107.25822693145268,False,
thorough,120,0.3,36,10000,lambda,1,5.0,1.0,0.8361834063076349,0.0001531013985555,0.1072883605957031,4.850014378723424,5.149955379976844,27.858899993589148,44.657899998128414,1108.2533999870066,1165.4052999947453,1167.949700000463,1203.2977000053506,1136.1122999805957,1210.0631999928737,0.1136112299980595,0.1210063199992873,11.0,160000.0,True,1.0,0.8411712072349944,1.0048902937974904,16.631575414265455,0.086182008608645,0.0002659187450383,194641.99998765253,224446.4999239426,185.48328709216543,129.8151203609672,False,
thorough,120,0.3,36,50000,lambda,1,5.0,1.0,0.8361834063076349,0.0001531013985555,0.5364418029785156,4.850001036353372,5.1499985884846735,46.24379999586381,54.008799997973256,4967.900899995584,5193.240099994,5059.957000004943,5282.200500005274,5014.144699991448,5247.248899991973,0.1002828939998289,0.1049449779998394,11.0,800000.0,True,1.0,0.8411712029066089,1.0048902937974904,18.551094688720926,0.086182024149691,0.0002676200875788,973209.9999382626,1122232.499619713,213.8706436474606,149.68272226584517,False,
thorough,120,0.3,36,100000,lambda,1,5.0,1.0,0.8361834063076349,0.0001531013985555,1.0728836059570312,4.850004191442401,5.149999182238433,35.62999999849126,44.55900000175461,9543.718300003093,9658.08819999802,9645.081800001208,9759.073900000658,9579.348300001584,9702.647199999774,0.0957934830000158,0.0970264719999977,11.0,1600000.0,True,1.0,0.8411712028471298,1.0048902937974904,19.313227214589965,0.0861820243632522,0.0002672866873626,1946419.9998765253,2244464.999239426,231.3250139858201,161.8986001587852,False,
thorough,120,0.3,36,500000,lambda,1,5.0,1.0,0.8361834063076349,0.0001531013985555,5.364418029785156,4.850000448547534,5.149999992782474,47.99679999996442,60.89839999913238,48502.8644999984,48628.58810000762,48764.053199993214,48849.548199999845,48550.86129999836,48689.48650000675,0.0971017225999967,0.0973789730000135,11.0,8000000.0,True,1.0,0.8411712027659342,1.0048902937974904,19.00093962491701,0.0861820246547862,0.0002673289399344,9732099.999382626,11222324.99619713,230.487643286104,161.31254531861848,False,
thorough,120,0.3,36,1000000,lambda,1,5.0,1.0,0.8361834063076349,0.0001531013985555,10.728836059570312,4.850000044354088,5.149999924879134,48.97289999644272,55.74880000494886,94035.44380000676,96220.44639999513,94493.01900000135,96563.31340000906,94084.4167000032,96276.19520000007,0.0940844167000032,0.0962761952,11.0,16000000.0,True,1.0,0.8411712027727364,1.0048902937974904,19.60111980669854,0.0861820246303598,0.0002672605744341,19464199.998765253,22444649.99239426,233.1277211959685,163.1602699142102,False,
thorough,120,0.3,36,1,lambda,2,9.0,1.0,0.5956551784279815,0.0001531013985555,1.0728836059570312e-05,9.0,9.0,21.74149999336805,32.020600003306754,23.424200000590645,26.74299999489449,48.880299989832565,62.63729999773204,45.1656999939587,58.76359999820125,45.1656999939587,58.76359999820125,54.0,106.0,True,1.0,0.6006665521986359,1.0047953578530284,0.5213070243462783,0.08591458255915,0.0005039405227338,26.67789999395609,63.82999999914318,1.086216637528964,0.9715844502998756,False,
thorough,120,0.3,36,10,lambda,2,9.0,1.0,0.5956551784279815,0.0001531013985555,0.0001072883605957,8.930758209394144,9.145113926275515,25.58789998875,38.894199999049306,18.1291000044439,24.66969999659341,50.30360000091605,64.49229999270756,43.716999993193895,63.56389999564272,4.3716999993193895,6.356389999564271,54.0,1032.0,True,1.0,0.6006439717251653,1.0047953578530284,6.735690131891118,0.0859667839497882,0.0004582364242572,266.7789999395609,638.2999999914318,10.041863385273514,8.982110916071527,False,
thorough,120,0.3,36,100,lambda,2,9.0,1.0,0.5956551784279815,0.0001531013985555,0.001072883605957,8.850578159199738,9.14772795257898,37.83069999190048,43.22380000667181,60.279900004388765,85.49899999343324,104.06520000833552,126.4513999922201,98.11059999628924,128.72280000010505,0.9811059999628924,1.2872280000010503,56.0,10524.0,True,1.0,0.6006435963660315,1.0047953578530286,21.02193268249848,0.0859677242909367,0.0004863899575789,2667.789999395609,6382.999999914318,49.58717492090841,44.354069365992295,False,
thorough,120,0.3,36,1000,lambda,2,9.0,1.0,0.5956551784279815,0.0001531013985555,0.0107288360595703,8.850710045981529,9.149505429626926,10.47189999371767,25.749299995368347,676.2622000096599,692.1148999972502,701.7387000087183,717.8417000104673,686.7341000033775,717.8641999926185,0.6867341000033775,0.7178641999926185,56.0,105236.0,True,1.0,0.6006433562714962,1.0047953578530286,18.7382941110992,0.0859683637011463,0.0004881888368716,26677.89999395609,63829.99999914318,88.91653881026456,79.5328698693725,False,
thorough,120,0.3,36,10000,lambda,2,9.0,1.0,0.5956551784279815,0.0001531013985555,0.1072883605957031,8.850007311232744,9.149971472329277,13.253999990411105,45.61679999460466,7131.932000003872,7283.965100010391,7178.620000006049,7347.122199993464,7145.185999994283,7329.581900004996,0.7145185999994282,0.7329581900004996,56.0,1050936.0,True,1.0,0.600643293306904,1.0047953578530289,17.767976475368975,0.0859685313502792,0.0004866528389073,266778.9999395609,638299.9999914318,87.08545844763626,77.89502973130733,False,
thorough,120,0.3,36,50000,lambda,2,9.0,1.0,0.5956551784279815,0.0001531013985555,0.5364418029785156,8.850001200055544,9.14999965498426,47.21170000266284,50.43479999585543,31363.004400001955,31526.52920001128,31436.01950000448,31601.63970000576,31410.21610000461,31576.964000007138,0.6282043220000924,0.6315392800001427,56.0,5255420.0,True,1.0,0.6006432894991149,1.0047953578530289,20.20214619489581,0.0859685414884022,0.0004868745646801,1333894.9996978045,3191499.999957159,101.07051456740544,90.40419465576429,False,
thorough,120,0.3,36,100000,lambda,2,9.0,1.0,0.5956551784279815,0.0001531013985555,1.0728836059570312,8.850001359387246,9.149998726655571,32.4669000110589,47.29930000030436,58880.800400002045,59426.35729999165,58985.50070000056,59512.72959999915,58913.2673000131,59473.65659999196,0.5891326730001311,0.5947365659999195,56.0,10507928.0,True,1.0,0.6006432896245428,1.0047953578530289,21.52144657326968,0.0859685411544535,0.0004863011124819,2667789.999395609,6382999.999914318,107.32482858495004,95.99846934903589,False,
thorough,120,0.3,36,500000,lambda,2,9.0,1.0,0.5956551784279815,0.0001531013985555,5.364418029785156,8.850000021879389,9.149999472581191,56.75600000540726,63.80340000032447,297857.1140000131,305886.47570001194,298109.449399999,306163.6281000101,297913.8700000185,305950.27910001227,0.595827740000037,0.6119005582000245,56.0,52536044.0,True,1.0,0.6006432895237596,1.0047953578530289,21.271944506921265,0.08596854142279,0.0004861997041751,13338949.996978045,31914999.99957159,104.31433530132156,93.30568380235192,False,
thorough,120,0.3,36,1000000,lambda,2,9.0,1.0,0.5956551784279815,0.0001531013985555,10.728836059570312,8.850000048080275,9.14999983072098,46.4611000061268,56.193399999756366,601683.832499999,603828.6090000038,602085.9894000023,604258.8705999951,601730.2936000051,603884.8024000035,0.6017302936000051,0.6038848024000035,56.0,105073192.0,True,1.0,0.6006432894753704,1.0047953578530289,21.060894967624083,0.085968541551619,0.0004862194417355,26677899.99395609,63829999.99914318,105.69896732864494,94.5441908373712,False,
thorough,120,0.3,36,1,rho,1,1.0,3.16,0.978207287725128,0.0001370150588333,1.0728836059570312e-05,1.0,1.0,16.714400000637397,28.71850000519771,2.0936000073561445,2.5969999987864867,19.79849999770522,31.40809999604244,18.80800000799354,31.3155000039842,18.80800000799354,31.3155000039842,5.0,8.0,True,1.0,0.9832075299502862,1.0049869843839232,0.4401986992557483,0.2072118499857682,5.106649620396994e-05,18.152499993448146,20.804499996302184,0.6643515190131173,0.4492439845208681,False,
thorough,120,0.3,36,10,rho,1,1.0,3.16,0.978207287725128,0.0001370150588333,0.0001072883605957,0.8837950064483205,1.1449194150350197,9.007000000565313,15.25529999344144,2.311200005351566,2.707899999222718,12.089199997717516,18.81590000994038,11.31820000591688,17.96319999266416,1.131820000591688,1.7963199992664158,6.0,91.0,True,1.0,0.9831947938917364,1.0049869888761866,4.984423664471066,0.2076250592558806,0.0001192935916819,181.52499993448143,208.04499996302184,11.581733769483366,7.831733769483366,False,
thorough,120,0.3,36,100,rho,1,1.0,3.16,0.978207287725128,0.0001370150588333,0.001072883605957,0.8549601333817991,1.1431196222546782,9.122200004640035,12.171700000180865,6.194300003699027,6.900000007590279,17.036100005498156,19.61519999895245,15.316500008339062,19.071700007771145,0.1531650000833906,0.1907170000777114,6.0,916.0,True,1.0,0.9831949509153504,1.0049869888759009,18.59774307527993,0.2076155323383584,0.000100681792147,1815.2499993448143,2080.4499996302184,109.08571332301253,73.7653171627108,False,
thorough,120,0.3,36,1000,rho,1,1.0,3.16,0.978207287725128,0.0001370150588333,0.0107288360595703,0.8504317811019888,1.149808832020568,25.64839999831748,35.759399994276464,65.35200000507757,71.10840000677854,103.90740000002552,105.65179999684916,91.00040000339504,106.867800001055,0.091000400003395,0.106867800001055,6.0,9142.0,True,1.0,0.9831943669360432,1.0049869888766876,17.627616597969375,0.2076510117565118,0.0001031335457467,18152.499993448146,20804.499996302184,194.67510322189472,131.64208488351255,False,
thorough,120,0.3,36,10000,rho,1,1.0,3.16,0.978207287725128,0.0001370150588333,0.1072883605957031,0.8500283379931581,1.1499801855446437,28.41230000194628,36.11960000125691,781.4075999922352,876.928500001668,834.3606999987969,919.0520999982256,809.8198999941815,913.0481000029248,0.0809819899994181,0.0913048100002924,6.0,91432.0,True,1.0,0.9831943519628442,1.0049869888767105,14.742625999688862,0.2076519231726483,0.0001003549495396,181524.99993448143,208044.99996302184,227.8576560888253,154.0806010001889,False,
thorough,120,0.3,36,50000,rho,1,1.0,3.16,0.978207287725128,0.0001370150588333,0.5364418029785156,0.8500004033990949,1.1499994346895042,39.76230000262149,48.412300006020814,2852.756699998281,3189.433100007591,2922.786299997824,3257.446899995557,2892.5190000009025,3237.845400013612,0.057850380000018,0.0647569080002722,6.0,457587.0,True,1.0,0.9831943502807732,1.0049869888767131,20.19099630895082,0.2076520255653653,0.0001012254237255,907624.9996724072,1040224.9998151092,321.27074375161214,217.2478648763462,False,
thorough,120,0.3,36,100000,rho,1,1.0,3.16,0.978207287725128,0.0001370150588333,1.0728836059570312,0.8500092143198845,1.1499995529502314,30.20989999640733,49.02130000118632,5594.583099998999,5802.084700000705,5680.447799997637,5898.638300001039,5624.792999995407,5851.106000001892,0.056247929999954,0.0585110600000189,6.0,915222.0,True,1.0,0.983194350270439,1.0049869888767136,20.591346654591764,0.2076520261944205,0.0001011106346162,1815249.9993448143,2080449.9996302184,355.5652554627357,240.4383034429487,False,
thorough,120,0.3,36,500000,rho,1,1.0,3.16,0.978207287725128,0.0001370150588333,5.364418029785156,0.8500005090900029,1.1499994266627835,48.43930000788532,58.063200005562976,29018.60029999807,29234.06459999387,29276.22939999856,29456.68909999949,29067.039600005955,29292.127799999435,0.0581340792000119,0.0585842555999988,6.0,4574676.0,True,1.0,0.9831943502814744,1.0049869888767131,19.84933780558804,0.2076520255226664,0.000100979229952,9076249.996724073,10402249.998151092,355.12100961649134,240.13789805760365,False,
thorough,120,0.3,36,1000000,rho,1,1.0,3.16,0.978207287725128,0.0001370150588333,10.728836059570312,0.8500006799845409,1.149999386774363,41.51809999893885,51.86620001040865,56458.01869999559,57321.790999994846,56815.11689999024,57758.98270000471,56499.53679999453,57373.657200005255,0.0564995367999945,0.0573736572000052,6.0,9149440.0,True,1.0,0.9831943502849602,1.0049869888767136,20.40454175555562,0.2076520253104866,0.0001009341578029,18152499.993448146,20804499.996302184,362.61415101668433,245.2048672792613,False,
thorough,120,0.3,36,1,rho,2,1.0,7.73,0.9786828397071272,0.0001394361063961,1.0728836059570312e-05,1.0,1.0,24.80600000126288,27.13640000729356,5.133200000273064,6.309199990937486,32.14049999951385,33.801300000050105,29.939200001535937,33.445599998231046,29.939200001535937,33.445599998231046,10.0,19.0,True,1.0,0.9836827493227556,1.004987065848149,0.4264006857094143,0.5811151328220768,5.7903239922137175e-05,18.9259999897331,21.78614999866113,0.6513906163983726,0.4499829574654983,False,
thorough,120,0.3,36,10,rho,2,1.0,7.73,0.9786828397071272,0.0001394361063961,0.0001072883605957,0.8662692767591599,1.1203073379396602,22.1358999988297,26.9341999955941,5.235699994955212,5.81830000737682,28.411599996616133,32.9282000020612,27.371599993784912,32.75250000297092,2.737159999378491,3.275250000297092,12.0,190.0,True,1.0,0.9836724060696124,1.0049876369455055,4.4005577138109295,0.588253028895719,0.0002981867709292,189.259999897331,217.8614999866113,6.651751773661537,4.59505381270038,False,
thorough,120,0.3,36,100,rho,2,1.0,7.73,0.9786828397071272,0.0001394361063961,0.001072883605957,0.8509695359924441,1.1468110427455482,16.820999997435138,20.562499994412065,12.210699991555884,13.865900007658638,30.846599998767488,35.51649999280926,29.031699988991026,34.4284000020707,0.2903169998899102,0.344284000020707,12.0,1860.0,True,1.0,0.9836701235099358,1.0049876369586888,18.868697139339226,0.5910473583116047,0.0001977075122973,1892.59999897331,2178.614999866113,63.27958893631653,43.71376538121693,False,
thorough,120,0.3,36,1000,rho,2,1.0,7.73,0.9786828397071272,0.0001394361063961,0.0107288360595703,0.8500368960104219,1.1495449781802345,23.10049999505281,28.844000000390224,130.97660000494216,142.9805999941891,155.67369999189395,173.3505000011064,154.07709999999497,171.82459999457933,0.1540770999999949,0.1718245999945793,13.0,16329.0,True,1.0,0.9836420328391298,1.0049876585829862,16.711382032495955,0.5913537291821499,0.000210337635043,18925.9999897331,21786.14999866113,126.79296212153808,87.5890297541031,False,
thorough,120,0.3,36,10000,rho,2,1.0,7.73,0.9786828397071272,0.0001394361063961,0.1072883605957031,0.8500012817283933,1.1499870193192612,24.93509999476373,27.580599999055263,1297.9540999949677,1374.7928000084355,1329.6749999863096,1436.6329000040423,1322.8891999897314,1402.373400007491,0.1322889199989731,0.1402373400007491,13.0,163203.0,True,1.0,0.9836420525550574,1.004987658583679,16.86346227504105,0.5914030086636232,0.0002125682242473,189259.999897331,217861.4999866113,155.35199112122888,107.31770868822584,False,
thorough,120,0.3,36,50000,rho,2,1.0,7.73,0.9786828397071272,0.0001394361063961,0.5364418029785156,0.8500029794883128,1.1499967860474136,31.515599999693222,49.49279999709688,5815.133700001752,6049.970100008068,5878.896700000041,6118.648900010157,5846.649300001445,6099.462900005165,0.1169329860000289,0.1219892580001033,13.0,817294.0,True,1.0,0.9836420302656164,1.0049876585836943,18.819859636239663,0.5914040983417033,0.0002148248226206,946299.999486655,1089307.4999330563,178.59072475580336,123.37110863810098,False,
thorough,120,0.3,36,100000,rho,2,1.0,7.73,0.9786828397071272,0.0001394361063961,1.0728836059570312,0.8500014978959949,1.1499944403277855,39.9217999947723,45.003000006545335,10778.913899994222,11170.148999997764,10890.260500003931,11259.004100007587,10818.835699988997,11215.15200000431,0.1081883569998899,0.1121515200000431,13.0,1633856.0,True,1.0,0.9836420294053848,1.0049876585836903,20.30631305071629,0.5914038366252878,0.000214649649045,1892599.99897331,2178614.999866113,194.256395264663,134.19300961240907,False,
thorough,120,0.3,36,500000,rho,2,1.0,7.73,0.9786828397071272,0.0001394361063961,5.364418029785156,0.8500007211339913,1.1499999553387754,42.02480000094511,50.76599998574238,55670.00299999199,56004.22840000829,55887.69869999669,56233.95029999665,55712.02779999294,56054.99439999403,0.1114240555999858,0.112109988799988,13.0,8170555.0,True,1.0,0.983642028647632,1.0049876585836994,19.658702012287613,0.5914044519490181,0.0002140128158646,9462999.99486655,10893074.999330563,194.32835764107625,134.24272147829947,False,
thorough,120,0.3,36,1000000,rho,2,1.0,7.73,0.9786828397071272,0.0001394361063961,10.728836059570312,0.8500001247845155,1.149998855020134,34.46329999133013,46.541700008674525,111135.21900000342,116947.69139999698,111484.5212999935,117424.06770000524,111169.68229999476,116994.23310000566,0.1111696822999947,0.1169942331000056,13.0,16339908.0,True,1.0,0.9836420285172188,1.0049876585836977,19.69492677204273,0.5914043291827057,0.000213744708424,18925999.9897331,21786149.99866113,186.21558876358048,128.638391847464,False,
thorough,120,0.5,60,1,base,0,1.0,1.0,0.9768954184524946,0.0001531013985555,1.0728836059570312e-05,1.0,1.0,16.350399993825704,27.045499999076128,1.0592999897198752,1.2304999982006848,17.900899998494424,28.9696000108961,17.40969998354558,28.275999997276813,17.40969998354558,28.275999997276813,3.0,5.0,True,1.0,0.9818952139973688,1.0049872372997717,0.5437553153873996,0.0863422431246869,5.1939517065842e-05,18.667800002731383,21.17375000671018,0.7488240914114219,0.5105937901701642,False,
thorough,120,0.5,60,10,base,0,1.0,1.0,0.9768954184524946,0.0001531013985555,0.0001072883605957,0.8659483508005654,1.120888181791681,10.677400001441129,19.19209999323357,1.2885000032838434,2.10539999534376,13.102799988701008,22.02899999974761,11.965900004724972,21.29749998857733,1.1965900004724972,2.129749998857733,5.0,61.0,True,1.0,0.9818941219421744,1.0049869893835122,7.15250289213217,0.0863568392775947,5.873422090430439e-05,186.67800002731383,211.7375000671018,9.941894597049645,6.778988152226569,False,
thorough,120,0.5,60,100,base,0,1.0,1.0,0.9768954184524946,0.0001531013985555,0.001072883605957,0.8507350374452259,1.1458719874319667,26.63839999877382,27.86750000086613,5.230399998254143,5.808000001707114,32.95119998801965,35.55840000626631,31.868799997027963,33.675500002573244,0.3186879999702796,0.3367550000257324,4.0,600.0,True,1.0,0.9818933963820552,1.004986988196825,13.215050478562176,0.0863564952718622,6.149668160661167e-05,1866.7800002731385,2117.375000671018,62.87582962418444,42.87256316419327,False,
thorough,120,0.5,60,1000,base,0,1.0,1.0,0.9768954184524946,0.0001531013985555,0.0107288360595703,0.850182990365099,1.1499687564266003,12.33870000578463,28.433900006348267,39.486900001065806,49.80559999239631,52.838599993265234,79.95489999302663,51.82560000685044,78.23949999874458,0.0518256000068504,0.0782394999987445,4.0,6000.0,True,1.0,0.9818933518635912,1.0049869881968336,17.504539479709564,0.0863571347768162,5.409033766768955e-05,18667.800002731383,21173.75000671018,270.6273686187914,184.53019267368504,False,
thorough,120,0.5,60,10000,base,0,1.0,1.0,0.9768954184524946,0.0001531013985555,0.1072883605957031,0.8500039346122572,1.14999812865485,26.200199994491413,31.070299999555573,422.9752999963239,440.74960000580177,466.0965999937616,483.0979000107618,449.1754999908153,471.8199000053573,0.0449175499990815,0.0471819900005357,4.0,60000.0,True,1.0,0.9818933515443378,1.0049869881968367,16.341379745011288,0.0863571393618165,5.403427850436208e-05,186678.00002731383,211737.5000671018,448.7676337193442,305.9970554293532,False,
thorough,120,0.5,60,50000,base,0,1.0,1.0,0.9768954184524946,0.0001531013985555,0.5364418029785156,0.8500038805082771,1.1499980478900058,41.394699990632944,51.54929999844171,2093.439300006139,2234.737099992344,2178.962600009981,2343.1476000114344,2134.833999996772,2286.286399990786,0.0426966799999354,0.0457257279998157,4.0,300000.0,True,1.0,0.9818933515452156,1.0049869881968367,16.508718451926764,0.086357139349212,5.366388498829924e-05,933390.0001365691,1058687.500335509,463.0598775113108,315.7423761414866,False,
thorough,120,0.5,60,100000,base,0,1.0,1.0,0.9768954184524946,0.0001531013985555,1.0728836059570312,0.8500006490185376,1.149995215243634,28.380299991113134,45.835700002498925,3822.977600008017,4206.217500002822,3934.322899993276,4304.628499987302,3851.3578999991296,4252.053200005321,0.0385135789999913,0.0425205320000532,4.0,600000.0,True,1.0,0.9818933515760044,1.0049869881968363,18.080147788429382,0.0863571389070357,5.3885522011707694e-05,1866780.0002731383,2117375.000671018,497.9653125385093,339.54302381360264,False,
thorough,120,0.5,60,500000,base,0,1.0,1.0,0.9768954184524946,0.0001531013985555,5.364418029785156,0.8500001618662644,1.149998060355675,48.0229000095278,55.73429999640212,20002.42880001315,20905.552199998056,20322.73369999893,21209.03420000104,20050.45170002268,20961.286499994458,0.0401009034000453,0.0419225729999889,4.0,3000000.0,True,1.0,0.98189335154508,1.0049869881968367,17.277901771597495,0.086357139351154,5.383921270641304e-05,9333900.001365691,10586875.00335509,505.06799777570376,344.38606641498217,False,
thorough,120,0.5,60,1000000,base,0,1.0,1.0,0.9768954184524946,0.0001531013985555,10.728836059570312,0.8500000611540792,1.1499999035203523,37.59500000160188,53.28029999509454,40739.89240000083,40759.23429999966,41259.45520000823,41316.26520000282,40777.48740000243,40812.51459999476,0.0407774874000024,0.0408125145999947,4.0,6000000.0,True,1.0,0.981893351525046,1.004986988196837,16.966171466863912,0.0863571396388791,5.377910263964017e-05,18667800.002731383,21173750.00671018,518.8053275872617,353.75301303936254,False,
thorough,120,0.5,60,1,lambda,1,5.0,1.0,0.8362240784093735,0.0001531013985555,1.0728836059570312e-05,5.0,5.0,13.47199999145232,20.116700005019084,2.749100007349625,3.138400003081188,17.188700003316626,23.53019999281969,16.221099998801947,23.25510000810027,16.221099998801947,23.25510000810027,11.0,16.0,True,1.0,0.8412243231770608,1.0048920806373391,0.6704739715078635,0.0861328546299302,0.0002633304434409,19.850500000757165,22.001050012477208,0.946074194684768,0.6564087021733322,False,
thorough,120,0.5,60,10,lambda,1,5.0,1.0,0.8362240784093735,0.0001531013985555,0.0001072883605957,4.883156038848603,5.139437516166835,16.13670001097489,24.31530000467319,2.5689000030979514,3.128199998172932,19.560100001399405,28.25029999075923,18.705600014072843,27.44350000284612,1.8705600014072843,2.744350000284612,11.0,160.0,True,1.0,0.8412223946821579,1.0048920806373394,7.175055462560639,0.0861546384121429,0.0002423761480937,198.50500000757165,220.01050012477208,8.016852810390626,5.562282512669687,False,
thorough,120,0.5,60,100,lambda,1,5.0,1.0,0.8362240784093735,0.0001531013985555,0.001072883605957,4.850402583133848,5.146927955272713,9.518799997749738,15.213999999105,8.818300004350021,9.073499997612087,18.875499998102896,24.99389999138657,18.33710000209976,24.287499996717088,0.1833710000209976,0.2428749999671708,11.0,1600.0,True,1.0,0.8412222909256586,1.0048920806373394,20.901987901191376,0.0861558086295586,0.0002708219183283,1985.0500000757163,2200.105001247721,90.5858981593456,62.85064340624387,False,
thorough,120,0.5,60,1000,lambda,1,5.0,1.0,0.8362240784093735,0.0001531013985555,0.0107288360595703,4.850120788750419,5.149889779920866,26.879199998802505,29.32250000594649,128.76669999968726,162.86050000053365,156.84369999507908,197.7227000024868,155.64589999848977,192.1830000064801,0.1556458999984897,0.1921830000064801,11.0,16000.0,True,1.0,0.8412222498945465,1.0048920806373396,14.314259820314389,0.0861562713503537,0.0002642594843748,19850.500000757165,22001.050012477208,114.47968869117123,79.428721659634,False,
thorough,120,0.5,60,10000,lambda,1,5.0,1.0,0.8362240784093735,0.0001531013985555,0.1072883605957031,4.8500213865257615,5.1499838289066,23.652799995034,45.47009999805596,1230.4987000097751,1325.6681000057142,1269.0120000042953,1392.7283000084572,1254.1515000048091,1371.1382000037702,0.1254151500004809,0.137113820000377,11.0,160000.0,True,1.0,0.8412222485916151,1.0048920806373396,14.97929254200234,0.0861562860434755,0.0002639114286368,198505.00000757165,220010.50012477208,160.45829670865206,111.32976978678134,False,
thorough,120,0.5,60,50000,lambda,1,5.0,1.0,0.8362240784093735,0.0001531013985555,0.5364418029785156,4.850004555638293,5.149998644740571,42.590100012603216,45.30509999312926,5586.209299988695,5621.59700000484,5681.768900001771,5698.710900003789,5628.799400001299,5666.902099997969,0.1125759880000259,0.1133380419999594,11.0,800000.0,True,1.0,0.8412222483863601,1.0048920806373396,16.49777067969625,0.0861562883581217,0.0002635591792165,992525.0000378584,1100052.5006238604,194.11884680772133,134.6842573408284,False,
thorough,120,0.5,60,100000,lambda,1,5.0,1.0,0.8362240784093735,0.0001531013985555,1.0728836059570312,4.850003005752521,5.149990783783184,31.83599999465514,49.119100003736094,10260.370299991337,10544.631500000833,10361.116000000038,10655.182200003765,10292.206299985992,10593.750600004569,0.1029220629998599,0.1059375060000456,11.0,1600000.0,True,1.0,0.8412222484952642,1.0048920806373396,17.964263921367014,0.0861562871300138,0.0002636693958243,1985050.0000757163,2200105.001247721,207.6795163789085,144.09297133369898,False,
thorough,120,0.5,60,500000,lambda,1,5.0,1.0,0.8362240784093735,0.0001531013985555,5.364418029785156,4.8500025836354,5.149998553249532,52.97549998795148,60.17830000200775,52101.14169999724,52580.99649999349,52405.08719999343,52905.89280000131,52154.1171999852,52641.1747999955,0.1043082343999703,0.105282349599991,11.0,8000000.0,True,1.0,0.8412222483876278,1.0048920806373396,17.688671877991666,0.086156288343835,0.0002637185007502,9925250.000378584,11000525.006238604,208.97187511551405,144.98964045944368,False,
thorough,120,0.5,60,1000000,lambda,1,5.0,1.0,0.8362240784093735,0.0001531013985555,10.728836059570312,4.850000213996984,5.149999747007393,49.61919999914244,51.24779998732265,103915.46009999,104727.62669999793,104503.20370000554,105236.08109999624,103965.07929998916,104778.87449998524,0.1039650792999891,0.1047788744999852,11.0,16000000.0,True,1.0,0.8412222483710896,1.0048920806373396,17.737495443184564,0.0861562885303268,0.0002636632445999,19850500.000757165,22001050.012477208,209.97601012101256,145.68633312844278,False,
thorough,120,0.5,60,1,lambda,2,9.0,1.0,0.5957770966036512,0.0001531013985555,1.0728836059570312e-05,9.0,9.0,9.804199988138862,39.70599999593105,15.34199999878183,20.27860000089277,25.435899995500225,63.65799999912269,25.14619998692069,59.98459999682382,25.14619998692069,59.98459999682382,54.0,106.0,True,1.0,0.6007792674085165,1.0047971458842204,0.79593273373547,0.0859234354527746,0.0004844813052333,21.633800002746284,28.77219999936642,0.4796597793582004,0.3673609560334513,False,
thorough,120,0.5,60,10,lambda,2,9.0,1.0,0.5957770966036512,0.0001531013985555,0.0001072883605957,8.851871621268403,9.050410578205636,17.823300004238263,21.24980000371579,17.075200012186542,19.88809999602381,35.71650000230875,45.29370000818744,34.898500016424805,41.1378999997396,3.4898500016424805,4.11378999997396,56.0,1072.0,True,1.0,0.6007776937992721,1.0047971458842204,7.421289350025777,0.0859313126878238,0.0005119893758802,216.33800002746284,287.7219999936642,6.994085745638096,5.356617620796601,False,
thorough,120,0.5,60,100,lambda,2,9.0,1.0,0.5957770966036512,0.0001531013985555,0.001072883605957,8.851329271185511,9.148630111702625,18.594400011352263,24.825200001942,65.70099999953527,83.1188000011025,90.97750000364611,109.3477999966126,84.29540001088753,107.9440000030445,0.8429540001088753,1.079440000030445,56.0,10504.0,True,1.0,0.6007743402388516,1.0047971458842206,19.287377665620973,0.0859466608255899,0.0004833709830822,2163.3800002746284,2877.219999936642,26.654746904464275,20.4142888919216,False,
thorough,120,0.5,60,1000,lambda,2,9.0,1.0,0.5957770966036512,0.0001531013985555,0.0107288360595703,8.850223918902937,9.149890982464033,27.11210001143627,36.675499999546446,711.1750999902142,830.6958000030136,764.702300002682,858.9971000037622,738.2872000016505,867.37130000256,0.7382872000016505,0.86737130000256,56.0,104608.0,True,1.0,0.6007743226117551,1.0047971458842206,17.818396622961586,0.0859468578555172,0.0004800291855956,21633.800002746284,28772.19999936642,33.171722420699766,25.40549820134967,False,
thorough,120,0.5,60,10000,lambda,2,9.0,1.0,0.5957770966036512,0.0001531013985555,0.1072883605957031,8.850004790541165,9.149967102900858,25.01499999198132,40.47629999695346,7627.360400001635,7971.314900001744,7674.3324999988545,8025.237499998184,7652.375399993616,8011.791199998697,0.7652375399993616,0.8011791199998697,56.0,1046392.0,True,1.0,0.6007743215463676,1.0047971458842206,16.61387339189752,0.0859468697504834,0.0004798055875046,216338.00002746284,287721.9999936642,35.91231883248668,27.504461177321925,False,
thorough,120,0.5,60,50000,lambda,2,9.0,1.0,0.5957770966036512,0.0001531013985555,0.5364418029785156,8.850005333108534,9.149994538873727,43.45640000246931,53.85229999956209,34927.95749999641,35815.35430000804,35003.24590000673,35903.10850000242,34971.41389999888,35869.2066000076,0.6994282779999775,0.717384132000152,56.0,5229648.0,True,1.0,0.6007743211623373,1.0047971458842209,18.14019614516724,0.0859468740377568,0.0004797220817704,1081690.0001373142,1438609.999968321,40.10710401294508,30.717155592330123,False,
thorough,120,0.5,60,100000,lambda,2,9.0,1.0,0.5957770966036512,0.0001531013985555,1.0728836059570312,8.850007860181286,9.149999879760054,23.891899996669963,50.99730000074487,65726.16329998709,66827.69520000147,65858.8591000007,66938.62050000462,65750.05519998376,66878.69250000222,0.6575005519998376,0.6687869250000221,56.0,10459424.0,True,1.0,0.6007743210875774,1.0047971458842209,19.279993481686294,0.0859468748723577,0.0004795802623081,2163380.0002746284,2877219.999936642,43.02147503760703,32.949208751526704,False,
thorough,120,0.5,60,500000,lambda,2,9.0,1.0,0.5957770966036512,0.0001531013985555,5.364418029785156,8.850000326415527,9.149999928071257,50.04519999783952,52.15400000452064,322226.5788999939,326004.03739999456,322597.2000000038,326336.13100000366,322276.6240999917,326056.1913999991,0.6445532481999835,0.6521123827999982,56.0,52299784.0,True,1.0,0.6007743210869011,1.0047971458842209,19.663182415397326,0.0859468748799081,0.0004797187841129,10816900.001373142,14386099.99968321,44.12153603927317,33.79172146294877,False,
thorough,120,0.5,60,1000000,lambda,2,9.0,1.0,0.5957770966036512,0.0001531013985555,10.728836059570312,8.850000019992494,9.149999470695398,47.16560000088066,53.32320000161417,644492.0872999937,655344.3217000022,645050.2836999949,655940.6077000021,644539.2528999946,655397.6449000038,0.6445392528999946,0.6553976449000039,56.0,104596872.0,True,1.0,0.6007743210933029,1.0047971458842209,19.66199469273162,0.0859468748084364,0.0004796597306922,21633800.002746284,28772199.99936642,43.90037135967477,33.62233626194899,False,
thorough,120,0.5,60,1,rho,1,1.0,3.16,0.978241020972464,0.0001370150588333,1.0728836059570312e-05,1.0,1.0,18.18660000571981,35.31079999811482,2.311099990038201,2.7495000103954226,21.93609999085311,39.18659999908414,20.49769999575801,38.06030000851024,20.49769999575801,38.06030000851024,5.0,8.0,True,1.0,0.9832409026530936,1.004989138958042,0.3987711496570801,0.2072133736317589,4.8523592541980335e-05,19.21549999678973,21.48089999536751,0.5643912420701992,0.387403672457168,False,
thorough,120,0.5,60,10,rho,1,1.0,3.16,0.978241020972464,0.0001370150588333,0.0001072883605957,0.8616607862592627,1.1114687926445663,21.019699997850694,27.430500005721115,2.014099998632446,3.071200000704266,23.35540000058245,31.20330000820104,23.03379999648314,30.50170000642538,2.303379999648314,3.050170000642538,6.0,91.0,True,1.0,0.9832392917837758,1.0049891434491296,5.719676286094021,0.2072673356416133,8.414109767544791e-05,192.1549999678973,214.80899995367508,7.042525495576449,4.834058427894964,False,
thorough,120,0.5,60,100,rho,1,1.0,3.16,0.978241020972464,0.0001370150588333,0.001072883605957,0.8619196138198014,1.1496294200725568,13.352299996768124,21.24770000227727,7.138500004657544,8.528499995009042,21.53820000239648,30.699700000695884,20.49080000142567,29.776199997286312,0.2049080000142566,0.2977619999728631,6.0,912.0,True,1.0,0.9832387741170694,1.0049891434500655,16.13784407436258,0.2072858101030181,7.539336306314781e-05,1921.549999678973,2148.089999536751,72.14117314272873,49.51840731679067,False,
thorough,120,0.5,60,1000,rho,1,1.0,3.16,0.978241020972464,0.0001370150588333,0.0107288360595703,0.8505979273531868,1.1497593585367754,28.327500011073425,31.60090000892524,86.496600008104,97.05969999777152,116.7249999998603,135.7581000047503,114.82410001917742,128.66060000669677,0.1148241000191774,0.1286606000066967,6.0,9104.0,True,1.0,0.9832387722900638,1.0049891434502036,13.318442573373606,0.2072858730101078,7.260467303863466e-05,19215.49999678973,21480.89999536751,166.95787206222752,114.6015174602869,False,
thorough,120,0.5,60,10000,rho,1,1.0,3.16,0.978241020972464,0.0001370150588333,0.1072883605957031,0.8500501697136467,1.149931030816547,31.589300007908605,47.53989999881014,697.9852000076789,732.6905000081751,736.5816000092309,775.1332000043476,729.5745000155875,780.2304000069853,0.0729574500015587,0.0780230400006985,6.0,91165.0,True,1.0,0.9832387698755126,1.0049891434502018,16.5046479493738,0.2072859561217445,7.081509842160899e-05,192154.9999678973,214808.99995367508,275.31483001912244,188.9787939304396,False,
thorough,120,0.5,60,50000,rho,1,1.0,3.16,0.978241020972464,0.0001370150588333,0.5364418029785156,0.8500060910314633,1.1499996088042228,31.37810000043828,52.59430001024157,3067.7943999908166,3279.245300000184,3155.922699996154,3358.314799988875,3099.172499991255,3331.839600010426,0.0619834499998251,0.0666367920002085,6.0,455604.0,True,1.0,0.9832387689107338,1.0049891434502043,18.77570413459664,0.207285989322419,7.061985502527469e-05,960774.9998394866,1074044.9997683754,322.35795497628834,221.2696553290307,False,
thorough,120,0.5,60,100000,rho,1,1.0,3.16,0.978241020972464,0.0001370150588333,1.0728836059570312,0.8500133576793342,1.1499983062763757,30.455100000835955,52.55639999813866,6132.491399999708,6169.7906000044895,6237.618500003009,6280.973400003859,6162.946500000544,6222.347000002628,0.0616294650000054,0.0622234700000262,6.0,911264.0,True,1.0,0.9832387689290594,1.0049891434502043,18.785187370993377,0.2072859886918192,7.131656014012469e-05,1921549.999678973,2148089.999536751,345.2218269948371,236.9636408595056,False,
thorough,120,0.5,60,500000,rho,1,1.0,3.16,0.978241020972464,0.0001370150588333,5.364418029785156,0.8500013186545682,1.1499998753748584,44.54639999312349,47.512899996945634,31592.071699997177,31948.071000006166,31936.797599992133,32258.50129999162,31636.6180999903,31995.583900003112,0.0632732361999806,0.0639911678000062,6.0,4556928.0,True,1.0,0.9832387689069833,1.0049891434502043,18.232422535305005,0.2072859894514752,7.09628284145571e-05,9607749.998394866,10740449.997683754,335.6853880601538,230.41773583817945,False,
thorough,120,0.5,60,1000000,rho,1,1.0,3.16,0.978241020972464,0.0001370150588333,10.728836059570312,0.850000006600924,1.1499994246064835,39.66039999795612,52.16269999800716,63650.37339999981,64737.64559999108,64211.8147000001,65297.27429999912,63690.03379999776,64789.80829998909,0.0636900337999977,0.0647898082999891,6.0,9114239.0,True,1.0,0.9832387689133252,1.0049891434502043,18.098872613997948,0.2072859892332341,7.100450518375799e-05,19215499.99678973,21480899.99536751,331.54751586710785,227.57745986602853,False,
thorough,120,0.5,60,1,rho,2,1.0,7.73,0.9787185143633758,0.0001394361063961,1.0728836059570312e-05,1.0,1.0,24.376499990466986,28.22829999786336,3.335300003527664,6.4941000018734485,29.37109999766108,36.36570001253858,27.71179999399465,34.72239999973681,27.71179999399465,34.72239999973681,10.0,19.0,True,1.0,0.983718100624656,1.0049893466653417,0.6562528101475013,0.5811184570628888,5.359735842213884e-05,19.30670000729151,22.24615000159247,0.64068583973922,0.4466842731049977,False,
thorough,120,0.5,60,10,rho,2,1.0,7.73,0.9787185143633758,0.0001394361063961,0.0001072883605957,0.880316094572883,1.079824064490529,19.2183000035584,30.02260001085233,3.3955000108107924,5.528099994990043,23.073499993188307,36.42970000510104,22.61380001436919,35.55070000584237,2.261380001436919,3.5550700005842373,11.0,148.0,True,1.0,0.9836813044842264,1.0049899647382463,5.767633614385896,0.5808828102969161,0.0001240075942337,193.0670000729151,222.46150001592468,6.257584238267194,4.362769228677499,False,
thorough,120,0.5,60,100,rho,2,1.0,7.73,0.9787185143633758,0.0001394361063961,0.001072883605957,0.8514952694401393,1.145530539864797,10.631700002704749,21.05929999379441,13.644999999087304,18.30580001114868,29.73960000963416,37.13060000154656,24.27670000179205,39.36510000494309,0.2427670000179205,0.3936510000494309,11.0,1918.0,True,1.0,0.9837161581961864,1.0049896928959094,17.72957127271394,0.5815113725021218,0.0001393947756818,1930.670000729151,2224.615000159247,56.51236755094998,39.40025556240381,False,
thorough,120,0.5,60,1000,rho,2,1.0,7.73,0.9787185143633758,0.0001394361063961,0.0107288360595703,0.8500255706729842,1.1499911734786803,18.096599989803508,28.761299996403977,138.58899999468122,150.6323999929009,168.42400000314228,170.7479000033345,156.68559998448472,179.39369998930488,0.1566855999844847,0.1793936999893048,11.0,19218.0,True,1.0,0.9837161626609104,1.0049896928969249,17.455930846552356,0.5815218241606539,0.0001384360412496,19306.70000729151,22246.15000159247,124.007420566713,86.45760695759151,False,
thorough,120,0.5,60,10000,rho,2,1.0,7.73,0.9787185143633758,0.0001394361063961,0.1072883605957031,0.8500589107058624,1.1499434247566835,18.048199999611825,45.9365999995498,1381.0617999988608,1429.0908000111813,1433.7278000020888,1483.1162999907974,1399.1099999984726,1475.027400010731,0.1399109999998472,0.1475027400010731,11.0,192320.0,True,1.0,0.9837161555305184,1.0049896929038051,17.51695688058272,0.5815217122797731,0.0001411975732391,193067.0000729151,222461.50001592468,150.818554295538,105.15025011895082,False,
thorough,120,0.5,60,50000,rho,2,1.0,7.73,0.9787185143633758,0.0001394361063961,0.5364418029785156,0.8500003905428009,1.1499867385049516,46.04649999237154,47.74690000340343,6572.740600007819,6869.2955000005895,6667.271099999198,6948.74950000667,6618.787100000191,6917.042400003993,0.1323757420000038,0.1383408480000798,11.0,961108.0,True,1.0,0.9837161553280634,1.0049896929036937,18.40328218640731,0.5815218137690461,0.0001402670125472,965335.0003645757,1112307.5000796234,160.80680668937077,112.11403015495796,False,
thorough,120,0.5,60,100000,rho,2,1.0,7.73,0.9787185143633758,0.0001394361063961,1.0728836059570312,0.8500003241445472,1.1499992294371428,26.05629999015946,39.75860000355169,12656.123799999476,12701.895000005608,12740.065599995432,12809.347999995223,12682.180099989637,12741.653600009158,0.1268218009998963,0.1274165360000916,11.0,1922376.0,True,1.0,0.9837161552731152,1.0049896929038695,19.114857267752864,0.5815218430367384,0.000140327646336,1930670.000729151,2224615.000159247,174.59390044614366,121.72635115690368,False,
thorough,120,0.5,60,500000,rho,2,1.0,7.73,0.9787185143633758,0.0001394361063961,5.364418029785156,0.8500000597884189,1.1499992345006604,54.48629999591503,60.87869999464601,62382.156100007705,63336.03010000661,62750.60280000616,63628.89560000622,62436.64240000362,63396.908800001256,0.1248732848000072,0.1267938176000025,11.0,9612388.0,True,1.0,0.983716155258337,1.0049896929038753,19.390160193578986,0.5815218430486383,0.0001406009817434,9653350.003645755,11123075.000796234,175.45137785639184,122.32418187196456,False,
thorough,120,0.5,60,1000000,rho,2,1.0,7.73,0.9787185143633758,0.0001394361063961,10.728836059570312,0.8500004769756117,1.1499999482659276,46.34509999596048,57.29769999743439,123660.146299997,125796.79650001344,124149.91410000948,126435.19469999592,123706.49139999296,125854.09420001088,0.1237064913999929,0.1258540942000108,11.0,19223208.0,True,1.0,0.9837161552605158,1.004989692903871,19.563295632297493,0.5815218447210418,0.0001406565214912,19306700.00729151,22246150.00159247,176.76143269712196,123.23754823338967,False,
thorough,200,0.0,0,1,base,0,1.0,1.0,0.97,4.633730999819845e-05,1.7881393432617188e-05,1.0,1.0,53.91069999313913,61.78610000642948,1.1771999998018146,1.2819999974453822,55.7730000000447,63.38530000357423,55.08789999294095,63.06810000387486,55.08789999294095,63.06810000387486,0.0,4.0,True,1.0,0.9700000189817918,0.9999964099887024,1.0873258581511147,,,15.00869999290444,17.983300000196323,0.2851409825108326,0.1783326277826072,False,
thorough,200,0.0,0,10,base,0,1.0,1.0,0.97,4.633730999819845e-05,0.0001788139343261,0.954435082564475,1.1413694740146347,38.1374999997206,43.9879000041401,1.720300002489239,1.9121999939670784,40.575100007117726,46.20660000364296,39.85780000220984,45.90009999810718,3.985780000220984,4.590009999810718,0.0,50.0,True,1.0,0.9656159529531056,0.9999965735679028,9.300703352234102,,,150.0869999290444,179.83300000196323,3.917921747651512,2.450343246182704,False,
thorough,200,0.0,0,100,base,0,1.0,1.0,0.97,4.633730999819845e-05,0.0017881393432617,0.8506442034514969,1.1463018778730376,32.40240000013728,44.42460001155269,5.283799997414462,6.207400001585484,40.1209999981802,51.54350001248531,37.68619999755174,50.63200001313817,0.3768619999755174,0.5063200001313817,0.0,500.0,True,1.0,0.9654623104414038,0.9999969461795458,30.28123700334859,,,1500.869999290444,1798.3300000196325,35.51765680899422,22.213422341659083,False,
thorough,200,0.0,0,1000,base,0,1.0,1.0,0.97,4.633730999819845e-05,0.0178813934326171,0.8503376597927105,1.149996421165972,47.636599992983975,61.21480000729207,49.38520000723656,68.69759999972302,117.71040000894573,120.67060000845233,97.02180000022054,129.9124000070151,0.0970218000002205,0.1299124000070151,0.0,5000.0,True,1.0,0.9653471964082324,0.9999969472800442,32.398370357223364,,,15008.69999290444,17983.300000196323,138.4263549840142,86.57449175244192,False,
thorough,200,0.0,0,10000,base,0,1.0,1.0,0.97,4.633730999819845e-05,0.1788139343261718,0.8500192677767632,1.1498884537367922,61.06799999543,74.6182000002591,575.9888000029605,585.3647000039928,655.0134999997681,664.059200003976,637.0567999983905,659.9829000042519,0.063705679999839,0.0659982900004251,0.0,50000.0,True,1.0,0.9653505608110544,0.9999969484230784,27.7783179115944,,,150086.9999290444,179833.00000196323,272.48130216829054,170.41502140244552,False,
thorough,200,0.0,0,50000,base,0,1.0,1.0,0.97,4.633730999819845e-05,0.8940696716308594,0.8500097630904144,1.1499937196747354,66.7739999917103,73.60570000309963,1924.7971000004327,1985.760900002788,2007.4377999990247,2073.548600004869,1991.571099992143,2059.3666000058874,0.0398314219998428,0.0411873320001177,0.0,250000.0,True,1.0,0.9653472805904172,0.9999969484572004,41.56282238786728,,,750434.999645222,899165.0000098161,436.6221147838591,273.07182710730353,False,
thorough,200,0.0,0,100000,base,0,1.0,1.0,0.97,4.633730999819845e-05,1.7881393432617188,0.8500023289416679,1.1499933322244709,46.78050000802614,75.121300003957,3910.206400003517,3989.331300006597,4003.183499997249,4111.744800000452,3956.986900011543,4064.4526000105534,0.0395698690001154,0.0406445260001055,0.0,500000.0,True,1.0,0.9653472926638994,0.9999969484838888,40.91855611505727,,,1500869.999290444,1798330.0000196325,442.4531854584704,276.7186903082117,False,
thorough,200,0.0,0,500000,base,0,1.0,1.0,0.97,4.633730999819845e-05,8.940696716308594,0.8500000390952972,1.1499997772825072,47.12239999207668,84.34680000937078,20242.77319999237,20410.897699999623,20400.71940000053,20538.034999990487,20289.895599984447,20495.244500009,0.0405797911999688,0.0409904890000179,0.0,2500000.0,True,1.0,0.9653470918270034,0.9999969484921096,39.520276796871954,,,7504349.99645222,8991650.000098161,438.71884524696526,274.38316246830647,False,
thorough,200,0.0,0,1000000,base,0,1.0,1.0,0.97,4.633730999819845e-05,17.881393432617188,0.8500004214652157,1.1499998972438576,71.89890000154264,89.08970000629779,40045.82749999827,42279.63199999067,40257.85399999586,42629.965800006175,40117.72639999981,42368.72169999697,0.0401177263999998,0.0423687216999969,0.0,5000000.0,True,1.0,0.9653470880888416,0.9999969484907368,39.9542249439113,,,15008699.99290444,17983300.000196323,424.4475471205356,265.4576194813087,False,
thorough,200,0.0,0,1,lambda,1,5.0,1.0,0.8265481559050287,4.633730999819845e-05,1.7881393432617188e-05,5.0,5.0,47.81780000485014,58.158699990599416,2.0576999959303066,2.298100007465109,50.50990000017919,60.74899999657646,49.87550000078045,60.456799998064525,49.87550000078045,60.456799998064525,0.0,9.0,True,1.0,0.8265481986214225,0.9999820496528368,1.3996209387646537,,,16.115699996589683,18.26805000018794,0.3021670019050426,0.1907452925611025,False,
thorough,200,0.0,0,10,lambda,1,5.0,1.0,0.8265481559050287,4.633730999819845e-05,0.0001788139343261,4.887336420596268,5.143208167620458,40.74010001204442,62.07719999656547,2.4932999949669465,2.82100000185892,43.8154999865219,66.02179999754298,43.23340000701137,64.89819999842439,4.323340000701137,6.489819999842439,0.0,90.0,True,1.0,0.8203804585773997,0.9999824541309124,11.550956586907546,,,161.15699996589683,182.6805000018794,2.814877762500571,1.7769136899357538,False,
thorough,200,0.0,0,100,lambda,1,5.0,1.0,0.8265481559050287,4.633730999819845e-05,0.0017881393432617,4.857275324915131,5.146611940677112,42.518300004303455,50.10010000842158,9.606999999959951,9.786299997358585,53.37260001397226,60.521899999002926,52.12530000426341,59.88640000578016,0.5212530000426341,0.5988640000578016,0.0,900.0,True,1.0,0.8202326172143072,0.9999825620544062,29.978140939023685,,,1611.5699996589683,1826.805000018794,30.504505193874955,19.25620842432646,False,
thorough,200,0.0,0,1000,lambda,1,5.0,1.0,0.8265481559050287,4.633730999819845e-05,0.0178813934326171,4.850533817417408,5.149924204755282,52.082000009249896,71.11610000720248,103.77869999501854,110.6483999901684,163.07989999768324,183.24399999983143,155.86070000426844,181.76449999737088,0.1558607000042684,0.1817644999973708,0.0,9000.0,True,1.0,0.8200886939823093,0.9999825862573474,27.75135938432686,,,16115.699996589685,18268.05000018794,100.50394879336822,63.443906830572985,False,
thorough,200,0.0,0,10000,lambda,1,5.0,1.0,0.8265481559050287,4.633730999819845e-05,0.1788139343261718,4.8500462107371884,5.149979517937748,68.33080000069458,93.68239999457728,846.0248000046704,1053.5500999976648,943.8909000018612,1126.5342000115195,914.355600005365,1147.232499992242,0.0914355600005365,0.1147232499992242,0.0,90000.0,True,1.0,0.8200862900614128,0.9999825880079226,34.04155528282506,,,161156.99996589683,182680.5000018794,159.23581314434065,100.51885736341032,False,
thorough,200,0.0,0,50000,lambda,1,5.0,1.0,0.8265481559050287,4.633730999819845e-05,0.8940696716308594,4.850006834627451,5.149993455134236,57.472299988148734,67.96309999481309,3446.89279999875,3532.634199989843,3557.5473999924725,3633.620999986306,3504.3650999868987,3600.5972999846563,0.0700873019997379,0.0720119459996931,0.0,450000.0,True,1.0,0.820085684345882,0.9999825881492882,41.77675615558808,,,805784.9998294841,913402.500009397,253.68082679317945,160.1380138093758,False,
thorough,200,0.0,0,100000,lambda,1,5.0,1.0,0.8265481559050287,4.633730999819845e-05,1.7881393432617188,4.850001164409498,5.149999860446629,50.99279999558348,89.9683999887202,7129.231799990521,7257.639899995411,7221.194799989462,7423.994400000083,7180.224599986104,7347.608299984131,0.071802245999861,0.0734760829998413,0.0,900000.0,True,1.0,0.8200854059683891,0.9999825881696452,40.39705932978402,,,1611569.9996589683,1826805.000018794,248.6258011362336,156.94698917148028,False,
thorough,200,0.0,0,500000,lambda,1,5.0,1.0,0.8265481559050287,4.633730999819845e-05,8.940696716308594,4.850000468521469,5.149999016470509,58.23399999644607,82.1622999937972,35166.5842999937,36046.690100003616,35310.22829998983,36184.35049999971,35224.81829999015,36128.85239999741,0.0704496365999803,0.0722577047999948,0.0,4500000.0,True,1.0,0.8200854426479478,0.9999825881721432,40.947963206089874,,,8057849.9982948415,9134025.00009397,252.8180219777649,159.59336149492125,False,
thorough,200,0.0,0,1000000,lambda,1,5.0,1.0,0.8265481559050287,4.633730999819845e-05,17.881393432617188,4.850000387825875,5.14999965996302,76.81280000542756,93.9463000104297,70520.57859998604,72676.96959999739,70711.93940000376,72987.08839999745,70597.39139999147,72770.91590000782,0.0705973913999914,0.0727709159000078,0.0,9000000.0,True,1.0,0.8200854146814918,0.999982588172433,40.83914308667584,,,16115699.996589685,18268050.00018794,251.03504297361712,158.4678419986417,False,
thorough,200,0.0,0,1,lambda,2,9.0,1.0,0.5673278815623957,4.633730999819845e-05,1.7881393432617188e-05,9.0,9.0,17.433100001653656,37.16870000062045,3.6361999955261126,6.589399999938905,24.664700002176687,44.05019999830984,21.06929999717977,43.75810000055935,21.06929999717977,43.75810000055935,0.0,26.0,True,1.0,0.5673291361611446,0.9999676888518596,2.288102967448632,,,17.322400002740324,20.209399997838773,0.4618436357515623,0.307901851323926,False,
thorough,200,0.0,0,10,lambda,2,9.0,1.0,0.5673278815623957,4.633730999819845e-05,0.0001788139343261,8.85578839919978,9.111322501539252,15.08700000704266,34.20120000373572,4.797399989911355,5.62789999821689,20.213900003000163,40.16109999793116,19.884399996954016,39.82910000195261,1.9884399996954016,3.982910000195261,0.0,290.0,True,1.0,0.5514427579728554,0.9999682066084667,19.34381127176238,,,173.22400002740324,202.09399997838773,5.074028787205338,3.382752811368872,False,
thorough,200,0.0,0,100,lambda,2,9.0,1.0,0.5673278815623957,4.633730999819845e-05,0.0017881393432617,8.850691768464669,9.149206581528192,41.96810000576079,54.08010000246577,25.0477000081446,27.7458999917144,67.63210000644904,82.81859999988228,67.01580001390539,81.82599999418017,0.6701580001390539,0.8182599999418017,0.0,3100.0,True,1.0,0.5454661354800637,0.9999682249066664,39.604434725640985,,,1732.2400002740324,2020.9399997838773,24.698017744086425,16.465671059990697,False,
thorough,200,0.0,0,1000,lambda,2,9.0,1.0,0.5673278815623957,4.633730999819845e-05,0.0178813934326171,8.850315849783852,9.149188475652192,42.39869999582879,46.27620000974275,266.66799999657087,277.7353999990737,314.2885999986902,326.7410000116797,309.06669999239966,324.01160000881646,0.3090666999923996,0.3240116000088164,0.0,31000.0,True,1.0,0.5454690760199786,0.99996822625631,37.19981400140836,,,17322.400002740324,20209.399997838773,62.37245826164517,41.58246186316509,False,
thorough,200,0.0,0,10000,lambda,2,9.0,1.0,0.5673278815623957,4.633730999819845e-05,0.1788139343261718,8.850030919426052,9.149945348172364,45.00929999630898,73.80730001023039,2641.256799994153,2665.395800009719,2712.0720999955665,2762.82689999789,2686.266099990462,2739.203100019949,0.2686266099990462,0.2739203100019949,0.0,310000.0,True,1.0,0.545346080618007,0.999968227279282,37.55787774979684,,,173224.00002740324,202093.99997838773,73.77839196258061,49.18656816828073,False,
thorough,200,0.0,0,50000,lambda,2,9.0,1.0,0.5673278815623957,4.633730999819845e-05,0.8940696716308594,8.85000150991479,9.1499985479665,61.78699999873061,79.79640000849031,11657.209099998,11936.415000003764,11760.594599996692,12022.500199993374,11718.99609999673,12016.211400012253,0.2343799219999346,0.240324228000245,0.0,1550000.0,True,1.0,0.5453374297470067,0.9999682273848696,42.54877782024903,,,866120.0001370162,1010469.9998919386,84.09222892757265,56.0625955722449,False,
thorough,200,0.0,0,100000,lambda,2,9.0,1.0,0.5673278815623957,4.633730999819845e-05,1.7881393432617188,8.850003934741732,9.149999287151164,47.54319999483414,58.30989999230951,23042.279200002667,23465.062000002945,23137.845699995523,23547.710700004245,23089.8223999975,23523.37189999525,0.230898223999975,0.2352337189999525,0.0,3100000.0,True,1.0,0.5453373095422249,0.999968227376164,43.05129676581148,,,1732240.0002740324,2020939.9997838773,85.91200310803593,57.27580237165078,False,
thorough,200,0.0,0,500000,lambda,2,9.0,1.0,0.5673278815623957,4.633730999819845e-05,8.940696716308594,8.850000354124523,9.149998283559054,61.64720001106616,74.31529999303166,115666.5609000047,117253.5962999973,115864.89399999846,117395.88509999156,115728.20810001576,117327.91159999032,0.2314564162000315,0.2346558231999806,0.0,15500000.0,True,1.0,0.5453374727443993,0.9999682273890192,42.88188359199152,,,8661200.001370162,10104699.998919386,86.12358185808039,57.41685766352132,False,
thorough,200,0.0,0,1000000,lambda,2,9.0,1.0,0.5673278815623957,4.633730999819845e-05,17.881393432617188,8.85000017605247,9.14999977074362,65.85899999481626,94.46350000507664,236406.13650000887,242586.3665999932,236729.5301999984,242905.57719999924,236471.9955000037,242680.83009999827,0.2364719955000037,0.2426808300999982,0.0,31000000.0,True,1.0,0.5453372309012768,0.9999682273896586,41.96168571114747,,,17322400.002740324,20209399.997838773,83.27563404786177,55.51818821057267,False,
thorough,200,0.0,0,1,rho,1,1.0,3.16,0.97,4.146834528881261e-05,1.7881393432617188e-05,1.0,1.0,15.136199988774024,18.741899999440648,0.7356999994954094,0.9061000018846244,16.535600007046014,20.076399989193305,15.871899988269432,19.648000001325272,15.871899988269432,19.648000001325272,0.0,4.0,True,1.0,0.9700000121425514,0.9999964006463312,1.7398396097293825,,,15.529099997365847,17.64200000616256,0.8979030947156248,0.5550590395041682,False,
thorough,200,0.0,0,10,rho,1,1.0,3.16,0.97,4.146834528881261e-05,0.0001788139343261,0.917299605155919,1.1018428959018849,35.41730000870302,42.9302000120515,0.9252000018022954,1.061199989635497,36.79460000421386,44.40470000554342,36.34250001050532,43.991400001687,3.634250001050532,4.3991400001687,0.0,40.0,True,1.0,0.9668548984367265,0.9999966983152836,13.834846492721054,,,155.29099997365847,176.4200000616256,4.01032929288134,2.479075457588366,False,
thorough,200,0.0,0,100,rho,1,1.0,3.16,0.97,4.146834528881261e-05,0.0017881393432617,0.8544861368146752,1.14195989512467,17.261100001633167,25.47779999440536,2.921999999671243,3.2506999996257946,20.975599996745583,29.162799997720867,20.18310000130441,28.72849999403116,0.2018310000130441,0.2872849999403115,0.0,400.0,True,1.0,0.9656111586051372,0.9999969244037994,43.80561259904223,,,1552.9099997365847,1764.200000616256,61.40940184774003,37.96160610954061,False,
thorough,200,0.0,0,1000,rho,1,1.0,3.16,0.97,4.146834528881261e-05,0.0178813934326171,0.8503327493839932,1.149680905565988,33.31569999863859,54.94370000087656,39.126100004068576,42.5249999971129,73.40610001119785,99.59510000771844,72.44180000270717,97.46869999798946,0.0724418000027071,0.0974686999979894,0.0,4000.0,True,1.0,0.9653714686254125,0.9999969393533475,32.7147351733727,,,15529.099997365847,17642.00000616256,181.00169599601176,111.8902787165363,False,
thorough,200,0.0,0,10000,rho,1,1.0,3.16,0.97,4.146834528881261e-05,0.1788139343261718,0.8500459816162523,1.149956823040852,74.48520000616554,81.63600000261795,329.35620000353083,435.65939999825787,414.9030999979004,529.6787000115728,403.8414000096964,517.2954000008758,0.0403841400009696,0.0517295400000875,0.0,40000.0,True,1.0,0.9653629011830642,0.9999969403855288,38.863698329841,,,155290.99997365847,176420.0000616256,341.0430482492729,210.82344843768257,False,
thorough,200,0.0,0,50000,rho,1,1.0,3.16,0.97,4.146834528881261e-05,0.8940696716308594,0.8500007109667655,1.149992405281207,71.83880000957288,82.10970000072848,1744.0731999959098,2031.161399994744,1842.4153000087244,2161.901300001773,1815.9120000054827,2113.2710999954725,0.0363182400001096,0.0422654219999094,0.0,200000.0,True,1.0,0.9653617963185556,0.9999969405484744,36.695707496766815,,,776454.9998682924,882100.0003081281,417.4097683491805,258.031258008896,False,
thorough,200,0.0,0,100000,rho,1,1.0,3.16,0.97,4.146834528881261e-05,1.7881393432617188,0.8500026309218819,1.1499996225513889,52.24140000063926,58.955299988156185,3035.980800006655,3367.6256999897305,3127.30449999799,3481.5428000001702,3088.2222000072943,3426.5809999778867,0.0308822220000729,0.0342658099997788,0.0,400000.0,True,1.0,0.9653615722147596,0.9999969405415636,42.16100444367745,,,1552909.9997365847,1764200.000616256,514.8572295905573,318.270602941646,False,
thorough,200,0.0,0,500000,rho,1,1.0,3.16,0.97,4.146834528881261e-05,8.940696716308594,0.850001306641894,1.1499997233211043,58.63159999717027,67.24489999760408,15998.01280000247,16401.678399997763,16137.331299993091,16575.60340000782,16056.64439999964,16468.923299995367,0.0321132887999992,0.0329378465999907,0.0,2000000.0,True,1.0,0.9653615690857535,0.9999969405463304,40.00496861709607,,,7764549.998682924,8821000.00308128,535.6148572920831,331.102398446308,False,
thorough,200,0.0,0,1000000,rho,1,1.0,3.16,0.97,4.146834528881261e-05,17.881393432617188,0.8500007897081905,1.1499999516914758,78.55560000461992,85.37620000424795,31797.950899999705,32616.454100003462,32017.69590000913,32876.01740000537,31876.506500004325,32701.83030000772,0.0318765065000043,0.0327018303000077,0.0,4000000.0,True,1.0,0.965361561994613,0.9999969405481908,40.25416618905503,,,15529099.997365847,17642000.00616256,539.4805074919125,333.4920372610132,False,
thorough,200,0.0,0,1,rho,2,1.0,7.73,0.97,4.220113382964986e-05,1.7881393432617188e-05,1.0,1.0,29.769500004476868,59.3759999901522,0.5699000030290335,1.0350000084144997,31.560999996145256,60.920500007341616,30.3394000075059,60.410999998566695,30.3394000075059,60.410999998566695,0.0,4.0,True,1.0,0.9700000130289008,0.9999964019861316,2.246008059653915,,,15.498000007937662,17.501399997854605,0.2897055171784913,0.1781993345725275,False,
thorough,200,0.0,0,10,rho,2,1.0,7.73,0.97,4.220113382964986e-05,0.0001788139343261,0.8555379042069189,1.1047579321897305,32.87389999604784,39.03329999593552,1.3371999957598746,1.5152000123634934,34.827499999664724,41.14450000633951,34.211099991807714,40.548500008299015,3.4211099991807714,4.0548500008299015,0.0,40.0,True,1.0,0.9667632338525382,0.999996921764385,9.57224053289523,,,154.98000007937662,175.01399997854605,4.31616459160576,2.654894755268936,False,
thorough,200,0.0,0,100,rho,2,1.0,7.73,0.97,4.220113382964986e-05,0.0017881393432617,0.8529296615892472,1.1478653159557748,16.008699996746145,20.150999989709817,3.179799998179078,4.084600004716776,19.704999998793937,24.955500004580244,19.188499994925223,24.2355999944266,0.1918849999492522,0.2423559999442659,0.0,400.0,True,1.0,0.96542580410425,0.9999969311489024,40.25410405475174,,,1549.8000007937662,1750.1399997854603,72.21360313703545,44.41895394824636,False,
thorough,200,0.0,0,1000,rho,2,1.0,7.73,0.97,4.220113382964986e-05,0.0178813934326171,0.8505616381551064,1.1497157797137394,17.332799994619563,42.12990000087302,35.41229999973439,35.57649999856949,54.5092999964254,78.9643000025535,52.74509999435395,77.70639999944251,0.0527450999943539,0.0777063999994425,0.0,4000.0,True,1.0,0.9653683199385522,0.9999969396691056,36.145633014788665,,,15498.000007937662,17501.399997854605,225.2246918912749,138.53685154225107,False,
thorough,200,0.0,0,10000,rho,2,1.0,7.73,0.97,4.220113382964986e-05,0.1788139343261718,0.8500718364594065,1.1499602174607717,25.896700011799112,71.20809999469202,308.85180000041146,333.5430000006454,401.2890000012703,418.9200999971945,334.74850001221057,404.7510999953374,0.033474850001221,0.0404751099995337,0.0,40000.0,True,1.0,0.9653607260971898,0.9999969414314234,41.443825161397626,,,154980.00007937662,175013.99997854605,432.3990718754369,265.9708645814565,False,
thorough,200,0.0,0,50000,rho,2,1.0,7.73,0.97,4.220113382964986e-05,0.8940696716308594,0.8500193859317952,1.1499980465661612,70.20690001081675,80.46199999807868,1499.3226999940816,1557.337499994901,1592.0079000061378,1661.3937000074657,1569.5296000048984,1637.7994999929797,0.0313905920000979,0.0327559899998596,0.0,200000.0,True,1.0,0.965359550867462,0.9999969416201416,42.68594079196736,,,774900.0003968831,875069.9998927303,534.296169889221,328.64828694390525,False,
thorough,200,0.0,0,100000,rho,2,1.0,7.73,0.97,4.220113382964986e-05,1.7881393432617188,0.8500014140674913,1.1499967773759507,40.20220000529662,75.63170000503305,3028.443199989852,3071.582499993383,3131.6690999956336,3153.8579000043683,3068.645399995148,3147.214199998416,0.0306864539999514,0.0314721419999841,0.0,400000.0,True,1.0,0.9653595902971968,0.9999969416848048,42.26594046750783,,,1549800.0007937662,1750139.9997854603,556.0917969251477,342.05488779921507,False,
thorough,200,0.0,0,500000,rho,2,1.0,7.73,0.97,4.220113382964986e-05,8.940696716308594,0.8500000785525713,1.1499990861153886,55.487499994342215,85.1014999934705,16081.84749999782,16251.973400008865,16287.42950000742,16386.88850001199,16137.334999992165,16337.074900002335,0.0322746699999843,0.0326741498000046,0.0,2000000.0,True,1.0,0.9653595185719456,0.99999694168961,39.79642264361024,,,7749000.003968831,8750699.998927303,535.6344420582935,329.4714649500691,False,
thorough,200,0.0,0,1000000,rho,2,1.0,7.73,0.97,4.220113382964986e-05,17.881393432617188,0.8500003191060521,1.1499997222090013,62.25370000174735,81.33200000156648,32506.492999993498,32809.83300000662,32843.72259999509,33015.0474000111,32568.746699995245,32891.165000008186,0.0325687466999952,0.0328911650000081,0.0,4000000.0,True,1.0,0.9653594988105216,0.9999969416887444,39.37674851606589,,,15498000.007937662,17501399.997854605,532.1003375176966,327.2976193030215,False,
thorough,200,0.3,60,1,base,0,1.0,1.0,0.9769272182650968,4.633730999819845e-05,1.7881393432617188e-05,1.0,1.0,16.831400003866293,33.667800002149306,1.2573999993037432,1.62159999308642,18.97000000462868,35.93600000021979,18.08880000317004,35.289399995235726,18.08880000317004,35.289399995235726,3.0,6.0,True,1.0,0.9819280436287772,1.0049991088261765,1.5269603953102882,0.0863786713554774,1.6053638471070044e-05,18.59159999003168,21.43775000149617,0.6074841171680558,0.4165996023234145,False,
thorough,200,0.3,60,10,base,0,1.0,1.0,0.9769272182650968,4.633730999819845e-05,0.0001788139343261,0.8532498936075886,1.130482620674309,15.236599996569566,17.84060000500176,1.9274999940535047,1.9465999939711764,17.772799998056144,20.06549999350682,17.164099990623072,19.787199998972937,1.7164099990623072,1.9787199998972933,4.0,60.0,True,1.0,0.9819243497975292,1.0049991107030551,9.961089524894197,0.0863778197438173,2.0926740537810143e-05,185.9159999003168,214.3775000149617,10.834150361147056,7.429828376430319,False,
thorough,200,0.3,60,100,base,0,1.0,1.0,0.9769272182650968,4.633730999819845e-05,0.0017881393432617,0.852190776530651,1.1472662530182467,33.5437999892747,51.747399993473664,6.795499997679144,7.68509999033995,42.46820000116713,59.18379999639001,40.33929998695385,59.432499983813614,0.4033929998695384,0.5943249998381361,4.0,600.0,True,1.0,0.981924035358739,1.0049991107030578,28.25399162174578,0.0863829310490611,1.854571831987424e-05,1859.159999003168,2143.775000149617,36.07075254672901,24.736549881379823,False,
thorough,200,0.3,60,1000,base,0,1.0,1.0,0.9769272182650968,4.633730999819845e-05,0.0178813934326171,0.8504938073036363,1.149934948635007,34.24490000179503,50.75110000325367,66.42750000173692,71.56889999168925,109.44590000144672,130.30929998785723,100.67240000353196,122.31999999494292,0.1006724000035319,0.1223199999949429,4.0,6000.0,True,1.0,0.9819239852934036,1.0049991107030625,28.90369199427641,0.0863837459068428,1.731132409902884e-05,18591.59999003168,21437.75000149617,175.25956509468992,120.18925772445158,False,
thorough,200,0.3,60,10000,base,0,1.0,1.0,0.9769272182650968,4.633730999819845e-05,0.1788139343261718,0.85003272162932,1.1498826800258404,62.33780000184197,83.56089999142569,645.6949000130408,668.7461999972584,723.4964999952354,747.2714000032283,708.0327000148827,752.3070999886841,0.0708032700014882,0.0752307099988684,4.0,60000.0,True,1.0,0.9819239862741442,1.0049991107030636,29.73540599377853,0.086383729941567,1.8166876193780103e-05,185915.9999003168,214377.5000149617,284.96009145492087,195.4195301954248,False,
thorough,200,0.3,60,50000,base,0,1.0,1.0,0.9769272182650968,4.633730999819845e-05,0.8940696716308594,0.8500065980802023,1.1499997215564748,52.11020000569988,72.98529999388848,3046.1365999944974,3097.635899990564,3142.756899993401,3188.4920000011334,3098.2468000001973,3170.6211999844527,0.0619649360000039,0.063412423999689,4.0,300000.0,True,1.0,0.9819239840780296,1.0049991107030638,31.51532994290979,0.0863837656918311,1.797616931170438e-05,929579.999501584,1071887.5000748085,338.06860941952465,231.8402148499985,False,
thorough,200,0.3,60,100000,base,0,1.0,1.0,0.9769272182650968,4.633730999819845e-05,1.7881393432617188,0.8500116851964794,1.1499945533467273,49.84799999510869,69.6923999930732,5913.931799994316,6708.470199999283,6054.71719999332,6867.789099997026,5963.779799989425,6778.162599992356,0.0596377979998942,0.0677816259999235,4.0,600000.0,True,1.0,0.981923984175004,1.0049991107030638,32.465710882933166,0.0863837641131844,1.803739487995221e-05,1859159.999003168,2143775.000149617,316.27671489498266,216.8958001134952,False,
thorough,200,0.3,60,500000,base,0,1.0,1.0,0.9769272182650968,4.633730999819845e-05,8.940696716308594,0.8500008791824237,1.1499989106695452,56.7118000035407,72.08489999175072,31086.577399997623,31946.24420000764,31403.700399998343,32312.268900001072,31143.289200001163,32018.32909999939,0.0622865784000023,0.0640366581999987,4.0,3000000.0,True,1.0,0.9819239840932448,1.004999110703064,30.88149549715542,0.086383765444146,1.81007655698904e-05,9295799.99501584,10718875.000748085,334.77309097770154,229.5802188541967,False,
thorough,200,0.3,60,1000000,base,0,1.0,1.0,0.9769272182650968,4.633730999819845e-05,17.881393432617188,0.8500002100220728,1.1499996593604167,68.75239999499172,83.12310000474099,63172.88310000731,65475.712200001,63806.93279999832,66075.68999999785,63241.6355000023,65558.83530000574,0.0632416355000023,0.0655588353000057,4.0,6000000.0,True,1.0,0.9819239840791965,1.004999110703064,30.39278731288073,0.0863837656728344,1.8108424813522006e-05,18591599.99003168,21437750.00149617,327.00016562823674,224.24971305501248,False,
thorough,200,0.3,60,1,lambda,1,5.0,1.0,0.8363001686256968,4.633730999819845e-05,1.7881393432617188e-05,5.0,5.0,18.48729999619536,44.084999986807816,2.6079999952344224,5.712199999834411,25.199900002917275,49.518799991346896,21.095299991429783,49.79719998664223,21.095299991429783,49.79719998664223,11.0,16.0,True,1.0,0.8413006822822031,1.004984751682347,1.9631901876364013,0.0863159370460628,8.230413568867484e-05,20.960900001227856,24.275100004160777,0.4874792159131921,0.3522065499991247,False,
thorough,200,0.3,60,10,lambda,1,5.0,1.0,0.8363001686256968,4.633730999819845e-05,0.0001788139343261,4.862214787106906,5.148739597333363,19.87259999441449,50.19120000360999,5.909400002565235,6.863999995402992,27.111799994600005,58.083299998543225,25.78199999697972,57.05519999901298,2.578199999697972,5.705519999901298,11.0,160.0,True,1.0,0.8412972376638321,1.004984751682347,8.66416217852479,0.0863228987761588,8.112913819530821e-05,209.60900001227856,242.75100004160777,4.254669163298125,3.0740230526253747,False,
thorough,200,0.3,60,100,lambda,1,5.0,1.0,0.8363001686256968,4.633730999819845e-05,0.0017881393432617,4.855285146606338,5.148679030228099,23.973499992280267,50.99000000336673,19.50629999919329,20.121900000958703,44.73909999069292,71.90999999875203,43.47979999147356,71.11190000432543,0.4347979999147355,0.7111190000432543,11.0,1600.0,True,1.0,0.8412972390678651,1.0049847516823471,26.24793015698388,0.0863228959413262,8.234253954365225e-05,2096.0900001227856,2427.5100004160777,34.13648067719218,24.663804519138008,False,
thorough,200,0.3,60,1000,lambda,1,5.0,1.0,0.8363001686256968,4.633730999819845e-05,0.0178813934326171,4.850148347559096,5.149915792932332,57.11980001069605,64.9111999955494,215.65369999734685,236.9849999959115,276.7733000073349,314.7013000125298,272.7735000080429,301.8961999914609,0.2727735000080429,0.3018961999914609,11.0,16000.0,True,1.0,0.8412972103977036,1.0049847516823471,23.741767472865018,0.0863229538278234,8.147985927180212e-05,20960.900001227856,24275.100004160777,80.40876302797913,58.09579586429973,False,
thorough,200,0.3,60,10000,lambda,1,5.0,1.0,0.8363001686256968,4.633730999819845e-05,0.1788139343261718,4.850018845927981,5.149977963773733,30.389999999897555,83.89249999891035,1883.709199988516,1961.051900012535,1924.6475999971155,2057.1441000065533,1914.0991999884136,2044.9444000114447,0.1914099199988413,0.2044944400011445,11.0,160000.0,True,1.0,0.8412972089564712,1.0049847516823471,27.18041617055973,0.0863229567377281,8.149247191647206e-05,209609.00001227856,242751.00004160777,118.70787295745016,85.76712406857396,False,
thorough,200,0.3,60,50000,lambda,1,5.0,1.0,0.8363001686256968,4.633730999819845e-05,0.8940696716308594,4.850001184249763,5.149996946411957,70.31490000372287,86.24620000773575,8578.888000003644,8646.834600003785,8704.352999993716,8799.198499997146,8649.202900007367,8733.080800011521,0.1729840580001473,0.1746616160002304,11.0,800000.0,True,1.0,0.841297208516419,1.0049847516823471,29.84069730248154,0.086322957626202,8.14606572789673e-05,1048045.0000613928,1213755.0002080388,138.98359903030297,100.4164533029889,False,
thorough,200,0.3,60,100000,lambda,1,5.0,1.0,0.8363001686256968,4.633730999819845e-05,1.7881393432617188,4.850001769316867,5.1499915333085085,47.2524000069825,86.30170000833459,16537.209899994195,17217.1088999894,16721.180000007735,17383.30249999126,16584.462300001178,17303.410599997733,0.1658446230000118,0.1730341059999773,11.0,1600000.0,True,1.0,0.8412972086419045,1.0049847516823471,30.960482638620903,0.0863229573728442,8.144290308635999e-05,2096090.0001227856,2427510.0004160777,140.29083956525864,101.36094214231971,False,
thorough,200,0.3,60,500000,lambda,1,5.0,1.0,0.8363001686256968,4.633730999819845e-05,8.940696716308594,4.850000083149908,5.149999960585699,68.16320000507403,84.47790000354871,81892.43799999531,84077.8614999872,82315.78050000826,84492.47430000105,81960.60120000038,84162.33939999074,0.1639212024000007,0.1683246787999814,11.0,8000000.0,True,1.0,0.8412972084465449,1.0049847516823471,31.26051760725632,0.0863229577672785,8.149950545948851e-05,10480450.000613928,12137550.002080388,144.21592945979498,104.19684226905916,False,
thorough,200,0.3,60,1000000,lambda,1,5.0,1.0,0.8363001686256968,4.633730999819845e-05,17.881393432617188,4.850000410185161,5.149999951971183,82.6152999943588,92.1053999918513,163520.41779999854,165204.01290000882,164170.42769999534,165723.38799999852,163603.0330999929,165296.11830000067,0.1636030330999929,0.1652961183000006,11.0,16000000.0,True,1.0,0.8412972084467445,1.0049847516823471,31.31107459780503,0.0863229577668767,8.143002060046782e-05,20960900.001227856,24275100.004160777,146.85825809958345,106.10593997785152,False,
thorough,200,0.3,60,1,lambda,2,9.0,1.0,0.596081128278959,4.633730999819845e-05,1.7881393432617188e-05,9.0,9.0,29.16310000000521,54.09180000424385,17.697000002954155,23.693099996307865,51.5987000107998,81.17130000027828,46.86010000295937,77.78490000055172,46.86010000295937,77.78490000055172,54.0,106.0,True,1.0,0.601084354396597,1.0049703909785863,1.9167090464111287,0.0862531704030995,0.0001525723501665,69.57890000194311,75.60429999284679,0.9719662812745216,0.8853659257144929,False,
thorough,200,0.3,60,10,lambda,2,9.0,1.0,0.596081128278959,4.633730999819845e-05,0.0001788139343261,8.867966472843825,9.112830350737752,23.20250000047963,49.60399999981746,26.27889999712352,36.7911999928765,52.47349999262951,76.18829999410082,49.48139999760315,86.39519999269396,4.948139999760315,8.639519999269396,56.0,1072.0,True,1.0,0.6010809569949491,1.0049703909785863,13.394776799581788,0.0862584514822229,0.000158559078562,695.7890000194311,756.0429999284679,8.75098385086675,7.97128775689177,False,
thorough,200,0.3,60,100,lambda,2,9.0,1.0,0.596081128278959,4.633730999819845e-05,0.0017881393432617,8.851348772561863,9.143569791151329,63.0103000003146,68.94440000178292,112.1117000002414,123.76709999807645,177.2867999970913,188.60339999082493,175.122000000556,192.71149999985937,1.75122000000556,1.9271149999985937,56.0,10540.0,True,1.0,0.6010798085764204,1.0049703909785863,31.397258270032665,0.0862598902577175,0.0001489137489065,6957.890000194311,7560.429999284679,39.2318569430999,35.73637276221086,False,
thorough,200,0.3,60,1000,lambda,2,9.0,1.0,0.596081128278959,4.633730999819845e-05,0.0178813934326171,8.850172098768251,9.14973201483667,40.307599992956966,67.06409998878371,1188.334100006614,1254.4017000036547,1248.8681999966502,1316.3776000001235,1228.6416999995708,1321.4657999924384,1.2286416999995708,1.3214657999924384,56.0,105504.0,True,1.0,0.6010795805055447,1.0049703909785868,29.621299262391013,0.0862601786838573,0.0001496932918768,69578.90000194311,75604.29999284679,57.212453014886506,52.11493176440269,False,
thorough,200,0.3,60,10000,lambda,2,9.0,1.0,0.596081128278959,4.633730999819845e-05,0.1788139343261718,8.8500613894454,9.149978098567132,53.86289999296423,61.06999999610707,13353.65260000981,13976.213600006304,13425.943399997775,14041.649599996164,13407.515500002772,14037.28360000241,1.3407515500002771,1.403728360000241,56.0,1055616.0,True,1.0,0.6010772448451275,1.0049703909785868,26.35982907026812,0.0862601902019347,0.0001504293264654,695789.0000194311,756042.9999284679,53.85963705458926,49.06084535870309,False,
thorough,200,0.3,60,50000,lambda,2,9.0,1.0,0.596081128278959,4.633730999819845e-05,0.8940696716308594,8.850027258182932,9.14999923569999,69.26180000300519,79.02840001042932,54906.96100000059,55904.10509999492,55033.72429999581,56010.8251000056,54976.2228000036,55983.13350000535,1.099524456000072,1.119662670000107,56.0,5276680.0,True,1.0,0.6010772442844734,1.004970390978587,32.05422350728865,0.0862601911912733,0.0001502340878649,3478945.000097156,3780214.99964234,67.52417671729609,61.507900406817306,False,
thorough,200,0.3,60,100000,lambda,2,9.0,1.0,0.596081128278959,4.633730999819845e-05,1.7881393432617188,8.850002538169223,9.149999754829642,68.27720000001136,72.57499999832362,104472.5260999985,106358.36690000724,104644.09879999585,106559.62159999764,104540.80329999852,106430.94190000556,1.045408032999985,1.0643094190000555,56.0,10551500.0,True,1.0,0.6010772442707035,1.004970390978587,33.69306870813809,0.0862601912155675,0.0001500212496723,6957890.000194311,7560429.999284679,71.03601513165114,64.70684066697537,False,
thorough,200,0.3,60,500000,lambda,2,9.0,1.0,0.596081128278959,4.633730999819845e-05,8.940696716308594,8.850000239581002,9.149999585294188,75.984499999322,82.94539999042172,517271.1318999936,523339.1391999903,517690.1998999965,523660.6191000028,517347.11639999296,523422.0845999808,1.034694232799986,1.0468441691999617,56.0,52760816.0,True,1.0,0.6010772442752008,1.004970390978587,34.024709508441475,0.0862601912076326,0.0001500915580889,34789450.00097156,37802149.99642339,72.22115976499778,65.78639115717613,False,
thorough,200,0.3,60,1000000,lambda,2,9.0,1.0,0.596081128278959,4.633730999819845e-05,17.881393432617188,8.850000309858212,9.149999200877192,80.0809000065783,83.98969999689143,1051770.0757999993,1062162.025199999,1052349.730300004,1062845.9548999963,1051850.1567000058,1062246.014899996,1.0518501567000058,1.062246014899996,56.0,105523432.0,True,1.0,0.6010772442853972,1.004970390978587,33.467390649259634,0.0862601911896416,0.0001500985943218,69578900.00194311,75604299.99284679,71.1740020036361,64.83253316989966,False,
thorough,200,0.3,60,1,rho,1,1.0,3.16,0.9782791949384448,4.146834528881261e-05,1.7881393432617188e-05,1.0,1.0,17.37259999208618,54.78220000804868,1.6613000043435022,2.1942000021226704,19.579000014346093,56.74649999127723,19.03389999642968,56.97640001017135,19.03389999642968,56.97640001017135,5.0,8.0,True,1.0,0.983279091221258,1.0049996585730128,1.54096189328046,0.2072503121299934,1.5398775696753707e-05,19.063400002778508,21.386150001490023,0.3753510224877703,0.2571231246906732,False,
thorough,200,0.3,60,10,rho,1,1.0,3.16,0.9782791949384448,4.146834528881261e-05,0.0001788139343261,0.8735940514319969,1.1218554535669918,46.53619999589864,53.54500000248663,3.1477000011364,3.832000002148561,51.439699993352406,57.89270000241231,49.68389999703504,57.37700000463519,4.968389999703504,5.737700000463519,6.0,92.0,True,1.0,0.9832764068984698,1.0049996630783158,10.166153060471832,0.2073363412606567,3.18252973236744e-05,190.63400002778508,213.86150001490023,3.727303623361686,2.5532791890578923,False,
thorough,200,0.3,60,100,rho,1,1.0,3.16,0.9782791949384448,4.146834528881261e-05,0.0017881393432617,0.8588155772889894,1.144979949342276,33.11819999362342,34.21440000238363,11.426099998061543,12.253399996552616,46.55379999894649,46.84559999441262,44.544299991684966,46.46779999893624,0.4454429999168496,0.4646779999893624,6.0,913.0,True,1.0,0.9832759252228004,1.0049996630783682,28.00605631442824,0.2073858234110825,2.879360899822417e-05,1906.3400002778508,2138.6150001490023,46.02359053361597,31.5271004966371,False,
thorough,200,0.3,60,1000,rho,1,1.0,3.16,0.9782791949384448,4.146834528881261e-05,0.0178813934326171,0.8501546409960664,1.1498317787154813,50.04360000020824,56.72809999668971,101.76579999097156,111.36729999270756,152.99129999766592,167.28900000452995,151.80939999117982,168.0953999893973,0.1518093999911798,0.1680953999893972,6.0,9162.0,True,1.0,0.983275822812664,1.004999663078367,31.44474863150387,0.2073963095471903,3.179640251037668e-05,19063.400002778508,21386.150001490023,127.22626557799305,87.15259314154355,False,
thorough,200,0.3,60,10000,rho,1,1.0,3.16,0.9782791949384448,4.146834528881261e-05,0.1788139343261718,0.8500297501515754,1.149999373873362,47.011400005430914,103.39470001053996,1274.7481999977026,1420.2693999977782,1331.7831000022124,1518.24000000488,1321.7596000031335,1523.6641000083182,0.1321759600003133,0.1523664100008318,6.0,91723.0,True,1.0,0.9832758192661286,1.0049996630783693,25.102996811493966,0.207396672416507,3.20013605264904e-05,190634.00002778508,213861.50001490023,140.36000455332163,96.14947286715612,False,
thorough,200,0.3,60,50000,rho,1,1.0,3.16,0.9782791949384448,4.146834528881261e-05,0.8940696716308594,0.8500082460355785,1.149999577615267,58.092799998121336,88.85070000542328,4817.564400000265,4964.367500011576,4941.570499999216,5078.178199997637,4875.657199998386,5053.218200017,0.0975131439999677,0.10106436400034,6.0,458533.0,True,1.0,0.9832758192618168,1.0049996630783695,33.21180304304623,0.207396672857662,3.1996399345090264e-05,953170.0001389254,1069307.5000745011,211.6092077858233,144.95663381596782,False,
thorough,200,0.3,60,100000,rho,1,1.0,3.16,0.9782791949384448,4.146834528881261e-05,1.7881393432617188,0.8500018831545397,1.1499998813102303,61.42169999657199,67.64589999511372,9623.755399996298,10081.951700005447,9769.2429000017,10255.421199995908,9685.17709999287,10149.59760000056,0.0968517709999287,0.1014959760000056,6.0,916927.0,True,1.0,0.9832758192553896,1.0049996630783695,33.25105291018962,0.207396673515238,3.1963772487867576e-05,1906340.0002778508,2138615.0001490023,210.70933887555148,144.3402052140486,False,
thorough,200,0.3,60,500000,rho,1,1.0,3.16,0.9782791949384448,4.146834528881261e-05,8.940696716308594,0.8500000076959419,1.1499998936372275,87.11570000741631,92.99580000515562,50966.324299995904,52338.72659999179,51402.27880000021,52838.33779999986,51053.44000000332,52431.72239999694,0.1021068800000066,0.1048634447999938,6.0,4584250.0,True,1.0,0.9832758192551287,1.0049996630783695,31.39327824745895,0.2073966735419381,3.196920633892779e-05,9531700.001389254,10693075.000745011,203.94285198507296,139.70502334901187,False,
thorough,200,0.3,60,1000000,rho,1,1.0,3.16,0.9782791949384448,4.146834528881261e-05,17.881393432617188,0.8500003593439616,1.1499999402794907,73.34889999765437,84.71100000315346,102374.91739999678,103728.35619999388,102962.06710000116,104379.58989999606,102448.26629999444,103813.06719999702,0.1024482662999944,0.103813067199997,6.0,9169018.0,True,1.0,0.983275819254142,1.0049996630783695,31.25765647748499,0.2073966736429313,3.1976333021365685e-05,19063400.002778508,21386150.001490023,206.00633984052672,141.11855471929823,False,
thorough,200,0.3,60,1,rho,2,1.0,7.73,0.9787589107489444,4.220113382964986e-05,1.7881393432617188e-05,1.0,1.0,34.06179999001324,46.76300000573974,4.14190000446979,5.611300002783537,40.440600001602434,51.344400009838864,38.20369999448303,52.37430000852328,38.20369999448303,52.37430000852328,10.0,17.0,True,1.0,0.9837587021484886,1.0049998440160957,1.313406889140092,0.5810466785424329,1.7681126133286794e-05,20.463499997276813,22.898900002473965,0.4372163446336743,0.3085998285914012,False,
thorough,200,0.3,60,10,rho,2,1.0,7.73,0.9787589107489444,4.220113382964986e-05,0.0001788139343261,0.9396863319772653,1.0894800912801004,40.80030000477564,62.73349998809863,6.664000000455417,7.247399989864789,48.11340000014752,70.9532000037143,47.46430000523105,69.98089997796342,4.746430000523105,6.998089997796342,11.0,157.0,True,1.0,0.98372242902372,1.0049999106300358,8.163265305564572,0.5825988830455717,5.135914869615848e-05,204.63499997276813,228.98900002473965,3.272164263346813,2.3095873317311506,False,
thorough,200,0.3,60,100,rho,2,1.0,7.73,0.9787589107489444,4.220113382964986e-05,0.0017881393432617,0.8508404871877928,1.1496053858124926,65.38279999222141,103.47249999176712,25.396500001079403,27.260600007139143,92.22419999423435,131.7194000002928,90.7792999933008,130.73309999890623,0.907792999933008,1.3073309999890623,13.0,1638.0,True,1.0,0.9837222348678342,1.004999884974576,23.940306734162533,0.586208274605881,6.780362448848539e-05,2046.3499997276813,2289.8900002473965,17.515763033742445,12.363127628244207,False,
thorough,200,0.3,60,1000,rho,2,1.0,7.73,0.9787589107489444,4.220113382964986e-05,0.0178813934326171,0.850214167066642,1.149881588076039,113.6185000068508,142.4791000026744,332.0095000090077,365.3567000001203,475.7453000056557,483.420999997179,445.62800001585856,507.8358000027947,0.4456280000158585,0.5078358000027947,13.0,16363.0,True,1.0,0.9837221389485816,1.004999884974641,18.31272900273951,0.5862233828965323,7.106881050794738e-05,20463.499997276813,22898.900002473965,45.09114954547897,31.82662586043749,False,
thorough,200,0.3,60,10000,rho,2,1.0,7.73,0.9787589107489444,4.220113382964986e-05,0.1788139343261718,0.8500816527103463,1.1499586345983337,64.02639999578241,80.31059999484569,2359.7244000120554,2466.853000005358,2441.482800000813,2556.125200004317,2423.750800007838,2547.163600000204,0.2423750800007837,0.2547163600000203,13.0,163138.0,True,1.0,0.9837221015302814,1.00499988497466,25.76572077641329,0.586227599820881,7.057517745122236e-05,204634.99997276813,228989.00002473965,89.89960441674079,63.45371771653621,False,
thorough,200,0.3,60,50000,rho,2,1.0,7.73,0.9787589107489444,4.220113382964986e-05,0.8940696716308594,0.8500075512473335,1.1499972700987529,59.34819999674801,76.63150000735186,10190.648499992676,10475.633199996082,10358.554500009632,10573.693099999218,10249.996699989424,10552.264700003434,0.2049999339997884,0.2110452940000687,13.0,816436.0,True,1.0,0.9837221002946364,1.0049998849746686,29.83127128761418,0.5862297148324402,7.099814317864002e-05,1023174.9998638406,1144945.0001236985,108.50230094430115,76.58403416102539,False,
thorough,200,0.3,60,100000,rho,2,1.0,7.73,0.9787589107489444,4.220113382964986e-05,1.7881393432617188,0.850006348874218,1.1499979320271976,29.782400000840425,58.88019999838434,18964.086599997245,19478.54440000083,19065.07179999608,19600.98840000865,18993.868999998085,19537.424599999213,0.1899386899999808,0.1953742459999921,13.0,1632513.0,True,1.0,0.9837221003914092,1.0049998849746689,32.06060027167817,0.5862297510705351,7.079993605803318e-05,2046349.9997276813,2289890.0002473965,117.2053147807152,82.72687079353108,False,
thorough,200,0.3,60,500000,rho,2,1.0,7.73,0.9787589107489444,4.220113382964986e-05,8.940696716308594,0.8500001055635,1.1499996499850529,76.33519999217242,83.64719999372028,97369.41939999817,97852.5832000014,97734.29749999195,98249.04579999566,97445.75459999032,97936.23039999513,0.1948915091999806,0.1958724607999902,13.0,8164436.0,True,1.0,0.9837221002769144,1.0049998849746695,31.22130150033592,0.5862298451226862,7.10212582557172e-05,10231749.998638406,11449450.001236985,116.90719516643306,82.51644942434763,False,
thorough,200,0.3,60,1000000,rho,2,1.0,7.73,0.9787589107489444,4.220113382964986e-05,17.881393432617188,0.8500000437168853,1.1499997365761598,66.11010000051465,82.81239999632817,193083.72390001023,199578.823200005,193757.03209999483,200268.1066000077,193149.8340000108,199661.6356000013,0.1931498340000107,0.1996616356000013,13.0,16327492.0,True,1.0,0.9837221002685392,1.0049998849746695,31.48893069386092,0.5862298498632603,7.104432162133691e-05,20463499.997276813,22898900.002473965,114.68853259496096,80.95045378474701,False,
thorough,200,0.5,100,1,base,0,1.0,1.0,0.9769525267436588,4.633730999819845e-05,1.7881393432617188e-05,1.0,1.0,44.8195999924792,54.0746000042418,1.5702999953646213,2.3086000001057982,47.26569999183994,57.12250000215136,46.38989998784382,56.3832000043476,46.38989998784382,56.3832000043476,3.0,5.0,True,1.0,0.9819521102437684,1.0044416974257178,1.0189135863994463,0.086347694414569,1.571611789107053e-05,20.121699999435805,26.078499999130145,0.4625225243888123,0.343050766902014,False,
thorough,200,0.5,100,10,base,0,1.0,1.0,0.9769525267436588,4.633730999819845e-05,0.0001788139343261,0.8706723671763692,1.1386075543791483,56.92109999654349,68.08230000024196,3.469300005235709,4.407900007208809,61.83800000871997,72.97580000886228,60.3904000017792,72.49020000745077,6.03904000017792,7.249020000745077,5.0,74.0,True,1.0,0.981952101791408,1.004441465515948,7.379010163827184,0.0863641387660074,2.082194841222443e-05,201.21699999435805,260.78499999130145,3.5975207678347854,2.6682641239633806,False,
thorough,200,0.5,100,100,base,0,1.0,1.0,0.9769525267436588,4.633730999819845e-05,0.0017881393432617,0.8543299537701706,1.1474230492646873,47.34499999904074,61.93809999967925,8.818800008157268,10.523799996008163,57.434700007434,74.179200004437,56.163800007198006,72.46189999568742,0.5616380000719801,0.7246189999568742,4.0,600.0,True,1.0,0.981951661339121,1.0044414544246747,21.7716695947751,0.0863614324756312,1.6061672875309847e-05,2012.1699999435805,2607.8499999130145,35.98925780400764,26.69306215132676,False,
thorough,200,0.5,100,1000,base,0,1.0,1.0,0.9769525267436588,4.633730999819845e-05,0.0178813934326171,0.8506408603799771,1.1497019495840752,46.85159999644384,55.05779999657534,157.52550000615884,162.9936999961501,215.7029999943916,233.09249999874737,204.37710000260267,218.05149999272544,0.2043771000026026,0.2180514999927254,6.0,6020.0,True,1.0,0.9819512677294204,1.0044414416619225,20.31417135558934,0.0863617778455111,1.5871049355038635e-05,20121.699999435805,26078.499999130145,119.59789315826842,88.7051912164162,False,
thorough,200,0.5,100,10000,base,0,1.0,1.0,0.9769525267436588,4.633730999819845e-05,0.1788139343261718,0.8500115385683016,1.1499453791248408,77.12080000783317,87.97740000591148,1237.7235000021756,1342.4539999978151,1325.5999999964845,1469.465999995009,1314.8443000100087,1430.4314000037266,0.1314844300010008,0.1430431400003726,6.0,60232.0,True,1.0,0.9819512671804344,1.0044414416647836,25.8539164845329,0.0863618147498173,1.5786171948884392e-05,201216.99999435805,260784.99999130145,182.31213324219675,135.2200462170412,False,
thorough,200,0.5,100,50000,base,0,1.0,1.0,0.9769525267436588,4.633730999819845e-05,0.8940696716308594,0.8500143886574016,1.1499964785030934,53.97760000778362,89.05410001170821,5356.270599993877,5702.553600000101,5498.043899991899,5855.990800002473,5410.248200001661,5791.607700011809,0.1082049640000332,0.1158321540002361,6.0,301144.0,True,1.0,0.9819512670652588,1.0044414416647691,29.87153038910747,0.0863618224968748,1.5714945198844075e-05,1006084.9999717902,1303924.9999565072,225.140421709476,166.98558503748143,False,
thorough,200,0.5,100,100000,base,0,1.0,1.0,0.9769525267436588,4.633730999819845e-05,1.7881393432617188,0.8500008313072521,1.149996329433064,91.15220000967383,93.000300010317,10703.714100003708,11250.95259999216,10888.336499992874,11469.643900010851,10794.866300013382,11343.952900002478,0.1079486630001338,0.1134395290000247,6.0,602232.0,True,1.0,0.9819512670655948,1.0044414416647682,29.896164734060783,0.086361822474279,1.5817094215658974e-05,2012169.9999435805,2607849.9999130145,229.88900103000648,170.50758384122753,False,
thorough,200,0.5,100,500000,base,0,1.0,1.0,0.9769525267436588,4.633730999819845e-05,8.940696716308594,0.8500008371334824,1.1499993352536104,68.8397000049008,90.63970000715926,54710.005300003104,55020.79599999706,55206.88840000366,55540.772700012894,54778.845000008005,55111.43570000422,0.109557690000016,0.1102228714000084,6.0,3012640.0,True,1.0,0.9819512670588204,1.0044414416647915,29.245107749969623,0.0863618229299795,1.5753265242852496e-05,10060849.999717902,13039249.999565072,236.5979008520744,175.483543081419,False,
thorough,200,0.5,100,1000000,base,0,1.0,1.0,0.9769525267436588,4.633730999819845e-05,17.881393432617188,0.8500004613779685,1.1499999442444502,75.15419999253936,80.90480000828393,108597.10470000572,110246.30910000997,109395.13929998792,111115.45340000885,108672.25889999828,110327.21390001824,0.1086722588999982,0.1103272139000182,6.0,6023416.0,True,1.0,0.981951267057448,1.0044414416647858,29.46671560756473,0.0863618230223067,1.576419763882991e-05,20121699.999435805,26078499.999130145,236.37413723474648,175.31757866567395,False,
thorough,200,0.5,100,1,lambda,1,5.0,1.0,0.8363339391421422,4.633730999819845e-05,1.7881393432617188e-05,5.0,5.0,32.790799989015795,41.79999999178108,4.301099994336255,5.640799994580448,40.15250000520609,46.54199999640696,37.09189998335205,47.440799986361526,37.09189998335205,47.440799986361526,11.0,16.0,True,1.0,0.841333883136354,1.0010857655406,1.1903931568068828,0.08611769887693,7.96175050680349e-05,21.34259999729693,24.00235000095563,0.5059431967390079,0.3639514934122172,False,
thorough,200,0.5,100,10,lambda,1,5.0,1.0,0.8363339391421422,4.633730999819845e-05,0.0001788139343261,4.864985430360351,5.109260482552717,21.557699990808032,28.04720000131056,3.7985000089975074,4.783700002008118,28.447100004996173,33.89869999955408,25.35619999980554,32.830900003318675,2.535619999980554,3.2830900003318675,11.0,160.0,True,1.0,0.8413334477399953,1.0010857668339046,13.479004838415836,0.0861414487745128,8.164781723042294e-05,213.4259999729693,240.0235000095563,7.310902228854335,5.259115650792772,False,
thorough,200,0.5,100,100,lambda,1,5.0,1.0,0.8363339391421422,4.633730999819845e-05,0.0017881393432617,4.850381381768393,5.137850679293656,29.53189999971073,33.743499996489845,15.146800011279993,17.497199994977564,45.38100000354461,52.22310000681318,44.67870001099072,51.24069999146741,0.4467870001099072,0.5124069999146741,11.0,1600.0,True,1.0,0.8413333332255059,1.001085766994216,33.80251931884674,0.0861477837777558,8.058595559406171e-05,2134.259999729693,2400.235000095563,46.84235384167761,33.69616341420341,False,
thorough,200,0.5,100,1000,lambda,1,5.0,1.0,0.8363339391421422,4.633730999819845e-05,0.0178813934326171,4.850182394543791,5.149140316307489,37.0212999987416,51.33039999054745,207.7238999918336,221.3536000053864,261.5912000037497,271.40900000813417,244.7451999905752,272.68399999593385,0.2447451999905752,0.2726839999959338,11.0,16000.0,True,1.0,0.8413332879418352,1.001085766996429,24.64810260254735,0.0861502992167082,7.857032802039649e-05,21342.59999729693,24002.35000095563,88.02258292130651,63.31926333765104,False,
thorough,200,0.5,100,10000,lambda,1,5.0,1.0,0.8363339391421422,4.633730999819845e-05,0.1788139343261718,4.850081114480385,5.149954305611986,60.68780001078267,73.1826999981422,2027.556300003198,2089.7062000003643,2100.201499997638,2184.7490000072867,2088.2441000139806,2162.8888999985065,0.208824410001398,0.2162888899998506,11.0,160000.0,True,1.0,0.8413332846754599,1.001085766997556,25.25207314831122,0.0861504808859895,7.916979511626048e-05,213425.9999729693,240023.5000095563,110.9735687347242,79.82911190546353,False,
thorough,200,0.5,100,50000,lambda,1,5.0,1.0,0.8363339391421422,4.633730999819845e-05,0.8940696716308594,4.850006735766012,5.149992072493545,56.26630000188016,80.51040000282228,9097.565999996732,9281.46869999182,9290.903599990996,9417.03699999198,9153.832299998612,9361.979099994642,0.1830766459999722,0.1872395819998928,11.0,800000.0,True,1.0,0.8413332845239047,1.0010857669983837,28.139394646885982,0.0861504893159385,7.913768563823214e-05,1067129.9998648465,1200117.5000477815,128.19057671774425,92.2142092995938,False,
thorough,200,0.5,100,100000,lambda,1,5.0,1.0,0.8363339391421422,4.633730999819845e-05,1.7881393432617188,4.850000698749028,5.1499973949916855,67.13970001146663,88.30060000764206,17599.748399996315,17948.63759999862,17773.64710000984,18135.92909999716,17666.88810000778,18036.93820000626,0.1766688810000778,0.1803693820000626,11.0,1600000.0,True,1.0,0.841333284502546,1.0010857669984508,29.09132496462888,0.0861504905039765,7.91134950688001e-05,2134259.999729693,2400235.000095563,133.07330620530317,95.72661286659272,False,
thorough,200,0.5,100,500000,lambda,1,5.0,1.0,0.8363339391421422,4.633730999819845e-05,8.940696716308594,4.850000121340952,5.149999940948144,83.44509999733418,97.78869998990558,92111.56299999855,92480.03649999735,92617.93979999491,93084.2852999922,92195.0080999959,92577.82519998727,0.1843900161999918,0.1851556503999745,11.0,8000000.0,True,1.0,0.841333284492329,1.0010857669984574,27.792384762812457,0.0861504910722553,7.912822582106238e-05,10671299.998648465,12001175.000477817,129.6333649505461,93.2520825932566,False,
thorough,200,0.5,100,1000000,lambda,1,5.0,1.0,0.8363339391421422,4.633730999819845e-05,17.881393432617188,4.850000439404317,5.149999926860948,73.56760000402573,89.40959999745246,184531.13479999595,186997.77869999525,185269.6450000076,187954.25709999108,184604.70239999995,187087.1882999927,0.1846047023999999,0.1870871882999927,11.0,16000000.0,True,1.0,0.8413332844923856,1.001085766998454,27.745995306154228,0.0861504910691232,7.91236568833905e-05,21342599.99729693,24002350.00095563,128.29499560636972,92.28932328610576,False,
thorough,200,0.5,100,1,lambda,2,9.0,1.0,0.5961629512267185,4.633730999819845e-05,1.7881393432617188e-05,9.0,9.0,63.08359999093227,82.8248000034364,28.97769999981392,34.07129998959135,93.94009999232368,117.30600000009872,92.0612999907462,116.89609999302776,92.0612999907462,116.89609999302776,54.0,106.0,True,1.0,0.6011641124119359,0.9999676888518596,1.170555289074627,0.085711181371881,0.0001466697805033,67.58190000255127,73.21994999801973,0.6263677744799606,0.5687422420828075,False,
thorough,200,0.5,100,10,lambda,2,9.0,1.0,0.5961629512267185,4.633730999819845e-05,0.0001788139343261,8.921005401582248,9.132214204705836,65.87579999177251,77.90109999768902,41.73029999947176,46.15349999221508,112.5603999971645,126.27490000159014,107.60609999124426,124.05459998990408,10.760609999124426,12.405459998990407,54.0,1048.0,True,1.0,0.6011633854009284,0.9999679724627883,8.128386328502161,0.0857527403362632,0.0001465633098129,675.8190000255127,732.1994999801973,5.902235790045558,5.359232951150647,False,
thorough,200,0.5,100,100,lambda,2,9.0,1.0,0.5961629512267185,4.633730999819845e-05,0.0017881393432617,8.862248882538147,9.14613643098265,65.9381999867037,76.75819999712985,114.10809999506456,126.36840000050142,187.7773000014713,215.0027000025148,180.04629998176824,203.12659999763127,1.8004629998176824,2.0312659999763127,56.0,10492.0,True,1.0,0.6011611388079611,0.9999681834136888,30.84794155850679,0.0857571955765158,0.0001442309350889,6758.190000255127,7321.994999801973,36.0464606796321,32.730203725925584,False,
thorough,200,0.5,100,1000,lambda,2,9.0,1.0,0.5961629512267185,4.633730999819845e-05,0.0178813934326171,8.850070725750546,9.149817985411232,59.61650000244845,64.7949999984121,1292.946600005962,1334.6181000088109,1356.7003999924054,1402.5460999982895,1352.5631000084104,1399.413100007223,1.3525631000084104,1.399413100007223,56.0,104992.0,True,1.0,0.6011611385860761,0.9999682271363672,27.224635572604225,0.0857583814411031,0.000144370701266,67581.90000255127,73219.94999801973,52.3218983712828,47.50830901927924,False,
thorough,200,0.5,100,10000,lambda,2,9.0,1.0,0.5961629512267185,4.633730999819845e-05,0.1788139343261718,8.850056429461407,9.14992374506545,69.61910000245553,80.77369999955408,13890.871299998253,14155.603900013375,14006.617799997912,14242.754999999306,13960.490400000708,14236.37760001293,1.396049040000071,1.4236377600012928,56.0,1050860.0,True,1.0,0.6011611383752328,0.9999682271876948,25.340383075901386,0.0857584155267502,0.0001446094392221,675819.0000255127,732199.4999801973,51.43158748328875,46.69990630250654,False,
thorough,200,0.5,100,50000,lambda,2,9.0,1.0,0.5961629512267185,4.633730999819845e-05,0.8940696716308594,8.850008174514917,9.14999578454517,75.29120000253897,83.11809999577235,58808.57079999987,59244.91480000143,58947.49390000652,59365.07639999036,58883.86200000241,59328.0328999972,1.177677240000048,1.186560657999944,56.0,5251716.0,True,1.0,0.6011611383632326,0.999968227360942,29.92761048360665,0.085758438745229,0.0001444369954079,3379095.000127564,3660997.4999009855,61.707717599063685,56.03063741624055,False,
thorough,200,0.5,100,100000,lambda,2,9.0,1.0,0.5961629512267185,4.633730999819845e-05,1.7881393432617188,8.850000495644776,9.149998072593233,70.10140000784304,94.79360000113957,114050.26850001012,114728.69750000244,114246.95710001106,114931.87780000152,114120.36990001798,114823.4911000036,1.1412036990001797,1.1482349110000358,56.0,10502504.0,True,1.0,0.6011611383642983,0.9999682273885112,30.86358363110462,0.0857584394826789,0.0001443802101716,6758190.000255127,7321994.999801973,63.76739576246645,57.90082618448498,False,
thorough,200,0.5,100,500000,lambda,2,9.0,1.0,0.5961629512267185,4.633730999819845e-05,8.940696716308594,8.850000708052818,9.149999997395485,79.6732000017073,81.48100000107661,561628.532200004,571249.5023999945,562177.5572000042,571654.7809999902,561708.2054000057,571330.9833999956,1.123416410800011,1.142661966799991,56.0,52513840.0,True,1.0,0.6011611383631652,0.9999682273877486,31.3374392341812,0.0857584401030589,0.0001444091151654,33790950.00127563,36609974.99900986,64.07839949645928,58.18321772532386,False,
thorough,200,0.5,100,1000000,lambda,2,9.0,1.0,0.5961629512267185,4.633730999819845e-05,17.881393432617188,8.8500003479522,9.14999996079165,85.55139999953099,86.24390000477433,1143265.1928999985,1151878.9867000014,1143983.748300001,1152728.7756000003,1143350.744299998,1151965.2306000062,1.143350744299998,1.151965230600006,56.0,105037940.0,True,1.0,0.601161138363002,0.9999682273890416,30.789006976335845,0.0857584400912607,0.0001444435506282,67581900.00255126,73219949.99801973,63.56090275388155,57.713330432848494,False,
thorough,200,0.5,100,1,rho,1,1.0,3.16,0.978309522725288,4.146834528881261e-05,1.7881393432617188e-05,1.0,1.0,69.75640000018757,127.30700000247452,3.347999998368323,3.641400006017648,74.22489998862147,131.21110000065528,73.10439999855589,130.94840000849217,73.10439999855589,130.94840000849217,5.0,8.0,True,1.0,0.9833093356006044,1.0044750562369509,0.7646356037179326,0.207089935377749,1.4699500727327251e-05,19.958399992901832,22.514999996928964,0.1719379541519319,0.1204963176232518,False,
thorough,200,0.5,100,10,rho,1,1.0,3.16,0.978309522725288,4.146834528881261e-05,0.0001788139343261,0.9180976566477074,1.1488689892912982,123.23110000579618,151.72660000098404,4.6094999997876585,5.614100009552203,128.44989998848175,157.9046999977436,127.84060000558384,157.34070001053624,12.784060000558384,15.734070001053624,5.0,90.0,True,1.0,0.9833085345712724,1.0044746456845812,6.247966157137803,0.207343921975168,1.3952107483238213e-05,199.58399992901832,225.14999996928964,1.43097113432324,1.0028428752778706,False,
thorough,200,0.5,100,100,rho,1,1.0,3.16,0.978309522725288,4.146834528881261e-05,0.0017881393432617,0.8547225566475509,1.1474220712453782,51.80929999914952,69.45049999922048,12.510400003520772,16.436599995358847,65.26480001048185,87.52419998927508,64.31970000267029,85.88709999457933,0.6431970000267029,0.8588709999457933,6.0,918.0,True,1.0,0.9833085391120704,1.004475064090636,25.57871849900428,0.2073413419098135,2.102013058770558e-05,1995.8399992901832,2251.4999996928964,26.214646900815108,18.37155987415545,False,
thorough,200,0.5,100,1000,rho,1,1.0,3.16,0.978309522725288,4.146834528881261e-05,0.0178813934326171,0.8500271922111318,1.1499442735729992,53.54970000917092,59.632399992551655,159.36510000028647,164.81729999941308,219.21509999083355,231.36879999947269,212.9148000094574,224.4496999919648,0.2129148000094574,0.2244496999919647,6.0,9167.0,True,1.0,0.9833085271596116,1.0044750641883065,20.07967867490591,0.2073458408295583,1.9846996454326725e-05,19958.399992901832,22514.999996928964,100.31200753547454,70.29993802729423,False,
thorough,200,0.5,100,10000,rho,1,1.0,3.16,0.978309522725288,4.146834528881261e-05,0.1788139343261718,0.8500427248711245,1.1499584678475023,56.54300001333468,68.89749999390915,1166.4502999919932,1273.0620999936946,1273.4467999980552,1361.4782999939052,1222.993300005328,1341.9595999876035,0.1222993300005328,0.1341959599987603,6.0,91735.0,True,1.0,0.9833085270919376,1.004475064187972,27.43365919681246,0.2073458661677278,2.059995505190223e-05,199583.99992901832,225149.99996928964,167.77703290871756,117.5802907913596,False,
thorough,200,0.5,100,50000,rho,1,1.0,3.16,0.978309522725288,4.146834528881261e-05,0.8940696716308594,0.8500010146750928,1.149995561136972,73.75250000040978,87.39440000499599,5430.0173000083305,5661.136599999736,5563.331199999084,5831.205700000282,5503.76980000874,5748.531000004732,0.1100753960001748,0.1149706200000946,6.0,458728.0,True,1.0,0.9833085269150672,1.0044750641888691,29.46583614010853,0.2073459323839352,2.053670447235528e-05,997919.9996450916,1125749.9998464482,195.83263965098587,137.24201887114216,False,
thorough,200,0.5,100,100000,rho,1,1.0,3.16,0.978309522725288,4.146834528881261e-05,1.7881393432617188,0.8500021902113617,1.1499988688901248,78.26819999900181,92.69799999310636,10998.565200003211,11343.34810001019,11204.619500000264,11523.585400005686,11076.833400002217,11436.046100003296,0.1107683340000221,0.1143604610000329,6.0,917405.0,True,1.0,0.9833085268992936,1.004475064188844,29.09470409830425,0.2073459382887379,2.057961252154044e-05,1995839.9992901832,2251499.9996928964,196.8774854529703,137.97426017437405,False,
thorough,200,0.5,100,500000,rho,1,1.0,3.16,0.978309522725288,4.146834528881261e-05,8.940696716308594,0.850000265456247,1.1499994646269869,76.90179999917746,89.93649999320041,55221.49009999703,55779.6476999938,55735.19260001194,56278.02699999302,55298.39189999621,55869.584199987,0.1105967837999924,0.111739168399974,6.0,4587321.0,True,1.0,0.9833085268964524,1.0044750641888855,28.974227191310185,0.2073459393522391,2.063977578903021e-05,9979199.996450916,11257499.998464482,201.49604046036737,141.21100260205245,False,
thorough,200,0.5,100,1000000,rho,1,1.0,3.16,0.978309522725288,4.146834528881261e-05,17.881393432617188,0.8500000965120127,1.1499998961576348,77.36140000633895,93.9887999993516,109078.08550000482,111797.52200000804,110008.56960000236,112606.44659999524,109155.44690001116,111891.51080000738,0.1091554469000111,0.1118915108000073,6.0,9174512.0,True,1.0,0.9833085268943944,1.004475064188889,29.336781859816004,0.2073459401225625,2.065463205645813e-05,19958399.992901832,22514999.996928964,201.22169980501755,141.01874116154005,False,
thorough,200,0.5,100,1,rho,2,1.0,7.73,0.9787909923957544,4.220113382964986e-05,1.7881393432617188e-05,1.0,1.0,50.85880000842735,64.74560000060592,6.132199996500276,6.664200001978315,59.07869999646209,71.85880000179168,56.99100000492763,71.40980000258423,56.99100000492763,71.40980000258423,10.0,16.0,True,1.0,0.9837901514539592,1.0044865001563383,0.8349368909888863,0.5791027591639187,1.630210464398798e-05,21.174299996346235,23.77499999420252,0.3329374958807072,0.2386059055807024,False,
thorough,200,0.5,100,10,rho,2,1.0,7.73,0.9787909923957544,4.220113382964986e-05,0.0001788139343261,0.8791863279113261,1.1426868150727716,50.38159999821801,57.1265000035055,8.868899996741675,9.957300004316494,61.17339999764226,66.83630000043195,59.25049999495968,67.08380000782199,5.925049999495968,6.708380000782199,12.0,190.0,True,1.0,0.9837860308595632,1.0044865366281053,7.216227494222825,0.5856855088311115,2.4914652252209545e-05,211.74299996346235,237.7499999420252,3.5440747231716667,2.5399276718025408,False,
thorough,200,0.5,100,100,rho,2,1.0,7.73,0.9787909923957544,4.220113382964986e-05,0.0017881393432617,0.8556797237323477,1.1494827847120657,48.7035999976797,56.31519999587909,25.168399995891377,25.3350999992108,77.44380000804085,83.04219999990892,73.87199999357108,81.65029999508988,0.7387199999357108,0.8165029999508988,13.0,1633.0,True,1.0,0.9837551870918576,1.004486562307342,24.157276588867514,0.5860439792888231,3.892285832876976e-05,2117.4299996346235,2377.499999420252,29.118080393620414,20.86801885354751,False,
thorough,200,0.5,100,1000,rho,2,1.0,7.73,0.9787909923957544,4.220113382964986e-05,0.0178813934326171,0.8503248271363402,1.1499884762205734,38.889899995410815,57.2429000021657,244.31959999492392,253.36220000463072,285.4462999966927,309.18780001229607,283.20949999033473,310.6051000067964,0.2832094999903347,0.3106051000067964,13.0,16299.0,True,1.0,0.9837550781021136,1.004486562333958,24.88543694458537,0.5860707672528778,4.012314593129728e-05,21174.299996346235,23774.99999420252,76.54413914543673,54.85679403390552,False,
thorough,200,0.5,100,10000,rho,2,1.0,7.73,0.9787909923957544,4.220113382964986e-05,0.1788139343261718,0.8500204041317527,1.149970861809955,55.44949999602977,81.92929999495391,2376.40380000812,2556.091699996614,2479.190400001244,2631.458999996539,2431.85330000415,2638.020999991568,0.2431853300004149,0.2638020999991567,13.0,163446.0,True,1.0,0.9837550740084416,1.004486562333036,25.58487745213682,0.5860698334365724,4.067059192603456e-05,211742.99996346235,237749.9999420252,90.124377305103,64.5893266088781,False,
thorough,200,0.5,100,50000,rho,2,1.0,7.73,0.9787909923957544,4.220113382964986e-05,0.8940696716308594,0.8500316274991813,1.1499944140808287,64.65300000854768,93.29239999351556,10992.65299999388,11496.813799996744,11155.040599987842,11668.286299987813,11057.306000002429,11590.10619999026,0.2211461200000485,0.2318021239998051,13.0,815910.0,True,1.0,0.9837550703679828,1.004486562334269,27.65483455178375,0.5860710820564768,4.066356474862029e-05,1058714.9998173118,1188749.9997101258,102.56592814577704,73.50579754380412,False,
thorough,200,0.5,100,100000,rho,2,1.0,7.73,0.9787909923957544,4.220113382964986e-05,1.7881393432617188,0.8500001454537616,1.1499993901448242,69.24270000308752,89.80780000274535,20896.34890000161,21725.1227000088,21085.71780000057,21959.01999999478,20965.5916000047,21814.930500011546,0.209655916000047,0.2181493050001154,13.0,1633010.0,True,1.0,0.9837550705623848,1.0044865623345296,29.09599197972585,0.5860713458738038,4.0933554956199846e-05,2117429.9996346235,2377499.999420252,108.9849907804654,78.106139265236,False,
thorough,200,0.5,100,500000,rho,2,1.0,7.73,0.9787909923957544,4.220113382964986e-05,8.940696716308594,0.8500007123583517,1.1499998867445953,75.96690001082607,87.21789999981411,105697.22960000216,107362.20550000144,106119.7061999992,107839.13490000124,105773.196500013,107449.42340000124,0.211546393000026,0.2148988468000025,13.0,8163690.0,True,1.0,0.983755070372148,1.0044865623345554,28.76139716721523,0.586071372202378,4.097906585178107e-05,10587149.998173118,11887499.997101258,110.63344614561348,79.28753574378538,False,
thorough,200,0.5,100,1000000,rho,2,1.0,7.73,0.9787909923957544,4.220113382964986e-05,17.881393432617188,0.8500000380692604,1.1499998593318772,81.51000000361819,82.51379999273922,214715.07399999248,217207.5080000068,215627.1698000055,217938.2449000113,214796.58399999607,217290.02179999952,0.214796583999996,0.2172900217999995,13.0,16329314.0,True,1.0,0.9837550703679168,1.004486562334554,28.31659597406847,0.5860713707490084,4.103520226211568e-05,21174299.996346235,23774999.99420252,109.41597684630804,78.41501351882829,False,
thorough,350,0.0,0,1,base,0,1.0,1.0,0.97,1.547823266854434e-05,3.129243850708008e-05,1.0,1.0,38.8641000026837,62.5166999961948,0.6273000035434961,0.7202999986475334,39.94899999815971,64.26559999817982,39.4914000062272,63.236999994842336,39.4914000062272,63.236999994842336,0.0,4.0,True,1.0,0.970000018123404,0.9999988008177352,6.2490036312078425,,,16.509299995959736,18.848050000087824,0.2980541455417728,0.1915310657340894,False,
thorough,350,0.0,0,10,base,0,1.0,1.0,0.97,1.547823266854434e-05,0.0003129243850708,0.8642530626043203,1.130623552665512,59.81339998834301,87.90739999676589,2.2960000060265884,2.577399995061569,64.0826000017114,90.93410000787117,62.1093999943696,90.48479999182746,6.21093999943696,9.048479999182746,0.0,50.0,True,1.0,0.9659519393666284,0.9999989636032454,21.34146335861663,,,165.09299995959736,188.48050000087824,2.0830073119231263,1.3385507846547378,False,
thorough,350,0.0,0,100,base,0,1.0,1.0,0.97,1.547823266854434e-05,0.003129243850708,0.8566763697378083,1.1493387714040364,61.43760000122711,70.87939999473747,8.11099998827558,10.390299998107366,73.04809999186546,80.28460000059567,69.54859998950269,81.26969999284483,0.6954859998950269,0.8126969999284483,0.0,500.0,True,1.0,0.96536933780598,0.99999897268909,60.41178655015327,,,1650.9299995959736,1884.8050000087824,23.191976839765925,14.903278840582798,False,
thorough,350,0.0,0,1000,base,0,1.0,1.0,0.97,1.547823266854434e-05,0.03129243850708,0.8504144185487567,1.149501094105177,51.80440000549424,72.89459998719394,81.49359999515582,86.7978000023868,150.63089999603108,170.12239999894518,133.29800000065006,159.69239998958074,0.13329800000065,0.1596923999895807,0.0,5000.0,True,1.0,0.965364281839472,0.999998980198318,60.12742105258901,,,16509.299995959736,18848.050000087824,118.02721983837417,75.8448742935106,False,
thorough,350,0.0,0,10000,base,0,1.0,1.0,0.97,1.547823266854434e-05,0.3129243850708008,0.8500355592587996,1.149980713687044,95.84100000211038,123.75850000535138,801.838699990185,843.8656000071205,934.8312000074656,957.835300010629,897.6796999922954,967.624100012472,0.0897679699992295,0.0967624100012471,0.0,50000.0,True,1.0,0.965349342538368,0.9999989806526396,61.10954734487097,,,165092.99995959736,188480.50000087824,194.78690123411445,125.1710246022464,False,
thorough,350,0.0,0,50000,base,0,1.0,1.0,0.97,1.547823266854434e-05,1.564621925354004,0.8500171735096643,1.149994769056658,77.75660000334028,105.27350001211744,3950.089899997693,4087.802299996838,4075.3461999993306,4242.887700005667,4027.846500001033,4193.075800008955,0.0805569300000206,0.0838615160001791,0.0,250000.0,True,1.0,0.965348904731932,0.9999989806746876,62.02390482306317,,,825464.9997979868,942402.5000043912,224.752078176688,144.42679527535486,False,
thorough,350,0.0,0,100000,base,0,1.0,1.0,0.97,1.547823266854434e-05,3.129243850708008,0.8500036041792094,1.1499970597539475,79.79430000705179,125.68670000473504,7776.87309999601,7982.2356999939075,7927.1732000052,8162.922700008494,7856.667400003062,8107.922399998642,0.0785666740000306,0.0810792239999864,0.0,500000.0,True,1.0,0.9653488333796632,0.9999989806909596,63.00732874248024,,,1650929.9995959736,1884805.0000087824,232.46460770383027,149.3829048344221,False,
thorough,350,0.0,0,500000,base,0,1.0,1.0,0.97,1.547823266854434e-05,15.64621925354004,0.8500002647690422,1.1499999206896738,114.58219999622088,138.4797999926377,40519.50689998921,40800.36170000676,40841.23109999928,41171.96209999384,40634.08909998543,40938.8414999994,0.0812681781999708,0.0818776829999988,0.0,2500000.0,True,1.0,0.9653487442651878,0.9999989806949644,60.464704223748896,,,8254649.997979868,9424025.000043912,230.1976473868722,147.92614494036113,False,
thorough,350,0.0,0,1,lambda,1,5.0,1.0,0.8268771638527879,1.547823266854434e-05,3.129243850708008e-05,5.0,5.0,35.569700004998595,71.57840000581928,1.4368999982252717,1.70310000248719,37.801699989358895,73.76040000235662,37.006600003223866,73.28150000830647,37.006600003223866,73.28150000830647,0.0,8.0,True,1.0,0.826877352416828,0.999994004056245,5.456190416649214,,,17.62510000844486,19.922799998312257,0.2718667057313784,0.1799444607379556,False,
thorough,350,0.0,0,10,lambda,1,5.0,1.0,0.8268771638527879,1.547823266854434e-05,0.0003129243850708,4.916133762762592,5.071700249867786,33.48109999205917,44.07679999712855,2.686000007088296,3.74250000459142,37.87519999605138,48.93559998890851,36.16709999914747,47.81930000171997,3.6167099999147454,4.781930000171997,0.0,90.0,True,1.0,0.8238171773954415,0.9999941046283616,32.836932154594976,,,176.2510000844486,199.22799998312257,4.166267594380443,2.757589508961633,False,
thorough,350,0.0,0,100,lambda,1,5.0,1.0,0.8268771638527879,1.547823266854434e-05,0.003129243850708,4.860015509821642,5.147719433158331,49.07040001126006,65.37450000178069,12.333499995293096,13.343099999474362,64.88429999444634,79.41930000379216,61.40390000655316,78.71760000125505,0.6140390000655316,0.7871760000125505,0.0,900.0,True,1.0,0.8205456568726348,0.999994171925174,71.51254715503326,,,1762.510000844486,1992.2799998312253,25.30920657895389,16.751781051318833,False,
thorough,350,0.0,0,1000,lambda,1,5.0,1.0,0.8268771638527879,1.547823266854434e-05,0.03129243850708,4.850065528948185,5.149851131641385,70.92779999948107,83.07999999669846,153.4003999986453,168.6217999958899,238.9070000062929,253.8012000004528,224.3281999981264,251.70179999258835,0.2243281999981263,0.2517017999925883,0.0,9000.0,True,1.0,0.8204535083126541,0.9999941838571552,57.49659062217498,,,17625.10000844486,19922.799998312257,79.15239382038153,52.38977234748219,False,
thorough,350,0.0,0,10000,lambda,1,5.0,1.0,0.8268771638527879,1.547823266854434e-05,0.3129243850708008,4.850004398867882,5.14996533204248,91.1439000046812,127.9555000073742,1455.9656000055838,1547.3663000011584,1578.7377000087872,1682.3034999979427,1547.109500010265,1675.3218000085326,0.1547109500010265,0.1675321800008532,0.0,90000.0,True,1.0,0.8204485710478957,0.999994183930462,60.57835432352368,,,176251.0000844486,199227.99998312257,118.91924284761762,78.71084827402137,False,
thorough,350,0.0,0,50000,lambda,1,5.0,1.0,0.8268771638527879,1.547823266854434e-05,1.564621925354004,4.850001675387509,5.149980509988428,103.68450000532904,121.69749999884516,6887.931099990965,7342.250800007605,7029.970999996294,7472.705600011977,6991.615599996294,7463.94830000645,0.1398323119999258,0.149278966000129,0.0,450000.0,True,1.0,0.8204479148497232,0.999994183933728,64.02503068019634,,,881255.000422243,996139.9999156127,133.46019557969768,88.33528496608024,False,
thorough,350,0.0,0,100000,lambda,1,5.0,1.0,0.8268771638527879,1.547823266854434e-05,3.129243850708008,4.850002338965652,5.149999298466833,109.74990000249818,121.72429999918675,13856.912400005967,14142.149899998913,14042.89620000054,14322.073299990734,13966.662300008466,14263.8741999981,0.1396666230000846,0.142638741999981,0.0,900000.0,True,1.0,0.8204471025534293,0.9999941839329324,63.65054310364408,,,1762510.000844486,1992279.9998312253,139.67313311214502,92.44753435265824,False,
thorough,350,0.0,0,500000,lambda,1,5.0,1.0,0.8268771638527879,1.547823266854434e-05,15.64621925354004,4.850000011406426,5.149999839407867,110.5124000023352,123.8182999950368,69926.25869999756,72431.82050000178,70172.14100000274,72766.04250000673,70036.7710999999,72555.63879999681,0.1400735421999998,0.1451112775999936,0.0,4500000.0,True,1.0,0.8204470791664964,0.9999941839357236,63.066437158036514,,,8812550.00422243,9961399.999156129,137.29325747672374,90.87233066345614,False,
thorough,350,0.0,0,1,lambda,2,9.0,1.0,0.5732742058978566,1.547823266854434e-05,3.129243850708008e-05,9.0,9.0,85.29220000491478,121.76670000189915,5.748900002799928,7.71990000794176,92.65469999809284,130.6482999934815,91.0411000077147,129.4866000098409,91.0411000077147,129.4866000098409,0.0,24.0,True,1.0,0.5732756070555665,0.9999892072428618,4.091217448302264,,,18.794199990225025,21.59889999893494,0.1668041326074932,0.1147817612058415,False,
thorough,350,0.0,0,10,lambda,2,9.0,1.0,0.5732742058978566,1.547823266854434e-05,0.0003129243850708,8.884719067980877,9.10757637711768,130.04640000872314,148.6558999895351,12.219700001878664,12.923100002808496,144.61809999193065,162.3515000101179,142.2661000106018,161.5789999923436,14.22661000106018,16.15789999923436,0.0,270.0,True,1.0,0.5591471997992565,0.9999893454888674,21.653559413023256,,,187.94199990225025,215.9889999893494,1.3367393039911375,0.9198410686036024,False,
thorough,350,0.0,0,100,lambda,2,9.0,1.0,0.5732742058978566,1.547823266854434e-05,0.003129243850708,8.854080576828267,9.148534970621215,114.8968000052264,125.21720000950154,43.68930000055116,49.40270000952296,166.39179999765474,173.65260000224225,158.58610000577755,174.6199000190245,1.5858610000577755,1.746199000190245,0.0,2800.0,True,1.0,0.5533003455547078,0.9999893822308342,62.80714042031765,,,1879.4199990225025,2159.889999893494,12.369094242169297,8.511458316072003,False,
thorough,350,0.0,0,1000,lambda,2,9.0,1.0,0.5732742058978566,1.547823266854434e-05,0.03129243850708,8.850573746815483,9.149698867199254,92.83039999718312,98.76470000017434,552.2490000003017,619.3879999918863,647.4523999931989,735.703199999989,645.0793999974849,718.1526999920607,0.6450793999974849,0.7181526999920607,0.0,28000.0,True,1.0,0.5531297475637392,0.9999893864362576,49.68773143995735,,,18794.199990225025,21598.89999893494,30.07563711613661,20.695737831035363,False,
thorough,350,0.0,0,10000,lambda,2,9.0,1.0,0.5732742058978566,1.547823266854434e-05,0.3129243850708008,8.850081987367815,9.149956162565122,72.77969999995548,112.7039999992121,4652.673999997205,4903.311600006418,4771.752200002084,5037.175999997999,4725.453699997161,5016.01560000563,0.4725453699997161,0.501601560000563,0.0,280000.0,True,1.0,0.553091999398968,0.9999893870259802,58.97683783565426,,,187941.99990225025,215988.9999893494,43.05987405404141,29.63048998824724,False,
thorough,350,0.0,0,50000,lambda,2,9.0,1.0,0.5732742058978566,1.547823266854434e-05,1.564621925354004,8.850002875507187,9.149992030412804,97.27959999872836,111.25689999607856,22147.08569999493,22396.18060000066,22316.23840000248,22527.251399995293,22244.36529999366,22507.43749999674,0.4448873059998732,0.4501487499999348,0.0,1400000.0,True,1.0,0.5530867361644997,0.9999893871208518,61.9494600140692,,,939709.9995112512,1079944.999946747,47.981694937369184,33.01730817132788,False,
thorough,350,0.0,0,100000,lambda,2,9.0,1.0,0.5732742058978566,1.547823266854434e-05,3.129243850708008,8.850000297665172,9.1499939489338,106.60670002107508,130.00279999687336,43408.06349999912,44216.33169999404,43584.17000000191,44412.795200012624,43514.67020002019,44346.33449999092,0.4351467020002019,0.4434633449999092,0.0,2800000.0,True,1.0,0.5530864546344704,0.9999893871239433,63.21406159940896,,,1879419.9990225025,2159889.999893494,48.70504009511623,33.515058615924445,False,
thorough,350,0.0,0,500000,lambda,2,9.0,1.0,0.5732742058978566,1.547823266854434e-05,15.64621925354004,8.850000473662167,9.149999698375405,89.58259999053553,106.49639999610372,212854.2234000052,216192.3354000028,213149.4577999984,216395.4953000066,212943.80599999567,216298.83179999888,0.4258876119999913,0.4325976635999977,0.0,14000000.0,True,1.0,0.553085610938409,0.9999893871237322,64.45725990701516,,,9397099.995112512,10799449.99946747,49.9283787600536,34.356866095857384,False,
thorough,350,0.0,0,1,rho,1,1.0,3.16,0.97,1.3851033839182348e-05,3.129243850708008e-05,1.0,1.0,31.84880001936108,51.34700000053272,0.998000003164634,1.3111000007484108,33.38300000177696,53.4345000050962,32.84680002252571,52.65810000128113,32.84680002252571,52.65810000128113,0.0,4.0,True,1.0,0.9700000115911092,0.9999987977661128,3.927855698967709,,,16.847899998538196,18.946099997265264,0.359794599440624,0.2318712600667162,False,
thorough,350,0.0,0,10,rho,1,1.0,3.16,0.97,1.3851033839182348e-05,0.0003129243850708,0.8722570645587082,1.1329291761681377,30.23979999125004,39.766900008544326,1.3973000168334693,1.5917000127956271,32.26670000003651,42.08399998606183,31.637100008083507,41.35860002133995,3.1637100008083507,4.135860002133995,0.0,40.0,True,1.0,0.9658925374386867,0.99999895134316,28.05410400612045,,,168.47899998538196,189.46099997265264,4.580933587570559,2.952203409621268,False,
thorough,350,0.0,0,100,rho,1,1.0,3.16,0.97,1.3851033839182348e-05,0.003129243850708,0.8511215153090358,1.1361585263564544,30.89280001586303,43.327199993655086,5.795700009912252,6.007399992085993,37.72130000288598,51.13870001514442,36.68850002577528,49.33459998574108,0.3668850002577528,0.4933459998574108,0.0,400.0,True,1.0,0.96579238053576,0.9999989767530556,67.6363509721986,,,1684.7899998538196,1894.6099997265264,38.40327073238895,24.749161853030465,False,
thorough,350,0.0,0,1000,rho,1,1.0,3.16,0.97,1.3851033839182348e-05,0.03129243850708,0.8500951659723293,1.149815067703019,36.80609998991713,48.00589999649674,67.96509999549016,91.11950002261436,118.43569998745808,130.859099997906,104.77119998540728,139.1254000191111,0.1047711999854072,0.1391254000191111,0.0,4000.0,True,1.0,0.9653686326663364,0.9999989779869684,57.67666052518296,,,16847.899998538196,18946.099997265264,136.18002172617446,87.76183211936123,False,
thorough,350,0.0,0,10000,rho,1,1.0,3.16,0.97,1.3851033839182348e-05,0.3129243850708008,0.8500178922854091,1.1499499135365727,97.34879998723044,111.50300002191216,697.6652000157628,700.2497999928892,812.0877000037581,858.294300007401,795.0140000029933,811.7528000148013,0.0795014000002993,0.0811752800014801,0.0,40000.0,True,1.0,0.9653644469611592,0.9999989780798696,56.18740908836263,,,168478.99998538196,189460.99997265264,233.3974086312952,150.41401766391903,False,
thorough,350,0.0,0,50000,rho,1,1.0,3.16,0.97,1.3851033839182348e-05,1.564621925354004,0.8500232288766895,1.1499987797488207,97.95320002012886,112.65119997551665,3121.000899991486,3203.6211999948137,3261.8213999958243,3335.9707000199705,3218.954100011615,3316.2723999703303,0.0643790820002323,0.0663254479994066,0.0,200000.0,True,1.0,0.9653629301134852,0.9999989780734536,62.80036638263535,,,842394.9999269098,947304.9998632632,285.6535548381787,184.09072789264,False,
thorough,350,0.0,0,100000,rho,1,1.0,3.16,0.97,1.3851033839182348e-05,3.129243850708008,0.8500023176777765,1.149999299993431,36.909000016748905,102.95999998925254,6364.296699990518,6602.955299982568,6504.8543000011705,6707.888200005982,6401.205700007267,6705.915299971821,0.0640120570000726,0.0670591529997182,0.0,400000.0,True,1.0,0.9653629139646402,0.999998978098594,61.59360860730833,,,1684789.9998538196,1894609.9997265264,282.5281732583899,182.0765615704617,False,
thorough,350,0.0,0,500000,rho,1,1.0,3.16,0.97,1.3851033839182348e-05,15.64621925354004,0.8500003968417753,1.1499998703463714,98.5276999999769,133.6277000082191,31648.10099999886,33670.421799994074,31883.57440000982,34016.6819000151,31746.62869999884,33804.04950000229,0.0634932573999976,0.0676080990000045,0.0,2000000.0,True,1.0,0.9653628962603884,0.9999989781009032,61.931046036540096,,,8423949.999269098,9473049.998632632,280.2341772287368,180.5981854336028,False,
thorough,350,0.0,0,1,rho,2,1.0,7.73,0.97,1.409591285834906e-05,3.129243850708008e-05,1.0,1.0,32.97130001010373,43.64479999640025,0.6442000158131123,0.745400000596419,34.17030000127852,44.70460000447929,33.615500025916845,44.39019999699667,33.615500025916845,44.39019999699667,0.0,4.0,True,1.0,0.9700000124375656,0.999998798203707,6.085066600087177,,,16.334299987647682,18.930999998701736,0.4264680041987321,0.2747182937287452,False,
thorough,350,0.0,0,10,rho,2,1.0,7.73,0.97,1.409591285834906e-05,0.0003129243850708,0.8501498869980301,1.1322645179232822,48.283500014804304,76.78899998427369,1.445499976398423,1.953200000571087,50.36400002427399,79.85790001112036,49.72899999120273,78.74219998484477,4.972899999120273,7.874219998484477,0.0,40.0,True,1.0,0.9659113952802304,0.9999989782932046,27.11864451057957,,,163.34299987647682,189.30999998701736,2.4041746360077973,1.548699427219428,False,
thorough,350,0.0,0,100,rho,2,1.0,7.73,0.97,1.409591285834906e-05,0.003129243850708,0.850459985273687,1.1471846957097531,54.5175000152085,59.458900010213256,6.710299989208579,7.866599975386634,63.55869999970309,67.48739999602549,61.22780000441708,67.32549998559989,0.6122780000441708,0.6732549998559989,0.0,400.0,True,1.0,0.9654482946012716,0.9999989779205292,58.417656532555846,,,1633.4299987647682,1893.0999998701736,28.118617764072823,18.11319634322953,False,
thorough,350,0.0,0,1000,rho,2,1.0,7.73,0.97,1.409591285834906e-05,0.03129243850708,0.8501789120706176,1.1493028953240998,54.61269998340868,87.57289999630302,70.8316000236664,82.34100000117905,127.34809998073617,172.038100019563,125.44430000707509,169.91389999748208,0.125444300007075,0.169913899997482,0.0,4000.0,True,1.0,0.9653825175724255,0.9999989782583224,55.34253071637859,,,16334.299987647682,18930.999998701736,111.41525207168026,71.77046728745199,False,
thorough,350,0.0,0,10000,rho,2,1.0,7.73,0.97,1.409591285834906e-05,0.3129243850708008,0.8500280140389334,1.1499889759083348,113.23640000773594,120.80689999856986,674.7939000197221,752.5717999960762,804.2380000115372,897.3344000114594,788.030300027458,873.378699994646,0.0788030300027458,0.0873378699994646,0.0,40000.0,True,1.0,0.9653612108613102,0.9999989784396712,58.091811438802736,,,163342.99987647682,189309.99998701736,216.7559158337361,139.6278613335479,False,
thorough,350,0.0,0,50000,rho,2,1.0,7.73,0.97,1.409591285834906e-05,1.564621925354004,0.8500015616736036,1.1499880838749887,90.69040001486428,96.60639998037368,3048.4271000023,3105.125300004147,3167.9117000021506,3248.338999983389,3139.1175000171643,3201.7316999845207,0.0627823500003432,0.0640346339996904,0.0,200000.0,True,1.0,0.9653612385645568,0.9999989784714616,64.29545256301262,,,816714.9993823841,946549.9999350868,295.6368892308069,190.4406918529688,False,
thorough,350,0.0,0,100000,rho,2,1.0,7.73,0.97,1.409591285834906e-05,3.129243850708008,0.8500011876117007,1.1499978798103876,78.73519998975098,107.831500004977,6414.861600002041,6638.299699989148,6572.838100022636,6817.26169999456,6493.596799991792,6746.1311999941245,0.0649359679999179,0.0674613119999412,0.0,400000.0,True,1.0,0.965360934339068,0.9999989784719112,61.10809935476632,,,1633429.9987647682,1893099.9998701736,280.6200982085588,180.76731151423945,False,
thorough,350,0.0,0,500000,rho,2,1.0,7.73,0.97,1.409591285834906e-05,15.64621925354004,0.8500008397365935,1.1499998639215856,93.07319999788888,116.85259998193942,33419.24740001559,33652.051200013375,33726.42489999998,34018.91090002027,33512.32060001348,33768.903799995314,0.0670246412000269,0.0675378075999906,0.0,2000000.0,True,1.0,0.9653608727198992,0.9999989784723292,58.64883719670736,,,8167149.993823841,9465499.999350868,280.302258415394,180.56256835696232,False,
thorough,350,0.3,105,1,base,0,1.0,1.0,0.9769495380951144,1.547823266854434e-05,3.129243850708008e-05,1.0,1.0,76.03850000305101,100.20869999425486,2.1665999956894666,2.6403999945614487,79.46129998890683,103.77230000449345,78.20509999874048,102.8490999888163,78.20509999874048,102.8490999888163,3.0,6.0,True,1.0,0.9819503135690396,1.004999700255478,2.713929664773601,0.0863889671389596,5.327718138429529e-06,20.132900011958554,23.50575001037214,0.2285459961528893,0.1630500414193861,False,
thorough,350,0.3,105,10,base,0,1.0,1.0,0.9769495380951144,1.547823266854434e-05,0.0003129243850708,0.8549627358558543,1.1283855065347557,124.8077999916859,168.12940000090748,3.912800020771101,4.473100008908659,130.20610000239685,172.91130000376145,128.720600012457,172.60250000981614,12.8720600012457,17.260250000981614,4.0,60.0,True,1.0,0.9819482376609068,1.004999702132987,15.027601637666164,0.0863824327922378,5.380183977288092e-06,201.3290001195856,235.0575001037214,1.3618429634006075,0.9715705167752132,False,
thorough,350,0.3,105,100,base,0,1.0,1.0,0.9769495380951144,1.547823266854434e-05,0.003129243850708,0.8507397489940173,1.1482994769344113,116.6637999995146,139.5312999957241,10.164999985136092,13.375500013353305,127.90590000804514,153.35969999432564,126.82879998465069,152.9068000090774,1.2682879998465069,1.529068000090774,4.0,600.0,True,1.0,0.981948106991282,1.0049997021329906,57.8455485351511,0.0863827440383342,5.942474017937977e-06,2013.290001195856,2350.575001037214,15.37259952400855,10.967170859718172,False,
thorough,350,0.3,105,1000,base,0,1.0,1.0,0.9769495380951144,1.547823266854434e-05,0.03129243850708,0.8503030277688933,1.1498183184891635,78.55760000529699,107.01229999540374,146.1628999968525,169.75849997834302,227.79539998737164,296.713899995666,224.7205000021495,276.7707999737468,0.2247205000021495,0.2767707999737467,4.0,6000.0,True,1.0,0.981948096995099,1.004999702132991,40.22908686216969,0.0863827677771288,5.859823965500504e-06,20132.900011958554,23505.75001037214,84.92857632597728,60.59002616863399,False,
thorough,350,0.3,105,10000,base,0,1.0,1.0,0.9769495380951144,1.547823266854434e-05,0.3129243850708008,0.8500016404458488,1.1499722707725113,111.90700001316144,125.15839998377488,1279.527100006817,1308.4336000028998,1403.6336000135634,1450.2081999962684,1391.4341000199784,1433.5919999866746,0.1391434100019978,0.1433591999986674,4.0,60000.0,True,1.0,0.981948095981652,1.0049997021329915,45.95447802526944,0.0863827701833301,5.7864635249231615e-06,201329.0001195856,235057.5001037214,163.96401494002916,116.97575051534156,False,
thorough,350,0.3,105,50000,base,0,1.0,1.0,0.9769495380951144,1.547823266854434e-05,1.564621925354004,0.8500056353164943,1.1499874817012643,91.6729999880772,111.0585999849718,6170.416100008879,6335.6887999980245,6367.38080001669,6542.278699984308,6262.089099996956,6446.747399982996,0.1252417819999391,0.1289349479996599,4.0,300000.0,True,1.0,0.9819480958815182,1.0049997021329915,47.64670570588861,0.0863827704210683,5.860391701119639e-06,1006645.0005979276,1175287.500518607,182.30704998953533,130.0620993244385,False,
thorough,350,0.3,105,100000,base,0,1.0,1.0,0.9769495380951144,1.547823266854434e-05,3.129243850708008,0.8500072370841529,1.14999859716934,134.64260002365336,148.02550000604242,12031.83349999017,12537.49119999702,12301.169200014556,12814.7561000078,12166.476100013824,12685.516700003063,0.1216647610001382,0.1268551670000306,4.0,600000.0,True,1.0,0.981948095808345,1.0049997021329915,48.87035712391469,0.0863827705947957,5.901513946407524e-06,2013290.001195856,2350575.001037214,185.29596047409296,132.1944577402908,False,
thorough,350,0.3,105,500000,base,0,1.0,1.0,0.9769495380951144,1.547823266854434e-05,15.64621925354004,0.8500001118947541,1.149999961733648,121.43689999356866,138.2881999888923,62192.64180000755,62602.96779999044,62773.40500001446,63227.41250001127,62314.07870000112,62741.25599997933,0.1246281574000022,0.1254825119999586,4.0,3000000.0,True,1.0,0.981948095799362,1.0049997021329915,47.2724733169261,0.0863827706161263,5.893795560560682e-06,10066450.005979275,11752875.00518607,187.32291564564696,133.6405348111664,False,
thorough,350,0.3,105,1,lambda,1,5.0,1.0,0.8366090468726083,1.547823266854434e-05,3.129243850708008e-05,5.0,5.0,102.57989997626282,108.93980000400916,4.094600008102134,6.031099997926503,110.61840000911616,113.76670000026934,106.67449998436496,114.97090000193566,106.67449998436496,114.97090000193566,11.0,16.0,True,1.0,0.8416091523913032,1.0049949066011226,3.829433880958681,0.0863680332497959,2.7499325722793767e-05,25.32509999582544,28.572300012456253,0.2485176684880713,0.1899271904006975,False,
thorough,350,0.3,105,10,lambda,1,5.0,1.0,0.8366090468726083,1.547823266854434e-05,0.0003129243850708,4.851263548328964,5.143934112155483,62.979099981021136,89.99179999227636,10.505300015211104,10.715300013544038,74.28060000529513,101.40790001605636,73.48439999623224,100.7071000058204,7.348439999623224,10.07071000058204,11.0,160.0,True,1.0,0.841607884378287,1.0049949066011226,14.925799336807335,0.0863702835527445,2.6533567712211105e-05,253.2509999582544,285.72300012456253,2.8371683834411785,2.168278106900623,False,
thorough,350,0.3,105,100,lambda,1,5.0,1.0,0.8366090468726083,1.547823266854434e-05,0.003129243850708,4.8531684259640695,5.14460094674643,61.96659998386167,145.2415999956429,30.571800016332418,35.54870001971722,97.93570000329056,182.15460001374595,92.53840000019407,180.7903000153601,0.9253840000019408,1.8079030001536007,11.0,1600.0,True,1.0,0.8416078784905857,1.0049949066011226,51.28909646021252,0.0863702939782165,2.731547787845504e-05,2532.509999582544,2857.2300012456253,15.804111177440785,12.078136942829332,False,
thorough,350,0.3,105,1000,lambda,1,5.0,1.0,0.8366090468726083,1.547823266854434e-05,0.03129243850708,4.850202787792052,5.148798922660507,195.2179000072647,275.2838999731466,483.3612999937032,600.381299998844,685.2062999969348,879.6350999909919,678.5792000009678,875.6651999719907,0.6785792000009678,0.8756651999719907,11.0,16000.0,True,1.0,0.8416078414225999,1.0049949066011228,32.4395022940485,0.0863703596104699,2.6779431872195827e-05,25325.09999582544,28572.300012456253,32.629251468906354,24.93658537064811,False,
thorough,350,0.3,105,10000,lambda,1,5.0,1.0,0.8366090468726083,1.547823266854434e-05,0.3129243850708008,4.850028218942232,5.149986349501761,124.51580000924878,166.93879998638295,3442.341799993301,3843.170799984364,3579.1840000019874,3981.239700020524,3566.8576000025496,4010.109599970747,0.356685760000255,0.4010109599970747,11.0,160000.0,True,1.0,0.8416078309368235,1.0049949066011228,45.5503866583804,0.086370378175007,2.693117914227335e-05,253250.9999582544,285723.00012456253,71.25067108556007,54.45262647027524,False,
thorough,350,0.3,105,50000,lambda,1,5.0,1.0,0.8366090468726083,1.547823266854434e-05,1.564621925354004,4.850003556806581,5.149993172645188,111.91320000216363,129.99020001734607,15733.341599989217,16469.500400009565,15934.502899996003,16676.411199994618,15845.25479999138,16599.49060002691,0.3169050959998276,0.3319898120005382,11.0,800000.0,True,1.0,0.8416078308765694,1.0049949066011228,49.83048229249261,0.0863703782816857,2.6928061004178065e-05,1266254.999791272,1428615.000622813,86.06378563330712,65.77340395967269,False,
thorough,350,0.3,105,100000,lambda,1,5.0,1.0,0.8366090468726083,1.547823266854434e-05,3.129243850708008,4.8500029747539655,5.149999339321163,120.47530000563712,133.27960000606254,30938.567199977115,31901.458800013643,31302.90470001637,32168.52879998624,31059.042499982752,32034.738400019705,0.3105904249998275,0.3203473840001971,11.0,1600000.0,True,1.0,0.8416078308221125,1.0049949066011228,50.68108002109289,0.0863703783780932,2.6881587551455225e-05,2532509.999582544,2857230.0012456253,89.19161335320496,68.16381561334605,False,
thorough,350,0.3,105,500000,lambda,1,5.0,1.0,0.8366090468726083,1.547823266854434e-05,15.64621925354004,4.850000170812615,5.1499993576225735,112.96889997902326,125.7288999913726,158839.09170000695,161773.27380000497,159354.97539999778,162308.57300001662,158952.060599986,161899.00269999634,0.317904121199972,0.3237980053999927,11.0,8000000.0,True,1.0,0.8416078308219509,1.0049949066011228,49.358126617892616,0.0863703783783826,2.691808863396704e-05,12662549.99791272,14286150.006228128,88.24112420692786,67.43741360677228,False,
thorough,350,0.3,105,1,lambda,2,9.0,1.0,0.6004203655548052,1.547823266854434e-05,3.129243850708008e-05,9.0,9.0,86.7502000182867,115.57540000649168,30.12859998852946,30.19819999462925,117.7800000004936,146.3435999758076,116.87880000681616,145.77360000112094,116.87880000681616,145.77360000112094,48.0,94.0,True,1.0,0.6054204419791065,1.0049901097985854,3.057559927612696,0.0863470670947795,5.1532046320801416e-05,96.52039999491537,104.2662499967264,0.7152615425284458,0.6690515292119243,False,
thorough,350,0.3,105,10,lambda,2,9.0,1.0,0.6004203655548052,1.547823266854434e-05,0.0003129243850708,8.851177699465609,9.117982328622016,93.1187999958638,109.6047000028193,44.95359997963533,54.73100001108833,138.86690000072122,162.58759997435843,138.07239997549914,164.33570001390763,13.807239997549914,16.433570001390763,50.0,940.0,True,1.0,0.605418472958638,1.0049901097985854,21.364251148630498,0.0863489116696375,5.030323676280569e-05,965.2039999491536,1042.662499967264,6.3447108563691526,5.934806009359101,False,
thorough,350,0.3,105,100,lambda,2,9.0,1.0,0.6004203655548052,1.547823266854434e-05,0.003129243850708,8.852204706276689,9.149605807998825,80.01259999582544,100.43670001323336,192.97289999667555,195.97100000828505,277.5997999997344,296.91179998917505,272.985499992501,296.4077000215184,2.72985499992501,2.964077000215184,50.0,9548.0,True,1.0,0.6054182340747384,1.0049901097985856,49.76864627191411,0.08634940608173,5.062399119406435e-05,9652.039999491535,10426.62499967264,35.176633396891155,32.904020372074314,False,
thorough,350,0.3,105,1000,lambda,2,9.0,1.0,0.6004203655548052,1.547823266854434e-05,0.03129243850708,8.850178372005685,9.14962301375568,87.75430000969209,117.7851999818813,1984.1257999942168,2159.5132000220474,2088.014800014207,2317.159199999878,2071.8801000039093,2277.2984000039287,2.0718801000039093,2.2772984000039287,50.0,94700.0,True,1.0,0.6054182339397546,1.0049901097985856,48.404188887761,0.0863494063507359,4.898271772259034e-05,96520.39999491537,104266.2499967264,45.7850626850423,42.82708405684081,False,
thorough,350,0.3,105,10000,lambda,2,9.0,1.0,0.6004203655548052,1.547823266854434e-05,0.3129243850708008,8.850000276737816,9.149917755099736,98.50880000158212,115.32390001229942,20364.85359998187,21068.08359999559,20483.756500005256,21197.88279998465,20463.362399983453,21183.40750000789,2.0463362399983454,2.118340750000789,50.0,948228.0,True,1.0,0.6054182316266135,1.0049901097985856,47.159681030108416,0.0863494109588204,4.940106911688111e-05,965203.9999491536,1042662.499967264,49.220716731568125,46.04077507334031,False,
thorough,350,0.3,105,50000,lambda,2,9.0,1.0,0.6004203655548052,1.547823266854434e-05,1.564621925354004,8.850005893771472,9.149989607496066,99.50700000626966,121.32890001521446,94152.44210002128,95653.7308000261,94330.7065999834,95844.68190002372,94251.94910002756,95775.05970004133,1.885038982000551,1.9155011940008264,50.0,4739268.0,True,1.0,0.6054182310624797,1.0049901097985858,51.0023945517916,0.0863494120821879,4.929863046877593e-05,4826019.999745768,5213312.49983632,54.43288175610577,50.91620423152567,False,
thorough,350,0.3,105,100000,lambda,2,9.0,1.0,0.6004203655548052,1.547823266854434e-05,3.129243850708008,8.850003557537232,9.149995280776825,104.61549999308772,126.52339998749083,183324.68920000247,185474.05740001705,183623.69670000044,185749.75409999024,183429.30469999555,185600.5808000045,1.834293046999956,1.8560058080000448,50.0,9478320.0,True,1.0,0.6054182310179329,1.0049901097985858,52.38792462657491,0.0863494121708804,4.933239877487442e-05,9652039.999491535,10426624.99967264,56.17776062300116,52.548353878575234,False,
thorough,350,0.3,105,500000,lambda,2,9.0,1.0,0.6004203655548052,1.547823266854434e-05,15.64621925354004,8.85000029906722,9.149998649040311,110.97370000788942,132.3271000001114,929164.366699988,945939.0689000138,929760.3074999934,946619.242500019,929275.340399996,946071.396000014,1.858550680799992,1.892142792000028,50.0,47397544.0,True,1.0,0.6054182309914855,1.0049901097985858,51.68084541440974,0.0863494122235443,4.933731800968253e-05,48260199.99745768,52133124.9983632,55.104852782550914,51.54476206121124,False,
thorough,350,0.3,105,1,rho,1,1.0,3.16,0.978307141320366,1.3851033839182348e-05,3.129243850708008e-05,1.0,1.0,37.989100004779175,52.2208999900613,2.017400023760274,2.2465000220108777,41.61349998321384,55.85649999557063,40.00650002853945,54.467400012072176,40.00650002853945,54.467400012072176,5.0,8.0,True,1.0,0.9833069851389032,1.0049998844151056,3.886190099961861,0.2072599708404374,5.066588007135643e-06,21.88650000607595,25.23780000046827,0.4633560624313728,0.3396820850475423,False,
thorough,350,0.3,105,10,rho,1,1.0,3.16,0.978307141320366,1.3851033839182348e-05,0.0003129243850708,0.9086321654616044,1.1280646862178183,37.93059999588877,57.16160000883974,5.183500004932284,5.440199980512261,44.42580000613816,64.00750001193956,43.114100000821054,62.601799989352,4.311410000082105,6.2601799989352,5.0,90.0,True,1.0,0.9833057391396468,1.0049994556130597,17.01553003107448,0.2072659071265429,8.636287815589043e-06,218.86500006075948,252.3780000046827,4.031481523656027,2.9554421768010126,False,
thorough,350,0.3,105,100,rho,1,1.0,3.16,0.978307141320366,1.3851033839182348e-05,0.003129243850708,0.8538868715431321,1.1477020974996517,71.9286999956239,81.38590000453405,21.64290001383052,22.85959999426268,94.8350999969989,108.09950000839308,93.5716000094544,104.24549999879672,0.935716000094544,1.042454999987967,6.0,911.0,True,1.0,0.9833055629308682,1.0049998889219227,45.280438359635184,0.2072721002026357,9.148400646965476e-06,2188.650000607595,2523.780000046827,24.209965898537185,17.748104238008132,False,
thorough,350,0.3,105,1000,rho,1,1.0,3.16,0.978307141320366,1.3851033839182348e-05,0.03129243850708,0.8500176030225713,1.1498528751996484,57.54959999467246,85.56979999411851,206.6819000174292,232.34919999958947,267.42339998600073,329.8478000215255,264.2315000121016,317.918999993708,0.2642315000121016,0.317918999993708,6.0,9129.0,True,1.0,0.983305543423892,1.0049998889219331,47.41585982697847,0.2072722931407423,9.794709429260144e-06,21886.50000607595,25237.80000046827,79.38437149389547,58.19595558486715,False,
thorough,350,0.3,105,10000,rho,1,1.0,3.16,0.978307141320366,1.3851033839182348e-05,0.3129243850708008,0.85002769370397,1.14995983879069,108.70529999374412,116.5614000055939,2061.0268999880645,2271.075700002257,2188.3091000199784,2409.7117999917828,2169.7321999818087,2387.6371000078507,0.2169732199981808,0.238763710000785,6.0,91334.0,True,1.0,0.9833055424509702,1.0049998889219338,47.54911253247957,0.2072723070493531,1.0043536551584358e-05,218865.00006075948,252378.0000046827,105.7019929887389,77.48916283449597,False,
thorough,350,0.3,105,50000,rho,1,1.0,3.16,0.978307141320366,1.3851033839182348e-05,1.564621925354004,0.8500097989792031,1.1499984144005406,86.06679999502376,111.96520001976752,9875.373199989554,9990.950700012036,10044.214499997906,10159.240600012708,9961.439999984575,10102.915900031803,0.1992287999996915,0.202058318000636,6.0,456761.0,True,1.0,0.9833055421000284,1.0049998889219345,49.61837796677074,0.2072723124612402,1.0072099474908258e-05,1094325.0003037974,1261890.0000234134,124.90354393818532,91.56564395018356,False,
thorough,350,0.3,105,100000,rho,1,1.0,3.16,0.978307141320366,1.3851033839182348e-05,3.129243850708008,0.850001029828962,1.1499907323371177,119.93909999728204,135.8204999996815,19398.145699989986,19738.26489999192,19669.848799996544,20026.27540001413,19518.084799987264,19874.0853999916,0.1951808479998726,0.198740853999916,6.0,913641.0,True,1.0,0.9833055421699188,1.0049998889219345,50.52029277213368,0.207272312685626,1.0089493819544988e-05,2188650.000607595,2523780.000046827,126.98848521843895,93.09409530476825,False,
thorough,350,0.3,105,500000,rho,1,1.0,3.16,0.978307141320366,1.3851033839182348e-05,15.64621925354004,0.8500001702763837,1.1499987464362296,118.5371000028681,135.8061000064481,97032.54099999322,99653.0066000123,97635.18880002084,100277.84460000112,97151.07809999608,99788.81270001877,0.1943021561999921,0.1995776254000375,6.0,4567440.0,True,1.0,0.9833055420970076,1.0049998889219345,50.49852296458301,0.2072723127549847,1.0054724586908854e-05,10943250.003037974,12618900.000234134,126.45605913930032,92.70377862315088,False,
thorough,350,0.3,105,1,rho,2,1.0,7.73,0.9787886211309574,1.409591285834906e-05,3.129243850708008e-05,1.0,1.0,48.97859998163767,91.28469999996014,6.389399990439415,7.77399999788031,57.66699998639524,100.27999998419546,55.36799997207709,99.05869999784044,55.36799997207709,99.05869999784044,10.0,19.0,True,1.0,0.9837881196061746,1.004999389083955,2.914201650837555,0.5812123121996897,5.808252568133974e-06,24.20189999975264,27.15510000416544,0.2741313989054715,0.2061292951286613,False,
thorough,350,0.3,105,10,rho,2,1.0,7.73,0.9787886211309574,1.409591285834906e-05,0.0003129243850708,0.851801711269591,1.1362823103641642,34.342800005106255,67.25459999870509,9.653099987190217,11.17869999143295,44.73239998333156,77.85149998380803,43.99589999229647,78.43329999013804,4.399589999229647,7.843329999013804,12.0,185.0,True,1.0,0.9837828415194152,1.0049999611785152,20.30435821239751,0.5812282342447277,2.080432594293356e-05,242.0189999975264,271.55100004165433,3.462190167643058,2.6033457739867867,False,
thorough,350,0.3,105,100,rho,2,1.0,7.73,0.9787886211309574,1.409591285834906e-05,0.003129243850708,0.8543415947963713,1.149621068935823,53.00150002585724,98.62689999863504,36.465799988945946,40.37200001766905,101.83510000933892,139.4321999978274,89.46730001480319,138.9989000163041,0.8946730001480319,1.389989000163041,13.0,1662.0,True,1.0,0.9837525924435492,1.0049999826907294,51.061542611554856,0.5812325443496313,2.174484455361173e-05,2420.189999975264,2715.510000416544,19.53619776917676,14.689972369940556,False,
thorough,350,0.3,105,1000,rho,2,1.0,7.73,0.9787886211309574,1.409591285834906e-05,0.03129243850708,0.8513555574899501,1.149613643747802,72.6602999784518,88.5783999983687,424.62189999059774,454.6738999779336,530.6902999873273,542.9377999971621,497.2821999690496,543.2522999763023,0.4972821999690495,0.5432522999763023,13.0,16288.0,True,1.0,0.9837522021611502,1.0049999826907283,43.850776421122646,0.5812325430672866,2.1294535161508773e-05,24201.89999975264,27155.10000416544,49.986166658383205,37.58640323806653,False,
thorough,350,0.3,105,10000,rho,2,1.0,7.73,0.9787886211309574,1.409591285834906e-05,0.3129243850708008,0.8500870877033091,1.1499637248528858,102.23260000930168,116.99789998237976,4158.941700006835,4370.111900003394,4293.9526999834925,4491.904700000305,4261.174300016137,4487.109799985774,0.4261174300016137,0.4487109799985774,13.0,163411.0,True,1.0,0.9837521974480156,1.0049999826907563,44.771005085186445,0.5812326035267236,2.093198614274834e-05,242018.9999975264,271551.00004165433,60.5180198716143,45.50568387468724,False,
thorough,350,0.3,105,50000,rho,2,1.0,7.73,0.9787886211309574,1.409591285834906e-05,1.564621925354004,0.8500000152035474,1.1499989424882182,92.0654000074137,129.9009000067599,19258.87109999894,20050.757399993017,19464.101499994285,20285.249999986263,19350.936500006355,20180.658299999777,0.3870187300001271,0.4036131659999955,13.0,815865.0,True,1.0,0.9837521935247046,1.0049999826907594,48.34135890758681,0.581232609608898,2.1069124788741573e-05,1210094.999987632,1357755.0002082717,67.28001535055408,50.59027238699294,False,
thorough,350,0.3,105,100000,rho,2,1.0,7.73,0.9787886211309574,1.409591285834906e-05,3.129243850708008,0.8500007630228759,1.1499972814166082,99.47789998841472,120.60510000446811,39554.70700000296,39858.43300001579,39823.15079998807,40083.35110000917,39654.18489999138,39979.03810002026,0.3965418489999138,0.3997903810002026,13.0,1632974.0,True,1.0,0.9837521929832108,1.0049999826907594,47.0740435518802,0.5812326093220367,2.1057652116524864e-05,2420189.999975264,2715510.000416544,67.92334506955451,51.07401522725987,False,
thorough,350,0.3,105,500000,rho,2,1.0,7.73,0.9787886211309574,1.409591285834906e-05,15.64621925354004,0.8500012124867089,1.1499988366709146,87.73959998507053,115.52290001418442,194911.3315999857,199644.0053999832,195594.9636999867,200315.27029999407,194999.0711999708,199759.52829999733,0.3899981423999415,0.3995190565999946,13.0,8164782.0,True,1.0,0.9837521929465526,1.0049999826907594,47.76530909504434,0.5812326095906386,2.109934084170282e-05,12100949.99987632,13577550.002082717,67.96947368483998,51.10870099836096,False,
thorough,350,0.5,175,1,base,0,1.0,1.0,0.9769402762575634,1.547823266854434e-05,3.129243850708008e-05,1.0,1.0,103.04830002132805,163.88909998931922,2.0988000032957643,2.74990001344122,106.69269997742958,166.69029998593032,105.1471000246238,166.63900000276044,105.1471000246238,166.63900000276044,3.0,5.0,True,1.0,0.9819398569523784,1.00499959105529,2.334667425340903,0.0863889361832118,5.235781854063288e-06,21.48620001389645,24.025949998758733,0.1441796338093767,0.1037557234574335,False,
thorough,350,0.5,175,10,base,0,1.0,1.0,0.9769402762575634,1.547823266854434e-05,0.0003129243850708,0.8768937339689002,1.1196169337159274,106.24000002280808,132.5148000032641,5.394400010118261,6.707699998514727,113.60690000583418,140.2177000127267,111.63440003292637,139.22250000177883,11.163440003292637,13.922250000177884,5.0,63.0,True,1.0,0.9819402468939968,1.004999342313614,14.533590362773497,0.0863902380200356,5.226591185973463e-06,214.8620001389645,240.25949998758733,1.7257232127315454,1.241879006718653,False,
thorough,350,0.5,175,100,base,0,1.0,1.0,0.9769402762575634,1.547823266854434e-05,0.003129243850708,0.850447420057008,1.1460443000980094,118.73409998952413,137.10940000601113,15.52440001978539,18.120799999451265,138.5127000103239,157.08239999366924,134.2585000093095,155.2302000054624,1.342585000093095,1.552302000054624,4.0,600.0,True,1.0,0.981939466396548,1.0049993411196705,37.875859888344245,0.0863826778337628,5.3925030326906245e-06,2148.620001389645,2402.5949998758733,15.47762613068416,11.138135492256833,False,
thorough,350,0.5,175,1000,base,0,1.0,1.0,0.9769402762575634,1.547823266854434e-05,0.03129243850708,0.8502913677656347,1.14996449012888,93.37970000342466,134.58049998735078,171.29749999730848,197.28459999896583,288.8863999978639,329.52809997368604,264.67720000073314,331.86509998631664,0.2646772000007331,0.3318650999863166,4.0,6000.0,True,1.0,0.9819394660641084,1.0049993411196705,34.32624527557255,0.0863827391045568,5.1661210312632495e-06,21486.20001389645,24025.949998758733,72.39673590187508,52.0987292795252,False,
thorough,350,0.5,175,10000,base,0,1.0,1.0,0.9769402762575634,1.547823266854434e-05,0.3129243850708008,0.8500000263402118,1.149997976791885,116.32209998788312,121.94020001334138,2401.922300021397,2417.341499996837,2556.2525000132155,2601.552700012689,2518.24440000928,2539.2817000101786,0.251824440000928,0.2539281700010178,6.0,60008.0,True,1.0,0.9819393729085102,1.0049993374148214,40.80065370937561,0.0863865380321692,5.322438453718554e-06,214862.0001389645,240259.49998758733,94.61711159759244,68.08913718174855,False,
thorough,350,0.5,175,50000,base,0,1.0,1.0,0.9769402762575634,1.547823266854434e-05,1.564621925354004,0.8500171076189154,1.1499971264911455,132.7099000045564,145.90910001425073,11076.513599982718,11262.063700007277,11304.195799981244,11571.001500007696,11209.223499987274,11407.972800021524,0.2241844699997454,0.2281594560004305,6.0,300060.0,True,1.0,0.98193937290851,1.0049993374148212,44.23774643320661,0.0863865393279855,5.319332179218829e-06,1074310.0006948223,1201297.499937937,105.303327856433,75.77923924168653,False,
thorough,350,0.5,175,100000,base,0,1.0,1.0,0.9769402762575634,1.547823266854434e-05,3.129243850708008,0.8500029851328768,1.1499992221923183,117.8846999828238,139.91410000016913,21568.86780000059,22055.66400001408,21892.32810001704,22357.19139999128,21686.752499983413,22195.578100014245,0.2168675249998341,0.2219557810001424,6.0,600088.0,True,1.0,0.98193937290851,1.0049993374148216,45.435857323951566,0.0863865392991797,5.328488346306429e-06,2148620.001389645,2402594.9998758733,108.2465610514705,77.89727270720908,False,
thorough,350,0.5,175,500000,base,0,1.0,1.0,0.9769402762575634,1.547823266854434e-05,15.64621925354004,0.850000284029337,1.1499993207626162,105.7376000098884,144.42470000358298,109164.21940000146,110604.66840001754,110031.37760001118,111459.32620001258,109269.95700001136,110749.09310002111,0.2185399140000226,0.2214981862000422,6.0,3000580.0,True,1.0,0.98193937290851,1.0049993374148216,44.8865024357966,0.0863865393080467,5.31498489523336e-06,10743100.006948223,12012974.999379368,108.47018845138584,78.05820127978265,False,
thorough,350,0.5,175,1,lambda,1,5.0,1.0,0.836597808185599,1.547823266854434e-05,3.129243850708008e-05,5.0,5.0,78.85780002106912,117.5873999891337,5.84940001135692,7.01089997892268,85.33000000170432,125.92819999554196,84.70720003242604,124.59829996805638,84.70720003242604,124.59829996805638,11.0,16.0,True,1.0,0.8415976850312505,1.0049945455834646,2.6806168101953105,0.0863680022931533,2.6564590320288e-05,24.648999999044463,28.136799999629147,0.225820095513684,0.1717567575790891,False,
thorough,350,0.5,175,10,lambda,1,5.0,1.0,0.836597808185599,1.547823266854434e-05,0.0003129243850708,4.904531876559637,5.131540463100085,99.20230001443996,148.8645999925211,9.394399996381251,12.412200012477117,112.39759999443775,159.0581999917049,108.59670001082122,161.27680000499822,10.859670001082122,16.127680000499822,11.0,160.0,True,1.0,0.8415975308747168,1.0049945455834648,16.690794522311137,0.0863700588320392,2.615504179236789e-05,246.48999999044463,281.3679999962915,1.7446278695235238,1.3269484514646157,False,
thorough,350,0.5,175,100,lambda,1,5.0,1.0,0.836597808185599,1.547823266854434e-05,0.003129243850708,4.852112447857857,5.148887351468146,141.41539999400266,142.39120000274852,34.648199973162264,38.7990000017453,177.25499998778105,183.6493999871891,176.06359996716492,181.19020000449385,1.7606359996716492,1.8119020000449384,11.0,1600.0,True,1.0,0.841597510197635,1.0049945455834648,45.2548761902361,0.0863703300380171,2.6768973113970472e-05,2464.8999999044463,2813.6799999629147,15.52887518140126,11.811124443733336,False,
thorough,350,0.5,175,1000,lambda,1,5.0,1.0,0.836597808185599,1.547823266854434e-05,0.03129243850708,4.850063625479805,5.149902388475517,110.77989998739211,132.9478999832645,423.91759998281486,498.8899000163656,539.4644000043627,636.543900007382,534.697499970207,631.8377999996301,0.534697499970207,0.6318377999996301,11.0,16000.0,True,1.0,0.8415975089853137,1.004994545583465,36.98832037319434,0.0863703459073798,2.635475699970489e-05,24648.999999044463,28136.799999629147,44.53168202289515,33.87040155304513,False,
thorough,350,0.5,175,10000,lambda,1,5.0,1.0,0.836597808185599,1.547823266854434e-05,0.3129243850708008,4.850032511135704,5.149997538301388,115.4065000009723,159.5870000019204,4042.7608999889344,4259.768100018846,4180.710899992846,4439.110899984371,4158.167399989907,4419.355100020766,0.4158167399989906,0.4419355100020766,11.0,160000.0,True,1.0,0.841597508871657,1.004994545583465,38.7853756081467,0.0863703473949773,2.6459785311580032e-05,246489.99999044463,281367.9999962915,63.66720791342821,48.42471247055827,False,
thorough,350,0.5,175,50000,lambda,1,5.0,1.0,0.836597808185599,1.547823266854434e-05,1.564621925354004,4.850000580546986,5.149998588815338,112.60630001197568,161.53770001255907,18569.969000003766,18844.453199999407,18875.87290001101,19082.44269998977,18682.575300015746,19005.99090001197,0.3736515060003148,0.3801198180002393,11.0,800000.0,True,1.0,0.8415975088704019,1.004994545583465,42.218702680647496,0.0863703474114032,2.649996454930857e-05,1232449.9999522232,1406839.9999814574,74.02087096551075,56.299616565549904,False,
thorough,350,0.5,175,100000,lambda,1,5.0,1.0,0.836597808185599,1.547823266854434e-05,3.129243850708008,4.850000091953292,5.149990764914636,112.43790001026356,147.95159999630414,36648.12739999616,37009.47079999605,37028.73299998464,37333.9673000155,36760.56530000642,37157.42239999236,0.3676056530000642,0.3715742239999235,11.0,1600000.0,True,1.0,0.8415975088797477,1.004994545583465,42.785269295919456,0.0863703472890859,2.6475259425168992e-05,2464899.9999044463,2813679.9999629147,75.72322885248073,57.59441484397608,False,
thorough,350,0.5,175,500000,lambda,1,5.0,1.0,0.836597808185599,1.547823266854434e-05,15.64621925354004,4.850000103936521,5.149999747652407,132.20359999104403,138.28909999574535,180680.7055999816,183911.19590000017,181520.9883000061,184696.29419999543,180812.90919997264,184049.4849999959,0.3616258183999453,0.3680989699999918,11.0,8000000.0,True,1.0,0.8415975088690179,1.004994545583465,43.39146215953674,0.0863703474295188,2.647723604855202e-05,12324499.999522232,14068399.999814574,76.4381383616199,58.13816866257616,False,
thorough,350,0.5,175,1,lambda,2,9.0,1.0,0.6003994234185738,1.547823266854434e-05,3.129243850708008e-05,9.0,9.0,37.36089999438264,81.82809999561869,19.43729998311028,20.093800005270168,57.76570001034997,102.42499999003483,56.798199977492914,101.92190000088884,56.798199977492914,101.92190000088884,48.0,94.0,True,1.0,0.6053987203605209,1.004989748776589,4.739341373547054,0.0863470361372401,4.914564818984336e-05,91.76660000230186,96.50915001111572,0.9468931604520132,0.8808013784386255,False,
thorough,350,0.5,175,10,lambda,2,9.0,1.0,0.6003994234185738,1.547823266854434e-05,0.0003129243850708,8.905573961638051,9.102810946632248,122.60459997924043,141.94890001090243,58.09400000725873,61.25570001313463,181.44650000613183,203.9014999754727,180.6985999864992,203.20460002403703,18.06985999864992,20.320460002403703,50.0,948.0,True,1.0,0.6053979626720799,1.004989748776589,16.53182772541054,0.0863486435187896,4.829259901483015e-05,917.6660000230186,965.0915001111572,4.749358528286252,4.41786012734197,False,
thorough,350,0.5,175,100,lambda,2,9.0,1.0,0.6003994234185738,1.547823266854434e-05,0.003129243850708,8.850578875806168,9.149277007853003,74.15470000705682,101.37730001588352,188.77700000302863,215.0125000043772,279.230699990876,313.821799994912,262.9317000100855,316.38980002026074,2.629317000100855,3.163898000202608,50.0,9424.0,True,1.0,0.605397944303479,1.0049897487765893,50.874841743675965,0.0863493699853001,4.788976312983701e-05,9176.660000230186,9650.91500111157,30.50324315288784,28.37416061077754,False,
thorough,350,0.5,175,1000,lambda,2,9.0,1.0,0.6003994234185738,1.547823266854434e-05,0.03129243850708,8.850761147866375,9.14986693307568,99.55760001321325,123.8735000079032,2328.5927000106312,2371.749799989629,2430.718299990985,2489.074199984316,2428.1503000238445,2495.6232999975327,2.4281503000238445,2.4956232999975327,50.0,94768.0,True,1.0,0.6053979297897882,1.0049897487765893,41.24379501815046,0.0863493792083997,4.833620397079882e-05,91766.60000230186,96509.15001111572,38.67136118308044,35.97215573919165,False,
thorough,350,0.5,175,10000,lambda,2,9.0,1.0,0.6003994234185738,1.547823266854434e-05,0.3129243850708008,8.850025068229066,9.149958290639391,120.63270001090132,130.9356999990996,22824.2559999926,23321.49989999016,22973.03389999433,23461.50450001005,22944.888700003503,23452.435599989258,2.2944888700003503,2.345243559998926,50.0,946252.0,True,1.0,0.6053979286943857,1.0049897487765893,42.078041886680175,0.0863493806367121,4.832660450396786e-05,917666.0000230186,965091.5001111572,41.15101376129988,38.278732130452056,False,
thorough,350,0.5,175,50000,lambda,2,9.0,1.0,0.6003994234185738,1.547823266854434e-05,1.564621925354004,8.8500160313026,9.149998618660064,118.69380000280216,129.49289998505265,103361.64000001736,106275.71440002066,103556.87560001388,106523.08679997805,103480.33380002016,106405.20730000571,2.069606676000403,2.128104146000114,50.0,4732044.0,True,1.0,0.6053979286043109,1.0049897487765895,46.45824118114992,0.0863493812672177,4.832080123932914e-05,4588330.000115093,4825457.500555785,45.34982472192906,42.18447211928031,False,
thorough,350,0.5,175,100000,lambda,2,9.0,1.0,0.6003994234185738,1.547823266854434e-05,3.129243850708008,8.85000052181545,9.149999858951464,119.71449997508898,132.7846999920439,201104.11839999145,205624.09620001563,201486.43799999263,205948.2892999949,201223.8328999665,205756.88090000767,2.0122383289996653,2.0575688090000765,50.0,9464344.0,True,1.0,0.6053979285842266,1.0049897487765895,47.75635663958839,0.0863493812866062,4.831480739468147e-05,9176660.000230186,9650915.00111157,46.90445811045152,43.63059433112903,False,
thorough,350,0.5,175,500000,lambda,2,9.0,1.0,0.6003994234185738,1.547823266854434e-05,15.64621925354004,8.850001337097776,9.149999523888916,74.73160000517964,136.9952000095509,1029365.1785000112,1039188.0216000136,1030183.898999996,1039943.8793000008,1029439.9101000164,1039325.0168000231,2.0588798202000325,2.0786500336000464,50.0,47319524.0,True,1.0,0.6053979285835335,1.0049897487765895,46.65011115877715,0.0863493812813683,4.830179761918677e-05,45883300.00115093,48254575.00555785,46.42876311601622,43.1881021637815,False,
thorough,350,0.5,175,1,rho,1,1.0,3.16,0.9782959913792076,1.3851033839182348e-05,3.129243850708008e-05,1.0,1.0,38.11170000699349,51.34120001457632,2.593999990494922,3.032700013136491,41.74369998509064,54.88519999198616,40.70569999748841,54.37390002771281,40.70569999748841,54.37390002771281,5.0,8.0,True,1.0,0.9832957921192592,1.0049994488288958,3.022359301745474,0.2072598834216872,4.875612225770909e-06,22.642900003120303,25.51194999250584,0.4691947787358113,0.3453081347059401,False,
thorough,350,0.5,175,10,rho,1,1.0,3.16,0.9782959913792076,1.3851033839182348e-05,0.0003129243850708,0.9349791380396122,1.1436628931611308,73.0496000032872,81.75410001422279,5.920299998251721,6.640999985393137,80.57150000240654,89.27110000513494,78.96990000153892,88.39509999961592,7.896990000153892,8.839509999961592,5.0,90.0,True,1.0,0.9832953163528892,1.0049990200162529,14.897893692219258,0.2072665427481955,7.022705264875719e-06,226.42900003120303,255.1194999250584,2.8861271713722463,2.124071356369115,False,
thorough,350,0.5,175,100,rho,1,1.0,3.16,0.9782959913792076,1.3851033839182348e-05,0.003129243850708,0.8512257981490917,1.1480453383241598,43.909500003792346,75.54319998598658,22.456099977716804,24.4028999877628,67.53999998909421,101.44129997934216,66.36559998150915,99.94609997374936,0.6636559998150915,0.9994609997374936,6.0,917.0,True,1.0,0.983295119076646,1.004999453335751,43.64070346019364,0.2072725897649476,6.1053672951279465e-06,2264.2900003120303,2551.194999250584,25.525708356010384,18.78587558712965,False,
thorough,350,0.5,175,1000,rho,1,1.0,3.16,0.9782959913792076,1.3851033839182348e-05,0.03129243850708,0.8501034630855385,1.149980542134042,96.93739999784157,126.85899998177774,243.3998000051361,259.2210000148043,344.3954999966081,396.561000001384,340.3372000029776,386.0799999965821,0.3403372000029776,0.386079999996582,6.0,9162.0,True,1.0,0.9832951151591636,1.0049994533357538,40.26297474276153,0.2072726490864557,6.48054036681473e-06,22642.900003120303,25511.94999250584,66.07943947557939,48.6317602450865,False,
thorough,350,0.5,175,10000,rho,1,1.0,3.16,0.9782959913792076,1.3851033839182348e-05,0.3129243850708008,0.8500425894088453,1.1499586269901545,105.84460000973196,117.79700001352468,2358.720899996115,2473.6488000198733,2523.829499987187,2605.311299994355,2464.565500005847,2591.445800033398,0.2464565500005847,0.2591445800033398,6.0,91651.0,True,1.0,0.9832951104548352,1.004999453335755,41.54794236154071,0.2072726600140469,6.814041407755549e-06,226429.00003120303,255119.4999250584,98.44678207113976,72.452798337572,False,
thorough,350,0.5,175,50000,rho,1,1.0,3.16,0.9782959913792076,1.3851033839182348e-05,1.564621925354004,0.8500019717958819,1.1499941635513804,108.80129999713972,126.5154000138864,10933.445200003916,11113.358699978562,11144.2186999775,11372.943499998655,11042.246500001056,11239.874099992448,0.2208449300000211,0.2247974819998489,6.0,458170.0,True,1.0,0.9832951104227472,1.004999453335755,44.81661462023192,0.2072726616203262,6.823455744132504e-06,1132145.0001560152,1275597.4996252917,113.48859322420246,83.5229550981776,False,
thorough,350,0.5,175,100000,rho,1,1.0,3.16,0.9782959913792076,1.3851033839182348e-05,3.129243850708008,0.8500015751247164,1.1499976546272657,126.9048000103794,134.74459998542443,21390.743399999337,21743.02609998267,21731.34690002189,22059.250699996483,21517.64820000972,21877.770699968096,0.2151764820000971,0.2187777069996809,6.0,916644.0,True,1.0,0.9832951104500864,1.004999453335755,45.81420952392101,0.2072726615861221,6.871229189907965e-06,2264290.0003120303,2551194.999250584,116.61128705651456,85.82112982509756,False,
thorough,350,0.5,175,500000,rho,1,1.0,3.16,0.9782959913792076,1.3851033839182348e-05,15.64621925354004,0.8500000748011798,1.1499995338025886,129.39859999460168,155.43380001327023,108910.10159999132,112556.73280000336,109694.15789999766,113350.63180001453,109039.50019998592,112712.16660001664,0.2180790003999718,0.2254243332000333,6.0,4583327.0,True,1.0,0.9832951104258671,1.0049994533357551,44.99123522992279,0.2072726616076486,6.834478540257695e-06,11321450.001560152,12755974.996252917,113.17300856721384,83.29069771982363,False,
thorough,350,0.5,175,1,rho,2,1.0,7.73,0.9787768240576712,1.409591285834906e-05,3.129243850708008e-05,1.0,1.0,80.67130000563338,90.3820000239648,3.839999990304932,5.725700000766665,85.58690000791103,97.63840000960045,84.51129999593832,96.10770002473146,84.51129999593832,96.10770002473146,9.0,15.0,True,1.0,0.983775971575682,1.0049994671872746,3.828125009665087,0.5806529207243624,5.339730375262968e-06,24.112100014463067,28.47289999772329,0.2962603411630529,0.2261702235604505,False,
thorough,350,0.5,175,10,rho,2,1.0,7.73,0.9787768240576712,1.409591285834906e-05,0.0003129243850708,0.8541956300600566,1.0952039256646469,88.00700001302175,120.50950000411832,11.020000005373731,12.448099994799122,101.12769997795112,134.2221999948379,99.02700001839548,132.95759999891743,9.902700001839548,13.295759999891745,11.0,153.0,True,1.0,0.9837411721419494,1.0049995472645734,15.11796732475137,0.5810467906195868,9.96690135345333e-06,241.12100014463067,284.7289999772329,2.141502253196141,1.6348595342162624,False,
thorough,350,0.5,175,100,rho,2,1.0,7.73,0.9787768240576712,1.409591285834906e-05,0.003129243850708,0.8506914416186063,1.149204595038111,92.81450000707991,100.74739999254234,46.80519999237731,50.72300002211705,144.90280000609346,157.0730000094045,139.61969999945725,151.4704000146594,1.3961969999945725,1.514704000146594,13.0,1632.0,True,1.0,0.983741197570717,1.0049995215793908,39.78190458118425,0.5812322827778797,1.2591873370988628e-05,2411.2100014463067,2847.289999772329,18.797666075330667,14.350460550952883,False,
thorough,350,0.5,175,1000,rho,2,1.0,7.73,0.9787768240576712,1.409591285834906e-05,0.03129243850708,0.8500763127258091,1.149903547375843,105.61180001241156,119.8484000051394,493.4907000279054,521.2555000034627,624.1900000022724,640.2980000129901,599.102500040317,641.1039000086021,0.599102500040317,0.6411039000086021,13.0,16218.0,True,1.0,0.9837410811889328,1.0049995215794458,37.731207495799,0.5812324034879252,1.3101958444690204e-05,24112.100014463067,28472.89999772329,44.41230196437933,33.90511272850247,False,
thorough,350,0.5,175,10000,rho,2,1.0,7.73,0.9787768240576712,1.409591285834906e-05,0.3129243850708008,0.8500050870881035,1.1499834636143649,113.4592000162229,146.15700001013465,4919.973100011703,5136.812900018413,5076.784900011262,5271.313700010069,5033.4323000279255,5282.969900028547,0.5033432300027926,0.5282969900028547,13.0,163352.0,True,1.0,0.983741077403306,1.0049995215794516,37.84573537598348,0.5812324172895493,1.3596548034861934e-05,241121.00014463067,284728.9999772329,53.895631693016895,41.14484922648674,False,
thorough,350,0.5,175,50000,rho,2,1.0,7.73,0.9787768240576712,1.409591285834906e-05,1.564621925354004,0.8500083725566298,1.149979032440847,120.0308999978006,146.55420000781305,22154.5361999888,22596.40939999372,22424.530699994648,22840.865500009382,22274.5670999866,22742.96360000153,0.4454913419997319,0.4548592720000306,13.0,816098.0,True,1.0,0.98374107714123,1.0049995215794512,42.02299662677979,0.5812324165242599,1.3412599037002195e-05,1205605.0007231534,1423644.9998861644,62.59716301379776,47.787747416684006,False,
thorough,350,0.5,175,100000,rho,2,1.0,7.73,0.9787768240576712,1.409591285834906e-05,3.129243850708008,0.850006962377638,1.14999291770112,108.29289999674074,136.4152999885846,43367.8915000055,44128.746699978365,43713.2574999996,44456.396499997936,43476.18440000224,44265.16199996695,0.4347618440000224,0.4426516199996695,13.0,1632739.0,True,1.0,0.9837410773339946,1.0049995215794525,42.93499027961191,0.581232418922286,1.3446827484950837e-05,2411210.0014463067,2847289.999772329,64.32349665351852,49.10566011368141,False,
thorough,350,0.5,175,500000,rho,2,1.0,7.73,0.9787768240576712,1.409591285834906e-05,15.64621925354004,0.8500010431284275,1.1499990876726964,125.36960002034904,137.3527999967337,215802.5425999949,216433.6170000024,216625.9004000167,217243.1101999828,215927.91220001527,216570.96979999915,0.4318558244000305,0.4331419395999983,13.0,8162637.0,True,1.0,0.9837410770571866,1.0049995215794532,43.141289661525136,0.5812324199878478,1.3434297644897736e-05,12056050.007231534,14236449.998861644,65.73572631645342,50.18378044977087,False,
thorough,500,0.0,0,1,base,0,1.0,1.0,0.97,7.797747586909577e-06,4.470348358154297e-05,1.0,1.0,162.8651000210084,177.3725000093691,1.6613000188954177,1.7854000034276396,165.94000000623055,180.15919998288155,164.52640003990382,179.15790001279674,164.52640003990382,179.15790001279674,0.0,4.0,True,1.0,0.9700000181395746,0.9996903069947474,4.815505874320717,,,17.739599978085607,19.755099987378344,0.1102664185389943,0.0726671834688807,False,
thorough,500,0.0,0,10,base,0,1.0,1.0,0.97,7.797747586909577e-06,0.0004470348358154,0.859858835973111,1.1443650291746348,48.6224000051152,88.07980001438409,3.282999998191372,3.3602000039536506,52.92729998473078,92.3999999940861,51.90540000330657,91.44000001833774,5.190540000330657,9.144000001833774,0.0,50.0,True,1.0,0.965524226831062,0.9997346662333882,30.459945188879296,,,177.39599978085607,197.55099987378344,2.16044400518554,1.4237642156078765,False,
thorough,500,0.0,0,100,base,0,1.0,1.0,0.97,7.797747586909577e-06,0.0044703483581542,0.8578769338967218,1.149391850503849,48.05159999523312,93.04760000668466,12.101000000257043,12.669899995671583,61.989399982849136,110.82449997775257,60.15259999549016,105.71750000235625,0.6015259999549016,1.0571750000235625,0.0,500.0,True,1.0,0.9653676771361271,0.9997352912333778,82.63779852729182,,,1773.9599978085607,1975.5099987378344,18.686688568059253,12.31480122954016,False,
thorough,500,0.0,0,1000,base,0,1.0,1.0,0.97,7.797747586909577e-06,0.0447034835815429,0.8506497327377478,1.1497641699476209,93.97339998395182,112.76049999287352,146.87970001250503,163.37929997825995,243.9987999969162,275.999099976616,240.85309999645688,276.13979997113347,0.2408530999964568,0.2761397999711334,0.0,5000.0,True,1.0,0.9653560801397116,0.9997375698091026,68.08292772349493,,,17739.599978085607,19755.099987378344,71.5402125642282,47.14604700767592,False,
thorough,500,0.0,0,10000,base,0,1.0,1.0,0.97,7.797747586909577e-06,0.4470348358154297,0.8500003270678762,1.149997716412394,115.02880000625736,152.73900001193397,1394.565299997339,1449.4423999858554,1554.390199977206,1617.338100011693,1509.5941000035964,1602.1813999977894,0.1509594100003596,0.1602181399997789,0.0,50000.0,True,1.0,0.9653488055069184,0.9997377745101432,71.70693261921174,,,177395.99978085607,197550.99987378344,123.30126905358908,81.25734071152772,False,
thorough,500,0.0,0,50000,base,0,1.0,1.0,0.97,7.797747586909577e-06,2.2351741790771484,0.8500062696809207,1.1499874054790278,121.42000001040287,137.20690002082847,6762.0805999904405,6963.848499988671,6932.864299975336,7132.002600003034,6883.500600000843,7101.0554000095,0.1376700120000168,0.14202110800019,0.0,250000.0,True,1.0,0.9653491266796728,0.9997377726369864,73.94173917428711,,,886979.9989042804,987754.9993689172,139.09974556283504,91.6687679278764,False,
thorough,500,0.0,0,100000,base,0,1.0,1.0,0.97,7.797747586909577e-06,4.470348358154297,0.8500004609670578,1.149998148913609,147.62609999161214,168.22849999880418,13403.232399985429,13703.38960000663,13623.987300001318,13947.790000005623,13550.85849997704,13871.618100005437,0.1355085849997704,0.1387161810000543,0.0,500000.0,True,1.0,0.9653487920350388,0.9997377744679372,74.6088682310013,,,1773959.9978085607,1975509.9987378344,142.41381102735667,93.8527855674183,False,
thorough,500,0.0,0,1,lambda,1,5.0,1.0,0.826881248135298,7.797747586909577e-06,4.470348358154297e-05,5.0,5.0,50.76240000198595,88.32179999444634,2.3187999904621392,2.7519000286702067,54.07049998757429,92.05579999252222,53.08119999244809,91.07370002311654,53.08119999244809,91.07370002311654,0.0,8.0,True,1.0,0.826881436330079,0.9982445397219728,6.900120780495253,,,18.55269999941811,20.678899993072264,0.2270567681759223,0.1530924953338256,False,
thorough,500,0.0,0,10,lambda,1,5.0,1.0,0.826881248135298,7.797747586909577e-06,0.0004470348358154,4.8598092083778575,5.143860397691115,51.90749999019317,70.77680001384579,4.560900008073077,5.394700012402609,58.25420000473969,78.79629998933524,56.46839999826625,76.1715000262484,5.646839999826625,7.617150002624839,0.0,90.0,True,1.0,0.8207172195428594,0.9983029964312536,39.465894819309526,,,185.5269999941811,206.78899993072264,2.7147817734909245,1.8304352666047807,False,
thorough,500,0.0,0,100,lambda,1,5.0,1.0,0.826881248135298,7.797747586909577e-06,0.0044703483581542,4.852104521385151,5.145603713820225,73.36619999841787,218.63119999761693,21.09460000065156,25.296199979493394,95.43290000874548,250.3863000019919,94.46079999906942,243.92739997711035,0.9446079999906942,2.439273999771104,0.0,900.0,True,1.0,0.8206419042635504,0.9983061870881746,85.32989485197174,,,1855.269999941811,2067.8899993072264,8.477481412507464,5.71592203136325,False,
thorough,500,0.0,0,1000,lambda,1,5.0,1.0,0.826881248135298,7.797747586909577e-06,0.0447034835815429,4.850124954162945,5.1497959827518365,249.5639999979176,368.4355999866966,420.053400011966,509.253299998818,708.7357999989763,849.2454999941401,669.6174000098836,877.6888999855146,0.6696174000098836,0.8776888999855146,0.0,9000.0,True,1.0,0.8204607269208012,0.998307006498064,42.85169456904107,,,18552.69999941811,20678.899993072264,23.56062608677579,15.885697080199275,False,
thorough,500,0.0,0,10000,lambda,1,5.0,1.0,0.826881248135298,7.797747586909577e-06,0.4470348358154297,4.850009479565015,5.149970565087757,142.625800013775,151.1913000140339,2505.826600012369,2691.7628000082914,2661.592499993276,2854.039300000295,2648.4524000261445,2842.9541000223253,0.2648452400026144,0.2842954100022325,0.0,90000.0,True,1.0,0.8204531801034721,0.9983070542922896,71.83258410582418,,,185526.9999941811,206788.99993072264,72.73736847496016,49.04300071434047,False,
thorough,500,0.0,0,50000,lambda,1,5.0,1.0,0.826881248135298,7.797747586909577e-06,2.2351741790771484,4.850004934761765,5.149999135389664,158.9735000161454,187.2802999860141,12115.20020000171,12613.587800005917,12347.702400002165,12846.854600007646,12274.173700017856,12800.86809999193,0.245483474000357,0.2560173619998386,0.0,450000.0,True,1.0,0.8204519450566278,0.9983070561733454,74.28684504940108,,,927634.9999709056,1033944.9996536132,80.7714751513036,54.4599783659672,False,
thorough,500,0.0,0,100000,lambda,1,5.0,1.0,0.826881248135298,7.797747586909577e-06,4.470348358154297,4.850004135294203,5.149997606026829,43.17240000818856,137.18280001194216,24030.37399999448,24346.2255000195,24255.995100014843,24497.31000000611,24073.54640000267,24483.40830003144,0.2407354640000266,0.2448340830003144,0.0,900000.0,True,1.0,0.8204520111685534,0.998307056504238,74.90520122576592,,,1855269.999941811,2067889.9993072264,84.46087137731436,56.9475451496077,False,
thorough,500,0.0,0,1,lambda,2,9.0,1.0,0.5736803840504766,7.797747586909577e-06,4.470348358154297e-05,9.0,9.0,50.613800005521625,137.58949999464676,5.864500009920448,6.441200006520376,57.39129998255521,144.19750001979992,56.47830001544207,144.03070000116713,56.47830001544207,144.03070000116713,0.0,24.0,True,1.0,0.5736816723176609,0.9958973810768496,8.18484097856641,,,20.634700020309538,23.95000000251457,0.1662839936369155,0.1195147979224292,False,
thorough,500,0.0,0,10,lambda,2,9.0,1.0,0.5736803840504766,7.797747586909577e-06,0.0004470348358154,8.856766156801095,9.145250787621686,47.80179998488165,94.36730001471004,16.71250001527369,16.929300007177517,66.874900017865,112.88400000194088,64.51430000015534,111.29660002188756,6.451430000015535,11.129660002188755,0.0,270.0,True,1.0,0.5543479065559275,0.996039966745915,32.311144323499754,,,206.34700020309532,239.5000000251457,2.151907605246213,1.5466600059552806,False,
thorough,500,0.0,0,100,lambda,2,9.0,1.0,0.5736803840504766,7.797747586909577e-06,0.0044703483581542,8.853181027587611,9.145743714091845,80.41769999545068,95.24269998655654,64.76059998385608,70.26130001759157,152.37490000436082,165.72390001965687,145.17829997930676,165.5040000041481,1.4517829997930676,1.655040000041481,0.0,2700.0,True,1.0,0.5542767181725193,0.996043357831252,83.38403290497841,,,2063.4700020309538,2395.000000251457,14.470949343770725,10.400836236486173,False,
thorough,500,0.0,0,1000,lambda,2,9.0,1.0,0.5736803840504766,7.797747586909577e-06,0.0447034835815429,8.850170297365043,9.149049695726404,57.0575000019744,107.7174000092782,826.0984999942593,878.8878000050317,924.8252999968828,973.8644000026396,883.1559999962337,986.60520001431,0.8831559999962337,0.98660520001431,0.0,28000.0,True,1.0,0.5537973639344053,0.9960461994562056,67.78852642922018,,,20634.700020309538,23950.00000251457,24.275160927762386,17.447505856461976,False,
thorough,500,0.0,0,10000,lambda,2,9.0,1.0,0.5736803840504766,7.797747586909577e-06,0.4470348358154297,8.850079579791771,9.149971639811804,132.8673000098206,151.5194999810774,7825.624299992342,8040.450300002703,8058.638499991503,8180.189899983816,7958.491600002162,8191.969799983781,0.7958491600002162,0.819196979998378,0.0,280000.0,True,1.0,0.5536635263663369,0.9960462849995444,71.55978597139503,,,206347.00020309532,239500.0000251457,29.23594762588357,21.013016924573616,False,
thorough,500,0.0,0,50000,lambda,2,9.0,1.0,0.5736803840504766,7.797747586909577e-06,2.2351741790771484,8.850001296293028,9.149993172220672,116.42430000938477,182.75749997701496,37149.03499998036,37548.627699987264,37314.06460001017,37771.95029999712,37265.45929998974,37731.38519996428,0.7453091859997949,0.7546277039992856,0.0,1400000.0,True,1.0,0.5536603986434074,0.996046358814054,75.3720789786728,,,1031735.0010154768,1197500.0001257283,31.737504302568308,22.810983368405207,False,
thorough,500,0.0,0,100000,lambda,2,9.0,1.0,0.5736803840504766,7.797747586909577e-06,4.470348358154297,8.850004371402244,9.149999604286274,120.7148999965284,182.27689998457208,73311.06350000482,73967.24279999034,73497.56399999023,74200.70139999734,73431.77840000135,74149.51969997492,0.7343177840000135,0.7414951969997492,0.0,2800000.0,True,1.0,0.5536594643271623,0.9960463559145634,76.38683348250201,,,2063470.0020309533,2395000.000251457,32.29960234324036,23.214985174437125,False,
thorough,500,0.0,0,1,rho,1,1.0,3.16,0.97,6.97798755664549e-06,4.470348358154297e-05,1.0,1.0,49.868399975821376,65.955700003542,1.0011999984271824,1.1968999751843512,51.66749999625608,67.93279998237267,50.86959997424856,67.15259997872636,50.86959997424856,67.15259997872636,0.0,4.0,True,1.0,0.9700000116015632,0.9996910480809796,7.990411518744965,,,17.624000000068918,20.558849995723,0.3061512138358894,0.2058393867527525,False,
thorough,500,0.0,0,10,rho,1,1.0,3.16,0.97,6.97798755664549e-06,0.0004470348358154,0.9530322184685956,1.1430442657924118,48.40510000940412,101.4222000085283,2.4495999969076365,2.585100010037422,51.59719998482615,105.86569999577478,50.85470000631176,104.00730001856572,5.085470000631176,10.400730001856571,0.0,40.0,True,1.0,0.965578757480773,0.9997058457462176,32.65839324828201,,,176.24000000068918,205.58849995723,1.9766737519436768,1.3290076750388229,False,
thorough,500,0.0,0,100,rho,1,1.0,3.16,0.97,6.97798755664549e-06,0.0044703483581542,0.850044763860595,1.1370383642506652,48.90950000844896,61.49530000402592,8.524800010491163,9.968499973183498,58.65679998532869,71.7337999958545,57.43430001894012,71.46379997720942,0.5743430001894012,0.7146379997720942,0.0,400.0,True,1.0,0.9657650843136076,0.9997381897399517,93.84384372835362,,,1762.4000000068918,2055.8849995722994,28.76820152619849,19.342170445571224,False,
thorough,500,0.0,0,1000,rho,1,1.0,3.16,0.97,6.97798755664549e-06,0.0447034835815429,0.8501309355421011,1.1498925165881717,68.58880000072531,108.69459999958052,111.63570001372136,121.40760000329465,182.8004000126384,235.7287000049837,180.22450001444668,230.1022000028752,0.1802245000144466,0.2301022000028751,0.0,4000.0,True,1.0,0.9653662227245194,0.9997381627358944,71.66166377795547,,,17624.000000068918,20558.849995722994,89.34660335914262,60.071785486193605,False,
thorough,500,0.0,0,10000,rho,1,1.0,3.16,0.97,6.97798755664549e-06,0.4470348358154297,0.8500299958223794,1.1499344678105312,140.03180002328008,171.7963000119198,1182.870799995726,1269.947399996454,1332.0301000203472,1444.0708000038285,1322.902600019006,1441.7437000083737,0.1322902600019006,0.1441743700008373,0.0,40000.0,True,1.0,0.9653649205264928,0.999738194367877,67.63206936910528,,,176240.00000068918,205588.49995723,142.59712038695633,95.8745302538423,False,
thorough,500,0.0,0,50000,rho,1,1.0,3.16,0.97,6.97798755664549e-06,2.2351741790771484,0.8500142557071837,1.1499901316226886,146.77940000547096,192.4033000250347,5329.163299989887,5581.382800010033,5650.211799977114,5761.015000025509,5475.9426999953575,5773.786100035068,0.1095188539999071,0.1154757220007013,0.0,200000.0,True,1.0,0.965363192674562,0.9997381993004232,75.05868698014173,,,881200.0000034459,1027942.4997861496,178.03612429977383,119.7017845741634,False,
thorough,500,0.0,0,100000,rho,1,1.0,3.16,0.97,6.97798755664549e-06,4.470348358154297,0.8500007225542257,1.149993441556603,116.8341999873519,158.82240000064485,10624.465600005353,10759.75210001343,10849.98070000438,11028.20819997578,10741.299799992705,10918.574500014074,0.107412997999927,0.1091857450001407,0.0,400000.0,True,1.0,0.9653630899312402,0.9997382035413616,75.29790486587834,,,1762400.0000068918,2055884.9995723,188.29243685333185,126.5975700257952,False,
thorough,500,0.0,0,1,rho,2,1.0,7.73,0.97,7.101354256077244e-06,4.470348358154297e-05,1.0,1.0,59.61510000634007,99.2872000206262,0.9196999890264124,0.998000003164634,61.26089999452233,100.94090001075529,60.53479999536648,100.28520002379082,60.53479999536648,100.28520002379082,0.0,4.0,True,1.0,0.970000012448766,0.9996909418103552,8.698488741387004,,,17.582900007255375,19.68810000107624,0.1963210922090756,0.129150662318613,False,
thorough,500,0.0,0,10,rho,2,1.0,7.73,0.97,7.101354256077244e-06,0.0004470348358154,0.880478427682956,1.0975578542626216,50.09309999877587,66.48690000292845,1.5998999879229814,2.2163999965414405,52.40220000268892,70.59069999377243,51.69299998669885,68.70329999946989,5.169299998669885,6.870329999946989,0.0,40.0,True,1.0,0.966987151925326,0.99972857672133,50.00312557277872,,,175.82900007255375,196.8810000107624,2.8656702081600374,1.885193288230276,False,
thorough,500,0.0,0,100,rho,2,1.0,7.73,0.97,7.101354256077244e-06,0.0044703483581542,0.852204474524923,1.1499496145065105,47.85179998725653,53.99690000922419,8.567499986384064,9.679699986008927,58.72589998762123,63.6166000040248,56.41929997364059,63.67659999523312,0.5641929997364059,0.6367659999523312,0.0,400.0,True,1.0,0.9653624271813724,0.9997374507964688,93.37613087498144,,,1758.2900007255375,1968.810000107624,30.918893286623504,20.34012495138994,False,
thorough,500,0.0,0,1000,rho,2,1.0,7.73,0.97,7.101354256077244e-06,0.0447034835815429,0.8501042740250534,1.149934790365389,54.8739000223577,96.83920000679792,113.71790000703186,116.26340000657363,171.27659998368472,233.3238999999594,168.59180002938956,213.1026000133716,0.1685918000293895,0.2131026000133715,0.0,4000.0,True,1.0,0.9653628875636414,0.9997381095297538,70.34952280604296,,,17582.900007255375,19688.10000107624,92.38789202872638,60.77776621690436,False,
thorough,500,0.0,0,10000,rho,2,1.0,7.73,0.97,7.101354256077244e-06,0.4470348358154297,0.8500435721563815,1.1499423316662942,134.87290000193752,158.71610000613146,1134.143299976131,1183.1492000201251,1279.4750000175554,1356.7106999980751,1269.0161999780685,1341.8653000262566,0.1269016199978068,0.1341865300026256,0.0,40000.0,True,1.0,0.9653626533591444,0.9997381285681548,70.53782357280924,,,175829.00007255375,196881.0000107624,146.7218803608007,96.52161065327306,False,
thorough,500,0.0,0,50000,rho,2,1.0,7.73,0.97,7.101354256077244e-06,2.2351741790771484,0.850000760709726,1.149996955385054,112.35529999248683,144.66140000149608,5245.87579999934,5402.877399988938,5400.751199980732,5547.264499997255,5358.231099991826,5547.538799990434,0.1071646219998365,0.1109507759998086,0.0,200000.0,True,1.0,0.9653609569485512,0.9997381419954126,76.25037558076582,,,879145.0003627688,984405.0000538118,177.44896170090948,116.73555130294456,False,
thorough,500,0.0,0,100000,rho,2,1.0,7.73,0.97,7.101354256077244e-06,4.470348358154297,0.8500006546656536,1.1499953214016905,109.56189999706112,146.48909997777082,10649.047899991274,10817.769899993436,10904.318199987756,11005.367499979911,10758.609799988337,10964.258999971207,0.1075860979998833,0.109642589999712,0.0,400000.0,True,1.0,0.9653610076941036,0.999738142028672,75.12408691491149,,,1758290.0007255375,1968810.000107624,179.56617041906742,118.12836602875934,False,
thorough,500,0.3,150,1,base,0,1.0,1.0,0.9769538939222372,7.797747586909577e-06,4.470348358154297e-05,1.0,1.0,112.26480000186712,143.93599997856654,2.5739999837242067,2.718299976550042,115.67749999812804,147.49979999032803,114.83879998559132,146.65429995511658,114.83879998559132,146.65429995511658,3.0,6.0,True,1.0,0.9819545804541516,1.004762075584977,4.662004691483227,0.0863782781600449,2.689959542309065e-06,23.645399982342497,25.94509998743888,0.1769133260693982,0.1309808167647909,False,
thorough,500,0.3,150,10,base,0,1.0,1.0,0.9769538939222372,7.797747586909577e-06,0.0004470348358154,0.8752988774167618,1.077918486563473,116.884699993534,132.85979998181574,6.887700001243502,7.056500006001443,124.80610000784507,141.5069000213407,123.77239999477752,139.91629998781718,12.377239999477752,13.991629998781718,5.0,59.0,True,1.0,0.9819539753453248,1.004762076921128,23.22981546395948,0.0863803508727232,2.83876451364419e-06,236.45399982342497,259.4509998743888,1.8543300523025528,1.372885074281008,False,
thorough,500,0.3,150,100,base,0,1.0,1.0,0.9769538939222372,7.797747586909577e-06,0.0044703483581542,0.8524685629443993,1.147231250497617,155.57600001920946,198.6045000085141,19.2488000029698,21.35730002191849,185.07239999598823,221.10779999638908,174.82480002217926,219.96180003043264,1.7482480002217926,2.1996180003043264,4.0,600.0,True,1.0,0.9819530330065253,1.0047620618270192,62.34154855444797,0.0863819612985143,2.5710438936958e-06,2364.5399982342497,2594.509998743888,11.795275354106607,8.732834513780206,False,
thorough,500,0.3,150,1000,base,0,1.0,1.0,0.9769538939222372,7.797747586909577e-06,0.0447034835815429,0.8504402456811389,1.1489468716714497,85.14810001361184,112.95249999966472,222.17470000032336,233.07759998715483,312.47129998519085,351.0373000171967,307.3228000139352,346.03009998681955,0.3073228000139352,0.3460300999868195,4.0,6000.0,True,1.0,0.9819530275151818,1.0047620619751931,54.01155036996803,0.086382104783622,2.828944586322516e-06,23645.399982342497,25945.09998743888,74.97931534981247,55.51222275438321,False,
thorough,500,0.3,150,10000,base,0,1.0,1.0,0.9769538939222372,7.797747586909577e-06,0.4470348358154297,0.8500199197704069,1.149977150245619,135.9754999866709,147.99670001957566,2041.4474999997765,2138.8062000041828,2217.5050000078045,2303.6677000054624,2177.4229999864474,2286.8029000237584,0.2177422999986447,0.2286802900023758,4.0,60000.0,True,1.0,0.9819530263713708,1.0047620620062023,58.78182025254783,0.0863821909749605,2.976252710802332e-06,236453.99982342497,259450.9998743888,113.45577700277242,83.99893139015283,False,
thorough,500,0.3,150,50000,base,0,1.0,1.0,0.9769538939222372,7.797747586909577e-06,2.2351741790771484,0.8500075022522652,1.14999683610125,118.70640001143327,163.70450000977144,10043.499899999006,10145.362899987958,10268.235399998955,10408.519999997225,10162.20630001044,10309.06739999773,0.2032441260002087,0.2061813479999546,4.0,300000.0,True,1.0,0.981953026337549,1.0047620620071205,59.7401310274379,0.0863821926220208,2.939340258055103e-06,1182269.9991171248,1297254.999371944,125.83630982684522,93.1650713147634,False,
thorough,500,0.3,150,100000,base,0,1.0,1.0,0.9769538939222372,7.797747586909577e-06,4.470348358154297,0.8500011983937976,1.14999253130859,110.58059998322278,184.4331000174861,19731.238599983044,20041.35379998479,20155.95710001071,20394.824700022586,19841.819199966267,20225.78690000228,0.1984181919996626,0.2022578690000227,4.0,600000.0,True,1.0,0.9819530263203784,1.0047620620075863,60.817266687000135,0.0863821922618579,2.935788616157109e-06,2364539.9982342497,2594509.998743888,128.27733287072238,94.97232461293092,False,
thorough,500,0.3,150,1,lambda,1,5.0,1.0,0.8366194015215441,7.797747586909577e-06,4.470348358154297e-05,5.0,5.0,132.1124999958556,141.011100000469,7.051799999317154,7.906800019554794,141.00929998676293,150.20939998794347,139.16429999517277,148.9179000200238,139.16429999517277,148.9179000200238,11.0,16.0,True,1.0,0.8416192520482889,1.0033424413574363,4.537848493022866,0.0862962787539499,1.3842302768651215e-05,29.07689998392016,32.00315000140108,0.2149046554987538,0.1696703351360352,False,
thorough,500,0.3,150,10,lambda,1,5.0,1.0,0.8366194015215441,7.797747586909577e-06,0.0004470348358154,4.8715754891927565,5.136292473496553,108.16220002016053,149.2212000011932,13.552399992477149,14.162299979943782,122.81169998459518,164.48599999421276,121.71460001263767,163.383499981137,12.171460001263767,16.3383499981137,11.0,160.0,True,1.0,0.8416191897413429,1.0033424418437775,23.612053966650183,0.0863116247510402,1.447743037139968e-05,290.7689998392016,320.0315000140108,1.958774907202742,1.5464811322483083,False,
thorough,500,0.3,150,100,lambda,1,5.0,1.0,0.8366194015215441,7.797747586909577e-06,0.0044703483581542,4.850582671162031,5.147681276442735,59.05429998529144,130.2566999802366,43.75729997991584,54.13000000407919,103.87429999536836,186.05059999390505,102.81159996520728,184.38669998431573,1.0281159996520728,1.8438669998431576,11.0,1600.0,True,1.0,0.8416191843016493,1.003342441934808,73.13065480431305,0.0863129292851602,1.3186103503881524e-05,2907.689998392016,3200.315000140108,17.35653927540507,13.703238902969286,False,
thorough,500,0.3,150,1000,lambda,1,5.0,1.0,0.8366194015215441,7.797747586909577e-06,0.0447034835815429,4.850494957644066,5.149958241141332,107.41600001347253,136.0211999854073,555.3348999819718,630.9792000101879,682.6650000002701,748.4710999997333,662.7508999954443,767.0003999955952,0.6627508999954443,0.7670003999955952,11.0,16000.0,True,1.0,0.8416191832099285,1.0033424419351955,57.622886659993526,0.0863131905155356,1.3505147169662928e-05,29076.89998392016,32003.15000140108,41.72507602549474,32.94255127415465,False,
thorough,500,0.3,150,10000,lambda,1,5.0,1.0,0.8366194015215441,7.797747586909577e-06,0.4470348358154297,4.850040530250228,5.14994838951074,128.89769999310374,150.72820000932552,5497.5469000055455,5581.163099996047,5666.329100000439,5755.175400001463,5626.444599998649,5731.891300005373,0.5626444599998649,0.5731891300005373,11.0,160000.0,True,1.0,0.8416191832146548,1.003342441937204,58.20777990992259,0.086313189384999,1.3513206380896088e-05,290768.9998392016,320031.5000140108,55.83349077357954,44.0813488632074,False,
thorough,500,0.3,150,50000,lambda,1,5.0,1.0,0.8366194015215441,7.797747586909577e-06,2.2351741790771484,4.850010555586236,5.149996860398867,117.79129999922588,126.87560002086684,26437.18519998947,26583.769299992127,26642.688799998723,26900.43390000937,26554.976499988697,26710.644900012994,0.531099529999774,0.5342128980002598,11.0,800000.0,True,1.0,0.8416191831913998,1.0033424419373365,60.52081520390595,0.0863131949474372,1.3524910054502164e-05,1453844.9991960078,1600157.500070054,59.907108422877336,47.29752894161633,False,
thorough,500,0.3,150,100000,lambda,1,5.0,1.0,0.8366194015215441,7.797747586909577e-06,4.470348358154297,4.85000696209243,5.149993423457126,148.37249999982305,165.83450001780875,51204.92400001967,52105.9116999968,51584.27969997865,52536.83440000168,51353.296500019496,52271.74620001461,0.513532965000195,0.522717462000146,11.0,1600000.0,True,1.0,0.841619183193049,1.0033424419373524,62.49398983579725,0.086313194553013,1.3561719490773972e-05,2907689.998392016,3200315.000140108,61.22456647792673,48.3376811393857,False,
thorough,500,0.3,150,1,lambda,2,9.0,1.0,0.6007050308938128,7.797747586909577e-06,4.470348358154297e-05,9.0,9.0,141.65730000240728,179.7997999819927,34.33670001686551,36.99150000466034,182.65920001431368,217.71050000097603,175.9940000192728,216.79129998665303,175.9940000192728,216.79129998665303,48.0,94.0,True,1.0,0.6057042934952135,1.0011334893689403,5.47519126496309,0.086143457626025,2.586558528494667e-05,123.1330999871716,134.4802000094205,0.620321018498897,0.5892487383951115,False,
thorough,500,0.3,150,10,lambda,2,9.0,1.0,0.6007050308938128,7.797747586909577e-06,0.0004470348358154,8.890767097036932,9.135314661523797,131.5850000246428,133.864800009178,69.80260001728311,73.26029997784644,203.01379999727945,208.2436000055168,201.3876000419259,207.12509998702444,20.13876000419259,20.712509998702444,50.0,944.0,True,1.0,0.6057037613688826,1.0011335090205218,28.07918328994485,0.0861642551648696,2.4471913403256656e-05,1231.330999871716,1344.8020000942051,6.4927041685360765,6.167480427054669,False,
thorough,500,0.3,150,100,lambda,2,9.0,1.0,0.6007050308938128,7.797747586909577e-06,0.0044703483581542,8.852981736677544,9.149121903997909,111.48649998358452,127.26939999265596,286.68069999548607,292.73459999240004,405.5279000021983,422.8407999908086,398.1671999790706,420.003999985056,3.9816719997907057,4.20003999985056,50.0,9464.0,True,1.0,0.6057035813515278,1.0011335093467395,68.36874613571341,0.0861664202509155,2.5152724904331263e-05,12313.30999871716,13448.020000942051,32.01879030061747,30.4149484330427,False,
thorough,500,0.3,150,1000,lambda,2,9.0,1.0,0.6007050308938128,7.797747586909577e-06,0.0447034835815429,8.85067183396809,9.149764981763576,74.87149999360554,152.2448999749031,3532.7042999851983,3688.722499995493,3688.311200006865,3771.490799990716,3607.575799978804,3840.967399970396,3.607575799978804,3.840967399970396,50.0,94228.0,True,1.0,0.6057035634596823,1.0011335094337506,55.48157540409516,0.0861665212821723,2.485544747139325e-05,123133.0999871716,134480.2000094205,35.01206493199006,33.25828800659856,False,
thorough,500,0.3,150,10000,lambda,2,9.0,1.0,0.6007050308938128,7.797747586909577e-06,0.4470348358154297,8.850004413798365,9.149976385907603,126.12719999742694,201.5066999883857,33406.300100003136,33913.69539999869,33551.74589998205,34147.79310001177,33532.42730000056,34115.20209998707,3.353242730000056,3.411520209998707,50.0,943192.0,True,1.0,0.6057035629511597,1.0011335094437606,58.67156776214843,0.0861665544987143,2.4989473484407542e-05,1231330.999871716,1344802.0000942051,39.41943524628027,37.44489029781239,False,
thorough,500,0.3,150,50000,lambda,2,9.0,1.0,0.6007050308938128,7.797747586909577e-06,2.2351741790771484,8.850005387506833,9.149997851266406,165.093399991747,197.76559999445453,156268.2156000228,157388.90069999616,156557.21609998727,157703.60119998804,156433.30900001456,157586.6662999906,3.128666180000291,3.151733325999812,50.0,4714652.0,True,1.0,0.6057035627334901,1.0011335094444564,62.71268896474536,0.0861665578715363,2.496830162941157e-05,6156654.99935858,6724010.000471026,42.66864804202934,40.53134792793667,False,
thorough,500,0.3,150,100000,lambda,2,9.0,1.0,0.6007050308938128,7.797747586909577e-06,4.470348358154297,8.850000934432353,9.149998291953294,144.8489000031259,157.06539998063818,298675.52339998656,307201.04210000136,298990.7452999905,307623.5069000104,298820.3722999897,307358.107499982,2.988203722999897,3.07358107499982,50.0,9428912.0,True,1.0,0.6057035627275036,1.00113350944458,65.62305399813985,0.0861665579407772,2.496707670119535e-05,12313309.99871716,13448020.000942051,43.75358799000556,41.56194253381747,False,
thorough,500,0.3,150,1,rho,1,1.0,3.16,0.9783122912497612,6.97798755664549e-06,4.470348358154297e-05,1.0,1.0,63.155600015306845,76.2350000150036,2.065700013190508,2.5941999920178205,66.43219999386929,79.53389998874627,65.22130002849735,78.82920000702143,65.22130002849735,78.82920000702143,5.0,8.0,True,1.0,0.9833120832200948,1.0047761951279828,7.745558356892168,0.2071937977250302,2.572153531679522e-06,26.13179999752901,29.25419999519363,0.3711086753714095,0.2856555692045442,False,
thorough,500,0.3,150,10,rho,1,1.0,3.16,0.9783122912497612,6.97798755664549e-06,0.0004470348358154,0.8651142017962039,1.138771563925311,88.03789998637512,114.22270000912248,8.087199996225536,8.676900004502386,97.60259999893606,124.05369998305105,96.12509998260066,122.89960001362488,9.612509998260066,12.289960001362488,6.0,92.0,True,1.0,0.983311372424288,1.0047762009258094,24.730438234907528,0.2072995474686131,6.329381587938942e-06,261.3179999752901,292.5419999519363,2.380333214424657,1.8322272810853888,False,
thorough,500,0.3,150,100,rho,1,1.0,3.16,0.9783122912497612,6.97798755664549e-06,0.0044703483581542,0.8502324512672806,1.149136287393964,51.399100018898025,54.57940002088435,27.875799976754934,29.102300002705302,83.94790001329966,85.58030001586303,79.27489999565296,83.68170002358966,0.7927489999565296,0.8368170002358966,6.0,915.0,True,1.0,0.9833113527216484,1.0047762010458263,71.7468198820396,0.2073077845419866,5.272598640197264e-06,2613.179999752901,2925.419999519363,34.958897807940026,26.9091091500254,False,
thorough,500,0.3,150,1000,rho,1,1.0,3.16,0.9783122912497612,6.97798755664549e-06,0.0447034835815429,0.8501141963969002,1.1499567078480994,128.81080000079237,169.63349998695776,345.20370000973344,387.61340000201017,521.6914999764413,545.7661999971606,474.0145000105258,557.2468999889679,0.4740145000105258,0.5572468999889679,6.0,9182.0,True,1.0,0.9833113463996116,1.004776201046888,57.93680658531782,0.2073084386290783,5.124527439243955e-06,26131.79999752901,29254.19999519363,52.49773483849401,40.40937688193576,False,
thorough,500,0.3,150,10000,rho,1,1.0,3.16,0.9783122912497612,6.97798755664549e-06,0.4470348358154297,0.8500399017785975,1.149964745870646,142.34330001636408,162.49830002197996,3359.0652999992017,3770.928999991156,3569.1683999903034,3959.018900000956,3501.4086000155658,3933.427300013136,0.3501408600015566,0.3933427300013136,6.0,91695.0,True,1.0,0.9833113456681588,1.0047762010475554,59.540372734060135,0.2073084450389678,5.0262022510845805e-06,261317.9999752901,292541.9999519363,74.37330796757304,57.24778489707785,False,
thorough,500,0.3,150,50000,rho,1,1.0,3.16,0.9783122912497612,6.97798755664549e-06,2.2351741790771484,0.8500102074514705,1.149987819012403,155.46249999897557,186.6515000001528,16436.842900002375,16646.71170001384,16682.702999998583,16938.732599985087,16592.30540000135,16833.36320001399,0.331846108000027,0.3366672640002798,6.0,458508.0,True,1.0,0.9833113452405576,1.0047762010478225,60.83893397799985,0.2073084634387347,5.033439923952384e-06,1306589.9998764507,1462709.9997596815,86.89350918053415,66.8850298374298,False,
thorough,500,0.3,150,100000,rho,1,1.0,3.16,0.9783122912497612,6.97798755664549e-06,4.470348358154297,0.8500034420727827,1.1499966603840834,142.49879997805692,148.61810000729747,31274.03250001953,32232.03189999913,31600.77399999136,32638.966300000902,31416.531299997587,32380.650000006422,0.3141653129999758,0.3238065000000643,6.0,917341.0,True,1.0,0.9833113452252652,1.0047762010478831,63.95081926191485,0.2073084704893726,5.054824816320944e-06,2613179.999752901,2925419.999519363,90.34469658634964,69.54153174176585,False,
thorough,500,0.3,150,1,rho,2,1.0,7.73,0.9787940647172182,7.101354256077244e-06,4.470348358154297e-05,1.0,1.0,197.72840000223368,199.21619998058304,6.1756000213790685,7.277299999259412,206.580700003542,208.4663999848999,203.90400002361275,206.49349997984245,203.90400002361275,206.49349997984245,9.0,15.0,True,1.0,0.9837931856849252,1.004780995692707,4.857827562689321,0.5800000013450174,2.9425923443472147e-06,27.945199981331825,30.914300004951656,0.1497107657527692,0.1170889156804588,False,
thorough,500,0.3,150,10,rho,2,1.0,7.73,0.9787940647172182,7.101354256077244e-06,0.0004470348358154,0.8629657678252591,1.1081260953793513,181.83349998435008,214.60799998021685,16.140300023835152,18.285700003616512,201.1134999920614,233.60310000134632,197.9738000081852,232.89369998383336,19.79738000081852,23.289369998383336,12.0,180.0,True,1.0,0.9837890676120736,1.0047810316444332,24.78268677839327,0.5823978086494492,9.072701306205048e-06,279.45199981331825,309.14300004951656,1.3273995821740827,1.0381603284838083,False,
thorough,500,0.3,150,100,rho,2,1.0,7.73,0.9787940647172182,7.101354256077244e-06,0.0044703483581542,0.8503071941056097,1.1470447389137606,110.34399998607114,509.8033999965992,50.41630001505837,72.67429999774322,162.28200000477955,597.0374000025913,160.7603000011295,582.4776999943424,1.607603000011295,5.824776999943424,13.0,1638.0,True,1.0,0.9837586112619172,1.0047810537339303,75.37244896719938,0.5832109551169273,9.937115229895307e-06,2794.5199981331825,3091.4300004951656,5.307379150352353,4.150905692687881,False,
thorough,500,0.3,150,1000,rho,2,1.0,7.73,0.9787940647172182,7.101354256077244e-06,0.0447034835815429,0.8501350688112718,1.1493197468199423,96.6224999865517,138.76810000510886,696.2674999958836,710.4817999934312,835.6258999847341,846.4169000217225,792.8899999824353,849.2498999985401,0.7928899999824353,0.8492498999985401,13.0,16387.0,True,1.0,0.9837585694099652,1.0047810537793214,54.57672518137736,0.5832612947131229,1.0722875610024742e-05,27945.199981331825,30914.300004951656,36.401888307558,28.469947429777925,False,
thorough,500,0.3,150,10000,rho,2,1.0,7.73,0.9787940647172182,7.101354256077244e-06,0.4470348358154297,0.8500210871771473,1.1499997707933545,120.5173000053037,150.49939998425543,6518.991300021298,6775.7228999980725,6663.018100021873,6962.806199997431,6639.508600026602,6926.222299982328,0.6639508600026602,0.6926222299982328,13.0,163433.0,True,1.0,0.9837585692650276,1.0047810537924358,58.29122674220451,0.5832764090776266,1.066591933276523e-05,279451.99981331825,309143.00004951656,44.633710363339816,34.9080623758846,False,
thorough,500,0.3,150,50000,rho,2,1.0,7.73,0.9787940647172182,7.101354256077244e-06,2.2351741790771484,0.8500011120607643,1.1499984715846097,140.95929998438805,185.96240002079867,31135.023300012108,31492.942500015488,31464.495699998224,31755.52629999584,31275.982599996496,31678.904900036287,0.6255196519999299,0.6335780980007257,13.0,815758.0,True,1.0,0.9837585692651648,1.0047810537924111,61.02452475117503,0.5832763801714381,1.059508732597359e-05,1397259.9990665913,1545715.0002475828,48.793195507393065,38.16119920179896,False,
thorough,500,0.3,150,100000,rho,2,1.0,7.73,0.9787940647172182,7.101354256077244e-06,4.470348358154297,0.8500010438779717,1.1499928091174636,131.02090000757016,155.320899997605,61606.70510001364,61850.18760000821,62012.80309999129,62118.54570001015,61737.72600002121,62005.50850000582,0.6173772600002121,0.6200550850000581,13.0,1631502.0,True,1.0,0.9837585691545596,1.0047810537923023,61.68159770646716,0.583276254188048,1.0585079542845414e-05,2794519.9981331825,3091430.0004951656,49.85734453729825,38.993471052173255,False,
thorough,500,0.5,250,1,base,0,1.0,1.0,0.9769324316188048,7.797747586909577e-06,4.470348358154297e-05,1.0,1.0,63.09139999211766,114.8860999965109,1.5011999930720776,1.8094999832101168,65.67030001315288,118.06889998842962,64.59259998518974,116.695599979721,64.59259998518974,116.695599979721,3.0,5.0,True,1.0,0.9819319851032388,1.00476230740853,6.661337627330956,0.086378284108819,2.634421674009416e-06,23.346299974946305,26.216400001430884,0.2246562852925619,0.1669317438495284,False,
thorough,500,0.5,250,10,base,0,1.0,1.0,0.9769324316188048,7.797747586909577e-06,0.0004470348358154,0.8870449674837307,1.093751907250522,67.8397000010591,155.26890000910498,6.863999995402992,7.7103000076022,76.75259999814443,164.4555999955628,74.70369999646209,162.97920001670718,7.470369999646209,16.297920001670718,5.0,66.0,True,1.0,0.9819323364195578,1.0047620699704227,23.31002332563467,0.0863810765945254,2.8849485824603725e-06,233.46299974946305,262.16400001430884,1.6085733638859077,1.1952568181820065,False,
thorough,500,0.5,250,100,base,0,1.0,1.0,0.9769324316188048,7.797747586909577e-06,0.0044703483581542,0.8516304988416088,1.1499729869215385,73.69459999608807,110.67789999651724,32.89859998039901,33.41070000897162,109.93320000125097,148.3377999975346,106.59319997648709,144.08860000548884,1.0659319997648709,1.4408860000548884,6.0,620.0,True,1.0,0.9819314276302308,1.0047620530318386,60.79286052268486,0.0863796970358043,2.370484735663378e-06,2334.6299974946305,2621.6400001430884,18.19463857684245,13.519598360619616,False,
thorough,500,0.5,250,1000,base,0,1.0,1.0,0.9769324316188048,7.797747586909577e-06,0.0447034835815429,0.8500156356995563,1.149972447741378,75.05240000318736,127.8708000027109,393.6002000118606,398.9511999825481,497.23419998190366,532.4644999927841,468.652600015048,526.821999985259,0.4686526000150479,0.526821999985259,6.0,6152.0,True,1.0,0.981931427630444,1.004762053032302,50.81298230894529,0.0863796970003184,2.6653781069268488e-06,23346.299974946305,26216.400001430884,49.76329766441881,36.97681570763351,False,
thorough,500,0.5,250,10000,base,0,1.0,1.0,0.9769324316188048,7.797747586909577e-06,0.4470348358154297,0.8500775740231167,1.1499849517691163,156.4751999976579,180.44409999856725,3490.8059000154026,3606.248000025517,3694.152700016275,3787.740599975223,3647.281100013061,3786.692100024084,0.364728110001306,0.3786692100024084,6.0,61490.0,True,1.0,0.9819314276254942,1.0047620530324566,57.29336025217487,0.0863796978230655,2.6810890841958987e-06,233462.99974946305,262164.00001430884,69.23298570080242,51.44384462644304,False,
thorough,500,0.5,250,50000,base,0,1.0,1.0,0.9769324316188048,7.797747586909577e-06,2.2351741790771484,0.8500037522655713,1.149994069140252,152.2355999913998,190.64059999072924,17389.303600008134,17539.03650000575,17692.860000010114,17886.99440000346,17541.539199999534,17729.67709999648,0.3508307839999907,0.3545935419999296,6.0,307176.0,True,1.0,0.9819314276218858,1.0047620530324963,57.50661573356694,0.0863796984229848,2.640970808955804e-06,1167314.9987473153,1310820.0000715442,73.93366459402718,54.93670272253772,False,
thorough,500,0.5,250,100000,base,0,1.0,1.0,0.9769324316188048,7.797747586909577e-06,4.470348358154297,0.8500011674778141,1.149999655307981,160.3958000196144,192.59819999570027,33847.1876999829,34097.82240001368,34349.859500012826,34575.15109999804,34007.58350000251,34290.42060000938,0.3400758350000251,0.3429042060000938,6.0,613466.0,True,1.0,0.9819314276196752,1.0047620530325008,59.089104173963925,0.0863796987905332,2.648051088707899e-06,2334629.9974946305,2621640.0001430884,76.45400535397256,56.80945192073991,False,
thorough,500,0.5,250,1,lambda,1,5.0,1.0,0.8365887995592081,7.797747586909577e-06,4.470348358154297e-05,5.0,5.0,152.97009999630973,195.6431000144221,7.60059998719953,8.063600020250306,162.5746000208892,205.1211999787484,160.57069998350926,203.7067000346724,160.57069998350926,203.7067000346724,11.0,16.0,True,1.0,0.8415886961095317,1.0033423864873074,4.210193939148549,0.0862971273854466,1.3383812653085548e-05,27.74839999619872,31.241500008036382,0.1533651077883979,0.1202969760278691,False,
thorough,500,0.5,250,10,lambda,1,5.0,1.0,0.8365887995592081,7.797747586909577e-06,0.0004470348358154,4.886743412912447,5.136154945711662,93.45770001527852,157.21940001822077,14.22810001531616,14.723699976457285,108.8510999979917,173.12049999600276,107.68580003059468,171.94309999467805,10.76858000305947,17.194309999467805,11.0,160.0,True,1.0,0.8415884376164934,1.0033423869013849,22.49070498910809,0.0863080501858913,1.3558719543482876e-05,277.48399996198714,312.4150000803638,1.8169673577481948,1.4251982203150813,False,
thorough,500,0.5,250,100,lambda,1,5.0,1.0,0.8365887995592081,7.797747586909577e-06,0.0044703483581542,4.8522814753707175,5.149913872879106,113.99569999775848,135.00109998858534,48.053600010462105,55.56040001101792,167.35509998397902,187.9078000201844,162.0493000082206,190.56149999960329,1.620493000082206,1.9056149999960328,11.0,1600.0,True,1.0,0.8415884112142409,1.0033423870455995,66.592305244629,0.0863091669971417,1.3355706183352944e-05,2774.8399996198714,3124.1500008036382,16.394444842269518,12.859523046805542,False,
thorough,500,0.5,250,1000,lambda,1,5.0,1.0,0.8365887995592081,7.797747586909577e-06,0.0447034835815429,4.850567013642955,5.149974753231548,170.4273000068497,186.94340001093224,623.6046999983955,653.0780000030063,816.6602999845054,847.3570999922231,794.0320000052452,840.0214000139385,0.7940320000052452,0.8400214000139385,11.0,16000.0,True,1.0,0.841588411097306,1.0033423870530074,51.31455872619679,0.086309171944162,1.3351996720984808e-05,27748.39999619872,31241.500008036382,37.19131442070165,29.172233005469508,False,
thorough,500,0.5,250,10000,lambda,1,5.0,1.0,0.8365887995592081,7.797747586909577e-06,0.4470348358154297,4.850020129044411,5.149957745461991,130.9559000073932,189.5111000048928,6150.417699973332,6542.621300002793,6313.887700001942,6795.95969998627,6281.373599980725,6732.132400007686,0.6281373599980725,0.6732132400007685,11.0,160000.0,True,1.0,0.8415884111299738,1.0033423870553748,52.02898658434004,0.0863091705621319,1.3320755539197628e-05,277483.99996198714,312415.0000803638,46.4065442444369,36.40050218079393,False,
thorough,500,0.5,250,50000,lambda,1,5.0,1.0,0.8365887995592081,7.797747586909577e-06,2.2351741790771484,4.850001315894829,5.149979310656007,155.15980002237484,201.84600001084613,29224.64830000536,29427.63310001465,29600.44090001611,29758.85720000952,29379.80810002773,29629.47910002549,0.5875961620005546,0.5925895820005098,11.0,800000.0,True,1.0,0.8415884110885529,1.0033423870554563,54.74830641502388,0.0863091723144763,1.331721364146332e-05,1387419.9998099357,1562075.0004018191,52.72029910240559,41.35290385642696,False,
thorough,500,0.5,250,100000,lambda,1,5.0,1.0,0.8365887995592081,7.797747586909577e-06,4.470348358154297,4.85000168237165,5.149999174529338,166.43939999630675,186.3322000135668,57197.39039998967,57416.68759999448,57711.03599999333,57846.1607999925,57363.82979998598,57603.01980000804,0.5736382979998598,0.5760301980000804,11.0,1600000.0,True,1.0,0.8415884110503993,1.0033423870554548,55.9466083613594,0.0863091739285965,1.3293552678701684e-05,2774839.9996198714,3124150.0008036382,54.23587186314843,42.54169329293375,False,
thorough,500,0.5,250,1,lambda,2,9.0,1.0,0.6006223892246905,7.797747586909577e-06,4.470348358154297e-05,9.0,9.0,64.42779998178594,127.42840001010336,21.23010001378134,25.90519998921081,86.3027999876067,154.78260000236332,85.65789999556728,153.33359999931417,85.65789999556728,153.33359999931417,48.0,94.0,True,1.0,0.6056218306292954,1.0011330863838868,8.85535159410278,0.0861464874129921,2.4567847638977275e-05,109.92529999930412,118.54250000033062,0.7731019163501074,0.7291702536403087,False,
thorough,500,0.5,250,10,lambda,2,9.0,1.0,0.6006223892246905,7.797747586909577e-06,0.0004470348358154,8.855720177223732,9.106236546852418,92.57740000612102,101.4590999984648,72.21199999912642,75.85239998297766,169.60899997502565,176.42510001314804,164.78940000524744,177.31149998144247,16.478940000524744,17.731149998144247,50.0,940.0,True,1.0,0.605620963911476,1.0011331025940675,27.14230321863002,0.086157172111756,2.3646984123466333e-05,1099.2529999930412,1185.4250000033062,6.685550571324328,6.305642894836673,False,
thorough,500,0.5,250,100,lambda,2,9.0,1.0,0.6006223892246905,7.797747586909577e-06,0.0044703483581542,8.85158621921881,9.148711186676111,156.28900000592694,162.18490002211183,304.2153999849688,343.5740999993868,465.201100014383,529.7592999995686,460.50439999089576,505.75900002149865,4.605043999908958,5.0575900002149865,50.0,9456.0,True,1.0,0.6056209380721058,1.0011331059957214,64.42803356098484,0.0861615053992682,2.451640023336261e-05,10992.529999930412,11854.250000033062,23.438534953464327,22.10663576887983,False,
thorough,500,0.5,250,1000,lambda,2,9.0,1.0,0.6006223892246905,7.797747586909577e-06,0.0447034835815429,8.850290967103899,9.14997113991853,68.22369998553768,127.82740002148785,3852.415800007293,3966.236800013576,3929.387100011809,4183.614800014766,3920.639499992831,4094.064200035064,3.920639499992831,4.094064200035064,50.0,93980.0,True,1.0,0.6056209348877264,1.001133106555822,50.87716647814312,0.0861616344891186,2.421011774088309e-05,109925.29999930412,118542.50000033062,28.95472425647731,27.30936657078411,False,
thorough,500,0.5,250,10000,lambda,2,9.0,1.0,0.6006223892246905,7.797747586909577e-06,0.4470348358154297,8.8501011036557,9.149979945553412,158.6107000184711,172.88870000629686,35258.1935999915,35871.68549999478,35453.221199975815,36057.46860001818,35416.80430000997,36044.57420000108,3.541680430000997,3.604457420000108,50.0,940328.0,True,1.0,0.6056209346849288,1.0011331065645368,55.589915417574666,0.0861616353914315,2.4272583495431064e-05,1099252.9999930412,1185425.0000033062,32.88775152192728,31.018898817530825,False,
thorough,500,0.5,250,50000,lambda,2,9.0,1.0,0.6006223892246905,7.797747586909577e-06,2.2351741790771484,8.850001632434664,9.149997143826775,158.1573000003118,162.87680002278648,162509.85680002486,163604.5029000088,162864.8802000098,163891.79710001918,162668.01410002518,163767.3797000316,3.253360282000504,3.275347594000632,50.0,4700856.0,True,1.0,0.6056209346044372,1.0011331065681388,60.30403443195023,0.0861616371537158,2.427474400339877e-05,5496264.999965206,5927125.000016531,36.19234191127128,34.13570523259095,False,
thorough,500,0.5,250,100000,lambda,2,9.0,1.0,0.6006223892246905,7.797747586909577e-06,4.470348358154297,8.850002809967659,9.14999428029803,184.53329999465493,194.6915999869816,322495.0005999999,324292.00980000314,322900.78560000984,324734.0370999882,322679.53389999457,324486.7013999901,3.226795338999945,3.2448670139999014,50.0,9400996.0,True,1.0,0.6056209345258563,1.0011331065683335,60.77613595105141,0.0861616368602996,2.4272846399618355e-05,10992529.999930412,11854250.000033062,36.53231380173112,34.45635815603411,False,
thorough,500,0.5,250,1,rho,1,1.0,3.16,0.9782866422824305,6.97798755664549e-06,4.470348358154297e-05,1.0,1.0,66.02460000431165,178.3514999842737,3.1054000137373805,3.584499994758517,70.20139999804087,182.9778000246733,69.13000001804903,181.9359999790322,69.13000001804903,181.9359999790322,5.0,8.0,True,1.0,0.9832864414596576,1.0047761914009428,5.152315298905354,0.207193900759507,2.446607220145056e-06,24.972000013804063,28.16819999134168,0.154824773516995,0.1177996657976575,False,
thorough,500,0.5,250,10,rho,1,1.0,3.16,0.9782866422824305,6.97798755664549e-06,0.0004470348358154,0.8895210211986447,1.1284653743798485,69.43850000970997,111.54759998316877,7.90440000128001,8.795600006124005,78.75040001817979,121.40279999584892,77.34290001098998,120.34319998929276,7.734290001098998,12.034319998929275,6.0,92.0,True,1.0,0.9832859709149764,1.0047761970990452,25.30236323662931,0.207286707664953,2.950220030735422e-06,249.72000013804063,281.6819999134168,2.34065572411635,1.7809066067712571,False,
thorough,500,0.5,250,100,rho,1,1.0,3.16,0.9782866422824305,6.97798755664549e-06,0.0044703483581542,0.8500351977343492,1.1423049060301915,62.87379999412224,138.770800025668,33.33180001936853,34.26470002159476,99.11419998388736,176.0188000043854,96.20560001349077,173.03550004726276,0.9620560001349076,1.7303550004726276,6.0,912.0,True,1.0,0.983285823701892,1.0047761973697311,60.00276009209928,0.2072970273235769,3.104829168128736e-06,2497.2000013804063,2816.819999134168,16.278856063436603,12.385897684717127,False,
thorough,500,0.5,250,1000,rho,1,1.0,3.16,0.9782866422824305,6.97798755664549e-06,0.0447034835815429,0.8502810648994468,1.1496275439930277,111.39460001140831,176.2626999989152,412.0049999910407,457.10289999260567,527.2336000052746,640.0721999816597,523.399600002449,633.3655999915209,0.523399600002449,0.6333655999915209,6.0,9182.0,True,1.0,0.9832858214420384,1.0047761973675031,48.5431002061502,0.207302513550514,3.356388399034518e-06,24972.000013804063,28168.19999134168,44.473839425,33.83827602001047,False,
thorough,500,0.5,250,10000,rho,1,1.0,3.16,0.9782866422824305,6.97798755664549e-06,0.4470348358154297,0.8500534131549672,1.1499780623418574,122.4565000156872,149.35689998674206,3523.564899980556,3629.762600001413,3684.0850000153296,3797.524800000247,3646.0213999962434,3779.119499988155,0.3646021399996243,0.3779119499988155,6.0,91770.0,True,1.0,0.983285821202325,1.0047761973695657,56.76069710000336,0.2073027766167981,3.330092140453304e-06,249720.00013804063,281681.9999134168,74.53640984739955,56.71162289035791,False,
thorough,500,0.5,250,50000,rho,1,1.0,3.16,0.9782866422824305,6.97798755664549e-06,2.2351741790771484,0.8500074933813572,1.14999816473447,148.0104999791365,186.19559999206103,17339.27849997417,17517.32620000257,17639.000399998622,17877.241200010758,17487.288999953307,17703.521799994633,0.3497457799990661,0.3540704359998926,6.0,458977.0,True,1.0,0.9832858202587904,1.0047761973699825,57.67252657032354,0.2073027917050384,3.402706128939216e-06,1248600.0006902032,1408409.999567084,79.55535714749769,60.530329039104295,False,
thorough,500,0.5,250,100000,rho,1,1.0,3.16,0.9782866422824305,6.97798755664549e-06,4.470348358154297,0.8500001389899076,1.1499995572688615,134.72449997789226,168.72210000292398,33783.034599997336,34345.284600014566,34175.041299982695,34750.99309999496,33917.75909997523,34514.00670001749,0.3391775909997523,0.3451400670001749,6.0,918129.0,True,1.0,0.9832858202593574,1.004776197370049,59.20131283884597,0.2073027927502424,3.386774649677692e-06,2497200.0013804063,2816819.999134168,81.6138219945568,62.09652846269442,False,
thorough,500,0.5,250,1,rho,2,1.0,7.73,0.9787669358063056,7.101354256077244e-06,4.470348358154297e-05,1.0,1.0,65.34339999780059,161.04570002062246,4.652299976442009,6.07750000199303,72.24129998940043,169.6648000215646,69.9956999742426,167.1232000226155,69.9956999742426,167.1232000226155,9.0,15.0,True,1.0,0.9837660628592398,1.0047809918772006,6.448423393141436,0.5800000743559421,2.674944418408662e-06,27.090900024631992,30.51699999195989,0.1826018170297736,0.1422950254153388,False,
thorough,500,0.5,250,10,rho,2,1.0,7.73,0.9787669358063056,7.101354256077244e-06,0.0004470348358154,0.8584623913813334,1.1434191472416666,73.56079999590293,83.07510000304319,17.275199992582202,17.579600011231378,93.44239998608828,101.58829999272712,90.83599998848511,100.65470001427455,9.083599998848513,10.065470001427457,12.0,185.0,True,1.0,0.983762049145652,1.0047810281711802,23.154579985861584,0.5831080477401394,5.19472049085694e-06,270.9090002463199,305.1699999195989,3.0318504737118146,2.362611978510522,False,
thorough,500,0.5,250,100,rho,2,1.0,7.73,0.9787669358063056,7.101354256077244e-06,0.0044703483581542,0.8518741485297783,1.145895456574642,91.96039999369532,114.66739999013951,56.492800009436905,61.96859999909066,156.14399997866713,179.0888000105042,148.45320000313222,176.6359999892302,1.4845320000313222,1.766359999892302,13.0,1632.0,True,1.0,0.9837314302753968,1.0047810499042946,67.26520900654994,0.5831637593286831,6.507188935177711e-06,2709.090002463199,3051.699999195989,17.27677256834426,13.46316718911252,False,
thorough,500,0.5,250,1000,rho,2,1.0,7.73,0.9787669358063056,7.101354256077244e-06,0.0447034835815429,0.8503583975247113,1.149980453416377,124.02069999370724,143.74870000756346,756.4175000006799,798.0139999999665,889.0065000159666,999.7828000050504,880.4381999943871,941.76270000753,0.8804381999943871,0.94176270000753,13.0,16289.0,True,1.0,0.9837313703466374,1.0047810499863326,50.236807054260176,0.583252787822328,6.933679763288677e-06,27090.900024631992,30516.99999195989,32.40412897189057,25.25137170384928,False,
thorough,500,0.5,250,10000,rho,2,1.0,7.73,0.9787669358063056,7.101354256077244e-06,0.4470348358154297,0.8500199670452314,1.1499847812716757,131.41810000524856,188.0115999956616,7290.142499987269,7503.162599983625,7502.060700004222,7697.023999993689,7421.560599992517,7691.174199979287,0.7421560599992517,0.7691174199979287,13.0,163060.0,True,1.0,0.9837313651246417,1.0047810499864156,52.12518136657324,0.5832528827089233,6.723762138813892e-06,270909.0002463199,305169.9999195989,39.67794669381182,30.91959611937392,False,
thorough,500,0.5,250,50000,rho,2,1.0,7.73,0.9787669358063056,7.101354256077244e-06,2.2351741790771484,0.8500026175732451,1.1499853329558491,153.4778000204824,250.41569999302737,34463.588300015545,35278.68170000147,35048.6654000124,35755.522300023586,34617.06610003603,35529.0973999945,0.6923413220007205,0.7105819479998899,13.0,815447.0,True,1.0,0.9837313651637356,1.0047810499864265,55.130649294552505,0.5832528948045332,6.701092845480594e-06,1354545.0012315996,1525849.9995979946,42.946489251320834,33.46665372185126,False,
thorough,500,0.5,250,100000,rho,2,1.0,7.73,0.9787669358063056,7.101354256077244e-06,4.470348358154297,0.8500076953856796,1.1499965609008287,155.8124000148382,236.68490001000464,67975.27260001516,68774.94989999104,68472.92279999238,69165.95490000327,68131.08500003,69011.63480000105,0.6813108500003,0.6901163480000104,13.0,1631945.0,True,1.0,0.9837313651391896,1.0047810499866412,55.9026812935378,0.5832531409789324,6.706211435561691e-06,2709090.002463199,3051699.999195989,44.2200798175548,34.45911702226546,False,
thorough,750,0.0,0,1,base,0,1.0,1.0,0.97,3.284813329682508e-06,6.705522537231445e-05,1.0,1.0,133.21770000038669,174.09909999696538,1.253599999472499,1.836900017224252,135.61460000346415,177.6663000055123,134.47129999985918,175.93600001418963,134.47129999985918,175.93600001418963,0.0,4.0,True,1.0,0.970000018570497,0.9998042966541592,14.358647102404436,,,18.53950001532212,22.1700999973109,0.1260122999017985,0.0877245134527161,False,
thorough,750,0.0,0,10,base,0,1.0,1.0,0.97,3.284813329682508e-06,0.0006705522537231,0.8503846030998671,1.1476368979491265,88.90420000534505,130.5630000133533,3.897199989296496,4.581999994115904,95.13240001979284,136.5220000152476,92.80139999464154,135.1450000074692,9.280139999464154,13.51450000074692,0.0,50.0,True,1.0,0.965421515166106,0.9998342182690242,57.73375772810056,,,185.3950001532212,221.700999973109,1.6404676455722076,1.1420252320995108,False,
thorough,750,0.0,0,100,base,0,1.0,1.0,0.97,3.284813329682508e-06,0.0067055225372314,0.8516395522935372,1.149892724620187,101.22459998819976,294.5350999943912,26.127799996174872,29.88399998866953,129.28990001091734,330.9018000145443,127.35239998437464,324.41909998306073,1.2735239998437464,3.244190999830608,0.0,500.0,True,1.0,0.9653512397869092,0.9998339682702768,86.11517235777225,,,1853.950001532212,2217.00999973109,6.833783830381285,4.757395603670594,False,
thorough,750,0.0,0,1000,base,0,1.0,1.0,0.97,3.284813329682508e-06,0.0670552253723144,0.8502660107005068,1.149703009411919,82.59480001288466,227.75879999971949,280.63409999595024,318.0106999934651,367.7839000010863,548.689999995986,363.2289000088349,545.7694999931846,0.3632289000088349,0.5457694999931846,0.0,5000.0,True,1.0,0.9653571503241491,0.9998342418929956,80.1755738177388,,,18539.50001532212,22170.0999973109,40.62172766632755,28.27915447868482,False,
thorough,750,0.0,0,10000,base,0,1.0,1.0,0.97,3.284813329682508e-06,0.6705522537231445,0.8500216460058762,1.1499913043596215,172.0439000055194,254.79289999930188,2487.93289999594,2651.9560999877285,2674.247299990384,2957.1975999861024,2659.976800001459,2906.7489999870304,0.2659976800001459,0.290674899998703,0.0,50000.0,True,1.0,0.9653481685289688,0.9998342905707336,90.4365226250142,,,185395.0001532212,221700.999973109,76.27111937566615,53.096775814254016,False,
thorough,750,0.0,0,50000,base,0,1.0,1.0,0.97,3.284813329682508e-06,3.3527612686157227,0.8500018478684008,1.149994846561755,150.41970001766458,171.4905999833718,12545.6696000183,12601.277300011134,12819.930800003933,12874.88919997122,12696.089300035965,12772.767899994506,0.2539217860007193,0.2554553579998901,0.0,250000.0,True,1.0,0.9653480581710964,0.9998342945145188,89.67237587688098,,,926975.000766106,1108504.999865545,86.78659226760253,60.41720996146998,False,
thorough,750,0.0,0,100000,base,0,1.0,1.0,0.97,3.284813329682508e-06,6.705522537231445,0.8500030678736057,1.1499938381197736,191.5123999933712,207.08590000867844,24285.627399978694,25656.389899988422,24627.380900026765,26023.876199993538,24477.139799972065,25863.475799997104,0.2447713979997206,0.258634757999971,0.0,500000.0,True,1.0,0.9653480895892698,0.999834294271494,92.64739028327404,,,1853950.001532212,2217009.99973109,85.71972370903597,59.67450051730312,False,
thorough,750,0.0,0,1,lambda,1,5.0,1.0,0.8267100419683526,3.284813329682508e-06,6.705522537231445e-05,5.0,5.0,151.8806000240147,216.6404000017792,3.256299998611212,3.697200008900836,156.55500002321787,221.82750000501983,155.13690002262592,220.33760001068003,155.13690002262592,220.33760001068003,0.0,8.0,True,1.0,0.8267102422774681,0.998889941663472,11.055492434773743,,,20.628800004487857,23.073550008120947,0.1047190765761383,0.0741469000755204,False,
thorough,750,0.0,0,10,lambda,1,5.0,1.0,0.8267100419683526,3.284813329682508e-06,0.0006705522537231,4.877453549180858,5.126515730913336,201.277799991658,226.9761000061408,7.218600017949939,8.361399988643825,211.2656999961473,238.2300999888685,208.4964000096079,235.3374999947846,20.84964000096079,23.53374999947846,0.0,90.0,True,1.0,0.8212800412359378,0.9989223189485124,56.10506178385248,,,206.28800004487857,230.73550008120947,0.9804451058004904,0.6942093806228904,False,
thorough,750,0.0,0,100,lambda,1,5.0,1.0,0.8267100419683526,3.284813329682508e-06,0.0067055225372314,4.85012592881015,5.148785779335382,224.0504999936093,240.3383000055328,57.85680000553839,65.28179999440908,284.7306000185199,306.79639999289066,281.90729999914765,305.6200999999419,2.8190729999914765,3.056200999999419,0.0,900.0,True,1.0,0.8203160475152513,0.9989294883291924,70.00041481057214,,,2062.8800004487857,2307.3550008120947,7.5497488575278044,5.345639900934197,False,
thorough,750,0.0,0,1000,lambda,1,5.0,1.0,0.8267100419683526,3.284813329682508e-06,0.0670552253723144,4.850220691268091,5.149719609097045,158.67969999089837,181.2034999893513,467.7171000221279,530.0071999954525,651.5718000009656,714.3829000124242,626.3968000130262,711.2106999848038,0.6263968000130262,0.7112106999848038,0.0,9000.0,True,1.0,0.8202755709293122,0.998929463499906,86.59080456558875,,,20628.800004487857,23073.550008120947,32.442636209795424,22.9711814111078,False,
thorough,750,0.0,0,10000,lambda,1,5.0,1.0,0.8267100419683526,3.284813329682508e-06,0.6705522537231445,4.850022811900257,5.149968510143919,178.6728999868501,205.2488999906928,4355.175600008806,4506.508899998153,4641.956599982223,4737.903100001859,4533.848499995656,4711.757799988845,0.4533848499995656,0.4711757799988845,0.0,90000.0,True,1.0,0.820264781644257,0.9989295153472304,92.99280607633388,,,206288.00004487857,230735.50008120947,48.97015293989766,34.67357768455451,False,
thorough,750,0.0,0,50000,lambda,1,5.0,1.0,0.8267100419683526,3.284813329682508e-06,3.3527612686157227,4.850001037520424,5.149999830449259,148.28059999854304,186.31079999613576,21737.658900005044,22031.296400004067,22020.688899996458,22272.579099982977,21885.939500003587,22217.6072000002,0.4377187900000717,0.444352144000004,0.0,450000.0,True,1.0,0.8202634239593561,0.998929521052382,93.1563058062122,,,1031440.0002243927,1153677.500406047,51.92627135860233,36.76667308005999,False,
thorough,750,0.0,0,100000,lambda,1,5.0,1.0,0.8267100419683526,3.284813329682508e-06,6.705522537231445,4.850001939330564,5.149991975754952,156.19579999474809,182.3264999839012,42334.82099999674,42882.58489998407,42651.92400000524,43210.48300000257,42491.016799991485,43064.91139996797,0.4249101679999148,0.4306491139996797,0.0,900000.0,True,1.0,0.8202637644481943,0.9989295208160968,95.66592947210788,,,2062880.0004487853,2307355.0008120947,53.57853820671766,37.93656942455485,False,
thorough,750,0.0,0,1,lambda,2,9.0,1.0,0.5703904985833275,3.284813329682508e-06,6.705522537231445e-05,9.0,9.0,92.02080001705326,150.09989999816753,9.570499998517334,9.699000016553327,103.257599985227,161.29749998799525,101.5913000155706,159.79890001472086,101.5913000155706,159.79890001472086,0.0,25.0,True,1.0,0.570391820526855,0.9973912013669148,11.754871743109405,,,21.83109999168664,25.72479999798816,0.160982334644471,0.1188281020644688,False,
thorough,750,0.0,0,10,lambda,2,9.0,1.0,0.5703904985833275,3.284813329682508e-06,0.0006705522537231,8.886871377734868,9.143589065878844,118.3960000053048,131.77410000935197,24.916999973356724,26.095999986864623,146.24499998171814,162.4170999857597,143.31299997866154,157.8700999962166,14.331299997866154,15.78700999962166,0.0,290.0,True,1.0,0.550362167595881,0.9974655502134318,52.37388134187148,,,218.3109999168664,257.2479999798816,1.629491588249115,1.2027990101478472,False,
thorough,750,0.0,0,100,lambda,2,9.0,1.0,0.5703904985833275,3.284813329682508e-06,0.0067055225372314,8.850389590041043,9.145139889459983,96.92189999623224,151.69569998397492,150.48040001420304,157.58880000794306,253.3818999945652,318.3407000033185,247.40230001043528,309.284499991918,2.474023000104353,3.09284499991918,0.0,2900.0,True,1.0,0.5501254598122735,0.9974881993813698,86.72225750840828,,,2183.109999168664,2572.479999798816,8.31751995287846,6.139525259505502,False,
thorough,750,0.0,0,1000,lambda,2,9.0,1.0,0.5703904985833275,3.284813329682508e-06,0.0670552253723144,8.850719739903436,9.14982895638664,152.62750000692904,195.2125999960117,1444.2279000068083,1575.0401000259444,1599.8788999859244,1774.546000000555,1596.8554000137374,1770.252700021956,1.5968554000137374,1.770252700021956,0.0,29000.0,True,1.0,0.5494065561502919,0.9974879969742396,90.3597001549304,,,21831.09999168664,25724.79999798816,14.531710640898384,10.726491195581051,False,
thorough,750,0.0,0,10000,lambda,2,9.0,1.0,0.5703904985833275,3.284813329682508e-06,0.6705522537231445,8.850018999440142,9.149981578961269,159.34090001974255,167.6681999815628,13649.633399996674,13805.020400002832,13823.113999998895,13982.947399985278,13808.974300016416,13972.688599984394,1.3808974300016417,1.3972688599984395,0.0,290000.0,True,1.0,0.5493830754242002,0.99748842652761,95.60696333429132,,,218310.9999168664,257247.9999798816,18.410773140694545,13.58979688473148,False,
thorough,750,0.0,0,50000,lambda,2,9.0,1.0,0.5703904985833275,3.284813329682508e-06,3.3527612686157227,8.850000349793865,9.149989943174305,153.8754000212066,164.33590001543052,67985.54120000335,68471.95479998481,68217.58970001247,68685.45279998216,68139.41660002456,68636.29070000025,1.3627883320004912,1.372725814000005,0.0,1450000.0,True,1.0,0.5493817884547186,0.997488437957032,95.97628973496614,,,1091554.999584332,1286239.9998994078,18.73994044231477,13.832769666804728,False,
thorough,750,0.0,0,100000,lambda,2,9.0,1.0,0.5703904985833275,3.284813329682508e-06,6.705522537231445,8.85000183923657,9.149995893835902,167.1545999997761,222.8401000029408,134834.57960002124,138285.32379999524,135175.82070000935,138563.51960002212,135001.73420002102,138508.16389999818,1.3500173420002102,1.3850816389999818,0.0,2900000.0,True,1.0,0.549380872839716,0.9974884370442334,96.78526116009743,,,2183109.999168664,2572479.999798816,18.572768040273253,13.709372405260329,False,
thorough,750,0.0,0,1,rho,1,1.0,3.16,0.97,2.9395732495556507e-06,6.705522537231445e-05,1.0,1.0,141.84260001638904,175.7493000186514,1.6045999946072698,1.9571000011637807,144.639800011646,179.37590001383796,143.4472000109963,177.7064000198152,143.4472000109963,177.7064000198152,0.0,4.0,True,1.0,0.9700000118782912,0.9998047643912688,11.217749009406887,,,19.083999999566004,21.808650009916164,0.1227229295483133,0.0848165851707448,False,
thorough,750,0.0,0,10,rho,1,1.0,3.16,0.97,2.9395732495556507e-06,0.0006705522537231,0.8825385240170016,1.1415292490123838,220.954399992479,240.5131999985315,3.2540999818593264,3.9887999882921576,226.8817000149284,245.37649998092093,224.2084999743384,244.50199998682365,22.42084999743384,24.450199998682365,0.0,40.0,True,1.0,0.9656251358191432,0.9998281166144348,55.31483390290659,,,190.83999999566004,218.08650009916164,0.8919620293940926,0.6164550806733429,False,
thorough,750,0.0,0,100,rho,1,1.0,3.16,0.97,2.9395732495556507e-06,0.0067055225372314,0.8579462200338627,1.1481869462288032,181.0299000062514,228.56429999228567,22.32630000798963,23.741599987261,205.64070000546053,253.79800001974212,203.35620001424104,252.30589997954667,2.0335620001424104,2.5230589997954667,0.0,400.0,True,1.0,0.9654184991719276,0.999832990993644,80.62240493748882,,,1908.3999999566004,2180.8650009916164,8.643733662860875,5.973879332147589,False,
thorough,750,0.0,0,1000,rho,1,1.0,3.16,0.97,2.9395732495556507e-06,0.0670552253723144,0.8500481406862709,1.1497341787142183,192.0093999942765,218.84079999290407,195.1622000196949,235.8269999967888,390.8252000110224,458.1195999926422,387.1716000139713,454.66779998969287,0.3871716000139713,0.4546677999896928,0.0,4000.0,True,1.0,0.9653704664560486,0.9998345553767276,92.23097504631288,,,19083.999999566004,21808.650009916164,47.96611946218879,33.15046724885464,False,
thorough,750,0.0,0,10000,rho,1,1.0,3.16,0.97,2.9395732495556507e-06,0.6705522537231445,0.8500037120945504,1.1499057638611947,157.88010001415387,182.4645000160672,1896.670599991921,2125.9743999980856,2063.546299992595,2324.405499995919,2054.550700006075,2308.4389000141528,0.2054550700006075,0.2308438900014152,0.0,40000.0,True,1.0,0.9653651394664295,0.9998345641752812,94.90314238053077,,,190839.99999566004,218086.50009916164,94.4735856330547,65.29282630168248,False,
thorough,750,0.0,0,50000,rho,1,1.0,3.16,0.97,2.9395732495556507e-06,3.3527612686157227,0.8500051100730016,1.1499881858833496,193.7095999892336,223.61100002308376,9838.89410001575,9894.347599998582,10087.508500000697,10163.059100013925,10032.603700004984,10117.958600021666,0.2006520740000996,0.2023591720004333,0.0,200000.0,True,1.0,0.9653625805949848,0.9998345638984284,91.47369519899183,,,954199.9999783002,1090432.5004958082,107.77198678135264,74.48365133968244,False,
thorough,750,0.0,0,100000,rho,1,1.0,3.16,0.97,2.9395732495556507e-06,6.705522537231445,0.8500016370412773,1.149999892060608,182.31069998000748,210.9881999786012,19674.68110000482,19987.75470000692,20008.394100004807,20372.0186999999,19856.991799984826,20198.74289998552,0.1985699179998482,0.2019874289998552,0.0,400000.0,True,1.0,0.9653622171644388,0.9998345645862204,91.48814107078763,,,1908399.9999566004,2180865.0009916164,107.97033319302165,74.6207330193698,False,
thorough,750,0.0,0,1,rho,2,1.0,7.73,0.97,2.9915307217288634e-06,6.705522537231445e-05,1.0,1.0,95.21689999382944,104.34109999914654,1.2556999863591043,1.7466999997850507,98.67509998730384,107.3340000002645,96.47259998018852,106.0877999989316,96.47259998018852,106.0877999989316,0.0,4.0,True,1.0,0.9700000127455296,0.999804697315149,14.334634224366686,,,19.21999998739921,21.62524998129811,0.2038429487793686,0.1403464864404672,False,
thorough,750,0.0,0,10,rho,2,1.0,7.73,0.97,2.9915307217288634e-06,0.0006705522537231,0.9350253895010538,1.104265739545539,109.25569999380969,126.52469999738967,4.236399981891736,4.63750000926666,115.33280002186076,133.21699999505654,113.49209997570142,131.16220000665635,11.349209997570142,13.116220000665637,0.0,40.0,True,1.0,0.9667789347479416,0.99981764233178,42.48890585624594,,,192.19999987399208,216.2524998129811,1.6487410229624582,1.135163178361864,False,
thorough,750,0.0,0,100,rho,2,1.0,7.73,0.97,2.9915307217288634e-06,0.0067055225372314,0.8503090217839809,1.143420913568024,83.2016000058502,131.54850000864826,20.47519999905489,22.550900001078844,106.03039999841712,154.04839999973774,103.67680000490508,154.0994000097271,1.036768000049051,1.540994000097271,0.0,400.0,True,1.0,0.9655644861724784,0.9998344649411024,87.91122919840028,,,1921.9999987399208,2162.524998129811,14.033312251659044,9.661977907187971,False,
thorough,750,0.0,0,1000,rho,2,1.0,7.73,0.97,2.9915307217288634e-06,0.0670552253723144,0.8505542892496666,1.1493119913466656,120.47739999252371,190.93559999600984,205.4972000187263,223.6085000040476,357.80150000937283,409.3591999844648,325.97460001125,414.54410000005737,0.32597460001125,0.4145441000000573,0.0,4000.0,True,1.0,0.9653815366262004,0.999834416327082,87.59243434148846,,,19219.99998739921,21625.24998129811,52.166343656308506,35.91668530331753,False,
thorough,750,0.0,0,10000,rho,2,1.0,7.73,0.97,2.9915307217288634e-06,0.6705522537231445,0.8500551088592352,1.1499549510450633,179.13939998834394,189.3770000024233,1951.8511000205765,2149.272300011944,2149.172800011001,2380.5091000103857,2130.99050000892,2338.649300014368,0.213099050000892,0.2338649300014367,0.0,40000.0,True,1.0,0.96536156562834,0.9998345152681748,92.22014937415176,,,192199.99987399208,216252.4998129811,92.46897335639532,63.66516768443042,False,
thorough,750,0.0,0,50000,rho,2,1.0,7.73,0.97,2.9915307217288634e-06,3.3527612686157227,0.8500256710471418,1.1499985146023834,225.817400001688,277.89499997743405,9970.897199993487,10131.64350000443,10308.598699979484,10506.025500013491,10196.714599995175,10409.538499981863,0.2039342919999035,0.2081907699996372,0.0,200000.0,True,1.0,0.9653602124728682,0.9998345211028904,90.26268970064076,,,960999.9993699604,1081262.4990649056,103.87228012719194,71.51637886768464,False,
thorough,750,0.0,0,100000,rho,2,1.0,7.73,0.97,2.9915307217288634e-06,6.705522537231445,0.850001311105527,1.1499937070772277,143.53219998884015,214.5377999986522,19570.63700002618,19787.12349999114,19990.33570001484,20156.12939998391,19714.16920001502,20001.66129998979,0.1971416920001502,0.2000166129998979,0.0,400000.0,True,1.0,0.9653603618026388,0.999834525931142,91.97452285265892,,,1921999.9987399208,2162524.998129811,108.11726914558416,74.43906663921287,False,
thorough,750,0.3,225,1,base,0,1.0,1.0,0.9769395465036964,3.284813329682508e-06,6.705522537231445e-05,1.0,1.0,172.77540001668967,200.27760000084527,2.9332000121939927,3.407799988053739,177.20499998540618,204.83440000680275,175.70860002888367,203.685399988899,175.70860002888367,203.685399988899,3.0,6.0,True,1.0,0.9819402420665676,1.0048496505604927,9.204963823726557,0.0863846917161388,1.1309598898617956e-06,27.961099985986948,31.000700022559613,0.1521989304302084,0.1191273406274233,False,
thorough,750,0.3,225,10,base,0,1.0,1.0,0.9769395465036964,3.284813329682508e-06,0.0006705522537231,0.8679384649454727,1.110344638885698,183.38140001287684,231.26659999252297,7.391999999526888,7.860199984861538,192.588000005344,240.6974000041373,190.77340001240373,239.1267999773845,19.077340001240373,23.91267999773845,4.0,60.0,True,1.0,0.9819388440364636,1.004849641886467,36.52597402831181,0.0863808499892877,1.5369085928242125e-06,279.6109998598695,310.00700022559613,1.2964126156286755,1.0147126975146816,False,
thorough,750,0.3,225,100,base,0,1.0,1.0,0.9769395465036964,3.284813329682508e-06,0.0067055225372314,0.8562576719310866,1.1482723833961546,105.31189999892376,124.43580001126976,36.077800003113225,39.14000000804663,145.87430001120083,176.7894999939017,141.389700002037,163.57580001931638,1.41389700002037,1.6357580001931638,4.0,600.0,True,1.0,0.9819388244676076,1.0048496423901474,74.83826618493954,0.086382452515909,1.1911367266695e-06,2796.109998598695,3100.0700022559613,18.951886537555552,14.833795721888691,False,
thorough,750,0.3,225,1000,base,0,1.0,1.0,0.9769395465036964,3.284813329682508e-06,0.0670552253723144,0.8501719001076707,1.1499617925999257,163.76100000343286,179.6395000128541,351.06899999664165,362.6168000046164,533.6460999969859,559.2896000016481,514.8300000000745,542.2563000174705,0.5148300000000745,0.5422563000174705,4.0,6000.0,True,1.0,0.9819388136781568,1.0048496426726108,76.90795826535036,0.0863825240218627,1.2340819605899944e-06,27961.099985986948,31000.700022559613,57.16982914087089,44.74729021042042,False,
thorough,750,0.3,225,10000,base,0,1.0,1.0,0.9769395465036964,3.284813329682508e-06,0.6705522537231445,0.8500051962061573,1.1499993681442722,166.8962000112515,232.11060001631267,3500.60639998992,3650.729199987836,3699.908999988111,3968.434099981096,3667.5026000011712,3882.839800004149,0.3667502600001171,0.3882839800004148,4.0,60000.0,True,1.0,0.9819388133767718,1.004849642680545,77.12949390733489,0.0863825256124098,1.2549221556768412e-06,279610.9998598695,310007.00022559613,79.8402757242946,62.49163312193469,False,
thorough,750,0.3,225,50000,base,0,1.0,1.0,0.9769395465036964,3.284813329682508e-06,3.3527612686157227,0.8500010528976587,1.1499982716648225,190.2836000081152,249.0006000152789,17909.847599978093,18000.902600004338,18267.101999983424,18451.66920000338,18100.13119998621,18249.903200019617,0.3620026239997241,0.3649980640003923,4.0,300000.0,True,1.0,0.9819388133692772,1.0048496426807425,75.37752582560509,0.0863825255659946,1.2339644488281218e-06,1398054.9992993474,1550035.0011279806,84.93387521783208,66.47843486995721,False,
thorough,750,0.3,225,100000,base,0,1.0,1.0,0.9769395465036964,3.284813329682508e-06,6.705522537231445,0.850003860475703,1.1499994442197898,163.6836000252515,207.4651000148151,33480.79050000524,34159.16959999595,34029.43109997432,34605.55239999667,33644.47410003049,34366.63470001076,0.3364447410003049,0.3436663470001076,4.0,600000.0,True,1.0,0.9819388133743556,1.0048496426806086,80.64325721340353,0.086382525615631,1.236360148429455e-06,2796109.998598695,3100070.0022559613,90.20580657130768,70.60481841506278,False,
thorough,750,0.3,225,1,lambda,1,5.0,1.0,0.836453727422598,3.284813329682508e-06,6.705522537231445e-05,5.0,5.0,99.990999995498,126.11939999624155,5.892400018638,8.19779999437742,106.94149998016655,135.83459999063052,105.883400014136,134.31719999061897,105.883400014136,134.31719999061897,11.0,16.0,True,1.0,0.8414536006601689,1.0039519118641975,12.219129687777452,0.0863354877756452,5.805493795164187e-06,161.14910002215765,174.86910001025535,1.3019114456113483,1.2517600130493272,False,
thorough,750,0.3,225,10,lambda,1,5.0,1.0,0.836453727422598,3.284813329682508e-06,0.0006705522537231,4.869249323764446,5.146101342242784,96.97179999784566,178.2484999857843,17.774299980374053,18.36969997384585,116.7272000166122,197.2169000073336,114.74609997821972,196.6181999596301,11.474609997821972,19.66181999596301,11.0,160.0,True,1.0,0.8414533754716202,1.003951912196247,40.50792440743131,0.0863429234050138,5.728177621902094e-06,1611.4910002215763,1748.6910001025535,8.893840959085153,8.551237883752751,False,
thorough,750,0.3,225,100,lambda,1,5.0,1.0,0.836453727422598,3.284813329682508e-06,0.0067055225372314,4.854674886284532,5.138742150979447,152.11470000213012,161.63030001916923,101.23840000596827,104.3239000136964,267.7281999785919,269.2386999842711,253.3531000080984,265.95420003286563,2.533531000080984,2.6595420003286563,11.0,1600.0,True,1.0,0.8414533869624744,1.0039519122384677,71.11925909117035,0.0863425451187318,5.496773450747142e-06,16114.910002215764,17486.910001025535,65.75158429107181,63.21874217148255,False,
thorough,750,0.3,225,1000,lambda,1,5.0,1.0,0.836453727422598,3.284813329682508e-06,0.0670552253723144,4.850096144756204,5.149873366381338,154.90769999451004,172.4681000050623,929.5484000176656,990.1917000242976,1123.8355000095908,1171.8255000014324,1084.4561000121755,1162.6598000293598,1.0844561000121755,1.1626598000293598,11.0,16000.0,True,1.0,0.841453369576,1.0039519122519582,77.45696727425023,0.0863431174549434,5.654650506394626e-06,161149.10002215765,174869.10001025535,150.4043573243347,144.6105731089701,False,
thorough,750,0.3,225,10000,lambda,1,5.0,1.0,0.836453727422598,3.284813329682508e-06,0.6705522537231445,4.850058535195587,5.149958436971301,175.85929998313077,195.3549000027124,9163.955199997872,9575.226999993902,9419.527899997776,9805.171199986944,9339.814499981005,9770.581899996614,0.9339814499981004,0.9770581899996614,11.0,160000.0,True,1.0,0.8414533694429902,1.0039519122520697,78.56869487971385,0.0863431218325704,5.7393768481687175e-06,1611491.0002215763,1748691.0001025535,178.97511304860558,172.08074374062056,False,
thorough,750,0.3,225,50000,lambda,1,5.0,1.0,0.836453727422598,3.284813329682508e-06,3.3527612686157227,4.850010327876177,5.149983644710661,189.4128000130877,285.32139997696504,45521.523900009925,45886.73870000639,45842.83010000945,46371.45930001861,45710.93670002301,46172.06009998336,0.9142187340004604,0.9234412019996672,11.0,800000.0,True,1.0,0.841453369403577,1.003951912252212,79.08346846884041,0.0863431231297454,5.708158583925556e-06,8057455.001107883,8743455.000512768,189.3667941516848,182.0721228909027,False,
thorough,750,0.3,225,100000,lambda,1,5.0,1.0,0.836453727422598,3.284813329682508e-06,6.705522537231445,4.85000590671984,5.14999676574582,231.09449999174103,322.36489999922924,89980.3047000023,90743.762099999,90491.19650002103,91198.46350001173,90211.39919999403,91066.12699999825,0.9021139919999404,0.9106612699999824,11.0,1600000.0,True,1.0,0.8414533693830616,1.003951912252225,80.0175107653288,0.0863431238049466,5.704123541256972e-06,16114910.002215764,17486910.001025535,192.0243077980672,184.62726542988872,False,
thorough,750,0.3,225,1,lambda,2,9.0,1.0,0.5982891163846878,3.284813329682508e-06,6.705522537231445e-05,9.0,9.0,207.2743999888189,224.8985999904108,47.277599980589,48.56210001162253,257.39889999385923,276.77190001122653,254.55199996940792,273.46070000203326,254.55199996940792,273.46070000203326,52.0,102.0,True,1.0,0.6032886707288598,1.0025448707773676,9.708614654475989,0.0862415383112665,1.0874021405514203e-05,120.97649998031557,178.9625000092201,0.654435902518678,0.6298027468323254,False,
thorough,750,0.3,225,10,lambda,2,9.0,1.0,0.5982891163846878,3.284813329682508e-06,0.0006705522537231,8.850225014756875,9.113526443101192,164.40720000537112,175.12140001053922,114.23629999626428,115.19449998741038,279.8546999983955,291.06920000049286,278.6435000016354,290.3158999979496,27.86435000016354,29.03158999979496,54.0,1024.0,True,1.0,0.6032880816113835,1.0025448818270928,41.75555405905117,0.0862486818864631,1.1387876521667402e-05,1209.7649998031557,1789.625000092201,6.164405739075402,5.932375733233606,False,
thorough,750,0.3,225,100,lambda,2,9.0,1.0,0.5982891163846878,3.284813329682508e-06,0.0067055225372314,8.85418350878594,9.149746533009129,167.7866000100039,244.0063999965787,624.5314000116196,677.4814000236802,831.8717999791261,876.2709000147879,792.3180000216234,921.4878000202588,7.923180000216234,9.214878000202589,54.0,10020.0,True,1.0,0.6032877884368224,1.002544883654795,76.37726461649892,0.0862509907520337,1.0649088871053772e-05,12097.649998031557,17896.25000092201,19.42103845599319,18.69002498005776,False,
thorough,750,0.3,225,1000,lambda,2,9.0,1.0,0.5982891163846878,3.284813329682508e-06,0.0670552253723144,8.850073849654807,9.148928044837662,148.38810000219382,179.2669999995269,6579.237099998863,6954.84119997127,6768.309000006411,7111.480700026732,6727.625200001057,7134.108199970797,6.727625200001057,7.134108199970797,54.0,99892.0,True,1.0,0.603287786500084,1.0025448837901942,72.50080712246749,0.0862509383780507,1.0403869603297667e-05,120976.49998031557,178962.5000092201,25.08547599683905,24.14125146191027,False,
thorough,750,0.3,225,10000,lambda,2,9.0,1.0,0.5982891163846878,3.284813329682508e-06,0.6705522537231445,8.85003589236025,9.149995132908696,184.7770999884233,234.89759999210943,61253.47980001243,61308.72459997772,61530.46760000871,61544.05060000136,61438.25690000085,61543.62219996983,6.143825690000085,6.154362219996983,54.0,1001572.0,True,1.0,0.6032877859370555,1.0025448838176485,77.87312680967119,0.0862510066611719,1.0499649419461414e-05,1209764.9998031557,1789625.000092201,29.0789676674747,27.98442695692608,False,
thorough,750,0.3,225,50000,lambda,2,9.0,1.0,0.5982891163846878,3.284813329682508e-06,3.3527612686157227,8.850000390729726,9.149998147820462,205.4262000019662,244.23029998433776,287826.547500008,290155.90730000986,288245.0025000144,290579.7587999841,288031.97370001,290400.1375999942,5.760639474000199,5.808002751999884,54.0,5008120.0,True,1.0,0.6032877859000586,1.0025448838192177,82.86240517824136,0.0862510068541107,1.0504638383437744e-05,6048824.999015778,8948125.000461005,30.813088018527107,29.653274518967457,False,
thorough,750,0.3,225,100000,lambda,2,9.0,1.0,0.5982891163846878,3.284813329682508e-06,6.705522537231445,8.850004263978947,9.149996434090406,203.13390000956133,210.8250000164844,562613.695499982,575028.9100000227,563181.184599991,575515.051000024,562816.8293999915,575239.7350000392,5.628168293999916,5.752397350000392,54.0,10018116.0,True,1.0,0.6032877858948829,1.0025448838190885,84.78286323551029,0.0862510067444396,1.051722058660104e-05,12097649.998031557,17896250.00092201,31.11094194652737,29.939917139409587,False,
thorough,750,0.3,225,1,rho,1,1.0,3.16,0.9782945450045144,2.9395732495556507e-06,6.705522537231445e-05,1.0,1.0,98.11550000449644,144.75059998221695,2.617199992528185,3.4143000084441155,102.68020001240076,149.16170001379214,100.7326999970246,148.16489999066107,100.7326999970246,148.16489999066107,5.0,8.0,True,1.0,0.9832943397020946,1.0048585709119486,13.755158223588566,0.2072204939167754,1.0759450639186884e-06,31.26330001396127,34.72829998645466,0.2343895213282201,0.1889253122093691,False,
thorough,750,0.3,225,10,rho,1,1.0,3.16,0.9782945450045144,2.9395732495556507e-06,0.0006705522537231,0.8683203439902099,1.1280782167769827,91.40770000522024,167.00360001414083,10.18010001280345,11.757800006307662,104.31580001022668,180.33259999356235,101.5878000180237,178.7614000204485,10.15878000180237,17.87614000204485,6.0,96.0,True,1.0,0.9832939115761692,1.0048585762373856,44.20388792192982,0.2072791355906978,3.3536558172305483e-06,312.6330001396127,347.2829998645466,1.942718057840344,1.5658917409465123,False,
thorough,750,0.3,225,100,rho,1,1.0,3.16,0.9782945450045144,2.9395732495556507e-06,0.0067055225372314,0.8518534141320532,1.1467541922772768,123.46219999017194,150.27819998795167,60.78289999277331,62.17610000749119,187.44290000176989,215.93370000482537,184.24509998294525,212.45429999544285,1.8424509998294525,2.1245429999544285,6.0,917.0,True,1.0,0.9832937047191884,1.0048585763211866,74.03397996040039,0.2072879626402214,1.9943114639870194e-06,3126.330001396127,3472.829998645466,16.346244809918925,13.175586462503244,False,
thorough,750,0.3,225,1000,rho,1,1.0,3.16,0.9782945450045144,2.9395732495556507e-06,0.0670552253723144,0.8503835604950961,1.149404472630993,135.9705000068061,197.32129998737943,611.936200002674,615.733500017086,756.928799994057,832.3819000215735,747.9067000094801,813.0548000044655,0.7479067000094801,0.8130548000044655,6.0,9181.0,True,1.0,0.983293695251224,1.0048585763296964,73.53707788459543,0.2072892211178976,2.1271934516986724e-06,31263.30001396127,34728.29998645466,42.713357065555634,34.428306664018045,False,
thorough,750,0.3,225,10000,rho,1,1.0,3.16,0.9782945450045144,2.9395732495556507e-06,0.6705522537231445,0.8500355575126617,1.149997330861121,184.80570000247096,209.116299985908,5703.889800002798,5834.411200019531,5927.593100001104,6070.876499987207,5888.695500005269,6043.527500005439,0.588869550000527,0.6043527500005439,6.0,91826.0,True,1.0,0.983293692361218,1.004858576331737,78.89352981535149,0.2072895028344253,2.1228141151090545e-06,312633.0001396127,347282.9998645466,57.46362531886122,46.31748592056611,False,
thorough,750,0.3,225,50000,rho,1,1.0,3.16,0.9782945450045144,2.9395732495556507e-06,3.3527612686157227,0.8500017198692396,1.1499978962549686,166.24140000203624,191.26069999765605,27470.904399990104,27833.388099999866,27825.5085000128,28190.82349998644,27637.14579999214,28024.64879999752,0.5527429159998428,0.5604929759999504,6.0,458909.0,True,1.0,0.9832936923521436,1.004858576331936,81.90483892480842,0.2072895031031108,2.094460836468689e-06,1563165.0006980635,1736414.999322733,61.960276887497926,49.94192824498138,False,
thorough,750,0.3,225,100000,rho,1,1.0,3.16,0.9782945450045144,2.9395732495556507e-06,6.705522537231445,0.8500020130528535,1.14999935343536,180.9547000157181,196.6483000142034,53882.604400016135,55308.17639999441,54372.395399987,55757.9548000067,54063.55910003185,55504.82470000861,0.5406355910003185,0.5550482470000861,6.0,918057.0,True,1.0,0.9832936923243146,1.0048585763319344,83.51489409444085,0.2072895037956283,2.094889994238622e-06,3126330.001396127,3472829.998645466,62.56807435056951,50.43183208035833,False,
thorough,750,0.3,225,1,rho,2,1.0,7.73,0.9787752208967256,2.9915307217288634e-06,6.705522537231445e-05,1.0,1.0,107.98279999289662,162.36970000318252,4.622899985406548,6.749499996658415,113.87410000315867,171.6415999981109,112.60569997830316,169.11919999984093,112.60569997830316,169.11919999984093,9.0,15.0,True,1.0,0.9837743383469844,1.0048615967716243,14.60122438579296,0.5802435665973419,1.2255102670552245e-06,33.013699983712286,36.86574999301229,0.2179867808802723,0.178155703171441,False,
thorough,750,0.3,225,10,rho,2,1.0,7.73,0.9787752208967256,2.9915307217288634e-06,0.0006705522537231,0.8686358414886971,1.1478531747381402,112.77129998779856,166.05910001089796,16.28289997461252,19.594699988374487,133.44820000929758,190.0363999884576,129.05419996241108,185.65379999927245,12.905419996241108,18.565379999927245,12.0,195.0,True,1.0,0.983770276762307,1.0048616314331142,55.27270949297944,0.5824700760263517,6.120550515409523e-06,330.13699983712286,368.65749993012287,1.985725581332392,1.622888946839833,False,
thorough,750,0.3,225,100,rho,2,1.0,7.73,0.9787752208967256,2.9915307217288634e-06,0.0067055225372314,0.8500665858944018,1.144615023773353,94.18000001460314,182.63180000940332,120.52689999109134,134.53100001788698,231.19689998566173,320.08840001071803,214.70690000569448,317.1628000272904,2.147069000056945,3.171628000272904,13.0,1623.0,True,1.0,0.98373974181866,1.0048616534199848,70.93852078359244,0.582427962870017,5.009274873941351e-06,3301.3699983712286,3686.5749993012287,11.623604656611734,9.499711187179178,False,
thorough,750,0.3,225,1000,rho,2,1.0,7.73,0.9787752208967256,2.9915307217288634e-06,0.0670552253723144,0.850236391280834,1.1496007185880996,153.52779999375343,202.91789999464527,1159.3027999915648,1191.9240000133868,1337.3084999911953,1367.5565000157803,1312.8305999853185,1394.841900008032,1.3128305999853185,1.394841900008032,13.0,16318.0,True,1.0,0.983739744177648,1.0048616534806467,73.75122358077812,0.5824963201867808,4.453283243626685e-06,33013.699983712286,36865.74999301229,26.43005633312277,21.600691802841403,False,
thorough,750,0.3,225,10000,rho,2,1.0,7.73,0.9787752208967256,2.9915307217288634e-06,0.6705522537231445,0.850052947338984,1.1499346460884692,199.4894000235945,221.33620001841336,10759.678600006737,11485.0226000126,11103.498800017403,11709.295899985593,10959.168000030331,11706.358800031012,1.095916800003033,1.1706358800031011,13.0,162904.0,True,1.0,0.9837397411894688,1.0048616534844503,79.463340103808,0.5825009339994731,4.450142409625614e-06,330136.99983712286,368657.49993012287,31.4920724904781,25.73776398830644,False,
thorough,750,0.3,225,50000,rho,2,1.0,7.73,0.9787752208967256,2.9915307217288634e-06,3.3527612686157227,0.8500005331220386,1.1499931162787624,192.3891000042204,247.8304999822285,54410.77239997685,55271.162399993045,54789.10970001016,55730.24750000332,54603.16149998107,55518.99289997528,1.0920632299996214,1.1103798579995054,13.0,815731.0,True,1.0,0.9837397409627352,1.0048616534851131,78.56900042833831,0.5825017423327535,4.4664583595949565e-06,1650684.9991856143,1843287.4996506143,33.20102551160353,27.134452934012646,False,
thorough,750,0.3,225,100000,rho,2,1.0,7.73,0.9787752208967256,2.9915307217288634e-06,6.705522537231445,0.850000383147701,1.1499944435983351,179.9100000062026,229.8888000077568,107378.7949999969,109286.48179999436,107787.48729999644,109788.9298000082,107558.7050000031,109516.37060000212,1.075587050000031,1.0951637060000212,13.0,1630322.0,True,1.0,0.9837397409530856,1.0048616534851282,79.624659598762,0.5825017606841549,4.453138689834431e-06,3301369.9983712286,3686574.9993012287,33.66231896750929,27.511457721520443,False,
thorough,750,0.5,375,1,base,0,1.0,1.0,0.9769492460946764,3.284813329682508e-06,6.705522537231445e-05,1.0,1.0,220.43509999639355,351.48039998603053,2.291699987836182,3.371099999640137,224.2119000002276,357.07040000124834,222.72679998422973,354.85149998567067,222.72679998422973,354.85149998567067,3.0,5.0,True,1.0,0.9819487731678336,1.0048498945486228,9.818039062453568,0.0863846833430169,1.113275466272246e-06,27.128900022944435,30.52899999602232,0.0860331716147603,0.0670500195144561,False,
thorough,750,0.5,375,10,base,0,1.0,1.0,0.9769492460946764,3.284813329682508e-06,0.0006705522537231,0.8762320457880668,1.1259754791985512,116.21300000115298,190.03120000706983,8.62290000077337,9.11339998128824,126.59050000365824,201.74940000288188,124.83590000192636,199.1445999883581,12.483590000192637,19.91445999883581,5.0,70.0,True,1.0,0.9819492620239804,1.0048496548144676,41.74929547689435,0.0863874230243063,7.765842178152302e-07,271.28900022944435,305.2899999602232,1.5330066694154414,1.1947499455252202,False,
thorough,750,0.5,375,100,base,0,1.0,1.0,0.9769492460946764,3.284813329682508e-06,0.0067055225372314,0.8508518861068706,1.1492485937395012,145.1787000114564,158.40919999754988,58.81869999575429,59.44650000310503,207.81610000994988,221.1692999990192,203.99740000721067,217.8557000006549,2.0399740000721067,2.178557000006549,6.0,612.0,True,1.0,0.9819484131054445,1.0048496404520002,76.50628117120615,0.0863815090892619,1.051712146793209e-06,2712.8900022944435,3052.899999602232,14.013404283629278,10.921357576919831,False,
thorough,750,0.5,375,1000,base,0,1.0,1.0,0.9769492460946764,3.284813329682508e-06,0.0670552253723144,0.8500685437896756,1.1499466133692018,184.3257999862544,201.8438999948557,572.9397999821231,641.0649999743327,763.4092000080273,847.7056999981869,757.2655999683775,842.9088999691885,0.7572655999683775,0.8429088999691885,6.0,6188.0,True,1.0,0.9819484129674668,1.0048496404589555,78.54228315331575,0.0863815338446463,1.1229338530566982e-06,27128.900022944435,30528.99999602232,36.21862338520601,28.22701243235536,False,
thorough,750,0.5,375,10000,base,0,1.0,1.0,0.9769492460946764,3.284813329682508e-06,0.6705522537231445,0.8500550334780007,1.1499774325606924,195.14200001140125,206.90109999850392,5922.351999994135,6064.7919999901205,6160.1838000060525,6318.032299983315,6117.494000005536,6271.693099988624,0.6117494000005536,0.6271693099988624,6.0,61626.0,True,1.0,0.9819484129674289,1.0048496404589549,75.98332554371062,0.0863815349376867,1.1195611907454767e-06,271289.00022944435,305289.9999602232,48.67744564235405,37.93680529236422,False,
thorough,750,0.5,375,50000,base,0,1.0,1.0,0.9769492460946764,3.284813329682508e-06,3.3527612686157227,0.8500106435082668,1.1499980820594633,193.23350000195205,208.4277999820188,29511.92750001792,30044.05220001354,29867.79910000041,30455.69939998677,29705.16100001987,30252.47999999556,0.5941032200003974,0.6050495999999111,6.0,308482.0,True,1.0,0.9819484129674284,1.0048496404589735,76.24036078289477,0.0863815356700485,1.1146615964260795e-06,1356445.0011472218,1526449.999801116,50.45702037655558,39.3237182518206,False,
thorough,750,0.5,375,100000,base,0,1.0,1.0,0.9769492460946764,3.284813329682508e-06,6.705522537231445,0.8500178963757675,1.1499919204436873,191.00729998899624,232.30260002310388,58776.15409999271,60587.44579998893,59392.20629999181,61108.49670000607,58967.161399981705,60819.74840001203,0.589671613999817,0.6081974840001203,6.0,616866.0,True,1.0,0.9819484129674284,1.0048496404589744,76.56166125371851,0.0863815354515127,1.11363576269466e-06,2712890.0022944435,3052899.999602232,50.19586696615845,39.12018813739216,False,
thorough,750,0.5,375,1,lambda,1,5.0,1.0,0.8364665782788648,3.284813329682508e-06,6.705522537231445e-05,5.0,5.0,96.80920001119377,129.31200000457466,5.364700016798452,6.655300006968901,104.71469999174587,136.65380000020377,102.1739000279922,135.96730001154356,102.1739000279922,135.96730001154356,11.0,16.0,True,1.0,0.8414664100196869,1.0039519301249755,13.42106730563626,0.0863357018032009,5.64217728093102e-06,34.11599999526516,38.114249997306615,0.2803192384791838,0.2307764440228906,False,
thorough,750,0.5,375,10,lambda,1,5.0,1.0,0.8364665782788648,3.284813329682508e-06,0.0006705522537231,4.889586122286771,5.142213379020098,153.02539998083375,194.74069998250343,17.200300004333258,18.866099999286234,173.73290000250563,218.1066000193823,170.225699985167,213.6067999817897,17.0225699985167,21.360679998178966,11.0,160.0,True,1.0,0.8414664050434612,1.003951930393959,41.85973499407633,0.0863417281996623,5.803275285331658e-06,341.1599999526516,381.14249997306615,1.7843181958887038,1.468963066846776,False,
thorough,750,0.5,375,100,lambda,1,5.0,1.0,0.8364665782788648,3.284813329682508e-06,0.0067055225372314,4.851219956258438,5.1467935822759125,114.98710000887512,191.86849999823608,93.50390001782216,100.0239999848418,217.1316999883857,288.0838999990374,208.4910000266973,291.89249998307787,2.084910000266973,2.9189249998307787,11.0,1600.0,True,1.0,0.8414664047877499,1.003951930501068,77.00213572511579,0.0863419242512566,5.726370335189978e-06,3411.599999526516,3811.4249997306615,13.05763251865541,10.749865105090628,False,
thorough,750,0.5,375,1000,lambda,1,5.0,1.0,0.8364665782788648,3.284813329682508e-06,0.0670552253723144,4.850158726054809,5.149574025721254,178.9402999856975,186.49349999031983,1051.1621999903582,1071.7494999989867,1236.3669999758713,1282.1659999899566,1230.1024999760557,1258.2429999893066,1.2301024999760557,1.2582429999893066,11.0,16000.0,True,1.0,0.8414664046297151,1.0039519305041358,68.49561371276518,0.0863420433259796,5.642056271883518e-06,34115.99999526516,38114.249997306615,30.29164477579493,24.937988926085207,False,
thorough,750,0.5,375,10000,lambda,1,5.0,1.0,0.8364665782788648,3.284813329682508e-06,0.6705522537231445,4.850007233492744,5.149967048253467,200.82760002696887,222.8154999902472,9862.46060000849,10293.235999997703,10115.455799998015,10659.47069998947,10063.288200035458,10516.051499987952,1.0063288200035458,1.0516051499987953,11.0,160000.0,True,1.0,0.8414664046072063,1.003951930504574,73.00409392757221,0.0863420601611592,5.608983445167192e-06,341159.9999526516,381142.49997306615,36.24387917589628,29.838242994619705,False,
thorough,750,0.5,375,50000,lambda,1,5.0,1.0,0.8364665782788648,3.284813329682508e-06,3.3527612686157227,4.850006851437788,5.149990411024904,189.59980001091023,240.09209999348968,48669.00039999746,49075.36249997793,49140.328000008594,49474.941500026034,48858.60020000837,49315.45459997142,0.9771720040001672,0.9863090919994284,11.0,800000.0,True,1.0,0.8414664046058666,1.0039519305045752,73.96905567019182,0.0863420611619386,5.6095343332233805e-06,1705799.9997632578,1905712.4998653308,38.64331202710712,31.81360716897431,False,
thorough,750,0.5,375,100000,lambda,1,5.0,1.0,0.8364665782788648,3.284813329682508e-06,6.705522537231445,4.850001133702403,5.149985196796398,128.90340000740252,202.41070000338368,98387.73950000176,99461.42619999593,98987.00110000207,99995.32309998176,98516.64290000916,99663.8368999993,0.9851664290000918,0.9966383689999928,11.0,1600000.0,True,1.0,0.8414664046061657,1.003951930504592,73.17984981248473,0.0863420609385852,5.601907950793637e-06,3411599.999526516,3811424.9997306615,38.24280820690226,31.483887211307813,False,
thorough,750,0.5,375,1,lambda,2,9.0,1.0,0.5983206072358338,3.284813329682508e-06,6.705522537231445e-05,9.0,9.0,252.0274999842513,316.43619999522343,40.68079998251051,45.617700001457706,299.3907999771181,367.3302000097465,292.70829996676184,362.05389999668114,292.70829996676184,362.05389999668114,50.0,98.0,True,1.0,0.6033215898934641,1.002544971015008,10.840494783524289,0.0862421013127369,1.0403628780767217e-05,115.7723999931477,159.6929499937687,0.4410750719581603,0.4224695549417414,False,
thorough,750,0.5,375,10,lambda,2,9.0,1.0,0.5983206072358338,3.284813329682508e-06,0.0006705522537231,8.854986970999875,9.135636418337652,171.0394000110682,245.4896999988705,115.68310001166536,122.349800018128,288.22970000328496,372.6449999958277,286.7225000227336,367.8395000169985,28.67225000227336,36.78395000169985,54.0,1000.0,True,1.0,0.6033191363351628,1.0025449841031002,41.23333485633595,0.0862491960044687,1.0438785123281024e-05,1157.723999931477,1596.929499937687,4.341375789886324,4.158247006899782,False,
thorough,750,0.5,375,100,lambda,2,9.0,1.0,0.5983206072358338,3.284813329682508e-06,0.0067055225372314,8.850000239243496,9.148531003279071,169.49310002382845,188.1388999754563,637.6640999806114,677.5896000035573,827.8953999979421,868.4405999956653,807.1572000044398,865.7284999790136,8.071572000044398,8.657284999790136,54.0,9901.0,True,1.0,0.6033191644309821,1.002544985202377,74.09857321658326,0.0862498796391231,1.007067505132137e-05,11577.23999931477,15969.29499937687,18.44607749399955,17.667981359078226,False,
thorough,750,0.5,375,1000,lambda,2,9.0,1.0,0.5983206072358338,3.284813329682508e-06,0.0670552253723144,8.850003205088797,9.149923131004767,179.5626999810338,270.930300001055,7284.433699998772,7440.480299992487,7615.426600008504,7655.318100005388,7463.996399979806,7711.410599993542,7.463996399979806,7.711410599993542,54.0,99442.0,True,1.0,0.603319145973516,1.0025449852882586,64.86434216568951,0.0862499535389296,1.0211842329746204e-05,115772.3999931477,159692.9499937687,20.70865607829292,19.835119400417835,False,
thorough,750,0.5,375,10000,lambda,2,9.0,1.0,0.5983206072358338,3.284813329682508e-06,0.6705522537231445,8.850006704522247,9.149971940215725,192.0348000130616,237.5919000187423,62836.77950000856,65904.05800001463,63123.63039999036,66186.29349998082,63028.81430002162,66141.64990003337,6.302881430002162,6.614164990003337,54.0,995206.0,True,1.0,0.6033191452780264,1.002544985303589,75.19481484564874,0.0862499561302405,1.0227808004473046e-05,1157723.999931477,1596929.499937687,24.144083226700417,23.125632672861776,False,
thorough,750,0.5,375,50000,lambda,2,9.0,1.0,0.5983206072358338,3.284813329682508e-06,3.3527612686157227,8.850005103540227,9.149998475043722,236.26450001029292,283.40809998917393,299702.2328999883,306450.4765999736,300230.0801999809,306992.3229000124,299938.4973999986,306733.8846999628,5.998769947999972,6.134677693999256,54.0,4976196.0,True,1.0,0.603319145215577,1.0025449853057364,78.82824152292434,0.0862499575390055,1.0228198953184752e-05,5788619.999657385,7984647.499688435,26.031188264376983,24.93313546792149,False,
thorough,750,0.5,375,100000,lambda,2,9.0,1.0,0.5983206072358338,3.284813329682508e-06,6.705522537231445,8.850003709086973,9.14999801967993,125.95869999495336,191.9569000019692,596795.2785000089,600529.4502000033,597420.7817999995,601019.7117999778,596921.2372000038,600721.4071000053,5.969212372000039,6.007214071000053,54.0,9952652.0,True,1.0,0.6033191452039921,1.0025449853056092,79.17287837591245,0.0862499575148351,1.0230773474656548e-05,11577239.99931477,15969294.99937687,26.583529087916084,25.46217734022855,False,
thorough,750,0.5,375,1,rho,1,1.0,3.16,0.9783061787719136,2.9395732495556507e-06,6.705522537231445e-05,1.0,1.0,106.3492999819573,140.1359000010416,3.5773999989032745,3.848299995297566,111.91099998541176,146.51360001880676,109.92669998086058,143.98419999633916,109.92669998086058,143.98419999633916,5.0,8.0,True,1.0,0.9833059678415942,1.004858572456835,10.063174375534338,0.207220543269205,1.0381245278479011e-06,30.91819997644052,34.035999997286126,0.2363870480104865,0.1896027480843813,False,
thorough,750,0.5,375,10,rho,1,1.0,3.16,0.9783061787719136,2.9395732495556507e-06,0.0006705522537231,0.8907524115390234,1.1173276748571213,126.48130001616664,181.6718000045512,11.02450001053512,11.512500001117589,139.95549999526702,195.602499996312,137.50580002670176,193.1843000056688,13.750580002670176,19.31843000056688,6.0,91.0,True,1.0,0.9833052167045808,1.0048585777276666,40.81817765612731,0.2072722917214618,1.5902062309033735e-06,309.1819997644052,340.35999997286126,1.7618408947459694,1.4131479628125052,False,
thorough,750,0.5,375,100,rho,1,1.0,3.16,0.9783061787719136,2.9395732495556507e-06,0.0067055225372314,0.8515028740898365,1.1471988077598625,140.42709997738712,170.76410001027398,58.85530001251027,62.06779999774881,211.16130001610145,236.83539999183267,199.28239998989736,232.8319000080228,1.9928239998989736,2.328319000080228,6.0,925.0,True,1.0,0.9833052023597368,1.0048585778999315,76.45870463736453,0.2072858820365297,1.6002731201713845e-06,3091.819997644052,3403.5999997286126,14.618271807305328,11.725111550048076,False,
thorough,750,0.5,375,1000,rho,1,1.0,3.16,0.9783061787719136,2.9395732495556507e-06,0.0670552253723144,0.8500775268287897,1.149590715196755,152.90029998868704,189.58760000532493,623.0476000055205,688.3081000123639,812.7385000116192,871.403500001179,775.9478999942075,877.8957000176888,0.7759478999942075,0.8778957000176888,6.0,9192.0,True,1.0,0.9833051985768834,1.0048585779083006,72.22562128415434,0.207286977737848,1.330952117224869e-06,30918.19997644052,34035.999997286126,38.76998144153153,31.09686036676908,False,
thorough,750,0.5,375,10000,rho,1,1.0,3.16,0.9783061787719136,2.9395732495556507e-06,0.6705522537231445,0.8500162315187308,1.149971625632065,211.68130001751703,260.93700001365505,5955.892900004983,6273.24900001986,6270.213699986925,6522.811099974206,6167.5742000225,6534.186000033515,0.61675742000225,0.6534186000033515,6.0,91888.0,True,1.0,0.9833051951860048,1.0048585779086645,75.55542175710103,0.2072871523306755,1.4317219715026223e-06,309181.9997644052,340359.99997286126,52.08912020121795,41.77995545259508,False,
thorough,750,0.5,375,50000,rho,1,1.0,3.16,0.9783061787719136,2.9395732495556507e-06,3.3527612686157227,0.8500097169002219,1.1499990434984926,202.3946999979671,217.47360000154004,30106.64839998936,30867.48789998819,30577.068800019333,31286.378399992827,30309.04309998732,31084.96149998973,0.6061808619997464,0.6216992299997947,6.0,459217.0,True,1.0,0.983305194953908,1.004858577908703,74.7343234659357,0.2072871648988928,1.4119536092979711e-06,1545909.998822026,1701799.9998643063,54.74673017899245,43.9115872799876,False,
thorough,750,0.5,375,100000,rho,1,1.0,3.16,0.9783061787719136,2.9395732495556507e-06,6.705522537231445,0.8500021813889118,1.149999818695775,170.3474000096321,257.4618999788072,59260.15089999419,59755.290500004776,59878.25830001384,60426.70580002596,59430.49830000382,60012.75239998358,0.5943049830000382,0.6001275239998358,6.0,918621.0,True,1.0,0.9833051949754024,1.004858577908747,75.93635742835143,0.2072871652542436,1.4267199739121318e-06,3091819.997644052,3403599.9997286126,56.71461253841015,45.48999822251868,False,
thorough,750,0.5,375,1,rho,2,1.0,7.73,0.9787875278540344,2.9915307217288634e-06,6.705522537231445e-05,1.0,1.0,111.45319999195635,129.49150000349618,5.604700010735542,6.009500008076429,118.94770001526922,137.33630001661368,117.0579000026919,135.5010000115726,117.0579000026919,135.5010000115726,9.0,15.0,True,1.0,0.9837866386615132,1.0048615983987608,12.04346349861846,0.5802436366630654,1.127780113412583e-06,32.95189997879788,36.58484999323264,0.2699969003188763,0.2202836140946142,False,
thorough,750,0.5,375,10,rho,2,1.0,7.73,0.9787875278540344,2.9915307217288634e-06,0.0006705522537231,0.8665713926157733,1.0986429657434904,110.12859997572376,168.6409000249114,20.07280001998879,23.9995000010822,135.7055999978911,190.63440000172704,130.20139999571256,192.6404000259936,13.020139999571256,19.26404000259936,12.0,190.0,True,1.0,0.9837826092321116,1.0048616331501152,44.83679402493756,0.5818349132370103,2.988726194579814e-06,329.5189997879788,365.8484999323264,1.899126558515043,1.5494491286332464,False,
thorough,750,0.5,375,100,rho,2,1.0,7.73,0.9787875278540344,2.9915307217288634e-06,0.0067055225372314,0.8510560624380198,1.1385524107286402,154.5306000043638,183.39419999392703,116.9264999916777,123.37829999160022,275.00329999020323,305.1063999882899,271.4570999960415,306.77249998552725,2.714570999960415,3.0677249998552725,13.0,1635.0,True,1.0,0.9837521217126676,1.0048616549702494,73.12285923728624,0.5823402663127,3.15201721884568e-06,3295.1899978797883,3658.484999323264,11.92572671766818,9.729897561675758,False,
thorough,750,0.5,375,1000,rho,2,1.0,7.73,0.9787875278540344,2.9915307217288634e-06,0.0670552253723144,0.850220801503002,1.1493812319889185,185.8229000063148,253.4733999927994,1276.5812999859918,1353.769600013038,1470.962999999756,1623.8766000024043,1462.4041999923063,1607.2430000058375,1.4624041999923063,1.6072430000058375,13.0,16352.0,True,1.0,0.9837521180870806,1.004861655110678,66.97575783143479,0.5824867398027502,2.797536553684861e-06,32951.89997879788,36584.84999323264,22.76248830643516,18.57133613017768,False,
thorough,750,0.5,375,10000,rho,2,1.0,7.73,0.9787875278540344,2.9915307217288634e-06,0.6705522537231445,0.8500531609933968,1.149979389134546,252.0605999743566,291.7470999818761,12164.998199994445,12535.10870001628,12498.430599982385,12851.170100009767,12417.0587999688,12826.855799998157,1.24170587999688,1.2826855799998156,13.0,162860.0,True,1.0,0.9837521176046649,1.004861655117513,70.28361089279821,0.5824949644457985,2.7691055227966474e-06,329518.9997879788,365848.4999323264,28.522071631332985,23.27043389385252,False,
thorough,750,0.5,375,50000,rho,2,1.0,7.73,0.9787875278540344,2.9915307217288634e-06,3.3527612686157227,0.850009798344761,1.1499902827661066,195.50420000450688,227.52110002329573,57540.61809999985,59288.78410000471,57999.80069999583,59738.54020002182,57736.122300004354,59516.305200028,1.154722446000087,1.19032610400056,13.0,814845.0,True,1.0,0.9837521174507996,1.0048616551176364,74.29534372693873,0.5824951143651453,2.7727835791099743e-06,1647594.998939894,1829242.499661632,30.735148855657982,25.076027397589137,False,
thorough,750,0.5,375,100000,rho,2,1.0,7.73,0.9787875278540344,2.9915307217288634e-06,6.705522537231445,0.8500022976289147,1.1499999863117285,179.127100011101,230.52420001477003,113254.24430001294,114601.78910000832,113818.63299998804,115277.60450000642,113433.37140002404,114832.31330002307,1.1343337140002403,1.1483231330002308,13.0,1630340.0,True,1.0,0.9837521174366728,1.0048616551177465,75.49385943851132,0.5824952479106065,2.7816548349205976e-06,3295189.9978797883,3658484.999323264,31.85936862357477,25.9932497554045,False,
thorough,1000,0.0,0,1,base,0,1.0,1.0,0.97,1.899235898575057e-06,8.940696716308594e-05,1.0,1.0,218.9465000119526,256.24440002138726,2.1222999785095453,2.481200004694984,223.9670999988448,261.06950000394136,221.0687999904621,258.72560002608225,221.0687999904621,258.72560002608225,0.0,4.0,True,1.0,0.9700000186314768,0.9999998528561138,15.077981587915318,,,19.867599999997765,22.23495001089759,0.0859402780732021,0.0599041997084405,False,
thorough,1000,0.0,0,10,base,0,1.0,1.0,0.97,1.899235898575057e-06,0.0008940696716308,0.889671340003594,1.1474849687445348,219.9966000043787,267.3783999925945,5.922499985899776,6.850000005215406,229.171300015878,276.88879999914207,225.91909999027848,274.2283999978099,22.59190999902785,27.42283999978099,0.0,50.0,True,1.0,0.9654261324187396,0.999999869090304,67.53904617177132,,,198.67599999997765,222.34950010897592,0.8108186464667835,0.5651766926318468,False,
thorough,1000,0.0,0,100,base,0,1.0,1.0,0.97,1.899235898575057e-06,0.0089406967163085,0.85025411702161,1.1491153942756842,190.71530000655912,229.87330000614747,35.11959998286329,41.56320000765845,235.351899988018,270.41389999794774,225.8348999894224,271.4365000138059,2.258348999894224,2.71436500013806,0.0,500.0,True,1.0,0.9653753400307848,0.9999998748903082,113.89651368329396,,,1986.7599999997765,2223.495001089759,8.191584407316874,5.709899005056515,False,
thorough,1000,0.0,0,1000,base,0,1.0,1.0,0.97,1.899235898575057e-06,0.0894069671630859,0.8500748126736662,1.149892721603884,182.74920000112616,211.9968000042718,363.1324000016321,370.0906000158284,556.9817000068724,580.3129999840166,545.8816000027582,582.0874000201002,0.5458816000027582,0.5820874000201002,0.0,5000.0,True,1.0,0.9653511222978411,0.9999998749166916,110.15266057179208,,,19867.599999997765,22234.95001089759,38.198645100597936,26.62615616334135,False,
thorough,1000,0.0,0,10000,base,0,1.0,1.0,0.97,1.899235898575057e-06,0.8940696716308594,0.8500047324085144,1.1499858469865871,195.9770999965258,223.62149998662065,3428.844099980779,3616.749400011031,3666.94739999366,3838.882200012449,3624.821199977305,3840.370899997652,0.3624821199977305,0.3840370899997651,0.0,50000.0,True,1.0,0.965348220887541,0.9999998749270036,116.6573890023878,,,198675.99999997765,222349.50010897592,57.89792337743,40.35743009524942,False,
thorough,1000,0.0,0,50000,base,0,1.0,1.0,0.97,1.899235898575057e-06,4.470348358154297,0.8500068150553609,1.1499875602209388,206.8329000030644,218.0287999799475,18134.03809999,18850.572600000305,18423.38110000128,19174.47659999016,18340.87099999305,19068.601399980253,0.3668174199998611,0.381372027999605,0.0,250000.0,True,1.0,0.9653481675099332,0.9999998749266972,110.28983114362728,,,993379.9999998882,1111747.5005448796,58.30251926845725,40.63945144310527,False,
thorough,1000,0.0,0,100000,base,0,1.0,1.0,0.97,1.899235898575057e-06,8.940696716308594,0.850005447944967,1.1499990536753504,199.85139998607332,248.89809999149293,37279.761999991024,38130.790800001705,37607.766800007084,38428.71859998559,37479.6133999771,38379.6888999932,0.3747961339997709,0.383796888999932,0.0,500000.0,True,1.0,0.9653478094191964,0.9999998749268983,107.29682233488946,,,1986759.9999997765,2223495.001089759,57.934159051772646,40.38268797340689,False,
thorough,1000,0.0,0,1,lambda,1,5.0,1.0,0.8266876024429293,1.899235898575057e-06,8.940696716308594e-05,5.0,5.0,183.961900009308,191.7572999955155,3.567900013877079,3.7269000022206455,189.3157000013161,197.1339999872725,187.5298000231851,195.4841999977361,187.5298000231851,195.4841999977361,0.0,8.0,True,1.0,0.8266878043081076,0.9999992642800816,17.937722400032737,,,21.571500023128465,25.158100004773587,0.1286963345634324,0.0942372836665974,False,
thorough,1000,0.0,0,10,lambda,1,5.0,1.0,0.8266876024429293,1.899235898575057e-06,0.0008940696716308,4.888547910391123,5.12046918814462,165.2849999954924,176.7419000098016,9.77570001850836,11.553899996215478,179.45239998516627,190.8359999943059,175.06070001400076,188.2958000060171,17.506070001400076,18.82958000060171,0.0,90.0,True,1.0,0.8215171690878927,0.9999992806795992,73.6520145500396,,,215.71500023128465,251.58100004773587,1.336094591805534,0.9783489598246932,False,
thorough,1000,0.0,0,100,lambda,1,5.0,1.0,0.8266876024429293,1.899235898575057e-06,0.0089406967163085,4.856885837027756,5.146213749901075,237.55069999606349,267.0952999906149,68.26580001506954,74.61540002259426,314.5714999991469,344.5147999736946,305.81650001113303,341.71070001320913,3.0581650001113303,3.417107000132092,0.0,900.0,True,1.0,0.8204029443580376,0.9999992853384864,105.47008895245663,,,2157.1500023128465,2515.8100004773587,7.362397491152919,5.391080819773104,False,
thorough,1000,0.0,0,1000,lambda,1,5.0,1.0,0.8266876024429293,1.899235898575057e-06,0.0894069671630859,4.850105018248785,5.1494345844344895,198.1620000151452,249.19140001293272,660.4785000090487,701.3470999954734,863.4631000168156,955.27539998875,858.6405000241939,950.538500008406,0.8586405000241939,0.950538500008406,0.0,9000.0,True,1.0,0.8202633126686789,0.999999286336244,109.01187547969174,,,21571.500023128465,25158.100004773587,26.46720780331476,19.38048801533196,False,
thorough,1000,0.0,0,10000,lambda,1,5.0,1.0,0.8266876024429293,1.899235898575057e-06,0.8940696716308594,4.850008618464429,5.149969454861044,197.3548000096344,248.27700000605543,6638.103200006299,7000.117200019304,6899.009299988393,7297.541600011755,6835.458000015933,7248.394200025359,0.6835458000015933,0.7248394200025359,0.0,90000.0,True,1.0,0.8202401195673812,0.9999992863504288,108.46471925885648,,,215715.00023128465,251581.00004773587,34.70851516972624,25.41514644369104,False,
thorough,1000,0.0,0,50000,lambda,1,5.0,1.0,0.8266876024429293,1.899235898575057e-06,4.470348358154297,4.850008586619,5.14999499784726,203.20479999645613,311.6668000002392,33721.07200001483,34566.79849998909,34074.40069998847,34948.14109997242,33924.276800011285,34878.46529998933,0.6784855360002257,0.6975693059997866,0.0,450000.0,True,1.0,0.8202390119339967,0.9999992863504332,106.75817186352845,,,1078575.0011564232,1257905.0002386791,36.06537700037691,26.40870211615957,False,
thorough,1000,0.0,0,100000,lambda,1,5.0,1.0,0.8266876024429293,1.899235898575057e-06,8.940696716308594,4.85000117443013,5.149999786669808,216.65869999560528,270.72890000999905,66550.53199999384,67946.7905999918,66862.05809999956,68282.25630000816,66767.19069998944,68217.5195000018,0.6676719069998944,0.682175195000018,0.0,900000.0,True,1.0,0.8202388042735056,0.999999286351524,108.1884664723742,,,2157150.0023128465,2515810.0004773587,36.87923599270261,27.004646522692813,False,
thorough,1000,0.0,0,1,lambda,2,9.0,1.0,0.5700129678544729,1.899235898575057e-06,8.940696716308594e-05,9.0,9.0,284.03210002579726,330.7591000047978,10.2144000120461,12.622200010810047,295.9161000035237,346.6857000021264,294.24650003784336,343.38130001560785,294.24650003784336,343.38130001560785,0.0,25.0,True,1.0,0.5700143593558444,0.9999986757032676,19.580200478161707,,,23.156400013249367,26.830400005565025,0.0781358798640039,0.0585186205754437,False,
thorough,1000,0.0,0,10,lambda,2,9.0,1.0,0.5700129678544729,1.899235898575057e-06,0.0008940696716308,8.85653990303395,9.056704395354457,313.874500017846,378.1498000025749,32.64730001683347,36.06690000742674,351.8167000147514,414.619599992875,346.5218000346795,414.21670001000166,34.65218000346795,41.421670001000166,0.0,270.0,True,1.0,0.5624688377648337,0.9999986968126028,66.16167336613654,,,231.56400013249367,268.30400005565025,0.6477382492042735,0.4851132271545491,False,
thorough,1000,0.0,0,100,lambda,2,9.0,1.0,0.5700129678544729,1.899235898575057e-06,0.0089406967163085,8.85680867173552,9.147327856915467,206.1688999820035,266.71490000444464,230.59720001765527,233.6822000215761,439.8605999886058,506.8071999994572,436.7660999996588,500.3971000260208,4.367660999996588,5.003971000260208,0.0,2900.0,True,1.0,0.5493043847419592,0.9999986967730552,100.60833348463788,,,2315.6400013249367,2683.0400005565025,5.361821642085823,4.015650771611399,False,
thorough,1000,0.0,0,1000,lambda,2,9.0,1.0,0.5700129678544729,1.899235898575057e-06,0.0894069671630859,8.85038176862442,9.149864386323168,201.32260001264515,259.69169999007136,2094.0003999858163,2277.1823999937624,2326.9473999971524,2535.935799998697,2295.322999998461,2536.8740999838337,2.295322999998461,2.5368740999838337,0.0,29000.0,True,1.0,0.5489124151545256,0.9999986977187372,110.7927200021411,,,23156.400013249367,26830.400005565025,10.576165370499073,7.920850312770356,False,
thorough,1000,0.0,0,10000,lambda,2,9.0,1.0,0.5700129678544729,1.899235898575057e-06,0.8940696716308594,8.850013175333205,9.149997981862615,206.777699990198,312.8632000007201,21515.2853000036,22090.029399987543,21733.990899985656,22420.03800001112,21722.0629999938,22402.892599988263,2.17220629999938,2.240289259998826,0.0,290000.0,True,1.0,0.5488917304727631,0.9999986977729736,107.83031540834888,,,231564.00013249367,268304.00005565025,11.97631059731058,8.969466741239698,False,
thorough,1000,0.0,0,50000,lambda,2,9.0,1.0,0.5700129678544729,1.899235898575057e-06,4.470348358154297,8.85000379378828,9.14999955376269,198.0790000234265,232.4968000175432,104246.48870000964,104694.68129999586,104591.89630000036,104998.78069999976,104444.56770003308,104927.1781000134,2.088891354000661,2.098543562000268,0.0,1450000.0,True,1.0,0.5488914870704569,0.999998697774354,111.27473111714434,,,1157820.0006624684,1341520.0002782512,12.78524806032194,9.575307547660714,False,
thorough,1000,0.0,0,100000,lambda,2,9.0,1.0,0.5700129678544729,1.899235898575057e-06,8.940696716308594,8.85000196844175,9.149999830788984,218.9682000025641,233.17379999207333,208791.02810000768,214892.8224000265,209143.6730000132,215237.7662000072,209009.99630001024,215125.99620001856,2.0900999630001023,2.1512599620001858,0.0,2900000.0,True,1.0,0.5488914441740087,0.9999986977746228,111.115885635122,,,2315640.0013249367,2683040.0005565025,12.471946896003594,9.34066563932743,False,
thorough,1000,0.0,0,1,rho,1,1.0,3.16,0.97,1.699629660678175e-06,8.940696716308594e-05,1.0,1.0,171.16359999636188,194.81289997929707,1.5318999940063804,2.1016999962739646,174.23889998462982,198.5710000153631,172.69549999036826,196.91459997557104,172.69549999036826,196.91459997557104,0.0,4.0,True,1.0,0.9700000119174818,0.9999998524767004,20.88909205901252,,,19.56970000173897,22.12690000305884,0.1123680011832737,0.0781592629887226,False,
thorough,1000,0.0,0,10,rho,1,1.0,3.16,0.97,1.699629660678175e-06,0.0008940696716308,0.8632522260647066,1.1372713210541807,161.4551999955438,183.858499978669,4.518500005360693,5.145800008904189,168.55000000214204,190.85569999879223,165.9737000009045,189.0042999875732,16.59737000009045,18.90042999875732,0.0,40.0,True,1.0,0.965757164963258,0.9999998726501858,70.81996229287506,,,195.69700001738968,221.2690000305884,1.170708814800174,0.8143042251854428,False,
thorough,1000,0.0,0,100,rho,1,1.0,3.16,0.97,1.699629660678175e-06,0.0089406967163085,0.852024416340973,1.1482231246427523,170.51789999823086,183.80729999626053,28.284699976211414,29.69440000015311,200.96270000794905,220.45759999309664,198.80259997444227,213.5016999964137,1.9880259997444227,2.1350169999641366,0.0,400.0,True,1.0,0.9654172827763904,0.9999998743065496,113.1353701008436,,,1956.9700001738968,2212.690000305884,10.363805067327576,7.208701385547893,False,
thorough,1000,0.0,0,1000,rho,1,1.0,3.16,0.97,1.699629660678175e-06,0.0894069671630859,0.8507258763543657,1.1499779906101155,272.45839999523014,334.21430000453256,324.6936000068672,359.9620999884792,619.3688999919686,683.2816999813076,597.1520000020973,694.1763999930117,0.5971520000020973,0.6941763999930117,0.0,4000.0,True,1.0,0.9653628025424082,0.9999998744981144,98.55445256488952,,,19569.70000173897,22126.90000305884,31.87503925987917,22.17116572381993,False,
thorough,1000,0.0,0,10000,rho,1,1.0,3.16,0.97,1.699629660678175e-06,0.8940696716308594,0.8500479118244436,1.1499809570672823,203.6896999925375,267.2197000065353,2788.598399987677,2905.6724999973085,3004.236699984176,3195.4292000154965,2992.2880999802146,3172.892200003844,0.2992288099980215,0.3172892200003844,0.0,40000.0,True,1.0,0.9653627104435668,0.99999987459813,114.75298845520892,,,195697.00001738968,221269.0000305884,69.73732042655602,48.50684812358621,False,
thorough,1000,0.0,0,50000,rho,1,1.0,3.16,0.97,1.699629660678175e-06,4.470348358154297,0.8500151956169605,1.1499982275914429,196.5239999990445,305.07309999666177,14707.601400004933,15543.105200020364,15074.889899988191,15808.042799995746,14904.125400003975,15848.178300017024,0.2980825080000795,0.3169635660003405,0.0,200000.0,True,1.0,0.9653621742496932,0.9999998746029564,108.78728328872602,,,978485.0000869484,1106345.0001529418,69.80896978877082,48.55668492129863,False,
thorough,1000,0.0,0,100000,rho,1,1.0,3.16,0.97,1.699629660678175e-06,8.940696716308594,0.8500022896093634,1.149999782120968,198.55199998710304,220.763800025452,28916.395200008992,30502.08139998722,29237.48650000197,30885.395000019344,29114.94719999609,30722.84520001267,0.2911494719999609,0.3072284520001267,0.0,400000.0,True,1.0,0.9653621259865584,0.9999998746048604,110.66386310832426,,,1956970.0001738968,2212690.000305884,72.02099889840187,50.095295229373576,False,
thorough,1000,0.0,0,1,rho,2,1.0,7.73,0.97,1.7296698835943544e-06,8.940696716308594e-05,1.0,1.0,313.3473000198137,350.18599999602884,2.1257999760564417,2.64759999117814,318.5564999876078,353.9544999948703,315.47309999587014,352.833599987207,315.47309999587014,352.833599987207,0.0,4.0,True,1.0,0.9700000127875524,0.99999985253111,15.053156628293412,,,20.48459998331964,26.375150016974658,0.0747523762417495,0.0556606570928552,False,
thorough,1000,0.0,0,10,rho,2,1.0,7.73,0.97,1.7296698835943544e-06,0.0008940696716308,0.8869454488377534,1.142970760958975,294.21089999959804,324.48110001860186,4.903499997453764,5.626900005154312,301.35510000400245,332.8011000121478,299.1143999970518,330.1080000237562,29.91143999970518,33.01080000237562,0.0,40.0,True,1.0,0.9655783706679276,0.9999998692031412,65.25950854821374,,,204.8459998331964,263.7515001697466,0.798985483995437,0.594924994799044,False,
thorough,1000,0.0,0,100,rho,2,1.0,7.73,0.97,1.7296698835943544e-06,0.0089406967163085,0.8564569267181711,1.1493087650137863,217.3979000071995,256.83729999582283,28.54910001042299,31.304000003729016,248.898600024404,290.48389999661595,245.94700001762249,288.14129999955185,2.459470000176225,2.8814129999955185,0.0,400.0,True,1.0,0.9653815394546764,0.9999998736992504,112.0875964157088,,,2048.459998331964,2637.515001697466,9.153547241237437,6.8157358975461495,False,
thorough,1000,0.0,0,1000,rho,2,1.0,7.73,0.97,1.7296698835943544e-06,0.0894069671630859,0.8500008101302641,1.149258251931755,170.19819997949526,189.3839999975171,276.1570999864489,296.0620999801904,463.12139998190105,488.91200000070967,446.35529996594414,485.4460999777075,0.4463552999659441,0.4854460999777075,0.0,4000.0,True,1.0,0.9653831084505862,0.9999998746513268,115.87607199514426,,,20484.59998331964,26375.150016974658,54.331778580950285,40.45546976405301,False,
thorough,1000,0.0,0,10000,rho,2,1.0,7.73,0.97,1.7296698835943544e-06,0.8940696716308594,0.8500914176057629,1.1499985484185733,207.44920001016,246.15759999142028,2910.523099999409,2960.270400013542,3134.404199983692,3184.9880999943707,3117.972300009569,3206.428000004962,0.3117972300009569,0.3206428000004962,0.0,40000.0,True,1.0,0.9653601135240848,0.999999874637965,109.94587192936724,,,204845.9998331964,263751.5001697466,82.25710983354013,61.24868551452023,False,
thorough,1000,0.0,0,50000,rho,2,1.0,7.73,0.97,1.7296698835943544e-06,4.470348358154297,0.8500049161759368,1.1499980646551902,210.17139998730272,251.13439999404363,14477.510600001551,15260.731400019722,14817.820299998855,15629.681199992774,14687.681999988854,15511.865800013766,0.2937536399997771,0.3102373160002753,0.0,200000.0,True,1.0,0.965360128550948,0.9999998746507212,110.51623750838964,,,1024229.999165982,1318757.500848733,85.01604628680855,63.30299099063947,False,
thorough,1000,0.0,0,100000,rho,2,1.0,7.73,0.97,1.7296698835943544e-06,8.940696716308594,0.8500064484459257,1.1499979616464364,245.786199986469,294.0773000009358,29020.693300000858,30646.25789999264,29491.213800007245,31043.136399996,29266.479499987327,30940.33519999357,0.2926647949998732,0.3094033519999357,0.0,400000.0,True,1.0,0.9653601317506496,0.9999998746504952,110.2661458470362,,,2048459.998331964,2637515.001697466,85.24519804484905,63.47361750537751,False,
thorough,1000,0.3,300,1,base,0,1.0,1.0,0.9769529263398208,1.899235898575057e-06,8.940696716308594e-05,1.0,1.0,140.30889997957274,238.278500008164,3.64480001735501,4.106099979253486,146.60700000240467,243.5289999993984,143.95369999692775,242.38459998741743,143.95369999692775,242.38459998741743,3.0,6.0,True,1.0,0.9819536100003808,1.0048842222125811,13.169446820523518,0.0863870974732088,6.559231214398162e-07,29.96039998834021,32.744699987233616,0.1350939786972169,0.1073026091234125,False,
thorough,1000,0.3,300,10,base,0,1.0,1.0,0.9769529263398208,1.899235898575057e-06,0.0008940696716308,0.8676354912139075,1.134601129463844,225.92500000610016,281.70459999819286,8.993900002678856,9.279499994590878,237.45410001720305,293.5838999983389,234.91890000877905,290.98409999278374,23.491890000877905,29.09840999927837,4.0,60.0,True,1.0,0.9819520051642108,1.0048842159135634,53.36950598261385,0.0863820884665804,4.419711421251292e-07,299.60399988340214,327.44699987233616,1.125308908220266,0.8938117234113326,False,
thorough,1000,0.3,300,100,base,0,1.0,1.0,0.9769529263398208,1.899235898575057e-06,0.0089406967163085,0.8508918225841879,1.143137244111787,191.4743999950588,212.68500000587665,51.7266999813728,55.66039998666383,250.91319999773987,272.659600013867,243.2010999764316,268.3453999925405,2.432010999764316,2.683453999925405,4.0,600.0,True,1.0,0.9819519502098104,1.0048842164914638,92.7954035677613,0.0863823111428104,7.41351272609846e-07,2996.0399988340214,3274.4699987233616,12.20244505333196,9.69217284541026,False,
thorough,1000,0.3,300,1000,base,0,1.0,1.0,0.9769529263398208,1.899235898575057e-06,0.0894069671630859,0.8501315375658125,1.1497382713597504,224.445800005924,233.5767000040505,515.7353000249714,547.7827000140678,754.150299995672,780.6254999886733,740.1811000308953,781.3594000181183,0.7401811000308953,0.7813594000181183,4.0,6000.0,True,1.0,0.9819519476406228,1.0048842165196428,93.07099978938012,0.0863824834990975,7.05734550698168e-07,29960.39998834021,32744.699987233616,41.90734761298619,33.28621885061019,False,
thorough,1000,0.3,300,10000,base,0,1.0,1.0,0.9769529263398208,1.899235898575057e-06,0.8940696716308594,0.8500359198305297,1.1499869487359935,241.4853999798652,297.729599988088,4972.675900004106,5101.354599988554,5252.307899994776,5422.725699987495,5214.161299983971,5399.084199976642,0.521416129998397,0.5399084199976641,4.0,60000.0,True,1.0,0.9819519473170444,1.0048842165231986,96.52750544221144,0.0863824899949058,7.213493416360184e-07,299603.99988340214,327446.99987233616,60.64861886646495,48.172058494840805,False,
thorough,1000,0.3,300,50000,base,0,1.0,1.0,0.9769529263398208,1.899235898575057e-06,4.470348358154297,0.8500014737117589,1.1499993531233188,206.9164999993518,290.5960000061896,25083.083699981216,26094.794500008,25603.902399976505,26477.757899992863,25290.000199980568,26385.390500014186,0.5058000039996113,0.5277078100002837,4.0,300000.0,True,1.0,0.9819519472004506,1.0048842165244805,95.68201536567042,0.0863824903189395,7.181473037201685e-07,1498019.9994170107,1637234.9993616808,62.05081555873887,49.28579698293754,False,
thorough,1000,0.3,300,100000,base,0,1.0,1.0,0.9769529263398208,1.899235898575057e-06,8.940696716308594,0.8500002827483183,1.1499994692292972,231.5550000057556,312.2140999766998,50927.69069998758,51596.85669999453,51626.13930000225,52145.12299999478,51159.245699993335,51909.07079997123,0.5115924569999334,0.5190907079997124,4.0,600000.0,True,1.0,0.9819519471964192,1.0048842165245244,94.251279294727,0.086382490321969,7.162466929442592e-07,2996039.9988340214,3274469.9987233616,63.08088255598627,50.10395984587528,False,
thorough,1000,0.3,300,1,lambda,1,5.0,1.0,0.8364527002025384,1.899235898575057e-06,8.940696716308594e-05,5.0,5.0,156.76119999261573,209.7483999968972,7.043799996608868,8.872600010363385,167.4553000193555,221.6232999926433,163.8049999892246,218.6210000072606,163.8049999892246,218.6210000072606,11.0,16.0,True,1.0,0.841452517838142,1.0041916946490743,18.17200943547853,0.0863500571778111,3.3707851586158905e-06,194.35719997272827,202.0274499955121,0.9240990114801536,0.8932867839401397,False,
thorough,1000,0.3,300,10,lambda,1,5.0,1.0,0.8364527002025384,1.899235898575057e-06,0.0008940696716308,4.88135759624876,5.141075307244156,168.69510000105947,212.8435999911744,23.11300000292249,24.724700022488832,194.8540999728721,241.50740000186488,191.808100003982,237.56830001366325,19.1808100003982,23.756830001366325,11.0,160.0,True,1.0,0.8414524803011865,1.0041916948828356,55.380089120328485,0.0863547351149906,3.363334652927132e-06,1943.571999727283,2020.2744999551207,8.503973382976305,8.2204254518398,False,
thorough,1000,0.3,300,100,lambda,1,5.0,1.0,0.8364527002025384,1.899235898575057e-06,0.0089406967163085,4.850118019598183,5.14835876309163,263.21969999116845,270.8668000122998,155.33829998457804,186.85110000660643,421.8815000203904,463.41909997863695,418.5579999757465,457.7179000189062,4.185579999757465,4.577179000189062,11.0,1600.0,True,1.0,0.8414524696362514,1.004191694953397,82.40079878092385,0.086354979921211,3.404441288160223e-06,19435.719997272827,20202.74499955121,44.13798323971322,42.66629074156735,False,
thorough,1000,0.3,300,1000,lambda,1,5.0,1.0,0.8364527002025384,1.899235898575057e-06,0.0894069671630859,4.8505899347769645,5.149742634447436,227.53500001272187,292.2474000079092,1522.9584000189789,1627.5576000043657,1870.5526999838185,1939.397199981613,1750.4934000317007,1919.8050000122748,1.7504934000317007,1.9198050000122748,11.0,16000.0,True,1.0,0.8414524697998724,1.004191694952302,84.04694441975886,0.0863550264717881,3.2527060001268702e-06,194357.19997272827,202027.4499955121,105.23331796417888,101.72452410375764,False,
thorough,1000,0.3,300,10000,lambda,1,5.0,1.0,0.8364527002025384,1.899235898575057e-06,0.8940696716308594,4.85005060938212,5.1499575506285655,220.36159998970103,282.6342000043951,14755.0017000176,15142.256699997231,15078.24930001516,15514.727699977811,14975.363300007302,15424.890900001628,1.4975363300007305,1.5424890900001629,11.0,160000.0,True,1.0,0.8414524696128726,1.004191694953554,86.75024415608661,0.0863550337021883,3.303769373520524e-06,1943571.999727283,2020274.4999551207,130.97496203068172,126.60786469370908,False,
thorough,1000,0.3,300,50000,lambda,1,5.0,1.0,0.8364527002025384,1.899235898575057e-06,4.470348358154297,4.850010624911125,5.14999832047508,218.97750001517124,320.4242000065278,70601.36909998255,71563.3625999908,71245.99370002397,72045.7730999915,70820.34659999772,71883.78679999732,1.4164069319999544,1.4376757359999466,11.0,800000.0,True,1.0,0.8414524695990048,1.004191694953647,90.6498001609091,0.0863550350738361,3.294589585519961e-06,9717859.998636412,10101372.499775607,140.52365560374156,135.83817623689126,False,
thorough,1000,0.3,300,100000,lambda,1,5.0,1.0,0.8364527002025384,1.899235898575057e-06,8.940696716308594,4.850003543107603,5.149999732978468,221.91360002034344,325.9398999798577,138197.5193999824,141844.97940001893,138751.64669999504,142367.74489999516,138419.43300000275,142170.9192999988,1.3841943300000277,1.421709192999988,11.0,1600000.0,True,1.0,0.8414524695965486,1.0041916949536631,92.62105467286432,0.0863550351213494,3.297923112892431e-06,19435719.997272827,20202744.99955121,142.10181026487453,137.36371049706278,False,
thorough,1000,0.3,300,1,lambda,2,9.0,1.0,0.598060911932425,1.899235898575057e-06,8.940696716308594e-05,9.0,9.0,198.380800022278,229.2258999950718,40.5791999946814,46.53239998151548,245.81759999273345,280.5063000123482,238.96000001695936,275.7582999765873,238.96000001695936,275.7582999765873,52.0,102.0,True,1.0,0.6030602292946075,1.003101887767985,20.108824227854434,0.0862780576027061,6.342908045362033e-06,142.26059999782592,208.40314999804832,0.7557457019996946,0.7313177881424472,False,
thorough,1000,0.3,300,10,lambda,2,9.0,1.0,0.598060911932425,1.899235898575057e-06,0.0008940696716308,8.857041081530065,9.116144773817677,185.4258000093978,224.26869999617332,133.0182999954559,140.7296999823302,328.06410000193864,362.9155000089668,318.4441000048537,364.9983999785036,31.844410000485368,36.49983999785036,54.0,1008.0,True,1.0,0.6030595892888622,1.0031018943653986,63.750626795634055,0.086283066575678,5.7461565988560255e-06,1422.6059999782592,2084.031499980483,5.709700371572098,5.525146137974203,False,
thorough,1000,0.3,300,100,lambda,2,9.0,1.0,0.598060911932425,1.899235898575057e-06,0.0089406967163085,8.850313767380808,9.149315343663188,204.3543999898248,224.6070000110194,789.2300000239629,804.4290000107139,995.5046999966726,1031.4521999971475,993.5844000137876,1029.0360000217331,9.935844000137877,10.290360000217332,54.0,10108.0,True,1.0,0.603059457323114,1.003101897786586,107.44649848260364,0.0862845199688994,6.105198924407941e-06,14226.059999782592,20840.314999804832,20.25227008517164,19.597657418840548,False,
thorough,1000,0.3,300,1000,lambda,2,9.0,1.0,0.598060911932425,1.899235898575057e-06,0.0894069671630859,8.850767191068087,9.149708949746064,207.41560001624748,243.00139999832027,8756.332499993732,9396.134499984328,8994.508800009498,9724.4279999868,8963.74810000998,9639.135899982648,8.96374810000998,9.639135899982648,54.0,101032.0,True,1.0,0.6030594081912816,1.00310189777975,96.84419818464032,0.0862845372882518,6.109652490767414e-06,142260.59999782592,208403.14999804832,21.620522021940108,20.9216834468702,False,
thorough,1000,0.3,300,10000,lambda,2,9.0,1.0,0.598060911932425,1.899235898575057e-06,0.8940696716308594,8.8500083994736,9.14997487438466,231.03609998361208,275.7677999907173,93195.29900001362,94577.45449998764,93598.36199998972,94987.812700012,93426.33509999725,94853.22229997836,9.342633509999724,9.485322229997838,54.0,1008852.0,True,1.0,0.603059407366352,1.0031018978212891,90.99171407775364,0.0862845489902562,6.074611898648537e-06,1422605.9999782592,2084031.4999804832,21.971119688370973,21.26094877019748,False,
thorough,1000,0.3,300,50000,lambda,2,9.0,1.0,0.598060911932425,1.899235898575057e-06,4.470348358154297,8.850000766532274,9.149999919490876,215.345000004163,289.38360000029206,448182.3813999945,452418.440599984,448666.0861000128,453037.5046999834,448397.72639999865,452707.8241999843,8.967954527999973,9.054156483999686,54.0,5043896.0,True,1.0,0.6030594071152701,1.0031018978218569,94.60434358788144,0.086284550092403,6.070829571492505e-06,7113029.999891296,10420157.499902416,23.017400943570387,22.273411151793194,False,
thorough,1000,0.3,300,100000,lambda,2,9.0,1.0,0.598060911932425,1.899235898575057e-06,8.940696716308594,8.850004438621228,9.14999632700668,293.2617000187747,315.418000012869,886137.3383000027,904745.4608999832,886754.0550999984,905307.2843000118,886430.6000000215,905060.8788999962,8.864306000000216,9.05060878899996,54.0,10087868.0,True,1.0,0.6030594071461134,1.003101897821742,95.69622713639777,0.0862845499343115,6.074278284208337e-06,14226059.999782592,20840314.999804832,23.026423399422573,22.28214197545514,False,
thorough,1000,0.3,300,1,rho,1,1.0,3.16,0.9783104899534282,1.699629660678175e-06,8.940696716308594e-05,1.0,1.0,162.11479998310097,198.64220000454225,4.04469997738488,4.461500007892028,168.11989998677743,204.70309999655,166.15949996048585,203.10370001243427,166.15949996048585,203.10370001243427,5.0,8.0,True,1.0,0.983310276014086,1.0048911027907246,15.823176096581458,0.2072309344549985,6.267789026921449e-07,36.086799984332174,39.18214999430347,0.1929169679917435,0.1597506593679387,False,
thorough,1000,0.3,300,10,rho,1,1.0,3.16,0.9783104899534282,1.699629660678175e-06,0.0008940696716308,0.8645485247082999,1.1407177682770453,147.2463000100106,219.254199997522,12.400299980072305,13.992399995913727,163.09129999717698,235.65199997392483,159.6465999900829,233.24659999343567,15.96465999900829,23.324659999343567,6.0,94.0,True,1.0,0.983309509635008,1.004891107953256,64.5145682996078,0.2072784939583908,1.6974610221256475e-06,360.86799984332174,391.8214999430347,1.679859427550335,1.3910577902515,False,
thorough,1000,0.3,300,100,rho,1,1.0,3.16,0.9783104899534282,1.699629660678175e-06,0.0089406967163085,0.853632856185827,1.1499488138727625,170.73709997930564,241.97649999405257,81.61740002105944,88.15450000111014,258.61089999671094,332.4152999848593,252.35450000036508,330.1309999951627,2.523545000003651,3.301309999951627,6.0,918.0,True,1.0,0.9833094862337728,1.0048911079974905,98.01831469681451,0.2072817246146298,1.3052284066822958e-06,3608.6799984332174,3918.2149994303472,11.868667285070956,9.8282045604714,False,
thorough,1000,0.3,300,1000,rho,1,1.0,3.16,0.9783104899534282,1.699629660678175e-06,0.0894069671630859,0.850714325703503,1.149866620763786,186.23469999874945,290.4283000098076,906.2485999893396,938.3183000027202,1100.2518000022974,1257.9818000085652,1092.4832999880891,1228.7466000125278,1.0924832999880891,1.2287466000125278,6.0,9184.0,True,1.0,0.983309482706478,1.0048911080105607,88.27599844120151,0.2072816957871107,1.2314007731446363e-06,36086.799984332174,39182.14999430347,31.88790104803056,26.40572921766262,False,
thorough,1000,0.3,300,10000,rho,1,1.0,3.16,0.9783104899534282,1.699629660678175e-06,0.8940696716308594,0.8500032693919395,1.1499911468070785,206.454200000735,307.1884000091813,8397.894599998835,8729.562499996973,8703.459699987434,9072.174100001575,8604.34879999957,9036.750900006156,0.860434879999957,0.9036750900006154,6.0,91872.0,True,1.0,0.9833094811468076,1.004891108013828,95.26197197094032,0.2072817394624774,1.2168334579360411e-06,360867.99984332174,391821.4999430347,43.35866997758762,35.904442156342185,False,
thorough,1000,0.3,300,50000,rho,1,1.0,3.16,0.9783104899534282,1.699629660678175e-06,4.470348358154297,0.8500045643813884,1.1499934942933554,269.9173000000883,289.73769998992793,42106.84290001518,43609.95799998636,42553.4262000001,44170.82349999691,42376.76020001527,43899.69569997629,0.8475352040003054,0.8779939139995259,6.0,459067.0,True,1.0,0.9833094803937245,1.0048911080138223,94.996435840564,0.2072817402858296,1.2105619835539802e-06,1804339.9992166087,1959107.4997151736,44.626903865218175,36.95464111961024,False,
thorough,1000,0.3,300,100000,rho,1,1.0,3.16,0.9783104899534282,1.699629660678175e-06,8.940696716308594,0.8500032259022401,1.1499936020024562,233.44119999092072,298.98839999805205,86572.60369998403,88421.68969998602,87129.01919998694,88952.3368999944,86806.04489997495,88720.67809998407,0.8680604489997495,0.8872067809998407,6.0,918238.0,True,1.0,0.9833094804171828,1.0048911080138287,92.4079865695604,0.2072817403236286,1.2149358199745462e-06,3608679.9984332174,3918214.9994303472,44.16349247257445,36.57089947000782,False,
thorough,1000,0.3,300,1,rho,2,1.0,7.73,0.97879207713779,1.7296698835943544e-06,8.940696716308594e-05,1.0,1.0,196.73860000330023,230.69939998094924,7.815299992216751,8.782299992162734,206.1115000105929,243.1380999914836,204.55389999551696,239.481699973112,204.55389999551696,239.481699973112,9.0,15.0,True,1.0,0.983791183603124,1.0048934302088228,15.35449696358526,0.5803397061104297,7.146047184026658e-07,39.38659999403171,43.65325000253506,0.1822821952885597,0.154153950007165,False,
thorough,1000,0.3,300,10,rho,2,1.0,7.73,0.97879207713779,1.7296698835943544e-06,0.0008940696716308,0.9178880119455392,1.1494842273935977,290.6504000129644,344.91179999895394,26.518200000282377,28.997399989748374,321.6239000030328,373.4820999961812,317.1686000132468,373.9091999887023,31.71686000132468,37.39091999887023,9.0,180.0,True,1.0,0.9837913792320592,1.004892928232898,54.30232821174386,0.5822055376474161,3.2496424153285e-06,393.8659999403171,436.5325000253506,1.1674826402734686,0.9873266024586036,False,
thorough,1000,0.3,300,100,rho,2,1.0,7.73,0.97879207713779,1.7296698835943544e-06,0.0089406967163085,0.8508116285321863,1.1461553463082523,220.23549998993985,254.9813999794424,159.5353000157047,172.26089999894612,394.8287999955937,417.78329998487607,379.77080000564456,427.2422999783885,3.7977080000564456,4.272422999783885,13.0,1635.0,True,1.0,0.983756702555736,1.0048934863563308,95.27671931230084,0.5821611376091669,2.6735029732268485e-06,3938.6599994031712,4365.325000253506,10.217445698785726,8.640775973529166,False,
thorough,1000,0.3,300,1000,rho,2,1.0,7.73,0.97879207713779,1.7296698835943544e-06,0.0894069671630859,0.8502828272602887,1.1496725280648643,221.2488999939524,332.0940999838058,1842.429199983599,1916.1371999944088,2087.8456000064034,2203.9067999867257,2063.678099977551,2248.2312999782152,2.063678099977551,2.2482312999782152,13.0,16188.0,True,1.0,0.9837566849007624,1.0048934863879788,82.49977801120016,0.5821983203379859,2.443310680164816e-06,39386.59999403171,43653.25000253506,19.41670770394401,16.420485741677787,False,
thorough,1000,0.3,300,10000,rho,2,1.0,7.73,0.97879207713779,1.7296698835943544e-06,0.8940696716308594,0.8500644550504015,1.1499915923180266,252.9253000102472,335.8717999944929,17317.453900002874,17988.42710000463,17634.27650000085,18395.126699993853,17570.37920001312,18324.29889999912,1.7570379200013122,1.832429889999912,13.0,163034.0,True,1.0,0.9837566841974724,1.0048934863907062,87.7727181361082,0.5822017124381457,2.521148120311618e-06,393865.9999403171,436532.5000253506,23.82260311336504,20.146500669276776,False,
thorough,1000,0.3,300,50000,rho,2,1.0,7.73,0.97879207713779,1.7296698835943544e-06,4.470348358154297,0.8500025726070546,1.1499859826747172,223.35740001290105,246.79169998853467,84570.79500000691,84980.47229999793,85151.43269998953,85418.33319998113,84794.15240001981,85227.26399998646,1.695883048000396,1.7045452799997292,13.0,815416.0,True,1.0,0.9837566841580676,1.0048934863906585,89.86553809739377,0.5822016527722446,2.524716744240693e-06,1969329.9997015856,2182662.500126753,25.60990929061268,21.658004887550927,False,
thorough,1000,0.3,300,100000,rho,2,1.0,7.73,0.97879207713779,1.7296698835943544e-06,8.940696716308594,0.8500051752541469,1.1499963607547932,284.75729998899624,323.5240000067279,164676.67809998966,167731.20800001195,165356.76920000697,168358.56729999068,164961.43539997865,168054.7320000187,1.6496143539997865,1.680547320000187,13.0,1630432.0,True,1.0,0.9837566841671368,1.0048934863907468,92.30208050936484,0.5822017631574552,2.513480300305987e-06,3938659.9994031712,4365325.000253506,25.97561489820483,21.96727790163141,False,
thorough,1000,0.5,500,1,base,0,1.0,1.0,0.9769459565798104,1.899235898575057e-06,8.940696716308594e-05,1.0,1.0,251.9236000080128,321.3535000104457,3.4755000087898225,4.049999988637865,258.53160000406206,328.8013999990653,255.3991000168025,325.4034999990836,255.3991000168025,325.4034999990836,3.0,5.0,True,1.0,0.981945478307504,1.0048844656122375,11.509135347097322,0.0863870875366788,6.440643296097976e-07,30.671499989693984,33.3845499844756,0.1025943174691409,0.081893249418957,False,
thorough,1000,0.5,500,10,base,0,1.0,1.0,0.9769459565798104,1.899235898575057e-06,0.0008940696716308,0.9388040398956796,1.140476529628598,181.6524999740068,259.9096999911126,12.493200018070638,12.991499999770896,197.2905000147876,279.1524000058416,194.14569999207745,272.90119999088347,19.414569999207743,27.290119999088347,5.0,67.0,True,1.0,0.9819459566171092,1.0048842229349488,51.2278678860724,0.0863885918775914,5.018655349342404e-07,306.71499989693984,333.845499844756,1.2233200141879494,0.9764834301980626,False,
thorough,1000,0.5,500,100,base,0,1.0,1.0,0.9769459565798104,1.899235898575057e-06,0.0089406967163085,0.8572232749641446,1.1494369045656294,196.69250000151808,241.4576000010129,83.86649997555651,84.8796000063885,284.1576999926474,328.8233999919612,280.55899997707456,326.3372000074014,2.8055899997707456,3.263372000074014,6.0,614.0,True,1.0,0.9819451376276644,1.0048842115589598,95.389696748185,0.0863839554353181,6.247679612538652e-07,3067.1499989693984,3338.45499844756,10.230077963443463,8.16589404659418,False,
thorough,1000,0.5,500,1000,base,0,1.0,1.0,0.9769459565798104,1.899235898575057e-06,0.0894069671630859,0.8500531208439891,1.1499839584441396,231.4388999948278,267.5863000040408,887.9354000091553,963.339400012046,1131.5494000155013,1238.1325000023935,1119.374300003983,1230.925700016087,1.119374300003983,1.230925700016087,6.0,6146.0,True,1.0,0.9819451375368684,1.0048842115651695,90.09664441712218,0.0863840368462014,6.115047505873943e-07,30671.499989693984,33384.5499844756,27.12149887197846,21.649032095826964,False,
thorough,1000,0.5,500,10000,base,0,1.0,1.0,0.9769459565798104,1.899235898575057e-06,0.8940696716308594,0.8500164805202075,1.1499967792022423,272.7638999931514,339.3876999907661,9062.149600009434,9856.66969997692,9384.413799998583,10244.269199989503,9334.913500002584,10196.057399967684,0.9334913500002584,1.0196057399967686,6.0,61836.0,True,1.0,0.9819451375365412,1.004884211565212,88.27927537183531,0.08638403740893,6.380184703349108e-07,306714.99989693984,333845.499844756,32.74260694587832,26.135935628717625,False,
thorough,1000,0.5,500,50000,base,0,1.0,1.0,0.9769459565798104,1.899235898575057e-06,4.470348358154297,0.8500062296256126,1.149992082484938,272.975600004429,333.1513999728486,46189.07580000814,47097.70240000216,46756.4352999907,47730.46560000512,46462.05140001257,47430.85379997501,0.9292410280002514,0.9486170759995002,6.0,309000.0,True,1.0,0.9819451375365348,1.004884211565238,86.60056367699167,0.0863840377577366,6.442460437890261e-07,1533574.9994846992,1669227.49922378,35.19286214545561,28.091788205634806,False,
thorough,1000,0.5,500,100000,base,0,1.0,1.0,0.9769459565798104,1.899235898575057e-06,8.940696716308594,0.8500004146310873,1.1499999766775884,256.8040000041947,390.8360000059474,91227.57570000248,95491.31199999827,92105.63049998018,96398.38709999458,91484.37970000668,95882.14800000424,0.9148437970000668,0.9588214800000424,6.0,617822.0,True,1.0,0.9819451375365348,1.0048842115652383,87.6927830057396,0.0863840377625909,6.462421262407188e-07,3067149.9989693984,3338454.99844756,34.81831673657762,27.79281706040353,False,
thorough,1000,0.5,500,1,lambda,1,5.0,1.0,0.8364429735764172,1.899235898575057e-06,8.940696716308594e-05,5.0,5.0,138.86669999919832,211.2347999936901,9.27790001151152,9.882899990770966,150.91590001247823,223.68640001513995,148.14460001070984,221.11769998446107,148.14460001070984,221.11769998446107,11.0,16.0,True,1.0,0.8414427947934886,1.004191685224337,13.7962254218287,0.0863502379351629,3.264939922517244e-06,152.10010000737384,186.84749999374617,0.8450137641938061,0.8145494458795218,False,
thorough,1000,0.5,500,10,lambda,1,5.0,1.0,0.8364429735764172,1.899235898575057e-06,0.0008940696716308,4.895535960964515,5.149311800929271,310.6506000040099,327.32809998560697,21.59790002042428,23.85219998541288,337.68319999217056,355.3705000085756,332.2485000244342,351.18029997101985,33.22485000244342,35.118029997101985,11.0,160.0,True,1.0,0.8414427627205021,1.004191685423074,59.2650210802696,0.0863541407258607,3.022491916692372e-06,1521.0010000737384,1868.4749999374617,5.320557560010206,5.128741561282347,False,
thorough,1000,0.5,500,100,lambda,1,5.0,1.0,0.8364429735764172,1.899235898575057e-06,0.0089406967163085,4.852823315637297,5.1481410897333335,199.71079999231733,340.7493000268005,137.58350000716746,152.13499998208135,354.7555000113789,481.709999992745,337.2942999994848,492.8843000088818,3.372942999994848,4.928843000088818,11.0,1600.0,True,1.0,0.841442748581941,1.0041916855161004,93.03441182506027,0.086354109791356,3.223808054593679e-06,15210.010000737384,18684.749999374617,37.90899811383304,36.542308203619285,False,
thorough,1000,0.5,500,1000,lambda,1,5.0,1.0,0.8364429735764172,1.899235898575057e-06,0.0894069671630859,4.850995964858988,5.149915453024036,231.48970000329427,254.0188000130001,1653.3067999989726,1726.6598000132944,1919.0552000072785,1971.5686999843456,1884.7965000022668,1980.6786000262944,1.8847965000022668,1.9806786000262944,11.0,16000.0,True,1.0,0.8414427479632924,1.0041916855202402,77.42059731447274,0.0863541566786446,3.259685741832885e-06,152100.10000737384,186847.49999374617,94.3350930288567,90.93413741841104,False,
thorough,1000,0.5,500,10000,lambda,1,5.0,1.0,0.8364429735764172,1.899235898575057e-06,0.8940696716308594,4.850063011193088,5.149975532142524,358.42889998457395,398.8048000028357,15475.393800006714,16057.358100020792,15927.496899996186,16540.245199983474,15833.822699991288,16456.162900023628,1.583382269999129,1.6456162900023628,11.0,160000.0,True,1.0,0.841442747647001,1.0041916855223594,82.7119501152497,0.0863541582664358,3.23810021756122e-06,1521001.0000737384,1868474.9999374617,113.54256829426372,109.44914746574275,False,
thorough,1000,0.5,500,50000,lambda,1,5.0,1.0,0.8364429735764172,1.899235898575057e-06,4.470348358154297,4.850004204567729,5.149988756276123,276.72149997670203,320.9175999800209,74319.36029999633,75397.85139999003,74867.23659999552,75931.40580001636,74596.08179997304,75718.76899997005,1.4919216359994607,1.514375379999401,11.0,800000.0,True,1.0,0.8414427476270544,1.0041916855224926,86.11484240668734,0.0863541586159297,3.23604312160284e-06,7605005.000368692,9342374.999687308,123.38255260978956,118.93438203978748,False,
thorough,1000,0.5,500,100000,lambda,1,5.0,1.0,0.8364429735764172,1.899235898575057e-06,8.940696716308594,4.850003051575156,5.149993177441341,245.333800005028,290.9956999938004,147229.42249997868,150198.52909998735,147980.50019997754,150904.4790000189,147474.7562999837,150489.52479998115,1.474747562999837,1.5048952479998114,11.0,1600000.0,True,1.0,0.8414427476266634,1.0041916855224953,86.93914424612956,0.0863541587327653,3.238861268103253e-06,15210010.000737384,18684749.999374617,124.15980463895356,119.68361268725307,False,
thorough,1000,0.5,500,1,lambda,2,9.0,1.0,0.5980349435442125,1.899235898575057e-06,8.940696716308594e-05,9.0,9.0,231.0832999937702,294.93449997971766,56.64669998805039,59.14830000256188,290.4598999884911,354.8861999879591,287.7299999818206,354.08279998227954,287.7299999818206,354.08279998227954,52.0,102.0,True,1.0,0.6030342915161211,1.00310182410931,14.405075673819216,0.0862786280503806,6.001279403201239e-06,140.75969997793436,189.43470001977403,0.5350011354102896,0.5159767716242312,False,
thorough,1000,0.5,500,10,lambda,2,9.0,1.0,0.5980349435442125,1.899235898575057e-06,0.0008940696716308,8.866991225006817,9.06629605065964,245.8594999916386,274.4685999932699,171.95449999417178,177.74400001508184,419.922700006282,458.6798000091221,417.8139999858104,452.2126000083517,41.78139999858104,45.22126000083517,54.0,1008.0,True,1.0,0.6030334956415341,1.0031018340688702,49.31537121905749,0.0862807948299062,6.074043977748165e-06,1407.5969997793436,1894.3470001977405,4.189062843810089,4.040101934779146,False,
thorough,1000,0.5,500,100,lambda,2,9.0,1.0,0.5980349435442125,1.899235898575057e-06,0.0089406967163085,8.85174938403203,9.14620749525604,264.65210001333617,400.3765000088606,1024.247599998489,1073.8111000100616,1294.025099981809,1458.1415000138804,1288.8997000118252,1474.1876000189222,12.888997000118252,14.741876000189222,54.0,10048.0,True,1.0,0.6030334368753438,1.0031018342170683,82.79248103693395,0.0862834377486004,5.944480888102577e-06,14075.969997793436,18943.470001977403,12.850108087826984,12.393164887574684,False,
thorough,1000,0.5,500,1000,lambda,2,9.0,1.0,0.5980349435442125,1.899235898575057e-06,0.0894069671630859,8.850085620054609,9.149760647675135,268.53380000102334,362.712800008012,11208.047699998133,11258.907400013411,11537.284699996237,11742.208900017433,11476.581499999156,11621.620200021423,11.476581499999156,11.621620200021423,54.0,100248.0,True,1.0,0.6030334305169984,1.003101834226101,75.65992068361213,0.0862835563018518,5.894881494295729e-06,140759.69997793436,189434.70001977403,16.300197111881594,15.720570529588306,False,
thorough,1000,0.5,500,10000,lambda,2,9.0,1.0,0.5980349435442125,1.899235898575057e-06,0.8940696716308594,8.850002063967269,9.149960223119994,234.61030001635663,366.94120001629926,96987.2840999742,100462.23229999303,97311.34099999326,100807.88440001196,97221.89439999056,100829.17350000936,9.722189439999056,10.082917350000937,54.0,1003500.0,True,1.0,0.6030334304006336,1.0031018342271738,87.43414230734454,0.0862835629631546,5.913819956144998e-06,1407596.9997793436,1894347.0001977405,18.787687476160507,18.11960702251596,False,
thorough,1000,0.5,500,50000,lambda,2,9.0,1.0,0.5980349435442125,1.899235898575057e-06,4.470348358154297,8.850000458209776,9.14998364283022,277.2642000054475,323.8767000148073,436171.5428000025,472930.1128000079,436739.17549999896,473634.6308000211,436448.807000008,473253.9895000227,8.728976140000158,9.465079790000454,54.0,5020304.0,True,1.0,0.6030334302933134,1.0031018342288915,97.20945967225022,0.0862835637448612,5.921754623826214e-06,7037984.998896718,9471735.0009887,20.01406266219811,19.30237294095924,False,
thorough,1000,0.5,500,100000,lambda,2,9.0,1.0,0.5980349435442125,1.899235898575057e-06,8.940696716308594,8.850000759174192,9.149999373575149,292.5266000092961,316.7072999931406,897016.311400017,901277.4442000082,897699.6116000228,902027.533299988,897308.8380000263,901594.1515000012,8.973088380000263,9.015941515000014,54.0,10037612.0,True,1.0,0.6030334302790988,1.0031018342294746,94.5356276383074,0.0862835642699189,5.9162852021402745e-06,14075969.997793436,18943470.001977403,21.011083501884688,20.263940235034312,False,
thorough,1000,0.5,500,1,rho,1,1.0,3.16,0.9783021510321472,1.699629660678175e-06,8.940696716308594e-05,1.0,1.0,215.0817000074312,235.5898999958299,5.030300002545118,5.609000014374033,223.02350000245497,242.5041999958921,220.1120000099764,241.198900010204,220.1120000099764,241.198900010204,5.0,8.0,True,1.0,0.983301938120273,1.0048911020712656,12.72289922422494,0.2072309640785679,6.015401413081895e-07,35.33600000082515,39.15440000128001,0.1623324152789402,0.1344044272285632,False,
thorough,1000,0.5,500,10,rho,1,1.0,3.16,0.9783021510321472,1.699629660678175e-06,0.0008940696716308,0.9765213752177228,1.111991165681015,282.0482999959495,402.9043999908026,13.366400002269074,13.683099998161197,298.99049998493865,419.1296999924816,295.41469999821857,416.5874999889638,29.541469999821857,41.65874999889638,5.0,90.0,True,1.0,0.9833015431102896,1.0048906770395267,53.86641129083172,0.2072674261570991,4.097386426486881e-07,353.3600000082515,391.5440000128001,0.939884178049444,0.7781846552018428,False,
thorough,1000,0.5,500,100,rho,1,1.0,3.16,0.9783021510321472,1.699629660678175e-06,0.0089406967163085,0.8523025661985058,1.143179287037491,230.23889999603853,317.80000001890585,88.8035999960266,93.29280001111329,327.16039998922497,418.82920000352897,319.04249999206513,411.09280003001913,3.190424999920652,4.110928000300191,6.0,921.0,True,1.0,0.9833011456807984,1.0048911073087508,90.08643794123154,0.207277895493863,8.72560906481073e-07,3533.600000082515,3915.440000128001,9.5244674677885,7.885859348950817,False,
thorough,1000,0.5,500,1000,rho,1,1.0,3.16,0.9783021510321472,1.699629660678175e-06,0.0894069671630859,0.8507410974111518,1.1494346575244176,272.85290000145324,353.2263000088278,958.0912000092212,1051.284699991811,1261.7413999978453,1370.887799974298,1230.9441000106744,1404.511000000639,1.2309441000106744,1.4045110000006389,6.0,9177.0,True,1.0,0.9833011505669176,1.004891107315876,83.49935788913419,0.2072800122278083,8.271282548654332e-07,35336.00000082515,39154.40000128001,27.877602953100546,23.08148530272544,False,
thorough,1000,0.5,500,10000,rho,1,1.0,3.16,0.9783021510321472,1.699629660678175e-06,0.8940696716308594,0.8500007877221976,1.1499968184415248,287.8925999975763,313.3871000027284,9161.253800004488,9518.989000003785,9567.72260001162,9944.03909999528,9449.146400002064,9832.376100006511,0.9449146400002064,0.9832376100006514,6.0,91956.0,True,1.0,0.9833011415654308,1.004891107319309,87.32429179067259,0.2072802027338694,8.389340121054667e-07,353360.0000082515,391544.0000128001,39.821910393820346,32.97087059557199,False,
thorough,1000,0.5,500,50000,rho,1,1.0,3.16,0.9783021510321472,1.699629660678175e-06,4.470348358154297,0.8500091472488496,1.1499909465004527,291.53419999056496,338.84489999036305,44584.16270001908,45971.953900007065,45291.59969999455,46664.46359999827,44875.69690000964,46310.79879999743,0.8975139380001929,0.9262159759999484,6.0,459338.0,True,1.0,0.9833011414642272,1.0048911073192706,89.7179571794064,0.2072802007437459,8.296994018967289e-07,1766800.0000412576,1957720.0000640005,42.27350965201035,35.0006918948165,False,
thorough,1000,0.5,500,100000,rho,1,1.0,3.16,0.9783021510321472,1.699629660678175e-06,8.940696716308594,0.8500008109983516,1.1499999321035328,257.9081000003498,325.0836000079289,89320.7834000059,91505.16400000195,89996.69390000054,92316.92959999782,89578.69150000624,91830.2476000099,0.8957869150000625,0.918302476000099,6.0,918724.0,True,1.0,0.9833011414495552,1.0048911073193092,89.56482125972343,0.2072802037891486,8.287466023037592e-07,3533600.000082515,3915440.000128001,42.6378029294084,35.30231144016588,False,
thorough,1000,0.5,500,1,rho,2,1.0,7.73,0.9787832566609942,1.7296698835943544e-06,8.940696716308594e-05,1.0,1.0,278.60400002100505,331.0017999901902,9.912099980283529,11.23060000827536,293.44889998901635,343.9131999912206,288.5161000012886,342.23239999846555,288.5161000012886,342.23239999846555,9.0,15.0,True,1.0,0.9837823630362418,1.0048934294842131,12.106415415370687,0.5803397318309338,6.598958542686871e-07,39.03839999111369,42.38664999138564,0.1238534106986237,0.1041702947888523,False,
thorough,1000,0.5,500,10,rho,2,1.0,7.73,0.9787832566609942,1.7296698835943544e-06,0.0008940696716308,0.8697503998118321,1.1474247565804645,215.1896999857854,342.2198999905959,29.05280000413768,32.23959999741055,249.6720000053756,377.53410000004806,244.2424999899231,374.4594999880064,24.42424999899231,37.44594999880064,12.0,185.0,True,1.0,0.9837783870287116,1.0048934637421476,55.07214450146385,0.5821673207764427,1.3724405373527805e-06,390.3839999111369,423.8664999138564,1.131942172457722,0.952050889222424,False,
thorough,1000,0.5,500,100,rho,2,1.0,7.73,0.9787832566609942,1.7296698835943544e-06,0.0089406967163085,0.8594344025299959,1.1492035170333532,264.27770001464523,277.6976000168361,185.61069999122992,197.12579998304136,453.9247000066098,483.2287000026554,449.8884000058752,474.82339999987744,4.498884000058752,4.748233999998774,13.0,1639.0,True,1.0,0.9837478951779272,1.0048934856637048,81.8918305933774,0.5821881704340796,1.6518053478774614e-06,3903.839999111369,4238.664999138564,8.92682416060299,7.508149344397471,False,
thorough,1000,0.5,500,1000,rho,2,1.0,7.73,0.9787832566609942,1.7296698835943544e-06,0.0894069671630859,0.8504385699297989,1.1499026138945692,270.9548999846447,282.1776999917347,1872.1786999958567,2029.0205999917816,2158.178299985593,2367.3131999967154,2143.133599980501,2311.1982999835163,2.143133599980501,2.3111982999835163,13.0,16292.0,True,1.0,0.983747888345585,1.0048934856697334,81.18883095953201,0.5821955529498775,1.591266787920202e-06,39038.39999111369,42386.64999138564,18.33968551797912,15.425093551856126,False,
thorough,1000,0.5,500,10000,rho,2,1.0,7.73,0.9787832566609942,1.7296698835943544e-06,0.8940696716308594,0.8500031986202314,1.1499948001055715,271.7900999996345,299.2835000040941,18104.05449999962,18572.46019999729,18487.45729998336,18935.962599993218,18375.84459999925,18871.74370000139,1.8375844599999247,1.8871743700001389,13.0,162838.0,True,1.0,0.9837478877263548,1.0048934856705192,83.95909325173717,0.5821965275650423,1.5999344451214135e-06,390383.9999111369,423866.4999138564,22.460378153282424,18.890914671617736,False,
thorough,1000,0.5,500,50000,rho,2,1.0,7.73,0.9787832566609942,1.7296698835943544e-06,4.470348358154297,0.8500055301414023,1.1499914447682833,288.56180000002496,326.57400000607595,87940.22099999711,90984.45950000314,88634.6479000058,91589.0856999904,88228.78279999713,91311.03350000922,1.7645756559999426,1.8262206700001844,13.0,815363.0,True,1.0,0.9837478877609735,1.0048934856704903,86.42234365092453,0.5821964920869823,1.6375647645171884e-06,1951919.9995556849,2119332.499569282,23.21003736716076,19.52143603441581,False,
thorough,1000,0.5,500,100000,rho,2,1.0,7.73,0.9787832566609942,1.7296698835943544e-06,8.940696716308594,0.8500075523317466,1.149998190061551,241.85920000309125,346.7262000194751,177343.0015000049,179238.92579998937,178193.68620001478,180017.91969998158,177584.860700008,179585.65200000885,1.7758486070000798,1.7958565200000884,13.0,1630887.0,True,1.0,0.9837478877266728,1.0048934856705478,85.70961284874599,0.5821965634095025,1.6330701470988656e-06,3903839.999111369,4238664.999138564,23.602470196997448,19.85150238735933,False,
thorough,1500,0.0,0,1,base,0,1.0,1.0,0.97,8.805175427629893e-07,0.0001341104507446,1.0,1.0,294.0694999997504,305.85259999497794,4.698000004282221,5.53819999913685,303.524799994193,314.04399999883026,298.7675000040326,311.3907999941148,298.7675000040326,311.3907999941148,0.0,4.0,True,1.0,0.9700000182409152,0.9999999317816382,15.325670484114962,,,21.61080000223592,24.66809999896213,0.0792191034527299,0.0575864797612902,False,
thorough,1500,0.0,0,10,base,0,1.0,1.0,0.97,8.805175427629893e-07,0.0013411045074462,0.8776617696231475,1.1470520562700657,312.215300014941,341.9816000096034,11.276999983238056,13.035799987846984,329.72910001990385,360.5969999916852,323.4922999981791,355.0173999974504,32.34922999981791,35.50173999974504,0.0,50.0,True,1.0,0.9654403632452944,0.9999999401273524,79.8084598153538,,,216.1080000223592,246.6809999896213,0.6948419992693116,0.5050991867396317,False,
thorough,1500,0.0,0,100,base,0,1.0,1.0,0.97,8.805175427629893e-07,0.0134110450744628,0.852610399537231,1.145210513851343,320.5052000121213,334.98909999616444,64.32979999226518,69.1559000115376,389.6116000250913,416.6639000177384,384.8350000043865,404.1450000077021,3.848350000043865,4.04145000007702,0.0,500.0,True,1.0,0.9654977142589024,0.999999941836316,139.90405692357405,,,2161.080000223592,2466.8099998962134,6.103774634968147,4.436996622838668,False,
thorough,1500,0.0,0,1000,base,0,1.0,1.0,0.97,8.805175427629893e-07,0.1341104507446289,0.8500237003753599,1.1499655240398332,334.84349999343976,339.3408999836538,677.7682999963872,690.7044999825303,1025.012500002049,1030.8729000098538,1012.611799989827,1030.045399966184,1.012611799989827,1.030045399966184,0.0,5000.0,True,1.0,0.9653496162568806,0.9999999420127764,132.7887421121344,,,21610.80000223592,24668.09999896213,23.94855605371567,17.408844311427217,False,
thorough,1500,0.0,0,10000,base,0,1.0,1.0,0.97,8.805175427629893e-07,1.341104507446289,0.8500767397844052,1.1499746602114698,325.2591000054963,389.0647999942303,6646.208500023931,6899.576700001489,7108.004500012612,7400.1335999928415,6971.467600029428,7288.64149999572,0.6971467600029427,0.7288641499995719,0.0,50000.0,True,1.0,0.9653493316635255,0.9999999420091582,135.4155530926782,,,216108.0000223592,246680.9999896213,33.844578580215014,24.602527098806554,False,
thorough,1500,0.0,0,50000,base,0,1.0,1.0,0.97,8.805175427629893e-07,6.705522537231445,0.8500052886498806,1.1499973158542236,344.25729999202304,441.378400020767,35469.22359999735,36449.68720001634,35947.87610002095,36970.47709999606,35813.48089998937,36891.06560003711,0.7162696179997874,0.7378213120007422,0.0,250000.0,True,1.0,0.9653486259355848,0.9999999420140324,126.87055264441528,,,1080540.000111796,1233404.9999481067,33.43370487912569,24.30385204391472,False,
thorough,1500,0.0,0,100000,base,0,1.0,1.0,0.97,8.805175427629893e-07,13.41104507446289,0.8500023293599421,1.1499997575157277,338.23160000611097,442.3493999929633,71500.65159998485,72385.738699988,72240.21019999054,73004.94020001497,71838.88319999096,72828.08809998096,0.7183888319999095,0.7282808809998096,0.0,500000.0,True,1.0,0.9653485498772678,0.9999999420142344,125.87297875760768,,,2161080.000223592,2466809.9998962134,33.8716841846746,24.62223088583011,False,
thorough,1500,0.0,0,1,lambda,1,5.0,1.0,0.8268493289156557,8.805175427629893e-07,0.0001341104507446,5.0,5.0,306.3372000178788,331.2446999771055,8.841900009429082,10.077299986733124,319.276299997,345.7277000125032,315.17910002730787,341.3219999638386,315.17910002730787,341.3219999638386,0.0,8.0,True,1.0,0.8268495189643318,0.9999996589080868,16.286092338347764,,,24.74419999634847,27.530900013516657,0.0806596117930676,0.060923995577404,False,
thorough,1500,0.0,0,10,lambda,1,5.0,1.0,0.8268493289156557,8.805175427629893e-07,0.0013411045074462,4.851556013029635,5.095883787304485,325.0433999928646,357.47089999495074,18.122500012395903,21.83140002307482,347.53870000713505,383.8148000068031,343.1659000052605,379.3023000180256,34.31659000052605,37.93023000180256,0.0,90.0,True,1.0,0.8227503512603433,0.9999996690346992,89.39164016509366,,,247.4419999634847,275.30900013516657,0.7258300308806013,0.5482355370710742,False,
thorough,1500,0.0,0,100,lambda,1,5.0,1.0,0.8268493289156557,8.805175427629893e-07,0.0134110450744628,4.850602905936749,5.142217702040395,343.8288999896031,364.0843000030145,130.92709999182262,132.54560000495985,480.4673999897204,505.5797999957576,474.7559999814257,496.6299000079744,4.747559999814257,4.966299000079744,0.0,900.0,True,1.0,0.820753595775276,0.9999996690997186,123.73297813066824,,,2474.419999634847,2753.0900013516657,5.543544601940921,4.18716231461974,False,
thorough,1500,0.0,0,1000,lambda,1,5.0,1.0,0.8268493289156557,8.805175427629893e-07,0.1341104507446289,4.850385421982721,5.149764246033649,358.6950000026264,373.4775999910198,1245.2504000102635,1322.6298000081442,1615.8111999975515,1727.1538999921177,1603.94540001289,1696.107399999164,1.60394540001289,1.696107399999164,0.0,9000.0,True,1.0,0.8204273749701527,0.999999669114555,130.0943167724859,,,24744.19999634847,27530.900013516657,16.23181410182529,12.260249566907053,False,
thorough,1500,0.0,0,10000,lambda,1,5.0,1.0,0.8268493289156557,8.805175427629893e-07,1.341104507446289,4.8500133459611,5.1499946114051545,355.1085999934003,431.8702000018675,12588.30420000595,13307.293299993034,12962.957100011408,13818.184100004146,12943.41279999935,13739.163499994902,1.294341279999935,1.3739163499994902,0.0,90000.0,True,1.0,0.8204174123251385,0.9999996691399374,128.6908843527339,,,247441.9999634847,275309.00013516657,20.03826507598288,15.135346497823768,False,
thorough,1500,0.0,0,50000,lambda,1,5.0,1.0,0.8268493289156557,8.805175427629893e-07,6.705522537231445,4.850007370413062,5.149993442120249,382.68879998940974,537.5322000181768,64994.43649998284,66030.48839999246,65704.57189998706,66519.20119998977,65377.12529997225,66568.02060001064,1.307542505999445,1.3313604120002127,0.0,450000.0,True,1.0,0.82041746289404,0.9999996691403452,124.62605164677656,,,1237209.9998174235,1376545.0006758329,20.67877320473628,15.61913650791674,False,
thorough,1500,0.0,0,100000,lambda,1,5.0,1.0,0.8268493289156557,8.805175427629893e-07,13.41104507446289,4.850003899381662,5.149999485588392,452.2869999927934,525.7094999833498,129934.14350002422,131156.24290000414,130500.43990000268,131827.4523,130386.430500017,131681.9523999875,1.30386430500017,1.316819523999875,0.0,900000.0,True,1.0,0.820417201527772,0.999999669140582,124.67854532782589,,,2474419.999634847,2753090.0013516657,20.90711711950534,15.79160973639207,False,
thorough,1500,0.0,0,1,lambda,2,9.0,1.0,0.573419300954275,8.805175427629893e-07,0.0001341104507446,9.0,9.0,320.3055999765638,347.97440000693314,25.9412000013981,26.87689999584109,350.89599998900667,377.6249999937136,346.2467999779619,374.8513000027742,346.2467999779619,374.8513000027742,0.0,24.0,True,1.0,0.5734206061474811,0.9999993860343668,16.653046118788545,,,27.115200005937368,30.314000017824583,0.0808694007933285,0.0628990749675965,False,
thorough,1500,0.0,0,10,lambda,2,9.0,1.0,0.573419300954275,8.805175427629893e-07,0.0013411045074462,8.8797812033398,9.142135966722954,340.31250001862645,415.516499982914,62.0465999818407,64.15650001144968,407.4913999938872,481.0334999929182,402.3591000004672,479.6729999943637,40.23591000004672,47.96729999943637,0.0,270.0,True,1.0,0.5545064135198714,0.9999993942355072,78.32822429306982,,,271.1520000593737,303.1400001782458,0.6319721981053923,0.4915390280639638,False,
thorough,1500,0.0,0,100,lambda,2,9.0,1.0,0.573419300954275,8.805175427629893e-07,0.0134110450744628,8.850528770027116,9.145671107552484,361.8516999995336,390.8920999965631,391.3119000208098,402.7213999943342,757.5576999806799,810.9922000148799,753.1636000203434,793.6134999908973,7.531636000203434,7.9361349999089725,0.0,2700.0,True,1.0,0.5539960755858042,0.9999993962310626,124.19760297965756,,,2711.5200005937368,3031.4000017824583,3.819743492036399,2.970942407210306,False,
thorough,1500,0.0,0,1000,lambda,2,9.0,1.0,0.573419300954275,8.805175427629893e-07,0.1341104507446289,8.850270585086808,9.14996861563356,364.39940001582727,418.25399998924695,3820.279399980791,4026.7702999990433,4284.669000015128,4515.953900001477,4184.678799996618,4445.02429998829,4.184678799996618,4.44502429998829,0.0,28000.0,True,1.0,0.5533718226522156,0.9999993962486756,131.9275234168826,,,27115.200005937368,30314.000017824583,6.819760246958479,5.304312964191812,False,
thorough,1500,0.0,0,10000,lambda,2,9.0,1.0,0.573419300954275,8.805175427629893e-07,1.341104507446289,8.850037552210324,9.14998658572222,343.0922999978065,442.0103999727871,40286.85959998984,40886.88120001461,40826.47920001182,41254.41920000594,40629.951899987645,41328.8915999874,4.062995189998764,4.13288915999874,0.0,280000.0,True,1.0,0.5533692081850072,0.9999993962645728,125.10282633201996,,,271152.0000593737,303140.0001782458,7.334820471651319,5.704919514604818,False,
thorough,1500,0.0,0,50000,lambda,2,9.0,1.0,0.573419300954275,8.805175427629893e-07,6.705522537231445,8.850000752229374,9.149985875445006,366.5435999864712,462.39760000025854,198560.489800002,201923.82599998385,199155.1718999981,202485.024499998,198927.03339998843,202386.22359998408,3.978540667999769,4.047724471999682,0.0,1400000.0,True,1.0,0.5533693115243432,0.9999993962670832,126.91346614516536,,,1355760.0002968684,1515700.0008912291,7.489146118398883,5.824951817663487,False,
thorough,1500,0.0,0,100000,lambda,2,9.0,1.0,0.573419300954275,8.805175427629893e-07,13.41104507446289,8.850004041344743,9.149993353645732,412.0465999876615,505.9502999938559,425990.5923999904,439407.3860999779,426618.57799999416,440144.3338999816,426402.6389999781,439913.3363999717,4.264026389999781,4.399133363999717,0.0,2800000.0,True,1.0,0.553368223504576,0.9999993962668589,118.31247191645994,,,2711520.000593737,3031400.0017824583,6.89090270958799,5.359646564372046,False,
thorough,1500,0.0,0,1,rho,1,1.0,3.16,0.97,7.879561345523701e-07,0.0001341104507446,1.0,1.0,532.4298000195995,608.3491999888793,4.84769998001866,4.955799988238141,541.4699999964796,617.3329000012018,537.2774999996182,613.3049999771174,537.2774999996182,613.3049999771174,0.0,4.0,True,1.0,0.9700000116667504,0.9999999316075248,14.85240429415412,,,26.641400007065386,32.85294999659527,0.0535670669533446,0.0425836247875374,False,
thorough,1500,0.0,0,10,rho,1,1.0,3.16,0.97,7.879561345523701e-07,0.0013411045074462,0.8611516749441435,1.1446576055365527,600.3052000014577,647.6738000055775,9.736499981954694,10.384199995314702,614.2306000110693,663.0466000060551,610.0416999834124,658.0580000008922,61.00416999834124,65.80580000008922,0.0,40.0,True,1.0,0.9655285467670872,0.999999941103706,73.94854427509107,,,266.41400007065386,328.5294999659527,0.4992409483138375,0.3968761112137653,False,
thorough,1500,0.0,0,100,rho,1,1.0,3.16,0.97,7.879561345523701e-07,0.0134110450744628,0.8501516703022112,1.147944809248019,390.8407000126317,492.7806999767199,63.29890000051819,71.93519998691045,459.7558999957983,570.8804000169039,454.1396000131499,564.7158999636304,4.541396000131499,5.647158999636304,0.0,400.0,True,1.0,0.9654265258383886,0.9999999418560236,113.7460524581163,,,2664.1400007065386,3285.294999659527,5.81760669368635,4.62475910471588,False,
thorough,1500,0.0,0,1000,rho,1,1.0,3.16,0.97,7.879561345523701e-07,0.1341104507446289,0.850733333083008,1.1498604862478623,454.5014000032097,534.6070000086911,708.140300004743,724.9273999768775,1187.2775999945588,1252.3873000172898,1162.6417000079527,1259.5343999855686,1.1626417000079527,1.2595343999855686,0.0,4000.0,True,1.0,0.9653670628118688,0.9999999418162422,101.67476699111424,,,26641.400007065386,32852.94999659527,26.08340827925914,20.735241530239627,False,
thorough,1500,0.0,0,10000,rho,1,1.0,3.16,0.97,7.879561345523701e-07,1.341104507446289,0.8500272677199459,1.1499791768370309,403.7841999961529,489.5714999875054,6459.059399989201,6565.101699990919,6918.582199985394,7084.0402000176255,6862.843599985354,7054.673199978424,0.6862843599985353,0.7054673199978424,0.0,40000.0,True,1.0,0.9653633784244928,0.9999999418645318,111.47133900041294,,,266414.00007065386,328529.4999659527,46.56906006176976,37.02049586000112,False,
thorough,1500,0.0,0,50000,rho,1,1.0,3.16,0.97,7.879561345523701e-07,6.705522537231445,0.8500008215776581,1.1499776069575105,415.4282999807037,465.7231000019237,31218.484200013336,31716.323999979068,31878.778499987675,32310.53570000222,31633.91249999404,32182.04709998099,0.6326782499998808,0.6436409419996199,0.0,200000.0,True,1.0,0.965363427156772,0.9999999418663404,115.31629713137905,,,1332070.0003532693,1642647.4998297635,51.04235584288651,40.57658283546797,False,
thorough,1500,0.0,0,100000,rho,1,1.0,3.16,0.97,7.879561345523701e-07,13.41104507446289,0.8500007119831334,1.1499997689413792,407.40219998406246,414.42379998625256,63824.0797999897,64251.19369997992,64460.89379998739,65024.089599988656,64231.48199997377,64665.617499966174,0.6423148199997377,0.6466561749996618,0.0,400000.0,True,1.0,0.9653627392029656,0.999999941866348,112.8100870794092,,,2664140.0007065386,3285294.999659527,50.80435518397773,40.387382057180346,False,
thorough,1500,0.0,0,1,rho,2,1.0,7.73,0.97,8.018859363395106e-07,0.0001341104507446,1.0,1.0,349.4099999952596,371.2343999941368,4.829400015296415,5.26559998979792,358.88069999055006,379.3582000071183,354.239400010556,376.4999999839347,354.239400010556,376.4999999839347,0.0,4.0,True,1.0,0.970000012518656,0.999999931632492,14.9086842613887,,,25.13699998962693,29.72949999093544,0.0789628153843399,0.0610711819247476,False,
thorough,1500,0.0,0,10,rho,2,1.0,7.73,0.97,8.018859363395106e-07,0.0013411045074462,0.9041982025573476,1.100104483112351,366.0272000124678,385.2059999771882,7.810899987816811,9.132100007263944,380.60579999000765,402.64839999144897,373.8381000002846,394.3380999844521,37.38381000002846,39.43380999844521,0.0,40.0,True,1.0,0.9669081858437646,0.9999999381822224,92.17887837804,,,251.3699998962693,297.2949999093544,0.7539088916873009,0.5830859355104909,False,
thorough,1500,0.0,0,100,rho,2,1.0,7.73,0.97,8.018859363395106e-07,0.0134110450744628,0.8525224201622706,1.1499326783044586,372.4466999992728,387.3733000073116,56.79430000600405,61.90929998410866,444.4867999991402,458.9241000066977,429.2410000052769,449.2825999914203,4.292410000052769,4.492825999914203,0.0,400.0,True,1.0,0.96536279350672,0.9999999417151672,126.77328533389525,,,2513.699998962693,2972.949999093544,6.61710468900936,5.117781101276895,False,
thorough,1500,0.0,0,1000,rho,2,1.0,7.73,0.97,8.018859363395106e-07,0.1341104507446289,0.8500905481198062,1.1494122144221322,368.0253999773413,485.3851000079885,617.1324999886565,655.8174000238068,1029.8232000204737,1126.8740000086837,985.1578999659978,1141.2025000317954,0.9851578999659978,1.1412025000317954,0.0,4000.0,True,1.0,0.965378957554134,0.9999999418814284,116.66862464920165,,,25136.99998962693,29729.49999093544,26.05102949748808,20.14830846676708,False,
thorough,1500,0.0,0,10000,rho,2,1.0,7.73,0.97,8.018859363395106e-07,1.341104507446289,0.8500303241243758,1.1499869946883272,391.5909999923315,442.02060002135113,5989.181799988728,6264.644599985331,6451.7121000099,6706.810600007884,6380.77279998106,6706.665200006682,0.6380772799981059,0.6706665200006683,0.0,40000.0,True,1.0,0.965361106575682,0.9999999418855456,120.21675481638496,,,251369.9998962693,297294.9999093544,44.328289998590975,34.284252020905214,False,
thorough,1500,0.0,0,50000,rho,2,1.0,7.73,0.97,8.018859363395106e-07,6.705522537231445,0.8500034558892111,1.149994655324507,394.48359998641536,425.36899997503497,30429.885599995032,30953.120799997123,30965.970700024627,31489.96679999982,30824.369199981447,31378.48979997216,0.616487383999629,0.6275697959994432,0.0,200000.0,True,1.0,0.9653608686550704,0.9999999418873826,118.30474972277214,,,1256849.9994813465,1486474.999546772,47.37242005662397,36.638633886240726,False,
thorough,1500,0.0,0,100000,rho,2,1.0,7.73,0.97,8.018859363395106e-07,13.41104507446289,0.8500003191436114,1.1499981681465257,363.6735000181943,525.2447999955621,61897.41229999345,64944.43430000683,62376.1485000141,65725.81340000033,62261.08580001164,65469.6791000024,0.6226108580001164,0.654696791000024,0.0,400000.0,True,1.0,0.9653607595553813,0.999999941887597,116.32150250650724,,,2513699.998962693,2972949.999093544,45.40957035320852,35.120532603443806,False,
thorough,1500,0.3,450,1,base,0,1.0,1.0,0.9769435276387448,8.805175427629893e-07,0.0001341104507446,1.0,1.0,462.3073999828193,543.3680000132881,6.32350001251325,7.8524999844376,475.4125000035856,553.876299993135,468.6308999953326,551.2204999977257,468.6308999953326,551.2204999977257,3.0,6.0,True,1.0,0.9819442109497428,1.004999843592428,17.07914917154809,0.0863938200006677,3.034118689245616e-07,42.41100000217557,53.01234999205917,0.0961726749862856,0.0839521570678177,False,
thorough,1500,0.3,450,10,base,0,1.0,1.0,0.9769435276387448,8.805175427629893e-07,0.0013411045074462,0.8579070630601896,1.0965458420129968,617.3555999994278,655.4061000060756,15.98060000105761,17.65190000878647,640.8127000031527,680.0523000129033,633.3362000004854,673.058000014862,63.33362000004854,67.3058000014862,4.0,60.0,True,1.0,0.981942597427244,1.0049998454685476,67.58194310154342,0.0863855911033631,3.660359082866463e-07,424.1100000217557,530.1234999205917,0.7876342007804467,0.6875507013331432,False,
thorough,1500,0.3,450,100,base,0,1.0,1.0,0.9769435276387448,8.805175427629893e-07,0.0134110450744628,0.852588753178317,1.1456414459493232,662.230100017041,788.700399978552,114.02830001316032,132.95110000763088,781.1543999996502,931.8274999968708,776.2584000302013,921.6514999861828,7.762584000302013,9.216514999861827,4.0,600.0,True,1.0,0.9819425796659104,1.0049998454685485,94.71332992558465,0.0863857504746877,3.705757878663087e-07,4241.100000217557,5301.234999205917,5.751886693924321,5.021003057609505,False,
thorough,1500,0.3,450,1000,base,0,1.0,1.0,0.9769435276387448,8.805175427629893e-07,0.1341104507446289,0.8501075611179187,1.1499236761218117,620.8601999969687,682.8738999902271,1198.1002000102308,1218.2420000026468,1831.480100023328,1965.6506000028453,1818.9604000071995,1901.115899992874,1.8189604000071995,1.901115899992874,4.0,6000.0,True,1.0,0.9819425712687998,1.004999845468549,90.14271093442582,0.0863857643754167,3.211295987544352e-07,42411.00000217557,53012.34999205917,27.88485961968856,24.341572228701875,False,
thorough,1500,0.3,450,10000,base,0,1.0,1.0,0.9769435276387448,8.805175427629893e-07,1.341104507446289,0.8500465065702671,1.1499612544161966,498.0697999999393,526.0352999903262,11215.217500022844,11327.62830000138,11902.396699995734,11951.32249998278,11713.287300022785,11853.663599991703,1.1713287300022786,1.1853663599991706,4.0,60000.0,True,1.0,0.9819425710612766,1.004999845468549,96.29773118513306,0.0863857644974008,3.291881805421831e-07,424110.0000217557,530123.4999205917,44.7223337703765,39.039533731025145,False,
thorough,1500,0.3,450,50000,base,0,1.0,1.0,0.9769435276387448,8.805175427629893e-07,6.705522537231445,0.8500049130853876,1.149993113018885,558.1842999963555,599.4975999929011,54929.93759998353,55343.27150002355,55779.8652999918,56249.065600015456,55488.12189997989,55942.76910001645,1.1097624379995978,1.118855382000329,4.0,300000.0,True,1.0,0.9819425709198764,1.0049998454685491,98.30704777646824,0.0863857646008189,3.301382026181523e-07,2120550.0001087785,2650617.4996029586,47.38087767632831,41.36026044051912,False,
thorough,1500,0.3,450,100000,base,0,1.0,1.0,0.9769435276387448,8.805175427629893e-07,13.41104507446289,0.8500002305966909,1.1499922567307077,501.4780000201426,667.8095999814104,105151.17490000556,109077.82950002002,106184.9668000068,110181.09120000736,105652.65290002571,109745.63910000144,1.0565265290002572,1.0974563910000144,4.0,600000.0,True,1.0,0.9819425709039568,1.0049998454685491,102.70926606640728,0.086385764598039,3.3030345619447445e-07,4241100.000217557,5301234.999205917,48.30474397598044,42.16673243174864,False,
thorough,1500,0.3,450,1,lambda,1,5.0,1.0,0.8365769338110711,8.805175427629893e-07,0.0001341104507446,5.0,5.0,361.2481000018306,387.2988999937661,16.627400007564574,18.33259998238645,383.3233999903314,412.0363999973051,377.8755000093952,405.63149997615255,377.8755000093952,405.63149997615255,11.0,16.0,True,1.0,0.8415767602895594,1.0049990280656658,17.320807815351493,0.0863925893982139,1.564839176051986e-06,251.8700000073295,326.6696500068065,0.8053360008431586,0.7887293024046865,False,
thorough,1500,0.3,450,10,lambda,1,5.0,1.0,0.8365769338110711,8.805175427629893e-07,0.0013411045074462,4.859377446222106,5.062139726189365,398.6246999993455,465.98849998554215,38.45350001938641,39.82129998621531,445.72459999471903,509.9301000009291,437.0782000187319,505.8097999717575,43.70782000187319,50.58097999717575,11.0,160.0,True,1.0,0.8415767172075228,1.004999028065666,74.89565315375822,0.0863927911659086,1.5505046258023617e-06,2518.700000073295,3266.696500068065,6.458349561931115,6.325173020123796,False,
thorough,1500,0.3,450,100,lambda,1,5.0,1.0,0.8365769338110711,8.805175427629893e-07,0.0134110450744628,4.860057815539705,5.149213458415101,405.7108999986667,466.7749999789521,262.2710000141524,287.5509999867063,699.0918999945279,756.824999989476,667.9819000128191,754.3259999656584,6.679819000128191,7.543259999656584,11.0,1600.0,True,1.0,0.8415767174313601,1.0049990280656662,109.81008193222247,0.0863930738943355,1.5266214982838693e-06,25187.00000073295,32666.965000680648,43.30616338581442,42.41315426276209,False,
thorough,1500,0.3,450,1000,lambda,1,5.0,1.0,0.8365769338110711,8.805175427629893e-07,0.1341104507446289,4.850146473578372,5.149323781363702,442.6162000163458,465.0231999985408,2815.6796999974176,2928.765600023325,3269.894099998055,3384.7138000128325,3258.2959000137635,3393.7888000218663,3.2582959000137635,3.3937888000218663,11.0,16000.0,True,1.0,0.8415767141552412,1.0049990280656662,102.28436139247805,0.0863930742525555,1.521617989386437e-06,251870.0000073295,326669.6500068065,96.25514999775524,94.27028871316212,False,
thorough,1500,0.3,450,10000,lambda,1,5.0,1.0,0.8365769338110711,8.805175427629893e-07,1.341104507446289,4.850003303905842,5.1499844407789634,464.9758000159636,547.6274999964517,27524.588900007075,27885.295199987013,28166.057299997192,28537.473500007764,27989.56470002304,28432.922699983465,2.798956470002304,2.8432922699983463,11.0,160000.0,True,1.0,0.8415767141076754,1.0049990280656662,104.63371534676254,0.0863930763977193,1.5295523686110097e-06,2518700.000073295,3266696.500068065,114.89133686808654,112.5221819034958,False,
thorough,1500,0.3,450,50000,lambda,1,5.0,1.0,0.8365769338110711,8.805175427629893e-07,6.705522537231445,4.850015741888572,5.149995202021521,507.02609997824766,577.4338000046555,137586.85890000197,141320.22510000388,138370.00550000812,142287.36260000733,138093.88499998022,141897.65890000854,2.761877699999604,2.8379531780001708,11.0,800000.0,True,1.0,0.841576714111808,1.0049990280656662,104.66115815948606,0.0863930764326578,1.526775855731703e-06,12593500.000366475,16333482.500340324,115.10748399203746,112.73387189389992,False,
thorough,1500,0.3,450,100000,lambda,1,5.0,1.0,0.8365769338110711,8.805175427629893e-07,13.41104507446289,4.850003834650957,5.149998282680276,418.48550000577234,508.8735000172164,279703.5118000058,281473.2357999892,280526.9388000015,282305.3705999919,280121.9973000116,281982.1093000064,2.801219973000116,2.819821093000064,11.0,1600000.0,True,1.0,0.8415767141078518,1.0049990280656662,102.9661723396331,0.0863930764426596,1.5267714750939638e-06,25187000.00073295,32666965.000680648,115.84765105053388,113.4587760917746,False,
thorough,1500,0.3,450,1,lambda,2,9.0,1.0,0.6004440344707039,8.805175427629893e-07,0.0001341104507446,9.0,9.0,508.00930001423694,549.841700005345,93.53549999650568,101.95159999420866,615.4668000235688,656.0128999990411,601.5448000107426,651.7932999995537,601.5448000107426,651.7932999995537,48.0,94.0,True,1.0,0.6054431913766521,1.004998209441213,18.08938852161169,0.0863913265621441,2.923999008339788e-06,220.5282000068109,342.6550000149291,0.5257111418837287,0.5153762703880357,False,
thorough,1500,0.3,450,10,lambda,2,9.0,1.0,0.6004440344707039,8.805175427629893e-07,0.0013411045074462,8.923493537932712,9.142040892754286,425.366599985864,448.2385000155773,248.1512000085786,274.8250000004191,677.6784999819938,732.6227999874391,673.5177999944426,723.0635000159964,67.35177999944426,72.30635000159964,50.0,936.0,True,1.0,0.6054428048536923,1.004998209441213,71.08569291379685,0.0863917877698175,2.7220945110626184e-06,2205.282000068109,3426.550000149291,4.738933717541385,4.645771775373096,False,
thorough,1500,0.3,450,100,lambda,2,9.0,1.0,0.6004440344707039,8.805175427629893e-07,0.0134110450744628,8.855914363045148,9.149611575399309,475.9067000122741,541.6409999888856,1706.6276000114158,1881.4633000001777,2187.284699990414,2465.370899997652,2182.53430002369,2423.104299989064,21.8253430002369,24.23104299989064,50.0,9436.0,True,1.0,0.6054425911962784,1.004998209441213,103.36174101416152,0.0863918123518734,2.7872463958916987e-06,22052.82000068109,34265.50000149291,14.141157688361812,13.863158924656943,False,
thorough,1500,0.3,450,1000,lambda,2,9.0,1.0,0.6004440344707039,8.805175427629893e-07,0.1341104507446289,8.850118525697598,9.149720861246848,527.7355999860447,658.3331000001635,18211.501199984923,18307.44929998764,18790.669900015928,18987.070600007428,18739.236799970968,18965.7823999878,18.739236799970968,18.9657823999878,50.0,94556.0,True,1.0,0.605442586809917,1.0049982094412135,96.86186660995638,0.0863918127067281,2.7928993389074343e-06,220528.2000068109,342655.0000149291,18.06701104063861,17.711834551992755,False,
thorough,1500,0.3,450,10000,lambda,2,9.0,1.0,0.6004440344707039,8.805175427629893e-07,1.341104507446289,8.850032240012514,9.14998007623914,410.6059999903664,524.3997999932617,167472.08310000133,171691.77919998765,168057.48190000304,172162.4453000259,167882.6890999917,172216.1789999809,16.788268909999168,17.22161789999809,50.0,945532.0,True,1.0,0.6054425862790105,1.0049982094412135,105.330988147241,0.0863918135483995,2.804370390861164e-06,2205282.000068109,3426550.000149291,19.89679494717898,19.505647028536,False,
thorough,1500,0.3,450,50000,lambda,2,9.0,1.0,0.6004440344707039,8.805175427629893e-07,6.705522537231445,8.85001620936512,9.149992588042464,492.9995999846142,589.0830999996979,818200.9735000029,823360.0354000228,819087.486799981,824330.9547000099,818693.9730999875,823949.1185000225,16.37387946199975,16.47898237000045,50.0,4729460.0,True,1.0,0.6054425860273766,1.0049982094412138,107.79747623949714,0.0863918135890253,2.808106225522447e-06,11026410.000340547,17132750.000746455,20.79345631431244,20.384681072856257,False,
thorough,1500,0.3,450,100000,lambda,2,9.0,1.0,0.6004440344707039,8.805175427629893e-07,13.41104507446289,8.850004230960124,9.149999477469931,435.0659000047017,598.6412999918684,1662563.4722000104,1668194.4512999908,1663436.4975999924,1669416.0499999998,1662998.5381000151,1668793.0925999826,16.62998538100015,16.687930925999826,50.0,9455992.0,True,1.0,0.6054425860258398,1.0049982094412138,106.10121234443832,0.0863918136113936,2.804578372659726e-06,22052820.00068109,34265500.00149291,20.53310272761688,20.12944573579928,False,
thorough,1500,0.3,450,1,rho,1,1.0,3.16,0.9782997369004638,7.879561345523701e-07,0.0001341104507446,1.0,1.0,411.9543000124395,520.3986999986228,9.482599998591468,9.8913999972865,425.9666000143625,534.569300012663,421.43690001103096,530.2900999959093,421.43690001103096,530.2900999959093,5.0,8.0,True,1.0,0.9832995254428368,1.0049998544539755,15.185708563198864,0.207264481403803,2.8935140337044164e-07,48.171899979934096,52.71915000048466,0.0994156783256774,0.0867128200273592,False,
thorough,1500,0.3,450,10,rho,1,1.0,3.16,0.9782997369004638,7.879561345523701e-07,0.0013411045074462,0.9352531987184896,1.131669444403348,397.3889999906533,446.09360001049936,23.82880001096055,26.49419999215752,426.797100022668,475.1374000043143,421.2178000016138,472.5878000026569,42.12178000016138,47.25878000026569,5.0,90.0,True,1.0,0.983298974069188,1.0049994255886776,67.98495934561738,0.207265591231682,4.222383392776564e-07,481.71899979934096,527.1915000048466,1.1155419162362692,0.9730033234666042,False,
thorough,1500,0.3,450,100,rho,1,1.0,3.16,0.9782997369004638,7.879561345523701e-07,0.0134110450744628,0.8517086369964364,1.1498266764811795,429.2813999927602,461.9323000079021,172.34990000724792,186.1596000089776,613.1380000151694,656.5835000074003,601.6313000000082,648.0919000168797,6.016313000000082,6.480919000168797,6.0,913.0,True,1.0,0.983298780848446,1.0049998589614513,104.43870289012663,0.2072809959295098,5.734603935318509e-07,4817.18999799341,5271.915000048466,8.134517650831862,7.095128021510216,False,
thorough,1500,0.3,450,1000,rho,1,1.0,3.16,0.9782997369004638,7.879561345523701e-07,0.1341104507446289,0.8506029583702127,1.1499234182422835,437.6039000053424,536.9784999929834,1771.9886999984735,1810.613999987254,2220.7210000196937,2397.2852999868337,2209.592600003816,2347.5924999802373,2.209592600003816,2.3475924999802373,6.0,9189.0,True,1.0,0.9832987531880398,1.0049998589614555,101.58078321840034,0.2072810806873061,5.776797500081453e-07,48171.899979934096,52719.15000048466,22.456687010598504,19.587279310026208,False,
thorough,1500,0.3,450,10000,rho,1,1.0,3.16,0.9782997369004638,7.879561345523701e-07,1.341104507446289,0.850062552676392,1.1499942281553408,440.7892000162974,580.3982999932487,17252.52109998837,18050.76049998752,17816.354000009596,18902.08609998808,17693.31030000467,18631.158799980767,1.7693310300004668,1.8631158799980767,6.0,91715.0,True,1.0,0.9832987511845752,1.004999858961456,104.33257780517732,0.207281083479264,5.640900019042238e-07,481718.99979934096,527191.5000048466,28.296227071253927,24.680670964643955,False,
thorough,1500,0.3,450,50000,rho,1,1.0,3.16,0.9782997369004638,7.879561345523701e-07,6.705522537231445,0.8500001209279633,1.1499977134241774,461.2615999940317,509.6870000124909,84725.07640000549,84937.48350001988,85458.29619999859,85707.78140000766,85186.33799999952,85447.17050003237,1.7037267599999906,1.708943410000647,6.0,458843.0,True,1.0,0.9832987512487996,1.004999858961456,106.22592958794212,0.2072810835674494,5.681776243617401e-07,2408594.998996705,2635957.500024233,30.848973518944486,26.90723972142424,False,
thorough,1500,0.3,450,100000,rho,1,1.0,3.16,0.9782997369004638,7.879561345523701e-07,13.41104507446289,0.8500034363065867,1.1499905387440754,521.0926000145264,532.3308000224642,177063.0401999806,177496.70119999791,178015.08589999867,178487.18130000634,177584.13279999513,178029.03200002038,1.7758413279999514,1.7802903200002038,6.0,917732.0,True,1.0,0.98329875116037,1.004999858961456,101.65870855752974,0.2072810835668336,5.664400998525212e-07,4817189.99799341,5271915.000048466,29.61267014049632,25.82890525587441,False,
thorough,1500,0.3,450,1,rho,2,1.0,7.73,0.9787807602572433,8.018859363395106e-07,0.0001341104507446,1.0,1.0,456.6658000112511,561.7556000070181,16.795999981695786,18.794700008584183,479.30979999364354,585.2262999978848,473.4617999929469,580.5503000156023,473.4617999929469,580.5503000156023,9.0,15.0,True,1.0,0.9837798723968734,1.00499983779056,16.075256030855257,0.5806596539109432,3.30039650064998e-07,53.93690001801588,59.42805000813678,0.1023650319473431,0.0907619029900968,False,
thorough,1500,0.3,450,10,rho,2,1.0,7.73,0.9787807602572433,8.018859363395106e-07,0.0013411045074462,0.8596160101079877,1.0654501887157204,424.38089998904616,449.47579997824505,57.21250001806766,60.86940001114272,490.0047999981325,514.5336999848951,481.5934000071138,510.34519998938777,48.15934000071138,51.03451999893878,13.0,173.0,True,1.0,0.9837759008612272,1.004999867041542,62.923312193368986,0.5812070674012948,1.1347754447940387e-06,539.3690001801588,594.2805000813678,1.16446769773425,1.0324746859965257,False,
thorough,1500,0.3,450,100,rho,2,1.0,7.73,0.9787807602572433,8.018859363395106e-07,0.0134110450744628,0.8503029510720355,1.1478879813533145,443.9009999914561,458.62099999794737,335.8058000158053,353.9514000003692,801.1746999982279,804.4976000091992,779.7068000072613,812.5723999983165,7.797068000072613,8.125723999983165,13.0,1645.0,True,1.0,0.9837453507695144,1.0049998921770895,101.84457802214946,0.5812177215318742,1.1509737018374258e-06,5393.690001801588,5942.805000813678,7.313569844146799,6.48457294525348,False,
thorough,1500,0.3,450,1000,rho,2,1.0,7.73,0.9787807602572433,8.018859363395106e-07,0.1341104507446289,0.8506242480308986,1.149563844684971,457.3841000092216,528.01140001975,3463.988600007724,3681.827599997632,3931.36190000223,4276.470399985556,3921.3727000169456,4209.839000017382,3.9213727000169456,4.209839000017382,13.0,16253.0,True,1.0,0.983745345023829,1.0049998921771115,98.73011706771707,0.5812177718085791,1.1368888935365968e-06,53936.90001801588,59428.05000813678,14.11646621352774,12.516357516444254,False,
thorough,1500,0.3,450,10000,rho,2,1.0,7.73,0.9787807602572433,8.018859363395106e-07,1.341104507446289,0.8500161824607507,1.149979097706826,521.1361999972723,573.7511999905109,33978.42989998753,34265.62409999315,34577.021000004606,34918.892799993046,34499.566099984804,34839.37529998366,3.4499566099984804,3.4839375299983657,13.0,163201.0,True,1.0,0.9837453416610524,1.0049998921771175,100.65209046052053,0.5812177842663905,1.2130503547097738e-06,539369.0001801588,594280.5000813678,17.057725489172206,15.12422354223798,False,
thorough,1500,0.3,450,50000,rho,2,1.0,7.73,0.9787807602572433,8.018859363395106e-07,6.705522537231445,0.8500013142865618,1.149999277593052,438.4288000001106,483.37800000444986,162773.29979999922,163228.60470000887,163667.7672000078,163949.0419999929,163211.72859999933,163711.98270001332,3.2642345719999866,3.2742396540002665,13.0,814967.0,True,1.0,0.983745341217545,1.0049998921771175,105.05408455201744,0.5812177848717945,1.194945380430689e-06,2696845.000900794,2971402.500406839,18.150183336620216,16.092850731470442,False,
thorough,1500,0.3,450,100000,rho,2,1.0,7.73,0.9787807602572433,8.018859363395106e-07,13.41104507446289,0.8500073684384235,1.14999996082063,528.3976999926381,605.5968000146095,330249.5596999943,336034.2781000072,331227.9161000042,337063.25589999324,330777.9573999869,336639.8749000218,3.307779573999869,3.366398749000218,13.0,1630861.0,True,1.0,0.9837453412157964,1.0049998921771175,103.55804874067964,0.5812177848922996,1.202859030814829e-06,5393690.001801588,5942805.000813678,17.65330088296469,15.652290159190615,False,
thorough,1500,0.5,750,1,base,0,1.0,1.0,0.9769501028533012,8.805175427629893e-07,0.0001341104507446,1.0,1.0,473.91060000518337,495.14250000356697,6.29389999085106,6.799800001317635,485.07249998510815,505.5276000057347,480.2044999960344,501.9423000048846,480.2044999960344,501.9423000048846,3.0,5.0,True,1.0,0.9819496240337918,1.0050001057104547,14.299559912109476,0.086393830015089,2.97988501682575e-07,40.599800006020814,44.26409999723546,0.0881856340794643,0.0747653664567046,False,
thorough,1500,0.5,750,10,base,0,1.0,1.0,0.9769501028533012,8.805175427629893e-07,0.0013411045074462,0.9067526273779516,1.1089889775242563,445.2236999932211,461.89040000899695,21.316500002285466,25.30269999988377,474.8804999981076,496.1304999887943,466.54019999550655,487.1931000088807,46.654019999550655,48.71931000088807,5.0,66.0,True,1.0,0.9819499399951364,1.0049998569314036,67.55330377152015,0.0863939101341697,3.26302732330102e-07,405.99800006020814,442.6409999723546,0.9085535077657833,0.7702880028330108,False,
thorough,1500,0.5,750,100,base,0,1.0,1.0,0.9769501028533012,8.805175427629893e-07,0.0134110450744628,0.8508214500101152,1.1383411359192248,425.4522999981418,527.6421000016853,136.99419997283258,148.60759998555295,580.4995999787934,681.3764999969862,562.4464999709744,676.2496999872383,5.624464999709744,6.762496999872383,5.0,657.0,True,1.0,0.9819499401987324,1.004999856931404,105.11393915111498,0.0863939091310584,2.937323123451574e-07,4059.9800006020814,4426.409999723546,6.545526008820526,5.549414661580568,False,
thorough,1500,0.5,750,1000,base,0,1.0,1.0,0.9769501028533012,8.805175427629893e-07,0.1341104507446289,0.8500368923228417,1.1498684270543624,463.6835000128485,505.2867000049446,1899.2269999871496,1959.245599980932,2375.6981000187807,2517.492800019681,2362.910499999998,2464.5322999858763,2.362910499999998,2.4645322999858763,6.0,6176.0,True,1.0,0.9819492844341232,1.004999852031201,94.7754007294641,0.0863936501700167,2.981443938099102e-07,40599.800006020814,44264.09999723546,17.960446287309413,15.227189353615476,False,
thorough,1500,0.5,750,10000,base,0,1.0,1.0,0.9769501028533012,8.805175427629893e-07,1.341104507446289,0.8500706657984528,1.149972610186585,480.54449999472126,517.8830999939237,18087.90459999,18446.947999997064,18717.481200001203,19056.493799987948,18568.44909998472,18964.831099990988,1.856844909998472,1.8964831099990989,6.0,61832.0,True,1.0,0.981949284432968,1.0049998520312011,99.51401446472664,0.0863936503161864,2.999421246134265e-07,405998.00006020814,442640.9999723546,23.34009713234752,19.78815408485459,False,
thorough,1500,0.5,750,50000,base,0,1.0,1.0,0.9769501028533012,8.805175427629893e-07,6.705522537231445,0.8500085366797193,1.149988944528499,479.7920999990311,594.4737999816425,90723.06330001447,91843.72289999736,91668.26129998664,92955.99290000972,91202.8554000135,92438.19669997902,1.82405710800027,1.8487639339995805,6.0,309442.0,True,1.0,0.981949284432968,1.0049998520312016,99.2029994648402,0.0863936503192195,3.0036608345800026e-07,2029990.0003010407,2213204.999861773,23.94253759671488,20.2989139445182,False,
thorough,1500,0.5,750,100000,base,0,1.0,1.0,0.9769501028533012,8.805175427629893e-07,13.41104507446289,0.8500029832866314,1.1499979949425203,563.8043000071775,617.8086999861989,181404.49590000208,184679.0201000113,182622.6568999992,185927.67760000424,181968.30020000925,185296.82879999743,1.8196830020000925,1.8529682879999745,6.0,618502.0,True,1.0,0.981949284432968,1.0049998520312011,99.22576566085976,0.0863936503242918,2.990506244412449e-07,4059980.0006020814,4426409.999723546,23.888212380046987,20.25285604887099,False,
thorough,1500,0.5,750,1,lambda,1,5.0,1.0,0.8365859224113854,8.805175427629893e-07,0.0001341104507446,5.0,5.0,448.75239999964833,533.3476999949198,20.141899993177503,22.30099998996593,474.8715000168886,557.6254999905359,468.8942999928258,555.6486999848858,468.8942999928258,555.6486999848858,11.0,16.0,True,1.0,0.8415857520286523,1.004999038334311,14.2985517799985,0.0863926461338677,1.5123491580575528e-06,191.1848000017926,267.2796999977436,0.4810228117244113,0.4688996842925784,False,
thorough,1500,0.5,750,10,lambda,1,5.0,1.0,0.8365859224113854,8.805175427629893e-07,0.0013411045074462,4.8667022857190165,5.102979582229178,459.0228000015486,530.6851000059396,41.45449999487028,50.02880000392906,512.2305999975652,585.0728999939747,500.4772999964189,580.7139000098687,50.04772999964189,58.07139000098687,11.0,160.0,True,1.0,0.8415857122208062,1.0049990383343113,69.47376039649208,0.0863927395504353,1.5014573379085454e-06,1911.848000017926,2672.796999977436,4.602605516988683,4.486606916005745,False,
thorough,1500,0.5,750,100,lambda,1,5.0,1.0,0.8365859224113854,8.805175427629893e-07,0.0134110450744628,4.850792627236656,5.149885645142441,452.16960000107065,499.03599999379367,280.81999998539686,299.9044999887701,758.9133000001311,786.3532000046689,732.9895999864675,798.9404999825638,7.329895999864675,7.989404999825638,11.0,1600.0,True,1.0,0.841585707092547,1.0049990383343113,102.55679795419718,0.0863927821006568,1.4755039839569002e-06,19118.48000017926,26727.96999977436,33.45426849728819,32.61112686191033,False,
thorough,1500,0.5,750,1000,lambda,1,5.0,1.0,0.8365859224113854,8.805175427629893e-07,0.1341104507446289,4.850470607790701,5.148919460157777,462.28989999508485,550.3663000126835,3007.724700000836,3192.755900003249,3534.289200004423,3832.781600009184,3470.0145999959204,3743.122200015932,3.4700145999959204,3.743122200015932,11.0,16000.0,True,1.0,0.8415857069878867,1.0049990383343113,95.75344445584398,0.0863927812241878,1.49419189619301e-06,191184.8000017926,267279.6999977436,71.40555015719389,69.60592950969796,False,
thorough,1500,0.5,750,10000,lambda,1,5.0,1.0,0.8365859224113854,8.805175427629893e-07,1.341104507446289,4.8500020952134815,5.149997530194515,486.5775000071153,565.6384000030812,28879.062200023327,29490.06099998951,29478.210700006457,30129.906999995,29365.63970003044,30055.69939999259,2.936563970003044,3.00556993999926,11.0,160000.0,True,1.0,0.8415857068355532,1.0049990383343113,99.72623002964666,0.0863927822021509,1.4977038236672664e-06,1911848.000017926,2672796.999977436,88.92812522533063,86.68688641481381,False,
thorough,1500,0.5,750,50000,lambda,1,5.0,1.0,0.8365859224113854,8.805175427629893e-07,6.705522537231445,4.850005166642973,5.149999505148549,466.2668000091799,550.425900000846,147484.4674000051,149596.0066000116,148439.58000000566,150605.982100009,147950.73420001427,150146.43250001245,2.9590146840002856,3.002928650000249,11.0,800000.0,True,1.0,0.841585706836552,1.0049990383343113,97.6374004249854,0.0863927822039407,1.5020043003724987e-06,9559240.00008963,13363984.99988718,89.00634385626226,86.76313371630489,False,
thorough,1500,0.5,750,100000,lambda,1,5.0,1.0,0.8365859224113854,8.805175427629893e-07,13.41104507446289,4.850001352549684,5.149999985757386,448.1108000036329,541.7237000074238,292496.0317000223,295590.25939999265,293648.32510001725,296743.4910000011,292944.1425000259,296131.98310000007,2.929441425000259,2.961319831000001,11.0,1600000.0,True,1.0,0.8415857068353113,1.0049990383343113,98.46287429135675,0.0863927822043767,1.50184026010923e-06,19118480.00017926,26727969.99977436,90.25695137680776,87.98222241077967,False,
thorough,1500,0.5,750,1,lambda,2,9.0,1.0,0.6004666357341746,8.805175427629893e-07,0.0001341104507446,9.0,9.0,396.2389000225812,511.6867999895476,99.13280000910164,102.76889998931438,498.70320002082735,662.6847999868914,495.3717000316829,614.455699978862,495.3717000316829,614.455699978862,48.0,94.0,True,1.0,0.6054658339507892,1.00499821970993,17.068013814243653,0.0863914300954458,2.788347356351187e-06,185.6617000012193,272.58775000518654,0.4436247397730445,0.4326618664569034,False,
thorough,1500,0.5,750,10,lambda,2,9.0,1.0,0.6004666357341746,8.805175427629893e-07,0.0013411045074462,8.8758641718529,9.1133359762426,481.8060999969021,584.8243999935221,275.34039999591187,277.31970002059825,761.9473999948241,883.1720000016503,757.1464999928139,862.1441000141203,75.71464999928139,86.21441000141203,50.0,944.0,True,1.0,0.6054652485719583,1.00499821970993,64.06615229825303,0.0863915329070412,2.751394307088552e-06,1856.6170000121929,2725.8775000518654,3.1617423351934097,3.0836092249959526,False,
thorough,1500,0.5,750,100,lambda,2,9.0,1.0,0.6004666357341746,8.805175427629893e-07,0.0134110450744628,8.85635499781516,9.14951761167651,439.33409999590367,508.5709000122733,1726.9258000014815,1836.91149999504,2200.71609999286,2301.460099988617,2166.259899997385,2345.482400007313,21.66259899997385,23.45482400007313,50.0,9396.0,True,1.0,0.6054652429714263,1.00499821970993,102.14683224945082,0.0863915657288594,2.721168789564677e-06,18566.17000012193,27258.775000518654,11.621820313140557,11.33462139844275,False,
thorough,1500,0.5,750,1000,lambda,2,9.0,1.0,0.6004666357341746,8.805175427629893e-07,0.1341104507446289,8.850117674130464,9.149913948637286,619.37780000153,650.0441000098363,18581.62189999712,18691.958000010345,19328.714600007515,19446.36069997796,19200.999699998647,19342.00210002018,19.200999699998647,19.34200210002018,50.0,94012.0,True,1.0,0.6054651786117979,1.00499821970993,94.93250963201838,0.0863915660883989,2.733307630286416e-06,185661.7000012193,272587.75000518654,14.093047275850628,13.744779296020244,False,
thorough,1500,0.5,750,10000,lambda,2,9.0,1.0,0.6004666357341746,8.805175427629893e-07,1.341104507446289,8.850064678955354,9.14999582871126,462.84769999329,544.5556000049692,172210.4801000096,173221.36639998644,172816.7413000192,173768.60559999477,172673.32780000288,173765.9219999914,17.267332780000288,17.37659219999914,50.0,941588.0,True,1.0,0.6054651767878914,1.0049982197099303,102.43279032586018,0.0863915661626676,2.742182157309616e-06,1856617.0000121929,2725877.5000518654,15.687066075314814,15.299406635551396,False,
thorough,1500,0.5,750,50000,lambda,2,9.0,1.0,0.6004666357341746,8.805175427629893e-07,6.705522537231445,8.850012631869443,9.149984570160091,499.1986000095494,617.0900999859441,848656.3272000058,859218.5040000186,849549.2709999962,860309.6619999851,849155.5258000153,859835.5941000045,16.983110516000306,17.19671188200009,50.0,4709216.0,True,1.0,0.6054651767352571,1.0049982197099303,103.92899595882422,0.0863915661524564,2.744220498561578e-06,9283085.000060964,13629387.500259329,15.851155260123065,15.45944084149052,False,
thorough,1500,0.5,750,100000,lambda,2,9.0,1.0,0.6004666357341746,8.805175427629893e-07,13.41104507446289,8.850000802926141,9.149996493953685,484.90399998263456,663.9049999939743,1732669.1995,1745664.943599986,1733695.8263000124,1746917.274399981,1733154.1034999827,1746328.84859998,17.331541034999827,17.4632884859998,50.0,9418940.0,True,1.0,0.6054651767261654,1.0049982197099303,101.808239016948,0.0863915661632692,2.7442620544527966e-06,18566170.00012193,27258775.000518654,15.609187824144248,15.223452915014766,False,
thorough,1500,0.5,750,1,rho,1,1.0,3.16,0.9783076374700688,7.879561345523701e-07,0.0001341104507446,1.0,1.0,412.63619999517687,543.6312999809161,9.799799998290837,10.808899998664856,428.81780001334846,557.486899982905,422.4359999934677,554.4401999795809,422.4359999934677,554.4401999795809,5.0,8.0,True,1.0,0.9833074244525368,1.0049998668437718,14.694177434755275,0.2072645039095078,2.773471879550339e-07,47.829900024225935,51.86009999306407,0.0935359665388151,0.0813864146168997,False,
thorough,1500,0.5,750,10,rho,1,1.0,3.16,0.9783076374700688,7.879561345523701e-07,0.0013411045074462,0.91152338729399,1.0615879960440706,700.6181000033394,747.2979000012856,21.754799992777407,23.71929999208077,728.9420000161044,777.7812999847811,722.3728999961168,771.0171999933664,72.23728999961168,77.10171999933664,5.0,80.0,True,1.0,0.9833073416660448,1.0049998668438096,66.19228862035412,0.207264684426035,4.238490796090289e-07,478.29900024225935,518.6009999306407,0.6726192359069325,0.5852515351953659,False,
thorough,1500,0.5,750,100,rho,1,1.0,3.16,0.9783076374700688,7.879561345523701e-07,0.0134110450744628,0.8511947910113079,1.1452937099032952,441.6775999998208,475.06610001437366,172.68210000474937,175.96680001588538,635.8845000213478,677.6664999779314,614.3597000045702,651.032900030259,6.143597000045702,6.51032900030259,6.0,924.0,True,1.0,0.9833066385086356,1.0049998713512505,104.23778723738556,0.2072816330904371,4.353091609124121e-07,4782.9900024225935,5186.009999306407,7.965818623091658,6.931124370783369,False,
thorough,1500,0.5,750,1000,rho,1,1.0,3.16,0.9783076374700688,7.879561345523701e-07,0.1341104507446289,0.850278992464379,1.149842864247553,464.0035000047647,478.0666000151541,1911.4850999903863,1983.4925000031944,2398.543500021333,2520.4603000020143,2375.488599995151,2461.5591000183485,2.375488599995151,2.4615591000183485,6.0,9204.0,True,1.0,0.983306628103198,1.0049998713512522,94.1676186756074,0.2072816443914974,3.975226225238976e-07,47829.900024225935,51860.09999306407,21.06798898010513,18.331430675574133,False,
thorough,1500,0.5,750,10000,rho,1,1.0,3.16,0.9783076374700688,7.879561345523701e-07,1.341104507446289,0.8500100850652201,1.1499075443479492,473.6219000187703,675.0234000210185,18266.30819999264,18424.003800028004,18850.18360000685,19192.55199999316,18739.930100011406,19099.027200049022,1.8739930100011408,1.909902720004902,6.0,91832.0,True,1.0,0.983306627933606,1.0049998713512522,98.54207978384628,0.2072816449536936,3.8174046635559483e-07,478299.00024225935,518600.9999306407,27.153267781581544,23.626281864083207,False,
thorough,1500,0.5,750,50000,rho,1,1.0,3.16,0.9783076374700688,7.879561345523701e-07,6.705522537231445,0.8500137136875254,1.149996720893415,433.8049000070896,602.5953000062145,90231.37059999864,91602.9635000159,91169.00589998112,92600.2748000028,90665.17550000572,92205.55880002212,1.8133035100001145,1.8441111760004425,6.0,459213.0,True,1.0,0.9833066278777426,1.0049998713512525,99.74358075416552,0.2072816450791889,3.81342154782074e-07,2391495.0012112968,2593004.9996532034,28.122002983323185,24.46918633923196,False,
thorough,1500,0.5,750,100000,rho,1,1.0,3.16,0.9783076374700688,7.879561345523701e-07,13.41104507446289,0.8500014338717943,1.1499996607987697,490.56279999786057,502.41589997312985,178781.34400001727,180362.2022999916,179809.67869999586,181545.4129000136,179271.90680001513,180864.61819996475,1.7927190680001512,1.808646181999648,6.0,918636.0,True,1.0,0.983306627894679,1.0049998713512525,100.681646067043,0.2072816450681088,3.819889498826338e-07,4782990.0024225935,5186009.999306407,28.67343569416507,24.94899248117496,False,
thorough,1500,0.5,750,1,rho,2,1.0,7.73,0.9787891256690427,8.018859363395106e-07,0.0001341104507446,1.0,1.0,441.02259998908266,511.23329999973066,18.09919998049736,20.545699982903898,466.4356000139378,540.7231000135653,459.12179996958,531.7789999826346,459.12179996958,531.7789999826346,9.0,15.0,True,1.0,0.9837882295900404,1.0049998509063836,14.917786437573827,0.5806597053694873,3.025365207041859e-07,52.73739999393001,56.67475001246203,0.1065757580015622,0.0939084657665002,False,
thorough,1500,0.5,750,10,rho,2,1.0,7.73,0.9787891256690427,8.018859363395106e-07,0.0013411045074462,0.8554314326656646,1.1481034817617757,424.34090000460856,479.8106999951415,58.37270000483841,60.74260000605136,489.44040000787936,556.3303000235464,482.71360000944696,540.5533000011928,48.271360000944696,54.05533000011928,13.0,163.0,True,1.0,0.9837537863446996,1.004999905292909,58.58903219684069,0.5818831710452317,9.81807687815407e-07,527.3739999393001,566.7475001246203,1.0484581263741608,0.9238413680039096,False,
thorough,1500,0.5,750,100,rho,2,1.0,7.73,0.9787891256690427,8.018859363395106e-07,0.0134110450744628,0.853049565822521,1.1490107755503118,451.0132999857888,486.6576000058558,342.67819998785853,384.0471000003163,840.4201999946963,864.1393999860156,793.6914999736473,870.7047000061721,7.936914999736473,8.70704700006172,13.0,1612.0,True,1.0,0.9837537878581072,1.0049999052929215,99.80208837682626,0.5818898042151471,6.462029786759195e-07,5273.739999393001,5667.475001246203,6.509066737788401,5.735417531897896,False,
thorough,1500,0.5,750,1000,rho,2,1.0,7.73,0.9787891256690427,8.018859363395106e-07,0.1341104507446289,0.8500407081601147,1.149985772931164,498.5727999883238,568.1379000016022,3558.270499983337,3625.574600009713,4070.73649999802,4196.373399987351,4056.8432999716606,4193.712500011316,4.056843299971661,4.193712500011316,13.0,16383.0,True,1.0,0.9837537857579596,1.0049999052929344,96.1141093690324,0.5818969517913734,7.540975131125886e-07,52737.39999393001,56674.75001246203,13.514219206087471,11.907957451799144,False,
thorough,1500,0.5,750,10000,rho,2,1.0,7.73,0.9787891256690427,8.018859363395106e-07,1.341104507446289,0.85001032978636,1.1499955588164712,504.4255999964662,629.9862000159919,35841.84930002084,37283.85839998373,36580.865600000834,37926.98920000112,36346.274900017306,37913.84459999972,3.634627490001731,3.791384459999972,13.0,163065.0,True,1.0,0.9837537852758635,1.0049999052929346,95.41918363007044,0.5818970236327181,7.26284704421791e-07,527373.9999393001,566747.5001246203,14.94829939047185,13.17158693402814,False,
thorough,1500,0.5,750,50000,rho,2,1.0,7.73,0.9787891256690427,8.018859363395106e-07,6.705522537231445,0.8500004209267693,1.1499994916810752,457.4561000044923,568.2047999871429,174388.25810002163,176113.21340000723,175394.76920000743,176984.7463000042,174845.71420002612,176681.41819999437,3.4969142840005225,3.533628363999888,13.0,815387.0,True,1.0,0.9837537852694148,1.0049999052929348,98.05706064333856,0.5818970525056891,7.261022781151608e-07,2636869.9996965006,2833737.5006231014,16.0386843703929,14.132371848715032,False,
thorough,1500,0.5,750,100000,rho,2,1.0,7.73,0.9787891256690427,8.018859363395106e-07,13.41104507446289,0.8500046683318475,1.1499993591238709,502.5529999984428,571.8039000057615,345282.5731000048,356152.1205000172,346422.7078999975,357214.8525000084,345785.12610000325,356723.9244000229,3.4578512610000325,3.5672392440002296,13.0,1629996.0,True,1.0,0.9837537852297302,1.0049999052929348,99.04930820268936,0.581897051532589,7.242122774603272e-07,5273739.999393001,5667475.001246203,15.8875663043301,13.999215247254597,False,
thorough,350,0.0,0,1000000,base,0,1.0,1.0,0.97,1.547823266854434e-05,31.292438507080078,,,,,,,,,,,,,,,,,,,,,,,,,,False,memory_cap
thorough,350,0.0,0,1000000,lambda,1,5.0,1.0,0.8268771638527879,1.547823266854434e-05,31.292438507080078,,,,,,,,,,,,,,,,,,,,,,,,,,False,memory_cap
thorough,350,0.0,0,1000000,lambda,2,9.0,1.0,0.5732742058978566,1.547823266854434e-05,31.292438507080078,,,,,,,,,,,,,,,,,,,,,,,,,,False,memory_cap
thorough,350,0.0,0,1000000,rho,1,1.0,3.16,0.97,1.3851033839182348e-05,31.292438507080078,,,,,,,,,,,,,,,,,,,,,,,,,,False,memory_cap
thorough,350,0.0,0,1000000,rho,2,1.0,7.73,0.97,1.4095912858349061e-05,31.292438507080078,,,,,,,,,,,,,,,,,,,,,,,,,,False,memory_cap
thorough,350,0.3,105,1000000,base,0,1.0,1.0,0.9769495380951145,1.547823266854434e-05,31.292438507080078,,,,,,,,,,,,,,,,,,,,,,,,,,False,memory_cap
thorough,350,0.3,105,1000000,lambda,1,5.0,1.0,0.8366090468726083,1.547823266854434e-05,31.292438507080078,,,,,,,,,,,,,,,,,,,,,,,,,,False,memory_cap
thorough,350,0.3,105,1000000,lambda,2,9.0,1.0,0.6004203655548052,1.547823266854434e-05,31.292438507080078,,,,,,,,,,,,,,,,,,,,,,,,,,False,memory_cap
thorough,350,0.3,105,1000000,rho,1,1.0,3.16,0.978307141320366,1.3851033839182348e-05,31.292438507080078,,,,,,,,,,,,,,,,,,,,,,,,,,False,memory_cap
thorough,350,0.3,105,1000000,rho,2,1.0,7.73,0.9787886211309574,1.4095912858349061e-05,31.292438507080078,,,,,,,,,,,,,,,,,,,,,,,,,,False,memory_cap
thorough,350,0.5,175,1000000,base,0,1.0,1.0,0.9769402762575634,1.547823266854434e-05,31.292438507080078,,,,,,,,,,,,,,,,,,,,,,,,,,False,memory_cap
thorough,350,0.5,175,1000000,lambda,1,5.0,1.0,0.836597808185599,1.547823266854434e-05,31.292438507080078,,,,,,,,,,,,,,,,,,,,,,,,,,False,memory_cap
thorough,350,0.5,175,1000000,lambda,2,9.0,1.0,0.6003994234185738,1.547823266854434e-05,31.292438507080078,,,,,,,,,,,,,,,,,,,,,,,,,,False,memory_cap
thorough,350,0.5,175,1000000,rho,1,1.0,3.16,0.9782959913792076,1.3851033839182348e-05,31.292438507080078,,,,,,,,,,,,,,,,,,,,,,,,,,False,memory_cap
thorough,350,0.5,175,1000000,rho,2,1.0,7.73,0.9787768240576713,1.4095912858349061e-05,31.292438507080078,,,,,,,,,,,,,,,,,,,,,,,,,,False,memory_cap
thorough,500,0.0,0,500000,base,0,1.0,1.0,0.97,7.797747586909577e-06,22.351741790771484,0.8500003696824625,1.149999018922438,168.59390004538,197.36730004660785,74492.52470000647,80601.45620000549,74767.44790002704,81047.23839997314,74661.11860005185,80798.8235000521,0.1493222372001037,0.16159764700010418,0.0,2500000.0,True,1.0,0.9653487649353358,0.9997377744967109,67.12082883666267,,,8869799.989042804,9877549.993689172,122.24868588195227,78.19420768151876,False,
thorough,500,0.0,0,1000000,base,0,1.0,1.0,0.97,7.797747586909577e-06,44.70348358154297,,,,,,,,,,,,,,,,,,,,,,,,,,False,memory_cap
thorough,500,0.0,0,500000,lambda,1,5.0,1.0,0.826881248135298,7.797747586909577e-06,22.351741790771484,4.8500007218413685,5.149999959547523,129.00479999370873,219.99050001613796,148030.03260004334,163776.03930002078,148313.22170002386,164604.4961999869,148159.03740003705,163996.02980003692,0.2963180748000741,0.3279920596000738,0.0,4500000.0,True,1.0,0.820451909429588,0.9983070579170368,60.79847340381769,,,9276349.999709055,10339449.996536132,63.046953082603245,41.3418544113492,False,
thorough,500,0.0,0,1000000,lambda,1,5.0,1.0,0.826881248135298,7.797747586909577e-06,44.70348358154297,,,,,,,,,,,,,,,,,,,,,,,,,,False,memory_cap
thorough,500,0.0,0,500000,lambda,2,9.0,1.0,0.5736803840504766,7.797747586909577e-06,22.351741790771484,8.850000425443941,9.149999206269573,138.22820002678782,177.2475999314338,389570.7845999859,403080.9227999998,389979.37009995803,403579.2345000664,389709.0128000127,403258.17039993126,0.7794180256000254,0.8065163407998626,0.0,14000000.0,True,1.0,0.5536595221429449,0.9960463596351682,71.87397286157021,,,10317350.010154769,11975000.001257285,29.69561655596731,20.868641010813356,False,
thorough,500,0.0,0,1000000,lambda,2,9.0,1.0,0.5736803840504766,7.797747586909577e-06,44.70348358154297,,,,,,,,,,,,,,,,,,,,,,,,,,False,memory_cap
thorough,500,0.0,0,500000,rho,1,1.0,3.16,0.9700000000000001,6.97798755664549e-06,22.351741790771484,0.8500001395437798,1.1499997649513098,126.14189996384084,196.43000001087785,58436.25330005307,60920.04479991738,58802.20609996468,61278.984699980356,58562.39520001691,61116.474799928255,0.11712479040003382,0.1222329495998565,0.0,2000000.0,True,1.0,0.9653628936473367,0.9997382037240619,68.45065818065319,,,8812000.000034459,10279424.9978615,168.1940103959263,109.95194031324708,False,
thorough,500,0.0,0,1000000,rho,1,1.0,3.16,0.9700000000000001,6.97798755664549e-06,44.70348358154297,,,,,,,,,,,,,,,,,,,,,,,,,,False,memory_cap
thorough,500,0.0,0,500000,rho,2,1.0,7.73,0.9700000000000001,7.101354256077244e-06,22.351741790771484,0.850000719557496,1.1499989093382492,134.5635000616312,168.55780000332743,61363.63429995254,76380.2449000068,61696.71329995617,76899.985200027,61498.19780001417,76548.80270001013,0.12299639560002834,0.15309760540002026,0.0,2000000.0,True,1.0,0.965360896265899,0.9997381420083196,65.18518737738931,,,8791450.003627688,9844050.00053812,128.59835364266013,82.0979528140101,False,
thorough,500,0.0,0,1000000,rho,2,1.0,7.73,0.9700000000000001,7.101354256077244e-06,44.70348358154297,,,,,,,,,,,,,,,,,,,,,,,,,,False,memory_cap
thorough,500,0.3,150,500000,base,0,1.0,1.0,0.9769538939222373,7.797747586909577e-06,22.351741790771484,0.8500010188603474,1.1499998559850255,151.2695000274107,158.71760004665703,117228.98840007838,124612.28989996016,118229.5358000556,126594.79800006375,117380.25790010579,124771.00750000682,0.23476051580021157,0.24954201500001363,4.0,3000000.0,True,1.0,0.9819530263198893,1.004762062007599,51.18187985656957,0.08638219287468932,2.9258779758644586e-06,11822699.991171248,12972549.99371944,103.97086834230085,75.44220547562065,False,
thorough,500,0.3,150,1000000,base,0,1.0,1.0,0.9769538939222373,7.797747586909577e-06,44.70348358154297,,,,,,,,,,,,,,,,,,,,,,,,,,False,memory_cap
thorough,500,0.3,150,500000,lambda,1,5.0,1.0,0.8366194015215441,7.797747586909577e-06,22.351741790771484,4.850000314293474,5.1499993190043085,106.58719995990396,167.4795999424532,295402.1138000535,302766.0490999697,296090.88339994196,303790.72010004893,295508.7010000134,302933.52869991213,0.5910174020000267,0.6058670573998243,11.0,8000000.0,True,1.0,0.8416191831902206,1.0033424419373818,54.16345805443286,0.08631319522957694,1.3547385826222687e-05,14538449.99196008,16001575.00070054,52.822066508695386,41.07179897053248,False,
thorough,500,0.3,150,1000000,lambda,1,5.0,1.0,0.8366194015215441,7.797747586909577e-06,44.70348358154297,,,,,,,,,,,,,,,,,,,,,,,,,,False,memory_cap
thorough,500,0.3,150,500000,lambda,2,9.0,1.0,0.6007050308938128,7.797747586909577e-06,22.351741790771484,8.850000176134717,9.149998097537898,76.15149999037385,238.28260006848723,1643954.475800041,1674475.6217999384,1645142.4059000565,1675869.8287999723,1644030.6273000315,1674713.9044000069,3.288061254600063,3.3494278088000136,50.0,47146836.0,True,1.0,0.6057035627213153,1.0011335094445781,59.61235632897174,0.08616655791022984,2.4976393451748252e-05,61566549.9935858,67240100.00471026,40.15020107497113,38.024733555323955,True,time_cap
thorough,500,0.3,150,1000000,lambda,2,9.0,1.0,0.6007050308938128,7.797747586909577e-06,44.70348358154297,,,,,,,,,,,,,,,,,,,,,,,,,,False,memory_cap
