This is pdfTeX, Version 3.141592653-2.6-1.40.25 (MiKTeX 24.1) (preloaded format=pdflatex 2025.3.3)  19 AUG 2026 19:41
entering extended mode
 restricted \write18 enabled.
 %&-line parsing enabled.
**./main.tex
(main.tex
LaTeX2e <2023-11-01> patch level 1
L3 programming layer <2024-01-04>
(C:\Users\sgrigorevski\AppData\Local\Programs\MiKTeX\tex/latex/base\report.cls
Document Class: report 2023/05/17 v1.4n Standard LaTeX document class
(C:\Users\sgrigorevski\AppData\Local\Programs\MiKTeX\tex/latex/base\size12.clo
File: size12.clo 2023/05/17 v1.4n Standard LaTeX file (size option)
)
\c@part=\count187
\c@chapter=\count188
\c@section=\count189
\c@subsection=\count190
\c@subsubsection=\count191
\c@paragraph=\count192
\c@subparagraph=\count193
\c@figure=\count194
\c@table=\count195
\abovecaptionskip=\skip48
\belowcaptionskip=\skip49
\bibindent=\dimen140
) (config/packages.tex
(C:\Users\sgrigorevski\AppData\Local\Programs\MiKTeX\tex/latex/base\inputenc.st
y
Package: inputenc 2021/02/14 v1.3d Input encoding file
\inpenc@prehook=\toks17
\inpenc@posthook=\toks18
)
(C:\Users\sgrigorevski\AppData\Local\Programs\MiKTeX\tex/latex/base\fontenc.sty
Package: fontenc 2021/04/29 v2.0v Standard LaTeX package

(C:\Users\sgrigorevski\AppData\Local\Programs\MiKTeX\tex/latex/cyrillic\t2aenc.
def
File: t2aenc.def 2023/11/07 v1.0k Cyrillic encoding definition file
Now handling font encoding T2A ...
... processing UTF-8 mapping file for font encoding T2A

(C:\Users\sgrigorevski\AppData\Local\Programs\MiKTeX\tex/latex/base\t2aenc.dfu
File: t2aenc.dfu 2022/06/07 v1.3c UTF-8 support
   defining Unicode char U+00A4 (decimal 164)
   defining Unicode char U+00A7 (decimal 167)
   defining Unicode char U+00AB (decimal 171)
   defining Unicode char U+00BB (decimal 187)
   defining Unicode char U+0131 (decimal 305)
   defining Unicode char U+0237 (decimal 567)
   defining Unicode char U+0400 (decimal 1024)
   defining Unicode char U+0401 (decimal 1025)
   defining Unicode char U+0402 (decimal 1026)
   defining Unicode char U+0403 (decimal 1027)
   defining Unicode char U+0404 (decimal 1028)
   defining Unicode char U+0405 (decimal 1029)
   defining Unicode char U+0406 (decimal 1030)
   defining Unicode char U+0407 (decimal 1031)
   defining Unicode char U+0408 (decimal 1032)
   defining Unicode char U+0409 (decimal 1033)
   defining Unicode char U+040A (decimal 1034)
   defining Unicode char U+040B (decimal 1035)
   defining Unicode char U+040C (decimal 1036)
   defining Unicode char U+040D (decimal 1037)
   defining Unicode char U+040E (decimal 1038)
   defining Unicode char U+040F (decimal 1039)
   defining Unicode char U+0410 (decimal 1040)
   defining Unicode char U+0411 (decimal 1041)
   defining Unicode char U+0412 (decimal 1042)
   defining Unicode char U+0413 (decimal 1043)
   defining Unicode char U+0414 (decimal 1044)
   defining Unicode char U+0415 (decimal 1045)
   defining Unicode char U+0416 (decimal 1046)
   defining Unicode char U+0417 (decimal 1047)
   defining Unicode char U+0418 (decimal 1048)
   defining Unicode char U+0419 (decimal 1049)
   defining Unicode char U+041A (decimal 1050)
   defining Unicode char U+041B (decimal 1051)
   defining Unicode char U+041C (decimal 1052)
   defining Unicode char U+041D (decimal 1053)
   defining Unicode char U+041E (decimal 1054)
   defining Unicode char U+041F (decimal 1055)
   defining Unicode char U+0420 (decimal 1056)
   defining Unicode char U+0421 (decimal 1057)
   defining Unicode char U+0422 (decimal 1058)
   defining Unicode char U+0423 (decimal 1059)
   defining Unicode char U+0424 (decimal 1060)
   defining Unicode char U+0425 (decimal 1061)
   defining Unicode char U+0426 (decimal 1062)
   defining Unicode char U+0427 (decimal 1063)
   defining Unicode char U+0428 (decimal 1064)
   defining Unicode char U+0429 (decimal 1065)
   defining Unicode char U+042A (decimal 1066)
   defining Unicode char U+042B (decimal 1067)
   defining Unicode char U+042C (decimal 1068)
   defining Unicode char U+042D (decimal 1069)
   defining Unicode char U+042E (decimal 1070)
   defining Unicode char U+042F (decimal 1071)
   defining Unicode char U+0430 (decimal 1072)
   defining Unicode char U+0431 (decimal 1073)
   defining Unicode char U+0432 (decimal 1074)
   defining Unicode char U+0433 (decimal 1075)
   defining Unicode char U+0434 (decimal 1076)
   defining Unicode char U+0435 (decimal 1077)
   defining Unicode char U+0436 (decimal 1078)
   defining Unicode char U+0437 (decimal 1079)
   defining Unicode char U+0438 (decimal 1080)
   defining Unicode char U+0439 (decimal 1081)
   defining Unicode char U+043A (decimal 1082)
   defining Unicode char U+043B (decimal 1083)
   defining Unicode char U+043C (decimal 1084)
   defining Unicode char U+043D (decimal 1085)
   defining Unicode char U+043E (decimal 1086)
   defining Unicode char U+043F (decimal 1087)
   defining Unicode char U+0440 (decimal 1088)
   defining Unicode char U+0441 (decimal 1089)
   defining Unicode char U+0442 (decimal 1090)
   defining Unicode char U+0443 (decimal 1091)
   defining Unicode char U+0444 (decimal 1092)
   defining Unicode char U+0445 (decimal 1093)
   defining Unicode char U+0446 (decimal 1094)
   defining Unicode char U+0447 (decimal 1095)
   defining Unicode char U+0448 (decimal 1096)
   defining Unicode char U+0449 (decimal 1097)
   defining Unicode char U+044A (decimal 1098)
   defining Unicode char U+044B (decimal 1099)
   defining Unicode char U+044C (decimal 1100)
   defining Unicode char U+044D (decimal 1101)
   defining Unicode char U+044E (decimal 1102)
   defining Unicode char U+044F (decimal 1103)
   defining Unicode char U+0450 (decimal 1104)
   defining Unicode char U+0451 (decimal 1105)
   defining Unicode char U+0452 (decimal 1106)
   defining Unicode char U+0453 (decimal 1107)
   defining Unicode char U+0454 (decimal 1108)
   defining Unicode char U+0455 (decimal 1109)
   defining Unicode char U+0456 (decimal 1110)
   defining Unicode char U+0457 (decimal 1111)
   defining Unicode char U+0458 (decimal 1112)
   defining Unicode char U+0459 (decimal 1113)
   defining Unicode char U+045A (decimal 1114)
   defining Unicode char U+045B (decimal 1115)
   defining Unicode char U+045C (decimal 1116)
   defining Unicode char U+045D (decimal 1117)
   defining Unicode char U+045E (decimal 1118)
   defining Unicode char U+045F (decimal 1119)
   defining Unicode char U+0490 (decimal 1168)
   defining Unicode char U+0491 (decimal 1169)
   defining Unicode char U+0492 (decimal 1170)
   defining Unicode char U+0493 (decimal 1171)
   defining Unicode char U+0496 (decimal 1174)
   defining Unicode char U+0497 (decimal 1175)
   defining Unicode char U+0498 (decimal 1176)
   defining Unicode char U+0499 (decimal 1177)
   defining Unicode char U+049A (decimal 1178)
   defining Unicode char U+049B (decimal 1179)
   defining Unicode char U+049C (decimal 1180)
   defining Unicode char U+049D (decimal 1181)
   defining Unicode char U+04A0 (decimal 1184)
   defining Unicode char U+04A1 (decimal 1185)
   defining Unicode char U+04A2 (decimal 1186)
   defining Unicode char U+04A3 (decimal 1187)
   defining Unicode char U+04A4 (decimal 1188)
   defining Unicode char U+04A5 (decimal 1189)
   defining Unicode char U+04AA (decimal 1194)
   defining Unicode char U+04AB (decimal 1195)
   defining Unicode char U+04AE (decimal 1198)
   defining Unicode char U+04AF (decimal 1199)
   defining Unicode char U+04B0 (decimal 1200)
   defining Unicode char U+04B1 (decimal 1201)
   defining Unicode char U+04B2 (decimal 1202)
   defining Unicode char U+04B3 (decimal 1203)
   defining Unicode char U+04B6 (decimal 1206)
   defining Unicode char U+04B7 (decimal 1207)
   defining Unicode char U+04B8 (decimal 1208)
   defining Unicode char U+04B9 (decimal 1209)
   defining Unicode char U+04BA (decimal 1210)
   defining Unicode char U+04BB (decimal 1211)
   defining Unicode char U+04C0 (decimal 1216)
   defining Unicode char U+04C1 (decimal 1217)
   defining Unicode char U+04C2 (decimal 1218)
   defining Unicode char U+04D0 (decimal 1232)
   defining Unicode char U+04D1 (decimal 1233)
   defining Unicode char U+04D2 (decimal 1234)
   defining Unicode char U+04D3 (decimal 1235)
   defining Unicode char U+04D4 (decimal 1236)
   defining Unicode char U+04D5 (decimal 1237)
   defining Unicode char U+04D6 (decimal 1238)
   defining Unicode char U+04D7 (decimal 1239)
   defining Unicode char U+04D8 (decimal 1240)
   defining Unicode char U+04D9 (decimal 1241)
   defining Unicode char U+04DA (decimal 1242)
   defining Unicode char U+04DB (decimal 1243)
   defining Unicode char U+04DC (decimal 1244)
   defining Unicode char U+04DD (decimal 1245)
   defining Unicode char U+04DE (decimal 1246)
   defining Unicode char U+04DF (decimal 1247)
   defining Unicode char U+04E2 (decimal 1250)
   defining Unicode char U+04E3 (decimal 1251)
   defining Unicode char U+04E4 (decimal 1252)
   defining Unicode char U+04E5 (decimal 1253)
   defining Unicode char U+04E6 (decimal 1254)
   defining Unicode char U+04E7 (decimal 1255)
   defining Unicode char U+04E8 (decimal 1256)
   defining Unicode char U+04E9 (decimal 1257)
   defining Unicode char U+04EC (decimal 1260)
   defining Unicode char U+04ED (decimal 1261)
   defining Unicode char U+04EE (decimal 1262)
   defining Unicode char U+04EF (decimal 1263)
   defining Unicode char U+04F0 (decimal 1264)
   defining Unicode char U+04F1 (decimal 1265)
   defining Unicode char U+04F2 (decimal 1266)
   defining Unicode char U+04F3 (decimal 1267)
   defining Unicode char U+04F4 (decimal 1268)
   defining Unicode char U+04F5 (decimal 1269)
   defining Unicode char U+04F8 (decimal 1272)
   defining Unicode char U+04F9 (decimal 1273)
   defining Unicode char U+200C (decimal 8204)
   defining Unicode char U+2013 (decimal 8211)
   defining Unicode char U+2014 (decimal 8212)
   defining Unicode char U+2018 (decimal 8216)
   defining Unicode char U+2019 (decimal 8217)
   defining Unicode char U+201C (decimal 8220)
   defining Unicode char U+201D (decimal 8221)
   defining Unicode char U+201E (decimal 8222)
   defining Unicode char U+2030 (decimal 8240)
   defining Unicode char U+2031 (decimal 8241)
   defining Unicode char U+2116 (decimal 8470)
   defining Unicode char U+2329 (decimal 9001)
   defining Unicode char U+3008 (decimal 12296)
   defining Unicode char U+232A (decimal 9002)
   defining Unicode char U+3009 (decimal 12297)
   defining Unicode char U+2423 (decimal 9251)
   defining Unicode char U+27E8 (decimal 10216)
   defining Unicode char U+27E9 (decimal 10217)
   defining Unicode char U+FB00 (decimal 64256)
   defining Unicode char U+FB01 (decimal 64257)
   defining Unicode char U+FB02 (decimal 64258)
   defining Unicode char U+FB03 (decimal 64259)
   defining Unicode char U+FB04 (decimal 64260)
   defining Unicode char U+FB05 (decimal 64261)
   defining Unicode char U+FB06 (decimal 64262)
)))
(C:\Users\sgrigorevski\AppData\Local\Programs\MiKTeX\tex/generic/babel\babel.st
y
Package: babel 2024/01/07 v24.1 The Babel package
\babel@savecnt=\count196
\U@D=\dimen141
\l@unhyphenated=\language79

(C:\Users\sgrigorevski\AppData\Local\Programs\MiKTeX\tex/generic/babel\txtbabel
.def)
\bbl@readstream=\read2
\bbl@dirlevel=\count197

*************************************
* Local config file bblopts.cfg used
*

(C:\Users\sgrigorevski\AppData\Local\Programs\MiKTeX\tex/latex/arabi\bblopts.cf
g
File: bblopts.cfg 2005/09/08 v0.1 add Arabic and Farsi to "declared" options of
 babel
)
(C:\Users\sgrigorevski\AppData\Local\Programs\MiKTeX\tex/latex/babel-russian\ru
ssianb.ldf
File: russianb.ldf 2021/01/10 1.3m Russian support for the Babel system
Language: russian 2020/09/09 1.3k Russian support for the Babel system
Package babel Info: Making " an active character on input line 124.
Package babel Info: Default for \cyrdash is provided on input line 163.
)
(C:\Users\sgrigorevski\AppData\Local\Programs\MiKTeX\tex/latex/babel-german\nge
rman.ldf
Language: ngerman 2024/12/10 v2.15 German support for babel (post-1996 orthogra
phy)

(C:\Users\sgrigorevski\AppData\Local\Programs\MiKTeX\tex/latex/babel-german\nge
rmanb.ldf
Language: ngermanb 2024/12/10 v2.15 German support for babel (post-1996 orthogr
aphy)
)))
(C:\Users\sgrigorevski\AppData\Local\Programs\MiKTeX\tex/generic/babel/locale/d
e\babel-ngerman.tex
Package babel Info: Importing font and identification data for ngerman
(babel)             from babel-de.ini. Reported on input line 11.
)
(C:\Users\sgrigorevski\AppData\Local\Programs\MiKTeX\tex/generic/babel/locale/r
u\babel-russian.tex
Package babel Info: Importing font and identification data for russian
(babel)             from babel-ru.ini. Reported on input line 11.
)
(C:\Users\sgrigorevski\AppData\Local\Programs\MiKTeX\tex/latex/geometry\geometr
y.sty
Package: geometry 2020/01/02 v5.9 Page Geometry

(C:\Users\sgrigorevski\AppData\Local\Programs\MiKTeX\tex/latex/graphics\keyval.
sty
Package: keyval 2022/05/29 v1.15 key=value parser (DPC)
\KV@toks@=\toks19
)
(C:\Users\sgrigorevski\AppData\Local\Programs\MiKTeX\tex/generic/iftex\ifvtex.s
ty
Package: ifvtex 2019/10/25 v1.7 ifvtex legacy package. Use iftex instead.

(C:\Users\sgrigorevski\AppData\Local\Programs\MiKTeX\tex/generic/iftex\iftex.st
y
Package: iftex 2022/02/03 v1.0f TeX engine tests
))
\Gm@cnth=\count198
\Gm@cntv=\count199
\c@Gm@tempcnt=\count266
\Gm@bindingoffset=\dimen142
\Gm@wd@mp=\dimen143
\Gm@odd@mp=\dimen144
\Gm@even@mp=\dimen145
\Gm@layoutwidth=\dimen146
\Gm@layoutheight=\dimen147
\Gm@layouthoffset=\dimen148
\Gm@layoutvoffset=\dimen149
\Gm@dimlist=\toks20

(C:\Users\sgrigorevski\AppData\Local\Programs\MiKTeX\tex/latex/geometry\geometr
y.cfg))
(C:\Users\sgrigorevski\AppData\Local\Programs\MiKTeX\tex/latex/lm\lmodern.sty
Package: lmodern 2015/05/01 v1.6.1 Latin Modern Fonts
LaTeX Font Info:    Overwriting symbol font `operators' in version `normal'
(Font)                  OT1/cmr/m/n --> OT1/lmr/m/n on input line 22.
LaTeX Font Info:    Overwriting symbol font `letters' in version `normal'
(Font)                  OML/cmm/m/it --> OML/lmm/m/it on input line 23.
LaTeX Font Info:    Overwriting symbol font `symbols' in version `normal'
(Font)                  OMS/cmsy/m/n --> OMS/lmsy/m/n on input line 24.
LaTeX Font Info:    Overwriting symbol font `largesymbols' in version `normal'
(Font)                  OMX/cmex/m/n --> OMX/lmex/m/n on input line 25.
LaTeX Font Info:    Overwriting symbol font `operators' in version `bold'
(Font)                  OT1/cmr/bx/n --> OT1/lmr/bx/n on input line 26.
LaTeX Font Info:    Overwriting symbol font `letters' in version `bold'
(Font)                  OML/cmm/b/it --> OML/lmm/b/it on input line 27.
LaTeX Font Info:    Overwriting symbol font `symbols' in version `bold'
(Font)                  OMS/cmsy/b/n --> OMS/lmsy/b/n on input line 28.
LaTeX Font Info:    Overwriting symbol font `largesymbols' in version `bold'
(Font)                  OMX/cmex/m/n --> OMX/lmex/m/n on input line 29.
LaTeX Font Info:    Overwriting math alphabet `\mathbf' in version `normal'
(Font)                  OT1/cmr/bx/n --> OT1/lmr/bx/n on input line 31.
LaTeX Font Info:    Overwriting math alphabet `\mathsf' in version `normal'
(Font)                  OT1/cmss/m/n --> OT1/lmss/m/n on input line 32.
LaTeX Font Info:    Overwriting math alphabet `\mathit' in version `normal'
(Font)                  OT1/cmr/m/it --> OT1/lmr/m/it on input line 33.
LaTeX Font Info:    Overwriting math alphabet `\mathtt' in version `normal'
(Font)                  OT1/cmtt/m/n --> OT1/lmtt/m/n on input line 34.
LaTeX Font Info:    Overwriting math alphabet `\mathbf' in version `bold'
(Font)                  OT1/cmr/bx/n --> OT1/lmr/bx/n on input line 35.
LaTeX Font Info:    Overwriting math alphabet `\mathsf' in version `bold'
(Font)                  OT1/cmss/bx/n --> OT1/lmss/bx/n on input line 36.
LaTeX Font Info:    Overwriting math alphabet `\mathit' in version `bold'
(Font)                  OT1/cmr/bx/it --> OT1/lmr/bx/it on input line 37.
LaTeX Font Info:    Overwriting math alphabet `\mathtt' in version `bold'
(Font)                  OT1/cmtt/m/n --> OT1/lmtt/m/n on input line 38.
)
(C:\Users\sgrigorevski\AppData\Local\Programs\MiKTeX\tex/latex/microtype\microt
ype.sty
Package: microtype 2025/02/11 v3.2a Micro-typographical refinements (RS)

(C:\Users\sgrigorevski\AppData\Local\Programs\MiKTeX\tex/latex/etoolbox\etoolbo
x.sty
Package: etoolbox 2020/10/05 v2.5k e-TeX tools for LaTeX (JAW)
\etb@tempcnta=\count267
)
\MT@toks=\toks21
\MT@tempbox=\box51
\MT@count=\count268
LaTeX Info: Redefining \noprotrusionifhmode on input line 1087.
LaTeX Info: Redefining \leftprotrusion on input line 1088.
\MT@prot@toks=\toks22
LaTeX Info: Redefining \rightprotrusion on input line 1107.
LaTeX Info: Redefining \textls on input line 1449.
\MT@outer@kern=\dimen150
LaTeX Info: Redefining \microtypecontext on input line 2053.
LaTeX Info: Redefining \textmicrotypecontext on input line 2070.
\MT@listname@count=\count269

(C:\Users\sgrigorevski\AppData\Local\Programs\MiKTeX\tex/latex/microtype\microt
ype-pdftex.def
File: microtype-pdftex.def 2025/02/11 v3.2a Definitions specific to pdftex (RS)

LaTeX Info: Redefining \lsstyle on input line 944.
LaTeX Info: Redefining \lslig on input line 944.
\MT@outer@space=\skip50
)
Package microtype Info: Loading configuration file microtype.cfg.

(C:\Users\sgrigorevski\AppData\Local\Programs\MiKTeX\tex/latex/microtype\microt
ype.cfg
File: microtype.cfg 2025/02/11 v3.2a microtype main configuration file (RS)
)
LaTeX Info: Redefining \microtypesetup on input line 3065.
)
(C:\Users\sgrigorevski\AppData\Local\Programs\MiKTeX\tex/latex/amsmath\amsmath.
sty
Package: amsmath 2023/05/13 v2.17o AMS math features
\@mathmargin=\skip51

For additional information on amsmath, use the `?' option.

(C:\Users\sgrigorevski\AppData\Local\Programs\MiKTeX\tex/latex/amsmath\amstext.
sty
Package: amstext 2021/08/26 v2.01 AMS text

(C:\Users\sgrigorevski\AppData\Local\Programs\MiKTeX\tex/latex/amsmath\amsgen.s
ty
File: amsgen.sty 1999/11/30 v2.0 generic functions
\@emptytoks=\toks23
\ex@=\dimen151
))
(C:\Users\sgrigorevski\AppData\Local\Programs\MiKTeX\tex/latex/amsmath\amsbsy.s
ty
Package: amsbsy 1999/11/29 v1.2d Bold Symbols
\pmbraise@=\dimen152
)
(C:\Users\sgrigorevski\AppData\Local\Programs\MiKTeX\tex/latex/amsmath\amsopn.s
ty
Package: amsopn 2022/04/08 v2.04 operator names
)
\inf@bad=\count270
LaTeX Info: Redefining \frac on input line 234.
\uproot@=\count271
\leftroot@=\count272
LaTeX Info: Redefining \overline on input line 399.
LaTeX Info: Redefining \colon on input line 410.
\classnum@=\count273
\DOTSCASE@=\count274
LaTeX Info: Redefining \ldots on input line 496.
LaTeX Info: Redefining \dots on input line 499.
LaTeX Info: Redefining \cdots on input line 620.
\Mathstrutbox@=\box52
\strutbox@=\box53
LaTeX Info: Redefining \big on input line 722.
LaTeX Info: Redefining \Big on input line 723.
LaTeX Info: Redefining \bigg on input line 724.
LaTeX Info: Redefining \Bigg on input line 725.
\big@size=\dimen153
LaTeX Font Info:    Redeclaring font encoding OML on input line 743.
LaTeX Font Info:    Redeclaring font encoding OMS on input line 744.
\macc@depth=\count275
LaTeX Info: Redefining \bmod on input line 905.
LaTeX Info: Redefining \pmod on input line 910.
LaTeX Info: Redefining \smash on input line 940.
LaTeX Info: Redefining \relbar on input line 970.
LaTeX Info: Redefining \Relbar on input line 971.
\c@MaxMatrixCols=\count276
\dotsspace@=\muskip16
\c@parentequation=\count277
\dspbrk@lvl=\count278
\tag@help=\toks24
\row@=\count279
\column@=\count280
\maxfields@=\count281
\andhelp@=\toks25
\eqnshift@=\dimen154
\alignsep@=\dimen155
\tagshift@=\dimen156
\tagwidth@=\dimen157
\totwidth@=\dimen158
\lineht@=\dimen159
\@envbody=\toks26
\multlinegap=\skip52
\multlinetaggap=\skip53
\mathdisplay@stack=\toks27
LaTeX Info: Redefining \[ on input line 2953.
LaTeX Info: Redefining \] on input line 2954.
)
(C:\Users\sgrigorevski\AppData\Local\Programs\MiKTeX\tex/latex/amsfonts\amssymb
.sty
Package: amssymb 2013/01/14 v3.01 AMS font symbols

(C:\Users\sgrigorevski\AppData\Local\Programs\MiKTeX\tex/latex/amsfonts\amsfont
s.sty
Package: amsfonts 2013/01/14 v3.01 Basic AMSFonts support
\symAMSa=\mathgroup4
\symAMSb=\mathgroup5
LaTeX Font Info:    Redeclaring math symbol \hbar on input line 98.
LaTeX Font Info:    Overwriting math alphabet `\mathfrak' in version `bold'
(Font)                  U/euf/m/n --> U/euf/b/n on input line 106.
))
(C:\Users\sgrigorevski\AppData\Local\Programs\MiKTeX\tex/latex/mathtools\mathto
ols.sty
Package: mathtools 2024/10/04 v1.31 mathematical typesetting tools

(C:\Users\sgrigorevski\AppData\Local\Programs\MiKTeX\tex/latex/tools\calc.sty
Package: calc 2023/07/08 v4.3 Infix arithmetic (KKT,FJ)
\calc@Acount=\count282
\calc@Bcount=\count283
\calc@Adimen=\dimen160
\calc@Bdimen=\dimen161
\calc@Askip=\skip54
\calc@Bskip=\skip55
LaTeX Info: Redefining \setlength on input line 80.
LaTeX Info: Redefining \addtolength on input line 81.
\calc@Ccount=\count284
\calc@Cskip=\skip56
)
(C:\Users\sgrigorevski\AppData\Local\Programs\MiKTeX\tex/latex/mathtools\mhsetu
p.sty
Package: mhsetup 2021/03/18 v1.4 programming setup (MH)
)
\g_MT_multlinerow_int=\count285
\l_MT_multwidth_dim=\dimen162
\origjot=\skip57
\l_MT_shortvdotswithinadjustabove_dim=\dimen163
\l_MT_shortvdotswithinadjustbelow_dim=\dimen164
\l_MT_above_intertext_sep=\dimen165
\l_MT_below_intertext_sep=\dimen166
\l_MT_above_shortintertext_sep=\dimen167
\l_MT_below_shortintertext_sep=\dimen168
\xmathstrut@box=\box54
\xmathstrut@dim=\dimen169
)
(C:\Users\sgrigorevski\AppData\Local\Programs\MiKTeX\tex/latex/tools\bm.sty
Package: bm 2023/07/08 v1.2f Bold Symbol Support (DPC/FMi)
\symboldoperators=\mathgroup6
\symboldletters=\mathgroup7
\symboldsymbols=\mathgroup8
Package bm Info: No bold for \OMX/lmex/m/n, using \pmb.
Package bm Info: No bold for \U/msa/m/n, using \pmb.
Package bm Info: No bold for \U/msb/m/n, using \pmb.
LaTeX Font Info:    Redeclaring math alphabet \mathbf on input line 149.
)
(C:\Users\sgrigorevski\AppData\Local\Programs\MiKTeX\tex/latex/booktabs\booktab
s.sty
Package: booktabs 2020/01/12 v1.61803398 Publication quality tables
\heavyrulewidth=\dimen170
\lightrulewidth=\dimen171
\cmidrulewidth=\dimen172
\belowrulesep=\dimen173
\belowbottomsep=\dimen174
\aboverulesep=\dimen175
\abovetopsep=\dimen176
\cmidrulesep=\dimen177
\cmidrulekern=\dimen178
\defaultaddspace=\dimen179
\@cmidla=\count286
\@cmidlb=\count287
\@aboverulesep=\dimen180
\@belowrulesep=\dimen181
\@thisruleclass=\count288
\@lastruleclass=\count289
\@thisrulewidth=\dimen182
)
(C:\Users\sgrigorevski\AppData\Local\Programs\MiKTeX\tex/latex/tools\array.sty
Package: array 2023/10/16 v2.5g Tabular extension package (FMi)
\col@sep=\dimen183
\ar@mcellbox=\box55
\extrarowheight=\dimen184
\NC@list=\toks28
\extratabsurround=\skip58
\backup@length=\skip59
\ar@cellbox=\box56
)
(C:\Users\sgrigorevski\AppData\Local\Programs\MiKTeX\tex/latex/tools\longtable.
sty
Package: longtable 2023-11-01 v4.19 Multi-page Table package (DPC)
\LTleft=\skip60
\LTright=\skip61
\LTpre=\skip62
\LTpost=\skip63
\LTchunksize=\count290
\LTcapwidth=\dimen185
\LT@head=\box57
\LT@firsthead=\box58
\LT@foot=\box59
\LT@lastfoot=\box60
\LT@gbox=\box61
\LT@cols=\count291
\LT@rows=\count292
\c@LT@tables=\count293
\c@LT@chunks=\count294
\LT@p@ftn=\toks29
)
(C:\Users\sgrigorevski\AppData\Local\Programs\MiKTeX\tex/latex/multirow\multiro
w.sty
Package: multirow 2024/11/12 v2.9 Span multiple rows of a table
\multirow@colwidth=\skip64
\multirow@cntb=\count295
\multirow@dima=\skip65
\bigstrutjot=\dimen186
)
(C:\Users\sgrigorevski\AppData\Local\Programs\MiKTeX\tex/latex/tools\tabularx.s
ty
Package: tabularx 2023/07/08 v2.11c `tabularx' package (DPC)
\TX@col@width=\dimen187
\TX@old@table=\dimen188
\TX@old@col=\dimen189
\TX@target=\dimen190
\TX@delta=\dimen191
\TX@cols=\count296
\TX@ftn=\toks30
)
(C:\Users\sgrigorevski\AppData\Local\Programs\MiKTeX\tex/latex/graphics\graphic
x.sty
Package: graphicx 2021/09/16 v1.2d Enhanced LaTeX Graphics (DPC,SPQR)

(C:\Users\sgrigorevski\AppData\Local\Programs\MiKTeX\tex/latex/graphics\graphic
s.sty
Package: graphics 2022/03/10 v1.4e Standard LaTeX Graphics (DPC,SPQR)

(C:\Users\sgrigorevski\AppData\Local\Programs\MiKTeX\tex/latex/graphics\trig.st
y
Package: trig 2021/08/11 v1.11 sin cos tan (DPC)
)
(C:\Users\sgrigorevski\AppData\Local\Programs\MiKTeX\tex/latex/graphics-cfg\gra
phics.cfg
File: graphics.cfg 2016/06/04 v1.11 sample graphics configuration
)
Package graphics Info: Driver file: pdftex.def on input line 107.

(C:\Users\sgrigorevski\AppData\Local\Programs\MiKTeX\tex/latex/graphics-def\pdf
tex.def
File: pdftex.def 2022/09/22 v1.2b Graphics/color driver for pdftex
))
\Gin@req@height=\dimen192
\Gin@req@width=\dimen193
)
(C:\Users\sgrigorevski\AppData\Local\Programs\MiKTeX\tex/latex/float\float.sty
Package: float 2001/11/08 v1.3d Float enhancements (AL)
\c@float@type=\count297
\float@exts=\toks31
\float@box=\box62
\@float@everytoks=\toks32
\@floatcapt=\box63
)
(C:\Users\sgrigorevski\AppData\Local\Programs\MiKTeX\tex/latex/caption\subcapti
on.sty
Package: subcaption 2023/07/28 v1.6b Sub-captions (AR)

(C:\Users\sgrigorevski\AppData\Local\Programs\MiKTeX\tex/latex/caption\caption.
sty
Package: caption 2023/08/05 v3.6o Customizing captions (AR)

(C:\Users\sgrigorevski\AppData\Local\Programs\MiKTeX\tex/latex/caption\caption3
.sty
Package: caption3 2023/07/31 v2.4d caption3 kernel (AR)
\caption@tempdima=\dimen194
\captionmargin=\dimen195
\caption@leftmargin=\dimen196
\caption@rightmargin=\dimen197
\caption@width=\dimen198
\caption@indent=\dimen199
\caption@parindent=\dimen256
\caption@hangindent=\dimen257
Package caption Info: Standard document class detected.
)
\c@caption@flags=\count298
\c@continuedfloat=\count299
Package caption Info: float package is loaded.
Package caption Info: longtable package is loaded.

(C:\Users\sgrigorevski\AppData\Local\Programs\MiKTeX\tex/latex/caption\ltcaptio
n.sty
Package: ltcaption 2021/01/08 v1.4c longtable captions (AR)
))
Package caption Info: New subtype `subfigure' on input line 238.
\c@subfigure=\count300
Package caption Info: New subtype `subtable' on input line 238.
\c@subtable=\count301
)
(C:\Users\sgrigorevski\AppData\Local\Programs\MiKTeX\tex/latex/xcolor\xcolor.st
y
Package: xcolor 2023/11/15 v3.01 LaTeX color extensions (UK)

(C:\Users\sgrigorevski\AppData\Local\Programs\MiKTeX\tex/latex/graphics-cfg\col
or.cfg
File: color.cfg 2016/01/02 v1.6 sample color configuration
)
Package xcolor Info: Driver file: pdftex.def on input line 274.

(C:\Users\sgrigorevski\AppData\Local\Programs\MiKTeX\tex/latex/graphics\mathcol
or.ltx)
Package xcolor Info: Model `cmy' substituted by `cmy0' on input line 1350.
Package xcolor Info: Model `hsb' substituted by `rgb' on input line 1354.
Package xcolor Info: Model `RGB' extended on input line 1366.
Package xcolor Info: Model `HTML' substituted by `rgb' on input line 1368.
Package xcolor Info: Model `Hsb' substituted by `hsb' on input line 1369.
Package xcolor Info: Model `tHsb' substituted by `hsb' on input line 1370.
Package xcolor Info: Model `HSB' substituted by `hsb' on input line 1371.
Package xcolor Info: Model `Gray' substituted by `gray' on input line 1372.
Package xcolor Info: Model `wave' substituted by `hsb' on input line 1373.
)
(C:\Users\sgrigorevski\AppData\Local\Programs\MiKTeX\tex/latex/graphics\dvipsna
m.def
File: dvipsnam.def 2016/06/17 v3.0m Driver-dependent file (DPC,SPQR)
)
(C:\Users\sgrigorevski\AppData\Local\Programs\MiKTeX\tex/latex/algorithms\algor
ithm.sty
Package: algorithm 2009/08/24 v0.1 Document Style `algorithm' - floating enviro
nment

(C:\Users\sgrigorevski\AppData\Local\Programs\MiKTeX\tex/latex/base\ifthen.sty
Package: ifthen 2022/04/13 v1.1d Standard LaTeX ifthen package (DPC)
)
\@float@every@algorithm=\toks33
\c@algorithm=\count302
)
(C:\Users\sgrigorevski\AppData\Local\Programs\MiKTeX\tex/latex/algorithms\algor
ithmic.sty
Package: algorithmic 2009/08/24 v0.1 Document Style `algorithmic'
\c@ALC@unique=\count303
\c@ALC@line=\count304
\c@ALC@rem=\count305
\c@ALC@depth=\count306
\ALC@tlm=\skip66
\algorithmicindent=\skip67
)
(C:\Users\sgrigorevski\AppData\Local\Programs\MiKTeX\tex/latex/listings\listing
s.sty
\lst@mode=\count307
\lst@gtempboxa=\box64
\lst@token=\toks34
\lst@length=\count308
\lst@currlwidth=\dimen258
\lst@column=\count309
\lst@pos=\count310
\lst@lostspace=\dimen259
\lst@width=\dimen260
\lst@newlines=\count311
\lst@lineno=\count312
\lst@maxwidth=\dimen261

(C:\Users\sgrigorevski\AppData\Local\Programs\MiKTeX\tex/latex/listings\lstmisc
.sty
File: lstmisc.sty 2023/02/27 1.9 (Carsten Heinz)
\c@lstnumber=\count313
\lst@skipnumbers=\count314
\lst@framebox=\box65
)
(C:\Users\sgrigorevski\AppData\Local\Programs\MiKTeX\tex/latex/listings\listing
s.cfg
File: listings.cfg 2023/02/27 1.9 listings configuration
))
Package: listings 2023/02/27 1.9 (Carsten Heinz)

(C:\Users\sgrigorevski\AppData\Local\Programs\MiKTeX\tex/latex/listings\lstlang
1.sty
File: lstlang1.sty 2023/02/27 1.9 listings language file
)
(C:\Users\sgrigorevski\AppData\Local\Programs\MiKTeX\tex/latex/fancyhdr\fancyhd
r.sty
Package: fancyhdr 2025/02/07 v5.2 Extensive control of page headers and footers

\f@nch@headwidth=\skip68
\f@nch@offset@elh=\skip69
\f@nch@offset@erh=\skip70
\f@nch@offset@olh=\skip71
\f@nch@offset@orh=\skip72
\f@nch@offset@elf=\skip73
\f@nch@offset@erf=\skip74
\f@nch@offset@olf=\skip75
\f@nch@offset@orf=\skip76
\f@nch@height=\skip77
\f@nch@footalignment=\skip78
\f@nch@widthL=\skip79
\f@nch@widthC=\skip80
\f@nch@widthR=\skip81
\@temptokenb=\toks35
)

Package fancyhdr Warning: \fancyhead's `E' option without twoside option is use
less.
(fancyhdr)                Please consider using the `twoside' option on input l
ine 68.


(C:\Users\sgrigorevski\AppData\Local\Programs\MiKTeX\tex/latex/todonotes\todono
tes.sty
Package: todonotes 2024/01/05 v1.1.7 Todonotes source and documentation.
Package: todonotes 2024/01/05

(C:\Users\sgrigorevski\AppData\Local\Programs\MiKTeX\tex/latex/xkeyval\xkeyval.
sty
Package: xkeyval 2022/06/16 v2.9 package option processing (HA)

(C:\Users\sgrigorevski\AppData\Local\Programs\MiKTeX\tex/generic/xkeyval\xkeyva
l.tex
(C:\Users\sgrigorevski\AppData\Local\Programs\MiKTeX\tex/generic/xkeyval\xkvuti
ls.tex
\XKV@toks=\toks36
\XKV@tempa@toks=\toks37
)
\XKV@depth=\count315
File: xkeyval.tex 2014/12/03 v2.7a key=value parser (HA)
))
(C:\Users\sgrigorevski\AppData\Local\Programs\MiKTeX\tex/latex/pgf/frontendlaye
r\tikz.sty
(C:\Users\sgrigorevski\AppData\Local\Programs\MiKTeX\tex/latex/pgf/basiclayer\p
gf.sty
(C:\Users\sgrigorevski\AppData\Local\Programs\MiKTeX\tex/latex/pgf/utilities\pg
frcs.sty
(C:\Users\sgrigorevski\AppData\Local\Programs\MiKTeX\tex/generic/pgf/utilities\
pgfutil-common.tex
\pgfutil@everybye=\toks38
\pgfutil@tempdima=\dimen262
\pgfutil@tempdimb=\dimen263
)
(C:\Users\sgrigorevski\AppData\Local\Programs\MiKTeX\tex/generic/pgf/utilities\
pgfutil-latex.def
\pgfutil@abb=\box66
)
(C:\Users\sgrigorevski\AppData\Local\Programs\MiKTeX\tex/generic/pgf/utilities\
pgfrcs.code.tex
(C:\Users\sgrigorevski\AppData\Local\Programs\MiKTeX\tex/generic/pgf\pgf.revisi
on.tex)
Package: pgfrcs 2023-01-15 v3.1.10 (3.1.10)
))
Package: pgf 2023-01-15 v3.1.10 (3.1.10)

(C:\Users\sgrigorevski\AppData\Local\Programs\MiKTeX\tex/latex/pgf/basiclayer\p
gfcore.sty
(C:\Users\sgrigorevski\AppData\Local\Programs\MiKTeX\tex/latex/pgf/systemlayer\
pgfsys.sty
(C:\Users\sgrigorevski\AppData\Local\Programs\MiKTeX\tex/generic/pgf/systemlaye
r\pgfsys.code.tex
Package: pgfsys 2023-01-15 v3.1.10 (3.1.10)

(C:\Users\sgrigorevski\AppData\Local\Programs\MiKTeX\tex/generic/pgf/utilities\
pgfkeys.code.tex
\pgfkeys@pathtoks=\toks39
\pgfkeys@temptoks=\toks40

(C:\Users\sgrigorevski\AppData\Local\Programs\MiKTeX\tex/generic/pgf/utilities\
pgfkeyslibraryfiltered.code.tex
\pgfkeys@tmptoks=\toks41
))
\pgf@x=\dimen264
\pgf@y=\dimen265
\pgf@xa=\dimen266
\pgf@ya=\dimen267
\pgf@xb=\dimen268
\pgf@yb=\dimen269
\pgf@xc=\dimen270
\pgf@yc=\dimen271
\pgf@xd=\dimen272
\pgf@yd=\dimen273
\w@pgf@writea=\write3
\r@pgf@reada=\read3
\c@pgf@counta=\count316
\c@pgf@countb=\count317
\c@pgf@countc=\count318
\c@pgf@countd=\count319
\t@pgf@toka=\toks42
\t@pgf@tokb=\toks43
\t@pgf@tokc=\toks44
\pgf@sys@id@count=\count320

(C:\Users\sgrigorevski\AppData\Local\Programs\MiKTeX\tex/generic/pgf/systemlaye
r\pgf.cfg
File: pgf.cfg 2023-01-15 v3.1.10 (3.1.10)
)
Driver file for pgf: pgfsys-pdftex.def

(C:\Users\sgrigorevski\AppData\Local\Programs\MiKTeX\tex/generic/pgf/systemlaye
r\pgfsys-pdftex.def
File: pgfsys-pdftex.def 2023-01-15 v3.1.10 (3.1.10)

(C:\Users\sgrigorevski\AppData\Local\Programs\MiKTeX\tex/generic/pgf/systemlaye
r\pgfsys-common-pdf.def
File: pgfsys-common-pdf.def 2023-01-15 v3.1.10 (3.1.10)
)))
(C:\Users\sgrigorevski\AppData\Local\Programs\MiKTeX\tex/generic/pgf/systemlaye
r\pgfsyssoftpath.code.tex
File: pgfsyssoftpath.code.tex 2023-01-15 v3.1.10 (3.1.10)
\pgfsyssoftpath@smallbuffer@items=\count321
\pgfsyssoftpath@bigbuffer@items=\count322
)
(C:\Users\sgrigorevski\AppData\Local\Programs\MiKTeX\tex/generic/pgf/systemlaye
r\pgfsysprotocol.code.tex
File: pgfsysprotocol.code.tex 2023-01-15 v3.1.10 (3.1.10)
))
(C:\Users\sgrigorevski\AppData\Local\Programs\MiKTeX\tex/generic/pgf/basiclayer
\pgfcore.code.tex
Package: pgfcore 2023-01-15 v3.1.10 (3.1.10)

(C:\Users\sgrigorevski\AppData\Local\Programs\MiKTeX\tex/generic/pgf/math\pgfma
th.code.tex
(C:\Users\sgrigorevski\AppData\Local\Programs\MiKTeX\tex/generic/pgf/math\pgfma
thutil.code.tex)
(C:\Users\sgrigorevski\AppData\Local\Programs\MiKTeX\tex/generic/pgf/math\pgfma
thparser.code.tex
\pgfmath@dimen=\dimen274
\pgfmath@count=\count323
\pgfmath@box=\box67
\pgfmath@toks=\toks45
\pgfmath@stack@operand=\toks46
\pgfmath@stack@operation=\toks47
)
(C:\Users\sgrigorevski\AppData\Local\Programs\MiKTeX\tex/generic/pgf/math\pgfma
thfunctions.code.tex)
(C:\Users\sgrigorevski\AppData\Local\Programs\MiKTeX\tex/generic/pgf/math\pgfma
thfunctions.basic.code.tex)
(C:\Users\sgrigorevski\AppData\Local\Programs\MiKTeX\tex/generic/pgf/math\pgfma
thfunctions.trigonometric.code.tex)
(C:\Users\sgrigorevski\AppData\Local\Programs\MiKTeX\tex/generic/pgf/math\pgfma
thfunctions.random.code.tex)
(C:\Users\sgrigorevski\AppData\Local\Programs\MiKTeX\tex/generic/pgf/math\pgfma
thfunctions.comparison.code.tex)
(C:\Users\sgrigorevski\AppData\Local\Programs\MiKTeX\tex/generic/pgf/math\pgfma
thfunctions.base.code.tex)
(C:\Users\sgrigorevski\AppData\Local\Programs\MiKTeX\tex/generic/pgf/math\pgfma
thfunctions.round.code.tex)
(C:\Users\sgrigorevski\AppData\Local\Programs\MiKTeX\tex/generic/pgf/math\pgfma
thfunctions.misc.code.tex)
(C:\Users\sgrigorevski\AppData\Local\Programs\MiKTeX\tex/generic/pgf/math\pgfma
thfunctions.integerarithmetics.code.tex)
(C:\Users\sgrigorevski\AppData\Local\Programs\MiKTeX\tex/generic/pgf/math\pgfma
thcalc.code.tex)
(C:\Users\sgrigorevski\AppData\Local\Programs\MiKTeX\tex/generic/pgf/math\pgfma
thfloat.code.tex
\c@pgfmathroundto@lastzeros=\count324
))
(C:\Users\sgrigorevski\AppData\Local\Programs\MiKTeX\tex/generic/pgf/math\pgfin
t.code.tex)
(C:\Users\sgrigorevski\AppData\Local\Programs\MiKTeX\tex/generic/pgf/basiclayer
\pgfcorepoints.code.tex
File: pgfcorepoints.code.tex 2023-01-15 v3.1.10 (3.1.10)
\pgf@picminx=\dimen275
\pgf@picmaxx=\dimen276
\pgf@picminy=\dimen277
\pgf@picmaxy=\dimen278
\pgf@pathminx=\dimen279
\pgf@pathmaxx=\dimen280
\pgf@pathminy=\dimen281
\pgf@pathmaxy=\dimen282
\pgf@xx=\dimen283
\pgf@xy=\dimen284
\pgf@yx=\dimen285
\pgf@yy=\dimen286
\pgf@zx=\dimen287
\pgf@zy=\dimen288
)
(C:\Users\sgrigorevski\AppData\Local\Programs\MiKTeX\tex/generic/pgf/basiclayer
\pgfcorepathconstruct.code.tex
File: pgfcorepathconstruct.code.tex 2023-01-15 v3.1.10 (3.1.10)
\pgf@path@lastx=\dimen289
\pgf@path@lasty=\dimen290
)
(C:\Users\sgrigorevski\AppData\Local\Programs\MiKTeX\tex/generic/pgf/basiclayer
\pgfcorepathusage.code.tex
File: pgfcorepathusage.code.tex 2023-01-15 v3.1.10 (3.1.10)
\pgf@shorten@end@additional=\dimen291
\pgf@shorten@start@additional=\dimen292
)
(C:\Users\sgrigorevski\AppData\Local\Programs\MiKTeX\tex/generic/pgf/basiclayer
\pgfcorescopes.code.tex
File: pgfcorescopes.code.tex 2023-01-15 v3.1.10 (3.1.10)
\pgfpic=\box68
\pgf@hbox=\box69
\pgf@layerbox@main=\box70
\pgf@picture@serial@count=\count325
)
(C:\Users\sgrigorevski\AppData\Local\Programs\MiKTeX\tex/generic/pgf/basiclayer
\pgfcoregraphicstate.code.tex
File: pgfcoregraphicstate.code.tex 2023-01-15 v3.1.10 (3.1.10)
\pgflinewidth=\dimen293
)
(C:\Users\sgrigorevski\AppData\Local\Programs\MiKTeX\tex/generic/pgf/basiclayer
\pgfcoretransformations.code.tex
File: pgfcoretransformations.code.tex 2023-01-15 v3.1.10 (3.1.10)
\pgf@pt@x=\dimen294
\pgf@pt@y=\dimen295
\pgf@pt@temp=\dimen296
)
(C:\Users\sgrigorevski\AppData\Local\Programs\MiKTeX\tex/generic/pgf/basiclayer
\pgfcorequick.code.tex
File: pgfcorequick.code.tex 2023-01-15 v3.1.10 (3.1.10)
)
(C:\Users\sgrigorevski\AppData\Local\Programs\MiKTeX\tex/generic/pgf/basiclayer
\pgfcoreobjects.code.tex
File: pgfcoreobjects.code.tex 2023-01-15 v3.1.10 (3.1.10)
)
(C:\Users\sgrigorevski\AppData\Local\Programs\MiKTeX\tex/generic/pgf/basiclayer
\pgfcorepathprocessing.code.tex
File: pgfcorepathprocessing.code.tex 2023-01-15 v3.1.10 (3.1.10)
)
(C:\Users\sgrigorevski\AppData\Local\Programs\MiKTeX\tex/generic/pgf/basiclayer
\pgfcorearrows.code.tex
File: pgfcorearrows.code.tex 2023-01-15 v3.1.10 (3.1.10)
\pgfarrowsep=\dimen297
)
(C:\Users\sgrigorevski\AppData\Local\Programs\MiKTeX\tex/generic/pgf/basiclayer
\pgfcoreshade.code.tex
File: pgfcoreshade.code.tex 2023-01-15 v3.1.10 (3.1.10)
\pgf@max=\dimen298
\pgf@sys@shading@range@num=\count326
\pgf@shadingcount=\count327
)
(C:\Users\sgrigorevski\AppData\Local\Programs\MiKTeX\tex/generic/pgf/basiclayer
\pgfcoreimage.code.tex
File: pgfcoreimage.code.tex 2023-01-15 v3.1.10 (3.1.10)
)
(C:\Users\sgrigorevski\AppData\Local\Programs\MiKTeX\tex/generic/pgf/basiclayer
\pgfcoreexternal.code.tex
File: pgfcoreexternal.code.tex 2023-01-15 v3.1.10 (3.1.10)
\pgfexternal@startupbox=\box71
)
(C:\Users\sgrigorevski\AppData\Local\Programs\MiKTeX\tex/generic/pgf/basiclayer
\pgfcorelayers.code.tex
File: pgfcorelayers.code.tex 2023-01-15 v3.1.10 (3.1.10)
)
(C:\Users\sgrigorevski\AppData\Local\Programs\MiKTeX\tex/generic/pgf/basiclayer
\pgfcoretransparency.code.tex
File: pgfcoretransparency.code.tex 2023-01-15 v3.1.10 (3.1.10)
)
(C:\Users\sgrigorevski\AppData\Local\Programs\MiKTeX\tex/generic/pgf/basiclayer
\pgfcorepatterns.code.tex
File: pgfcorepatterns.code.tex 2023-01-15 v3.1.10 (3.1.10)
)
(C:\Users\sgrigorevski\AppData\Local\Programs\MiKTeX\tex/generic/pgf/basiclayer
\pgfcorerdf.code.tex
File: pgfcorerdf.code.tex 2023-01-15 v3.1.10 (3.1.10)
)))
(C:\Users\sgrigorevski\AppData\Local\Programs\MiKTeX\tex/generic/pgf/modules\pg
fmoduleshapes.code.tex
File: pgfmoduleshapes.code.tex 2023-01-15 v3.1.10 (3.1.10)
\pgfnodeparttextbox=\box72
)
(C:\Users\sgrigorevski\AppData\Local\Programs\MiKTeX\tex/generic/pgf/modules\pg
fmoduleplot.code.tex
File: pgfmoduleplot.code.tex 2023-01-15 v3.1.10 (3.1.10)
)
(C:\Users\sgrigorevski\AppData\Local\Programs\MiKTeX\tex/latex/pgf/compatibilit
y\pgfcomp-version-0-65.sty
Package: pgfcomp-version-0-65 2023-01-15 v3.1.10 (3.1.10)
\pgf@nodesepstart=\dimen299
\pgf@nodesepend=\dimen300
)
(C:\Users\sgrigorevski\AppData\Local\Programs\MiKTeX\tex/latex/pgf/compatibilit
y\pgfcomp-version-1-18.sty
Package: pgfcomp-version-1-18 2023-01-15 v3.1.10 (3.1.10)
))
(C:\Users\sgrigorevski\AppData\Local\Programs\MiKTeX\tex/latex/pgf/utilities\pg
ffor.sty
(C:\Users\sgrigorevski\AppData\Local\Programs\MiKTeX\tex/latex/pgf/utilities\pg
fkeys.sty
(C:\Users\sgrigorevski\AppData\Local\Programs\MiKTeX\tex/generic/pgf/utilities\
pgfkeys.code.tex))
(C:\Users\sgrigorevski\AppData\Local\Programs\MiKTeX\tex/latex/pgf/math\pgfmath
.sty
(C:\Users\sgrigorevski\AppData\Local\Programs\MiKTeX\tex/generic/pgf/math\pgfma
th.code.tex))
(C:\Users\sgrigorevski\AppData\Local\Programs\MiKTeX\tex/generic/pgf/utilities\
pgffor.code.tex
Package: pgffor 2023-01-15 v3.1.10 (3.1.10)
\pgffor@iter=\dimen301
\pgffor@skip=\dimen302
\pgffor@stack=\toks48
\pgffor@toks=\toks49
))
(C:\Users\sgrigorevski\AppData\Local\Programs\MiKTeX\tex/generic/pgf/frontendla
yer/tikz\tikz.code.tex
Package: tikz 2023-01-15 v3.1.10 (3.1.10)

(C:\Users\sgrigorevski\AppData\Local\Programs\MiKTeX\tex/generic/pgf/libraries\
pgflibraryplothandlers.code.tex
File: pgflibraryplothandlers.code.tex 2023-01-15 v3.1.10 (3.1.10)
\pgf@plot@mark@count=\count328
\pgfplotmarksize=\dimen303
)
\tikz@lastx=\dimen304
\tikz@lasty=\dimen305
\tikz@lastxsaved=\dimen306
\tikz@lastysaved=\dimen307
\tikz@lastmovetox=\dimen308
\tikz@lastmovetoy=\dimen309
\tikzleveldistance=\dimen310
\tikzsiblingdistance=\dimen311
\tikz@figbox=\box73
\tikz@figbox@bg=\box74
\tikz@tempbox=\box75
\tikz@tempbox@bg=\box76
\tikztreelevel=\count329
\tikznumberofchildren=\count330
\tikznumberofcurrentchild=\count331
\tikz@fig@count=\count332

(C:\Users\sgrigorevski\AppData\Local\Programs\MiKTeX\tex/generic/pgf/modules\pg
fmodulematrix.code.tex
File: pgfmodulematrix.code.tex 2023-01-15 v3.1.10 (3.1.10)
\pgfmatrixcurrentrow=\count333
\pgfmatrixcurrentcolumn=\count334
\pgf@matrix@numberofcolumns=\count335
)
\tikz@expandcount=\count336

(C:\Users\sgrigorevski\AppData\Local\Programs\MiKTeX\tex/generic/pgf/frontendla
yer/tikz/libraries\tikzlibrarytopaths.code.tex
File: tikzlibrarytopaths.code.tex 2023-01-15 v3.1.10 (3.1.10)
)))
(C:\Users\sgrigorevski\AppData\Local\Programs\MiKTeX\tex/generic/pgf/frontendla
yer/tikz/libraries\tikzlibrarypositioning.code.tex
File: tikzlibrarypositioning.code.tex 2023-01-15 v3.1.10 (3.1.10)
)
\c@@todonotes@numberoftodonotes=\count337
)
(C:\Users\sgrigorevski\AppData\Local\Programs\MiKTeX\tex/latex/biblatex\biblate
x.sty
Package: biblatex 2023/03/05 v3.19 programmable bibliographies (PK/MW)

(C:\Users\sgrigorevski\AppData\Local\Programs\MiKTeX\tex/generic/pdftexcmds\pdf
texcmds.sty
Package: pdftexcmds 2020-06-27 v0.33 Utility functions of pdfTeX for LuaTeX (HO
)

(C:\Users\sgrigorevski\AppData\Local\Programs\MiKTeX\tex/generic/infwarerr\infw
arerr.sty
Package: infwarerr 2019/12/03 v1.5 Providing info/warning/error messages (HO)
)
(C:\Users\sgrigorevski\AppData\Local\Programs\MiKTeX\tex/generic/ltxcmds\ltxcmd
s.sty
Package: ltxcmds 2023-12-04 v1.26 LaTeX kernel commands for general use (HO)
)
Package pdftexcmds Info: \pdf@primitive is available.
Package pdftexcmds Info: \pdf@ifprimitive is available.
Package pdftexcmds Info: \pdfdraftmode found.
)
(C:\Users\sgrigorevski\AppData\Local\Programs\MiKTeX\tex/latex/kvoptions\kvopti
ons.sty
Package: kvoptions 2022-06-15 v3.15 Key value format for package options (HO)

(C:\Users\sgrigorevski\AppData\Local\Programs\MiKTeX\tex/latex/kvsetkeys\kvsetk
eys.sty
Package: kvsetkeys 2022-10-05 v1.19 Key value parser (HO)
))
(C:\Users\sgrigorevski\AppData\Local\Programs\MiKTeX\tex/latex/logreq\logreq.st
y
Package: logreq 2010/08/04 v1.0 xml request logger
\lrq@indent=\count338

(C:\Users\sgrigorevski\AppData\Local\Programs\MiKTeX\tex/latex/logreq\logreq.de
f
File: logreq.def 2010/08/04 v1.0 logreq spec v1.0
)) (C:\Users\sgrigorevski\AppData\Local\Programs\MiKTeX\tex/latex/url\url.sty
\Urlmuskip=\muskip17
Package: url 2013/09/16  ver 3.4  Verb mode for urls, etc.
)
\c@tabx@nest=\count339
\c@listtotal=\count340
\c@listcount=\count341
\c@liststart=\count342
\c@liststop=\count343
\c@citecount=\count344
\c@citetotal=\count345
\c@multicitecount=\count346
\c@multicitetotal=\count347
\c@instcount=\count348
\c@maxnames=\count349
\c@minnames=\count350
\c@maxitems=\count351
\c@minitems=\count352
\c@citecounter=\count353
\c@maxcitecounter=\count354
\c@savedcitecounter=\count355
\c@uniquelist=\count356
\c@uniquename=\count357
\c@refsection=\count358
\c@refsegment=\count359
\c@maxextratitle=\count360
\c@maxextratitleyear=\count361
\c@maxextraname=\count362
\c@maxextradate=\count363
\c@maxextraalpha=\count364
\c@abbrvpenalty=\count365
\c@highnamepenalty=\count366
\c@lownamepenalty=\count367
\c@maxparens=\count368
\c@parenlevel=\count369
\blx@tempcnta=\count370
\blx@tempcntb=\count371
\blx@tempcntc=\count372
\c@blx@maxsection=\count373
\blx@maxsegment@0=\count374
\blx@notetype=\count375
\blx@parenlevel@text=\count376
\blx@parenlevel@foot=\count377
\blx@sectionciteorder@0=\count378
\blx@sectionciteorderinternal@0=\count379
\blx@entrysetcounter=\count380
\blx@biblioinstance=\count381
\labelnumberwidth=\skip82
\labelalphawidth=\skip83
\biblabelsep=\skip84
\bibitemsep=\skip85
\bibnamesep=\skip86
\bibinitsep=\skip87
\bibparsep=\skip88
\bibhang=\skip89
\blx@bcfin=\read4
\blx@bcfout=\write4
\blx@langwohyphens=\language80
\c@mincomprange=\count382
\c@maxcomprange=\count383
\c@mincompwidth=\count384
Package biblatex Info: Trying to load biblatex default data model...
Package biblatex Info: ... file 'blx-dm.def' found.

(C:\Users\sgrigorevski\AppData\Local\Programs\MiKTeX\tex/latex/biblatex\blx-dm.
def
File: blx-dm.def 2023/03/05 v3.19 biblatex localization (PK/MW)
)
Package biblatex Info: Trying to load biblatex style data model...
Package biblatex Info: ... file 'ieee.dbx' not found.
Package biblatex Info: Trying to load biblatex custom data model...
Package biblatex Info: ... file 'biblatex-dm.cfg' not found.
\c@afterword=\count385
\c@savedafterword=\count386
\c@annotator=\count387
\c@savedannotator=\count388
\c@author=\count389
\c@savedauthor=\count390
\c@bookauthor=\count391
\c@savedbookauthor=\count392
\c@commentator=\count393
\c@savedcommentator=\count394
\c@editor=\count395
\c@savededitor=\count396
\c@editora=\count397
\c@savededitora=\count398
\c@editorb=\count399
\c@savededitorb=\count400
\c@editorc=\count401
\c@savededitorc=\count402
\c@foreword=\count403
\c@savedforeword=\count404
\c@holder=\count405
\c@savedholder=\count406
\c@introduction=\count407
\c@savedintroduction=\count408
\c@namea=\count409
\c@savednamea=\count410
\c@nameb=\count411
\c@savednameb=\count412
\c@namec=\count413
\c@savednamec=\count414
\c@translator=\count415
\c@savedtranslator=\count416
\c@shortauthor=\count417
\c@savedshortauthor=\count418
\c@shorteditor=\count419
\c@savedshorteditor=\count420
\c@labelname=\count421
\c@savedlabelname=\count422
\c@institution=\count423
\c@savedinstitution=\count424
\c@lista=\count425
\c@savedlista=\count426
\c@listb=\count427
\c@savedlistb=\count428
\c@listc=\count429
\c@savedlistc=\count430
\c@listd=\count431
\c@savedlistd=\count432
\c@liste=\count433
\c@savedliste=\count434
\c@listf=\count435
\c@savedlistf=\count436
\c@location=\count437
\c@savedlocation=\count438
\c@organization=\count439
\c@savedorganization=\count440
\c@origlocation=\count441
\c@savedoriglocation=\count442
\c@origpublisher=\count443
\c@savedorigpublisher=\count444
\c@publisher=\count445
\c@savedpublisher=\count446
\c@language=\count447
\c@savedlanguage=\count448
\c@origlanguage=\count449
\c@savedoriglanguage=\count450
\c@pageref=\count451
\c@savedpageref=\count452
\shorthandwidth=\skip90
\shortjournalwidth=\skip91
\shortserieswidth=\skip92
\shorttitlewidth=\skip93
\shortauthorwidth=\skip94
\shorteditorwidth=\skip95
\locallabelnumberwidth=\skip96
\locallabelalphawidth=\skip97
\localshorthandwidth=\skip98
\localshortjournalwidth=\skip99
\localshortserieswidth=\skip100
\localshorttitlewidth=\skip101
\localshortauthorwidth=\skip102
\localshorteditorwidth=\skip103
Package biblatex Info: Trying to load compatibility code...
Package biblatex Info: ... file 'blx-compat.def' found.

(C:\Users\sgrigorevski\AppData\Local\Programs\MiKTeX\tex/latex/biblatex\blx-com
pat.def
File: blx-compat.def 2023/03/05 v3.19 biblatex compatibility (PK/MW)
)
Package biblatex Info: Trying to load generic definitions...
Package biblatex Info: ... file 'biblatex.def' found.

(C:\Users\sgrigorevski\AppData\Local\Programs\MiKTeX\tex/latex/biblatex\biblate
x.def
File: biblatex.def 2023/03/05 v3.19 biblatex compatibility (PK/MW)
\c@textcitecount=\count453
\c@textcitetotal=\count454
\c@textcitemaxnames=\count455
\c@biburlbigbreakpenalty=\count456
\c@biburlbreakpenalty=\count457
\c@biburlnumpenalty=\count458
\c@biburlucpenalty=\count459
\c@biburllcpenalty=\count460
\biburlbigskip=\muskip18
\biburlnumskip=\muskip19
\biburlucskip=\muskip20
\biburllcskip=\muskip21
\c@smartand=\count461
)
Package biblatex Info: Trying to load bibliography style 'ieee'...
Package biblatex Info: ... file 'ieee.bbx' found.

(C:\Users\sgrigorevski\AppData\Local\Programs\MiKTeX\tex/latex/biblatex-ieee\ie
ee.bbx
File: ieee.bbx 2025-08-01 v1.4f biblatex bibliography style
Package biblatex Info: Trying to load bibliography style 'numeric-comp'...
Package biblatex Info: ... file 'numeric-comp.bbx' found.

(C:\Users\sgrigorevski\AppData\Local\Programs\MiKTeX\tex/latex/biblatex/bbx\num
eric-comp.bbx
File: numeric-comp.bbx 2023/03/05 v3.19 biblatex bibliography style (PK/MW)
Package biblatex Info: Trying to load bibliography style 'numeric'...
Package biblatex Info: ... file 'numeric.bbx' found.

(C:\Users\sgrigorevski\AppData\Local\Programs\MiKTeX\tex/latex/biblatex/bbx\num
eric.bbx
File: numeric.bbx 2023/03/05 v3.19 biblatex bibliography style (PK/MW)
Package biblatex Info: Trying to load bibliography style 'standard'...
Package biblatex Info: ... file 'standard.bbx' found.

(C:\Users\sgrigorevski\AppData\Local\Programs\MiKTeX\tex/latex/biblatex/bbx\sta
ndard.bbx
File: standard.bbx 2023/03/05 v3.19 biblatex bibliography style (PK/MW)
\c@bbx:relatedcount=\count462
\c@bbx:relatedtotal=\count463
))))
Package biblatex Info: Trying to load citation style 'numeric-comp'...
Package biblatex Info: ... file 'numeric-comp.cbx' found.

(C:\Users\sgrigorevski\AppData\Local\Programs\MiKTeX\tex/latex/biblatex/cbx\num
eric-comp.cbx
File: numeric-comp.cbx 2023/03/05 v3.19 biblatex citation style (PK/MW)
\c@cbx@tempcnta=\count464
\c@cbx@tempcntb=\count465
\c@cbx@tempcntc=\count466
\c@cbx@tempcntd=\count467
Package biblatex Info: Redefining '\cite'.
Package biblatex Info: Redefining '\parencite'.
Package biblatex Info: Redefining '\footcite'.
Package biblatex Info: Redefining '\footcitetext'.
Package biblatex Info: Redefining '\smartcite'.
Package biblatex Info: Redefining '\supercite'.
Package biblatex Info: Redefining '\textcite'.
Package biblatex Info: Redefining '\textcites'.
Package biblatex Info: Redefining '\cites'.
Package biblatex Info: Redefining '\parencites'.
Package biblatex Info: Redefining '\smartcites'.
)
Package biblatex Info: Trying to load configuration file...
Package biblatex Info: ... file 'biblatex.cfg' found.

(C:\Users\sgrigorevski\AppData\Local\Programs\MiKTeX\tex/latex/biblatex\biblate
x.cfg
File: biblatex.cfg 
)
Package biblatex Info: Input encoding 'utf8' detected.
Package biblatex Info: Document encoding is UTF8 ....

(C:\Users\sgrigorevski\AppData\Local\Programs\MiKTeX\tex/latex/l3kernel\expl3.s
ty
Package: expl3 2024-01-04 L3 programming layer (loader) 

(C:\Users\sgrigorevski\AppData\Local\Programs\MiKTeX\tex/latex/l3backend\l3back
end-pdftex.def
File: l3backend-pdftex.def 2024-01-04 L3 backend support: PDF output (pdfTeX)
\l__color_backend_stack_int=\count468
\l__pdf_internal_box=\box77
))
Package biblatex Info: ... and expl3
(biblatex)             2024-01-04 L3 programming layer (loader) 
(biblatex)             is new enough (at least 2020/04/06),
(biblatex)             setting 'casechanger=expl3'.

(C:\Users\sgrigorevski\AppData\Local\Programs\MiKTeX\tex/latex/biblatex\blx-cas
e-expl3.sty
(C:\Users\sgrigorevski\AppData\Local\Programs\MiKTeX\tex/latex/l3packages/xpars
e\xparse.sty
Package: xparse 2023-10-10 L3 Experimental document command parser
)
Package: blx-case-expl3 2023/03/05 v3.19 expl3 case changing code for biblatex
))
(C:\Users\sgrigorevski\AppData\Local\Programs\MiKTeX\tex/latex/import\import.st
y
Package: import 2020/04/01  v 6.2
)
(C:\Users\sgrigorevski\AppData\Local\Programs\MiKTeX\tex/latex/hyperref\hyperre
f.sty
Package: hyperref 2023-11-26 v7.01g Hypertext links for LaTeX

(C:\Users\sgrigorevski\AppData\Local\Programs\MiKTeX\tex/generic/kvdefinekeys\k
vdefinekeys.sty
Package: kvdefinekeys 2019-12-19 v1.6 Define keys (HO)
)
(C:\Users\sgrigorevski\AppData\Local\Programs\MiKTeX\tex/generic/pdfescape\pdfe
scape.sty
Package: pdfescape 2019/12/09 v1.15 Implements pdfTeX's escape features (HO)
)
(C:\Users\sgrigorevski\AppData\Local\Programs\MiKTeX\tex/latex/hycolor\hycolor.
sty
Package: hycolor 2020-01-27 v1.10 Color options for hyperref/bookmark (HO)
)
(C:\Users\sgrigorevski\AppData\Local\Programs\MiKTeX\tex/latex/letltxmacro\letl
txmacro.sty
Package: letltxmacro 2019/12/03 v1.6 Let assignment for LaTeX macros (HO)
)
(C:\Users\sgrigorevski\AppData\Local\Programs\MiKTeX\tex/latex/auxhook\auxhook.
sty
Package: auxhook 2019-12-17 v1.6 Hooks for auxiliary files (HO)
)
(C:\Users\sgrigorevski\AppData\Local\Programs\MiKTeX\tex/latex/hyperref\nameref
.sty
Package: nameref 2023-11-26 v2.56 Cross-referencing by name of section

(C:\Users\sgrigorevski\AppData\Local\Programs\MiKTeX\tex/latex/refcount\refcoun
t.sty
Package: refcount 2019/12/15 v3.6 Data extraction from label references (HO)
)
(C:\Users\sgrigorevski\AppData\Local\Programs\MiKTeX\tex/generic/gettitlestring
\gettitlestring.sty
Package: gettitlestring 2019/12/15 v1.6 Cleanup title references (HO)
)
\c@section@level=\count469
)
\@linkdim=\dimen312
\Hy@linkcounter=\count470
\Hy@pagecounter=\count471

(C:\Users\sgrigorevski\AppData\Local\Programs\MiKTeX\tex/latex/hyperref\pd1enc.
def
File: pd1enc.def 2023-11-26 v7.01g Hyperref: PDFDocEncoding definition (HO)
Now handling font encoding PD1 ...
... no UTF-8 mapping file for font encoding PD1
)
(C:\Users\sgrigorevski\AppData\Local\Programs\MiKTeX\tex/generic/intcalc\intcal
c.sty
Package: intcalc 2019/12/15 v1.3 Expandable calculations with integers (HO)
)
\Hy@SavedSpaceFactor=\count472

(C:\Users\sgrigorevski\AppData\Local\Programs\MiKTeX\tex/latex/hyperref\puenc.d
ef
File: puenc.def 2023-11-26 v7.01g Hyperref: PDF Unicode definition (HO)
Now handling font encoding PU ...
... no UTF-8 mapping file for font encoding PU
)
Package hyperref Info: Option `unicode' set `true' on input line 3167.
Package hyperref Info: Option `colorlinks' set `true' on input line 4064.
Package hyperref Info: Option `bookmarks' set `true' on input line 4064.
Package hyperref Info: Option `bookmarksnumbered' set `true' on input line 4064
.
Package hyperref Info: Hyper figures OFF on input line 4181.
Package hyperref Info: Link nesting OFF on input line 4186.
Package hyperref Info: Hyper index ON on input line 4189.
Package hyperref Info: Plain pages OFF on input line 4196.
Package hyperref Info: Backreferencing OFF on input line 4201.
Package hyperref Info: Implicit mode ON; LaTeX internals redefined.
Package hyperref Info: Bookmarks ON on input line 4448.
\c@Hy@tempcnt=\count473
LaTeX Info: Redefining \url on input line 4786.
\XeTeXLinkMargin=\dimen313

(C:\Users\sgrigorevski\AppData\Local\Programs\MiKTeX\tex/generic/bitset\bitset.
sty
Package: bitset 2019/12/09 v1.3 Handle bit-vector datatype (HO)

(C:\Users\sgrigorevski\AppData\Local\Programs\MiKTeX\tex/generic/bigintcalc\big
intcalc.sty
Package: bigintcalc 2019/12/15 v1.5 Expandable calculations on big integers (HO
)
))
\Fld@menulength=\count474
\Field@Width=\dimen314
\Fld@charsize=\dimen315
Package hyperref Info: Hyper figures OFF on input line 6065.
Package hyperref Info: Link nesting OFF on input line 6070.
Package hyperref Info: Hyper index ON on input line 6073.
Package hyperref Info: backreferencing OFF on input line 6080.
Package hyperref Info: Link coloring ON on input line 6083.
Package hyperref Info: Link coloring with OCG OFF on input line 6090.
Package hyperref Info: PDF/A mode OFF on input line 6095.

(C:\Users\sgrigorevski\AppData\Local\Programs\MiKTeX\tex/latex/base\atbegshi-lt
x.sty
Package: atbegshi-ltx 2021/01/10 v1.0c Emulation of the original atbegshi
package with kernel methods
)
\Hy@abspage=\count475
\c@Item=\count476
\c@Hfootnote=\count477
)
Package hyperref Info: Driver (autodetected): hpdftex.

(C:\Users\sgrigorevski\AppData\Local\Programs\MiKTeX\tex/latex/hyperref\hpdftex
.def
File: hpdftex.def 2023-11-26 v7.01g Hyperref driver for pdfTeX

(C:\Users\sgrigorevski\AppData\Local\Programs\MiKTeX\tex/latex/base\atveryend-l
tx.sty
Package: atveryend-ltx 2020/08/19 v1.0a Emulation of the original atveryend pac
kage
with kernel methods
)
\Fld@listcount=\count478
\c@bookmark@seq@number=\count479

(C:\Users\sgrigorevski\AppData\Local\Programs\MiKTeX\tex/latex/rerunfilecheck\r
erunfilecheck.sty
Package: rerunfilecheck 2022-07-10 v1.10 Rerun checks for auxiliary files (HO)

(C:\Users\sgrigorevski\AppData\Local\Programs\MiKTeX\tex/generic/uniquecounter\
uniquecounter.sty
Package: uniquecounter 2019/12/15 v1.4 Provide unlimited unique counter (HO)
)
Package uniquecounter Info: New unique counter `rerunfilecheck' on input line 2
85.
)
\Hy@SectionHShift=\skip104
)
(C:\Users\sgrigorevski\AppData\Local\Programs\MiKTeX\tex/latex/cleveref\clevere
f.sty
Package: cleveref 2018/03/27 v0.21.4 Intelligent cross-referencing
Package cleveref Info: `hyperref' support loaded on input line 2370.
LaTeX Info: Redefining \cref on input line 2370.
LaTeX Info: Redefining \Cref on input line 2370.
LaTeX Info: Redefining \crefrange on input line 2370.
LaTeX Info: Redefining \Crefrange on input line 2370.
LaTeX Info: Redefining \cpageref on input line 2370.
LaTeX Info: Redefining \Cpageref on input line 2370.
LaTeX Info: Redefining \cpagerefrange on input line 2370.
LaTeX Info: Redefining \Cpagerefrange on input line 2370.
LaTeX Info: Redefining \labelcref on input line 2370.
LaTeX Info: Redefining \labelcpageref on input line 2370.
Package cleveref Info: `listings' support loaded on input line 3131.
Package cleveref Info: include cross-reference names in hyperlinks on input lin
e 7836.
Package cleveref Info: include cross-reference names in hyperlinks on input lin
e 7852.
)
(C:\Users\sgrigorevski\AppData\Local\Programs\MiKTeX\tex/generic/pgf/libraries\
pgflibraryarrows.meta.code.tex
File: pgflibraryarrows.meta.code.tex 2023-01-15 v3.1.10 (3.1.10)
\pgfarrowinset=\dimen316
\pgfarrowlength=\dimen317
\pgfarrowwidth=\dimen318
\pgfarrowlinewidth=\dimen319
)
(C:\Users\sgrigorevski\AppData\Local\Programs\MiKTeX\tex/generic/pgf/frontendla
yer/tikz/libraries\tikzlibrarycalc.code.tex
File: tikzlibrarycalc.code.tex 2023-01-15 v3.1.10 (3.1.10)
)
(C:\Users\sgrigorevski\AppData\Local\Programs\MiKTeX\tex/generic/pgf/frontendla
yer/tikz/libraries\tikzlibraryshapes.code.tex
File: tikzlibraryshapes.code.tex 2023-01-15 v3.1.10 (3.1.10)

(C:\Users\sgrigorevski\AppData\Local\Programs\MiKTeX\tex/generic/pgf/frontendla
yer/tikz/libraries\tikzlibraryshapes.geometric.code.tex
File: tikzlibraryshapes.geometric.code.tex 2023-01-15 v3.1.10 (3.1.10)

(C:\Users\sgrigorevski\AppData\Local\Programs\MiKTeX\tex/generic/pgf/libraries/
shapes\pgflibraryshapes.geometric.code.tex
File: pgflibraryshapes.geometric.code.tex 2023-01-15 v3.1.10 (3.1.10)
))
(C:\Users\sgrigorevski\AppData\Local\Programs\MiKTeX\tex/generic/pgf/frontendla
yer/tikz/libraries\tikzlibraryshapes.misc.code.tex
File: tikzlibraryshapes.misc.code.tex 2023-01-15 v3.1.10 (3.1.10)

(C:\Users\sgrigorevski\AppData\Local\Programs\MiKTeX\tex/generic/pgf/libraries/
shapes\pgflibraryshapes.misc.code.tex
File: pgflibraryshapes.misc.code.tex 2023-01-15 v3.1.10 (3.1.10)
))
(C:\Users\sgrigorevski\AppData\Local\Programs\MiKTeX\tex/generic/pgf/frontendla
yer/tikz/libraries\tikzlibraryshapes.symbols.code.tex
File: tikzlibraryshapes.symbols.code.tex 2023-01-15 v3.1.10 (3.1.10)

(C:\Users\sgrigorevski\AppData\Local\Programs\MiKTeX\tex/generic/pgf/libraries/
shapes\pgflibraryshapes.symbols.code.tex
File: pgflibraryshapes.symbols.code.tex 2023-01-15 v3.1.10 (3.1.10)
))
(C:\Users\sgrigorevski\AppData\Local\Programs\MiKTeX\tex/generic/pgf/frontendla
yer/tikz/libraries\tikzlibraryshapes.arrows.code.tex
File: tikzlibraryshapes.arrows.code.tex 2023-01-15 v3.1.10 (3.1.10)

(C:\Users\sgrigorevski\AppData\Local\Programs\MiKTeX\tex/generic/pgf/libraries/
shapes\pgflibraryshapes.arrows.code.tex
File: pgflibraryshapes.arrows.code.tex 2023-01-15 v3.1.10 (3.1.10)
))
(C:\Users\sgrigorevski\AppData\Local\Programs\MiKTeX\tex/generic/pgf/frontendla
yer/tikz/libraries\tikzlibraryshapes.callouts.code.tex
(C:\Users\sgrigorevski\AppData\Local\Programs\MiKTeX\tex/generic/pgf/libraries/
shapes\pgflibraryshapes.callouts.code.tex))
(C:\Users\sgrigorevski\AppData\Local\Programs\MiKTeX\tex/generic/pgf/frontendla
yer/tikz/libraries\tikzlibraryshapes.multipart.code.tex
File: tikzlibraryshapes.multipart.code.tex 2023-01-15 v3.1.10 (3.1.10)

(C:\Users\sgrigorevski\AppData\Local\Programs\MiKTeX\tex/generic/pgf/libraries/
shapes\pgflibraryshapes.multipart.code.tex
File: pgflibraryshapes.multipart.code.tex 2023-01-15 v3.1.10 (3.1.10)
\pgfnodepartlowerbox=\box78
\pgfnodeparttwobox=\box79
\pgfnodepartthreebox=\box80
\pgfnodepartfourbox=\box81
\pgfnodeparttwentybox=\box82
\pgfnodepartnineteenbox=\box83
\pgfnodeparteighteenbox=\box84
\pgfnodepartseventeenbox=\box85
\pgfnodepartsixteenbox=\box86
\pgfnodepartfifteenbox=\box87
\pgfnodepartfourteenbox=\box88
\pgfnodepartthirteenbox=\box89
\pgfnodeparttwelvebox=\box90
\pgfnodepartelevenbox=\box91
\pgfnodeparttenbox=\box92
\pgfnodepartninebox=\box93
\pgfnodeparteightbox=\box94
\pgfnodepartsevenbox=\box95
\pgfnodepartsixbox=\box96
\pgfnodepartfivebox=\box97
)))
(C:\Users\sgrigorevski\AppData\Local\Programs\MiKTeX\tex/generic/pgf/frontendla
yer/tikz/libraries\tikzlibrarybackgrounds.code.tex
File: tikzlibrarybackgrounds.code.tex 2023-01-15 v3.1.10 (3.1.10)
\pgf@layerbox@background=\box98
\pgf@layerboxsaved@background=\box99
)
(C:\Users\sgrigorevski\AppData\Local\Programs\MiKTeX\tex/latex/siunitx\siunitx.
sty
Package: siunitx 2025-04-19 v3.4.9 A comprehensive (SI) units package
\l__siunitx_number_uncert_offset_int=\count480
\l__siunitx_number_exponent_fixed_int=\count481
\l__siunitx_number_min_decimal_int=\count482
\l__siunitx_number_min_integer_int=\count483
\l__siunitx_number_round_precision_int=\count484
\l__siunitx_number_lower_threshold_int=\count485
\l__siunitx_number_upper_threshold_int=\count486
\l__siunitx_number_group_first_int=\count487
\l__siunitx_number_group_size_int=\count488
\l__siunitx_number_group_minimum_int=\count489
\l__siunitx_angle_tmp_dim=\dimen320
\l__siunitx_angle_marker_box=\box100
\l__siunitx_angle_unit_box=\box101
\l__siunitx_compound_count_int=\count490

(C:\Users\sgrigorevski\AppData\Local\Programs\MiKTeX\tex/latex/translations\tra
nslations.sty
Package: translations 2022/02/05 v1.12 internationalization of LaTeX2e packages
 (CN)
)
\l__siunitx_table_tmp_box=\box102
\l__siunitx_table_tmp_dim=\dimen321
\l__siunitx_table_column_width_dim=\dimen322
\l__siunitx_table_integer_box=\box103
\l__siunitx_table_decimal_box=\box104
\l__siunitx_table_uncert_box=\box105
\l__siunitx_table_before_box=\box106
\l__siunitx_table_after_box=\box107
\l__siunitx_table_before_dim=\dimen323
\l__siunitx_table_carry_dim=\dimen324
\l__siunitx_unit_tmp_int=\count491
\l__siunitx_unit_position_int=\count492
\l__siunitx_unit_total_int=\count493
)
(C:\Users\sgrigorevski\AppData\Local\Programs\MiKTeX\tex/latex/setspace\setspac
e.sty
Package: setspace 2022/12/04 v6.7b set line spacing
)) (config/commands.tex
(C:\Users\sgrigorevski\AppData\Local\Programs\MiKTeX\tex/latex/amscls\amsthm.st
y
Package: amsthm 2020/05/29 v2.20.6
\thm@style=\toks50
\thm@bodyfont=\toks51
\thm@headfont=\toks52
\thm@notefont=\toks53
\thm@headpunct=\toks54
\thm@preskip=\skip105
\thm@postskip=\skip106
\thm@headsep=\skip107
\dth@everypar=\toks55
)
\c@theorem=\count494
)

Package biblatex Warning: 'babel/polyglossia' detected but 'csquotes' missing.
(biblatex)                Loading 'csquotes' recommended.

\@quotelevel=\count495
\@quotereset=\count496
LaTeX Font Info:    Trying to load font information for T1+lmr on input line 16
.
(C:\Users\sgrigorevski\AppData\Local\Programs\MiKTeX\tex/latex/lm\t1lmr.fd
File: t1lmr.fd 2015/05/01 v1.6.1 Font defs for Latin Modern
)
(main.aux)
\openout1 = `main.aux'.

LaTeX Font Info:    Checking defaults for OML/cmm/m/it on input line 16.
LaTeX Font Info:    ... okay on input line 16.
LaTeX Font Info:    Checking defaults for OMS/cmsy/m/n on input line 16.
LaTeX Font Info:    ... okay on input line 16.
LaTeX Font Info:    Checking defaults for OT1/cmr/m/n on input line 16.
LaTeX Font Info:    ... okay on input line 16.
LaTeX Font Info:    Checking defaults for T1/cmr/m/n on input line 16.
LaTeX Font Info:    ... okay on input line 16.
LaTeX Font Info:    Checking defaults for TS1/cmr/m/n on input line 16.
LaTeX Font Info:    ... okay on input line 16.
LaTeX Font Info:    Checking defaults for OMX/cmex/m/n on input line 16.
LaTeX Font Info:    ... okay on input line 16.
LaTeX Font Info:    Checking defaults for U/cmr/m/n on input line 16.
LaTeX Font Info:    ... okay on input line 16.
LaTeX Font Info:    Checking defaults for T2A/cmr/m/n on input line 16.
LaTeX Font Info:    Trying to load font information for T2A+cmr on input line 1
6.

(C:\Users\sgrigorevski\AppData\Local\Programs\MiKTeX\tex/latex/cyrillic\t2acmr.
fd
File: t2acmr.fd 2001/08/11 v1.0a Computer Modern Cyrillic font definitions
)
LaTeX Font Info:    ... okay on input line 16.
LaTeX Font Info:    Checking defaults for PD1/pdf/m/n on input line 16.
LaTeX Font Info:    ... okay on input line 16.
LaTeX Font Info:    Checking defaults for PU/pdf/m/n on input line 16.
LaTeX Font Info:    ... okay on input line 16.
LaTeX Info: Redefining \th on input line 16.

*geometry* driver: auto-detecting
*geometry* detected driver: pdftex
*geometry* verbose mode - [ preamble ] result:
* driver: pdftex
* paper: a4paper
* layout: <same size as paper>
* layoutoffset:(h,v)=(0.0pt,0.0pt)
* bindingoffset: 14.22636pt
* modes: 
* h-part:(L,W,R)=(85.35826pt, 426.79137pt, 71.13188pt)
* v-part:(T,H,B)=(71.13188pt, 702.78308pt, 71.13188pt)
* \paperwidth=597.50787pt
* \paperheight=845.04684pt
* \textwidth=426.79137pt
* \textheight=702.78308pt
* \oddsidemargin=27.31464pt
* \evensidemargin=13.08827pt
* \topmargin=-38.1381pt
* \headheight=12.0pt
* \headsep=25.0pt
* \topskip=12.0pt
* \footskip=30.0pt
* \marginparwidth=35.0pt
* \marginparsep=10.0pt
* \columnsep=10.0pt
* \skip\footins=10.8pt plus 4.0pt minus 2.0pt
* \hoffset=0.0pt
* \voffset=0.0pt
* \mag=1000
* \@twocolumnfalse
* \@twosidefalse
* \@mparswitchfalse
* \@reversemarginfalse
* (1in=72.27pt=25.4mm, 1cm=28.453pt)

LaTeX Info: Redefining \microtypecontext on input line 16.
Package microtype Info: Applying patch `item' on input line 16.
Package microtype Info: Applying patch `toc' on input line 16.
Package microtype Info: Applying patch `eqnum' on input line 16.

Package microtype Warning: Unable to apply patch `footnote' on input line 16.

Package microtype Info: Applying patch `verbatim' on input line 16.
LaTeX Info: Redefining \microtypesetup on input line 16.
Package microtype Info: Generating PDF output.
Package microtype Info: Character protrusion enabled (level 2).
Package microtype Info: Using default protrusion set `alltext'.
Package microtype Info: Automatic font expansion enabled (level 2),
(microtype)             stretch: 20, shrink: 20, step: 1, non-selected.
Package microtype Info: Using default expansion set `alltext-nott'.
LaTeX Info: Redefining \showhyphens on input line 16.
Package microtype Info: No adjustment of tracking.
Package microtype Info: No adjustment of interword spacing.
Package microtype Info: No adjustment of character kerning.

(C:\Users\sgrigorevski\AppData\Local\Programs\MiKTeX\tex/latex/microtype\mt-cmr
.cfg
File: mt-cmr.cfg 2013/05/19 v2.2 microtype config. file: Computer Modern Roman 
(RS)
)
(C:\Users\sgrigorevski\AppData\Local\Programs\MiKTeX\tex/context/base/mkii\supp
-pdf.mkii
[Loading MPS to PDF converter (version 2006.09.02).]
\scratchcounter=\count497
\scratchdimen=\dimen325
\scratchbox=\box108
\nofMPsegments=\count498
\nofMParguments=\count499
\everyMPshowfont=\toks56
\MPscratchCnt=\count500
\MPscratchDim=\dimen326
\MPnumerator=\count501
\makeMPintoPDFobject=\count502
\everyMPtoPDFconversion=\toks57
)
(C:\Users\sgrigorevski\AppData\Local\Programs\MiKTeX\tex/latex/epstopdf-pkg\eps
topdf-base.sty
Package: epstopdf-base 2020-01-24 v2.11 Base part for package epstopdf
Package epstopdf-base Info: Redefining graphics rule for `.eps' on input line 4
85.

(C:\Users\sgrigorevski\AppData\Local\Programs\MiKTeX\tex/latex/00miktex\epstopd
f-sys.cfg
File: epstopdf-sys.cfg 2021/03/18 v2.0 Configuration of epstopdf for MiKTeX
))
Package caption Info: Begin \AtBeginDocument code.
Package caption Info: hyperref package is loaded.
Package caption Info: listings package is loaded.
Package caption Info: End \AtBeginDocument code.
\c@lstlisting=\count503


Package todonotes Warning: The length marginparwidth is less than 2cm and will 
most likely cause issues with the appearance of inserted todonotes. The issue c
an be solved by adding a line like \setlength {\marginparwidth }{2cm} prior to 
loading the todonotes package. on input line 16.

Package biblatex Info: Trying to load language 'ngerman'...
Package biblatex Info: ... file 'ngerman.lbx' found.

(C:\Users\sgrigorevski\AppData\Local\Programs\MiKTeX\tex/latex/biblatex/lbx\nge
rman.lbx
File: ngerman.lbx 2023/03/05 v3.19 biblatex localization (PK/MW)
Package biblatex Info: Trying to load language 'german'...
Package biblatex Info: ... file 'german.lbx' found.

(C:\Users\sgrigorevski\AppData\Local\Programs\MiKTeX\tex/latex/biblatex/lbx\ger
man.lbx
File: german.lbx 2023/03/05 v3.19 biblatex localization (PK/MW)
)
Package biblatex Info: Trying to load language 'german'...
Package biblatex Info: ... file 'german.lbx' found.

(C:\Users\sgrigorevski\AppData\Local\Programs\MiKTeX\tex/latex/biblatex/lbx\ger
man.lbx
File: german.lbx 2023/03/05 v3.19 biblatex localization (PK/MW)
))
Package biblatex Info: Trying to load language 'russian'...
Package biblatex Info: ... file 'russian.lbx' found.

(C:\Users\sgrigorevski\AppData\Local\Programs\MiKTeX\tex/latex/biblatex/lbx\rus
sian.lbx
File: russian.lbx 2023/03/05 v3.19 biblatex localization (PK/MW)
)
Package biblatex Info: Input encoding 'utf8' detected.
Package biblatex Info: Automatic encoding selection.
(biblatex)             Assuming data encoding 'utf8'.
\openout4 = `main.bcf'.

Package biblatex Info: Trying to load bibliographic data...
Package biblatex Info: ... file 'main.bbl' found.
 (main.bbl

Package biblatex Warning: The following entry could not be found
(biblatex)                in the database:
(biblatex)                bibid
(biblatex)                Please verify the spelling and rerun
(biblatex)                LaTeX afterwards.


Package biblatex Warning: The following entry could not be found
(biblatex)                in the database:
(biblatex)                pandapower
(biblatex)                Please verify the spelling and rerun
(biblatex)                LaTeX afterwards.


Package biblatex Warning: The following entry could not be found
(biblatex)                in the database:
(biblatex)                stott1974
(biblatex)                Please verify the spelling and rerun
(biblatex)                LaTeX afterwards.


Package biblatex Warning: The following entry could not be found
(biblatex)                in the database:
(biblatex)                tinney1967
(biblatex)                Please verify the spelling and rerun
(biblatex)                LaTeX afterwards.

)
Package biblatex Info: Reference section=0 on input line 16.
Package biblatex Info: Reference segment=0 on input line 16.
Package hyperref Info: Link coloring ON on input line 16.
 (main.out) (main.out)
\@outlinefile=\write5
\openout5 = `main.out'.


(C:\Users\sgrigorevski\AppData\Local\Programs\MiKTeX\tex/latex/translations/dic
ts\translations-basic-dictionary-german.trsl
File: translations-basic-dictionary-german.trsl (german translation file `trans
lations-basic-dictionary')
)
Package translations Info: loading dictionary `translations-basic-dictionary' f
or `german'. on input line 16.
Package translations Info: no dictionary file `translations-basic-dictionary-ru
ssian.trsl' found. on input line 16.
 (config/titlepage.tex
Package microtype Info: Character `029' is missing
(microtype)             in font `T1/lmr/m/sc/14.4'.
(microtype)             Ignoring protrusion settings for this character.
LaTeX Font Info:    Trying to load font information for OT1+lmr on input line 2
7.

(C:\Users\sgrigorevski\AppData\Local\Programs\MiKTeX\tex/latex/lm\ot1lmr.fd
File: ot1lmr.fd 2015/05/01 v1.6.1 Font defs for Latin Modern
)
LaTeX Font Info:    Trying to load font information for OML+lmm on input line 2
7.

(C:\Users\sgrigorevski\AppData\Local\Programs\MiKTeX\tex/latex/lm\omllmm.fd
File: omllmm.fd 2015/05/01 v1.6.1 Font defs for Latin Modern
)
LaTeX Font Info:    Trying to load font information for OMS+lmsy on input line 
27.

(C:\Users\sgrigorevski\AppData\Local\Programs\MiKTeX\tex/latex/lm\omslmsy.fd
File: omslmsy.fd 2015/05/01 v1.6.1 Font defs for Latin Modern
)
LaTeX Font Info:    Trying to load font information for OMX+lmex on input line 
27.

(C:\Users\sgrigorevski\AppData\Local\Programs\MiKTeX\tex/latex/lm\omxlmex.fd
File: omxlmex.fd 2015/05/01 v1.6.1 Font defs for Latin Modern
)
LaTeX Font Info:    External font `lmex10' loaded for size
(Font)              <14.4> on input line 27.
LaTeX Font Info:    External font `lmex10' loaded for size
(Font)              <10> on input line 27.
LaTeX Font Info:    External font `lmex10' loaded for size
(Font)              <7> on input line 27.
LaTeX Font Info:    Trying to load font information for U+msa on input line 27.


(C:\Users\sgrigorevski\AppData\Local\Programs\MiKTeX\tex/latex/amsfonts\umsa.fd
File: umsa.fd 2013/01/14 v3.01 AMS symbols A
)
(C:\Users\sgrigorevski\AppData\Local\Programs\MiKTeX\tex/latex/microtype\mt-msa
.cfg
File: mt-msa.cfg 2006/02/04 v1.1 microtype config. file: AMS symbols (a) (RS)
)
LaTeX Font Info:    Trying to load font information for U+msb on input line 27.


(C:\Users\sgrigorevski\AppData\Local\Programs\MiKTeX\tex/latex/amsfonts\umsb.fd
File: umsb.fd 2013/01/14 v3.01 AMS symbols B
)
(C:\Users\sgrigorevski\AppData\Local\Programs\MiKTeX\tex/latex/microtype\mt-msb
.cfg
File: mt-msb.cfg 2005/06/01 v1.0 microtype config. file: AMS symbols (b) (RS)
) [1

{C:/Users/sgrigorevski/AppData/Local/MiKTeX/fonts/map/pdftex/pdftex.map}{C:/Use
rs/sgrigorevski/AppData/Local/Programs/MiKTeX/fonts/enc/dvips/lm/lm-ec.enc}])
LaTeX Font Info:    External font `lmex10' loaded for size
(Font)              <12> on input line 35.
LaTeX Font Info:    External font `lmex10' loaded for size
(Font)              <8> on input line 35.
LaTeX Font Info:    External font `lmex10' loaded for size
(Font)              <6> on input line 35.
 [1


] [2


] [3


] (main.toc
Package cleveref Info: loaded `ngerman' language definitions on input line 1.
 [4


]
LaTeX Font Info:    Trying to load font information for T1+lmtt on input line 4
3.

(C:\Users\sgrigorevski\AppData\Local\Programs\MiKTeX\tex/latex/lm\t1lmtt.fd
File: t1lmtt.fd 2015/05/01 v1.6.1 Font defs for Latin Modern
)
Package microtype Info: Loading generic protrusion settings for font family
(microtype)             `lmtt' (encoding: T1).
(microtype)             For optimal results, create family-specific settings.
(microtype)             See the microtype manual for details.
Package cleveref Info: loaded `ngerman' language definitions on input line 78.


Package fancyhdr Warning: \headheight is too small (12.0pt): 
(fancyhdr)                Make it at least 14.49998pt, for example:
(fancyhdr)                \setlength{\headheight}{14.49998pt}.
(fancyhdr)                You might also make \topmargin smaller:
(fancyhdr)                \addtolength{\topmargin}{-2.49998pt}.

[5])
\tf@toc=\write6
\openout6 = `main.toc'.

Package cleveref Info: loaded `ngerman' language definitions on input line 57.


Package fancyhdr Warning: \headheight is too small (12.0pt): 
(fancyhdr)                Make it at least 14.49998pt, for example:
(fancyhdr)                \setlength{\headheight}{14.49998pt}.
(fancyhdr)                You might also make \topmargin smaller:
(fancyhdr)                \addtolength{\topmargin}{-2.49998pt}.

[6] [7


] [8


] (chapters/01_einleitung.tex
Kapitel 1.
) (chapters/02_grundlagen.tex
pdfTeX warning (ext4): destination with the same identifier (name{page.1}) has 
been already used, duplicate ignored
<to be read again> 
                   \relax 
l.3 \chapter
            {Grundlagen der Lastflussberechnung} [1


]
Kapitel 2.

Underfull \hbox (badness 10000) in paragraph at lines 23--24

 []

Package hyperref Info: bookmark level for unknown todo defaults to 0 on input l
ine 39.

Overfull \hbox (15.62514pt too wide) in paragraph at lines 39--39
[][][]\T1/lmr/m/n/12 (-20) literatur[]  
 []


Overfull \hbox (15.62514pt too wide) in paragraph at lines 39--39
[][][]\T1/lmr/m/n/12 (-20) literatur[]  
 []


Overfull \hbox (15.62514pt too wide) in paragraph at lines 40--40
[][][]\T1/lmr/m/n/12 (-20) literatur[]  
 []


Overfull \hbox (15.62514pt too wide) in paragraph at lines 40--40
[][][]\T1/lmr/m/n/12 (-20) literatur[]  
 []

[2

{C:/Users/sgrigorevski/AppData/Local/Programs/MiKTeX/fonts/enc/dvips/lm/lm-rm.e
nc}{C:/Users/sgrigorevski/AppData/Local/Programs/MiKTeX/fonts/enc/dvips/lm/lm-m
athit.enc}{C:/Users/sgrigorevski/AppData/Local/Programs/MiKTeX/fonts/enc/dvips/
lm/lm-mathsy.enc}{C:/Users/sgrigorevski/AppData/Local/Programs/MiKTeX/fonts/enc
/dvips/lm/lm-mathex.enc}]
Overfull \hbox (15.62514pt too wide) in paragraph at lines 58--58
[][][]\T1/lmr/m/n/12 (-20) literatur[]  
 []


Overfull \hbox (15.62514pt too wide) in paragraph at lines 58--58
[][][]\T1/lmr/m/n/12 (-20) literatur[]  
 []


Underfull \hbox (badness 10000) in paragraph at lines 72--75

 []

LaTeX Font Info:    External font `lmex10' loaded for size
(Font)              <5> on input line 88.

Overfull \hbox (0.58179pt too wide) in paragraph at lines 82--93
 [][] 
 []


LaTeX Warning: `h' float specifier changed to `ht'.


Overfull \hbox (16.76764pt too wide) in paragraph at lines 94--94
[][][]\T1/lmr/m/n/12 (-20) literatur.[]  
 []


Overfull \hbox (16.76764pt too wide) in paragraph at lines 94--94
[][][]\T1/lmr/m/n/12 (-20) literatur.[]  
 []


Overfull \hbox (16.76764pt too wide) in paragraph at lines 101--101
[][][]\T1/lmr/m/n/12 (-20) literatur.[]  
 []


Overfull \hbox (16.76764pt too wide) in paragraph at lines 101--101
[][][]\T1/lmr/m/n/12 (-20) literatur.[]  
 []

Package cleveref Info: loaded `ngerman' language definitions on input line 102.


Package fancyhdr Warning: \headheight is too small (12.0pt): 
(fancyhdr)                Make it at least 14.49998pt, for example:
(fancyhdr)                \setlength{\headheight}{14.49998pt}.
(fancyhdr)                You might also make \topmargin smaller:
(fancyhdr)                \addtolength{\topmargin}{-2.49998pt}.

[3]
Overfull \hbox (16.76764pt too wide) in paragraph at lines 105--105
[][][]\T1/lmr/m/n/12 (-20) literatur.[]  
 []


Overfull \hbox (16.76764pt too wide) in paragraph at lines 105--105
[][][]\T1/lmr/m/n/12 (-20) literatur.[]  
 []


Overfull \hbox (16.76764pt too wide) in paragraph at lines 109--109
[][][]\T1/lmr/m/n/12 (-20) literatur.[]  
 []


Overfull \hbox (16.76764pt too wide) in paragraph at lines 109--109
[][][]\T1/lmr/m/n/12 (-20) literatur.[]  
 []


Overfull \hbox (15.62514pt too wide) in paragraph at lines 130--130
[][][]\T1/lmr/m/n/12 (-20) literatur[]  
 []


Overfull \hbox (15.62514pt too wide) in paragraph at lines 130--130
[][][]\T1/lmr/m/n/12 (-20) literatur[]  
 []

Package cleveref Info: loaded `ngerman' language definitions on input line 132.


Package fancyhdr Warning: \headheight is too small (12.0pt): 
(fancyhdr)                Make it at least 14.49998pt, for example:
(fancyhdr)                \setlength{\headheight}{14.49998pt}.
(fancyhdr)                You might also make \topmargin smaller:
(fancyhdr)                \addtolength{\topmargin}{-2.49998pt}.

[4]

LaTeX Warning: Marginpar on page 5 moved.


Overfull \hbox (1.13593pt too wide) in paragraph at lines 147--147
[][][]\T1/lmr/m/n/12 (-20) check[]  
 []


Overfull \hbox (1.13593pt too wide) in paragraph at lines 147--147
[][][]\T1/lmr/m/n/12 (-20) check[]  
 []


LaTeX Warning: Reference `sec:pv_methoden' on page 5 undefined on input line 17
0.

Package cleveref Info: loaded `ngerman' language definitions on input line 176.


Package fancyhdr Warning: \headheight is too small (12.0pt): 
(fancyhdr)                Make it at least 14.49998pt, for example:
(fancyhdr)                \setlength{\headheight}{14.49998pt}.
(fancyhdr)                You might also make \topmargin smaller:
(fancyhdr)                \addtolength{\topmargin}{-2.49998pt}.

[5]
Overfull \hbox (16.76764pt too wide) in paragraph at lines 203--203
[][][]\T1/lmr/m/n/12 (-20) literatur.[]  
 []


Overfull \hbox (16.76764pt too wide) in paragraph at lines 203--203
[][][]\T1/lmr/m/n/12 (-20) literatur.[]  
 []

Package cleveref Info: loaded `ngerman' language definitions on input line 218.


Package fancyhdr Warning: \headheight is too small (12.0pt): 
(fancyhdr)                Make it at least 14.49998pt, for example:
(fancyhdr)                \setlength{\headheight}{14.49998pt}.
(fancyhdr)                You might also make \topmargin smaller:
(fancyhdr)                \addtolength{\topmargin}{-2.49998pt}.

[6]
Overfull \hbox (16.76764pt too wide) in paragraph at lines 229--229
[][][]\T1/lmr/m/n/12 (-20) literatur.[]  
 []


Overfull \hbox (16.76764pt too wide) in paragraph at lines 229--229
[][][]\T1/lmr/m/n/12 (-20) literatur.[]  
 []

Package cleveref Info: loaded `ngerman' language definitions on input line 314.


Package fancyhdr Warning: \headheight is too small (12.0pt): 
(fancyhdr)                Make it at least 14.49998pt, for example:
(fancyhdr)                \setlength{\headheight}{14.49998pt}.
(fancyhdr)                You might also make \topmargin smaller:
(fancyhdr)                \addtolength{\topmargin}{-2.49998pt}.

[7]
Underfull \hbox (badness 10000) in paragraph at lines 314--321

 []


Underfull \hbox (badness 10000) in paragraph at lines 339--341

 []

Package cleveref Info: loaded `ngerman' language definitions on input line 363.


Package fancyhdr Warning: \headheight is too small (12.0pt): 
(fancyhdr)                Make it at least 14.49998pt, for example:
(fancyhdr)                \setlength{\headheight}{14.49998pt}.
(fancyhdr)                You might also make \topmargin smaller:
(fancyhdr)                \addtolength{\topmargin}{-2.49998pt}.

[8]

LaTeX Warning: Reference `eq:qlimits' on page 9 undefined on input line 369.


LaTeX Warning: Reference `sec:pv_methoden' on page 9 undefined on input line 36
9.

LaTeX Font Info:    Trying to load font information for TS1+lmr on input line 3
76.
(C:\Users\sgrigorevski\AppData\Local\Programs\MiKTeX\tex/latex/lm\ts1lmr.fd
File: ts1lmr.fd 2015/05/01 v1.6.1 Font defs for Latin Modern
)
Package cleveref Info: loaded `ngerman' language definitions on input line 379.



Package fancyhdr Warning: \headheight is too small (12.0pt): 
(fancyhdr)                Make it at least 14.49998pt, for example:
(fancyhdr)                \setlength{\headheight}{14.49998pt}.
(fancyhdr)                You might also make \topmargin smaller:
(fancyhdr)                \addtolength{\topmargin}{-2.49998pt}.

[9{C:/Users/sgrigorevski/AppData/Local/Programs/MiKTeX/fonts/enc/dvips/lm/lm-ts
1.enc}]
Overfull \hbox (1.44095pt too wide) in paragraph at lines 406--406
[]\T1/lmr/bx/n/17.28 (-20) Fixpunkt-Iteration und Ba-nach-scher Fix-punkt-
 []


LaTeX Warning: Reference `sec:tpf' on page 10 undefined on input line 409.

Package cleveref Info: loaded `ngerman' language definitions on input line 434.


Package fancyhdr Warning: \headheight is too small (12.0pt): 
(fancyhdr)                Make it at least 14.49998pt, for example:
(fancyhdr)                \setlength{\headheight}{14.49998pt}.
(fancyhdr)                You might also make \topmargin smaller:
(fancyhdr)                \addtolength{\topmargin}{-2.49998pt}.

[10]

LaTeX Warning: Reference `eq:fpi_ABc' on page 11 undefined on input line 467.

Package cleveref Info: loaded `ngerman' language definitions on input line 476.


Package fancyhdr Warning: \headheight is too small (12.0pt): 
(fancyhdr)                Make it at least 14.49998pt, for example:
(fancyhdr)                \setlength{\headheight}{14.49998pt}.
(fancyhdr)                You might also make \topmargin smaller:
(fancyhdr)                \addtolength{\topmargin}{-2.49998pt}.

[11]
Package hyperref Info: bookmark level for unknown algorithm defaults to 0 on in
put line 481.
Package cleveref Info: loaded `ngerman' language definitions on input line 527.



Package fancyhdr Warning: \headheight is too small (12.0pt): 
(fancyhdr)                Make it at least 14.49998pt, for example:
(fancyhdr)                \setlength{\headheight}{14.49998pt}.
(fancyhdr)                You might also make \topmargin smaller:
(fancyhdr)                \addtolength{\topmargin}{-2.49998pt}.

[12]
Overfull \hbox (29.90527pt too wide) in paragraph at lines 528--528
[][][]\T1/lmr/m/n/12 (-20) konvergiert 
 []


Overfull \hbox (29.90527pt too wide) in paragraph at lines 528--528
[][][]\T1/lmr/m/n/12 (-20) konvergiert 
 []

) (chapters/03_tensor_powerflow.tex
Package cleveref Info: loaded `ngerman' language definitions on input line 2.


Package fancyhdr Warning: \headheight is too small (12.0pt): 
(fancyhdr)                Make it at least 14.49998pt, for example:
(fancyhdr)                \setlength{\headheight}{14.49998pt}.
(fancyhdr)                You might also make \topmargin smaller:
(fancyhdr)                \addtolength{\topmargin}{-2.49998pt}.

[13]
Kapitel 3.

Underfull \hbox (badness 10000) in paragraph at lines 6--7

 []

[14

]
Overfull \hbox (11.58138pt too wide) in paragraph at lines 46--47
[]\T1/lmr/m/n/12 (-20) Dabei be-zeich-nen $\OML/lmm/m/it/12 []$\T1/lmr/m/n/12 
(-20) , $\OML/lmm/m/it/12 []$ \T1/lmr/m/n/12 (-20) und $\OML/lmm/m/it/12 []$ 
\T1/lmr/m/n/12 (-20) die Ko-ef-fi-zi-en-ten des ZIP-Lastmodells ([][]Ab-schnitt
 2.1.3[][]),
 []


Underfull \hbox (badness 10000) in paragraph at lines 46--47

 []

Package cleveref Info: loaded `ngerman' language definitions on input line 168.


Package fancyhdr Warning: \headheight is too small (12.0pt): 
(fancyhdr)                Make it at least 14.49998pt, for example:
(fancyhdr)                \setlength{\headheight}{14.49998pt}.
(fancyhdr)                You might also make \topmargin smaller:
(fancyhdr)                \addtolength{\topmargin}{-2.49998pt}.

[15]
Overfull \hbox (12.26518pt too wide) in paragraph at lines 184--185
[]\T1/lmr/m/n/12 (-20) mit den Tensor-Dimensionen $\OMS/lmsy/m/n/12 F 2 \U/msb/
m/n/12 C[]$ \T1/lmr/m/n/12 (-20) und $\OMS/lmsy/m/n/12 V[]\OML/lmm/m/it/12 ; \O
MS/lmsy/m/n/12 V[]\OML/lmm/m/it/12 ; \OMS/lmsy/m/n/12 W 2 \U/msb/m/n/12 C[]$\T1
/lmr/m/n/12 (-20) . 
 []

Package cleveref Info: loaded `ngerman' language definitions on input line 218.


Package fancyhdr Warning: \headheight is too small (12.0pt): 
(fancyhdr)                Make it at least 14.49998pt, for example:
(fancyhdr)                \setlength{\headheight}{14.49998pt}.
(fancyhdr)                You might also make \topmargin smaller:
(fancyhdr)                \addtolength{\topmargin}{-2.49998pt}.

[16]
Package cleveref Info: loaded `ngerman' language definitions on input line 254.



Package fancyhdr Warning: \headheight is too small (12.0pt): 
(fancyhdr)                Make it at least 14.49998pt, for example:
(fancyhdr)                \setlength{\headheight}{14.49998pt}.
(fancyhdr)                You might also make \topmargin smaller:
(fancyhdr)                \addtolength{\topmargin}{-2.49998pt}.

[17]
Package cleveref Info: loaded `ngerman' language definitions on input line 415.



Package fancyhdr Warning: \headheight is too small (12.0pt): 
(fancyhdr)                Make it at least 14.49998pt, for example:
(fancyhdr)                \setlength{\headheight}{14.49998pt}.
(fancyhdr)                You might also make \topmargin smaller:
(fancyhdr)                \addtolength{\topmargin}{-2.49998pt}.

[18]) (chapters/04_methoden.tex
Package cleveref Info: loaded `ngerman' language definitions on input line 2.


Package fancyhdr Warning: \headheight is too small (12.0pt): 
(fancyhdr)                Make it at least 14.49998pt, for example:
(fancyhdr)                \setlength{\headheight}{14.49998pt}.
(fancyhdr)                You might also make \topmargin smaller:
(fancyhdr)                \addtolength{\topmargin}{-2.49998pt}.

[19]
Kapitel 4.

LaTeX Warning: Reference `subsec:fpi_limitation' on page 1 undefined on input l
ine 6.

[20

]
Overfull \hbox (0.90115pt too wide) in paragraph at lines 60--61
[]\T1/lmr/bx/n/12 (-20) Fall 2: $\OML/lmm/m/it/12 [] \OMS/lmsy/m/n/12 6\OT1/lm
r/m/n/12 (-20) = 0$ \T1/lmr/m/n/12 (-20) am PV-Knoten. Dann än-dert sich $\OML/
lmm/b/it/12 B$ \T1/lmr/m/n/12 (-20) mit je-der Q-Aktualisierung,
 []

Package cleveref Info: loaded `ngerman' language definitions on input line 98.

Package fancyhdr Warning: \headheight is too small (12.0pt): 
(fancyhdr)                Make it at least 27.11652pt, for example:
(fancyhdr)                \setlength{\headheight}{27.11652pt}.
(fancyhdr)                You might also make \topmargin smaller:
(fancyhdr)                \addtolength{\topmargin}{-15.11652pt}.

[21]

LaTeX Warning: Reference `eq:convergence_condition' on page 1 undefined on inpu
t line 125.

Package cleveref Info: loaded `ngerman' language definitions on input line 355.


Package fancyhdr Warning: \headheight is too small (12.0pt): 
(fancyhdr)                Make it at least 14.49998pt, for example:
(fancyhdr)                \setlength{\headheight}{14.49998pt}.
(fancyhdr)                You might also make \topmargin smaller:
(fancyhdr)                \addtolength{\topmargin}{-2.49998pt}.

[22]
Overfull \hbox (31.04323pt too wide) in paragraph at lines 369--371
[]\T1/lmr/m/n/12 (-20) Die re-sul-tie-ren-de Span-nungs-än-de-rung am Kno-ten $
\OML/lmm/m/it/12 k$ \T1/lmr/m/n/12 (-20) folgt aus dem Thévenin-Äquivalent []: 

 []

Package cleveref Info: loaded `ngerman' language definitions on input line 425.


Package fancyhdr Warning: \headheight is too small (12.0pt): 
(fancyhdr)                Make it at least 14.49998pt, for example:
(fancyhdr)                \setlength{\headheight}{14.49998pt}.
(fancyhdr)                You might also make \topmargin smaller:
(fancyhdr)                \addtolength{\topmargin}{-2.49998pt}.

[23]
Package cleveref Info: loaded `ngerman' language definitions on input line 869.



Package fancyhdr Warning: \headheight is too small (12.0pt): 
(fancyhdr)                Make it at least 14.49998pt, for example:
(fancyhdr)                \setlength{\headheight}{14.49998pt}.
(fancyhdr)                You might also make \topmargin smaller:
(fancyhdr)                \addtolength{\topmargin}{-2.49998pt}.

[24]
Package cleveref Info: loaded `ngerman' language definitions on input line 941.



Package fancyhdr Warning: \headheight is too small (12.0pt): 
(fancyhdr)                Make it at least 14.49998pt, for example:
(fancyhdr)                \setlength{\headheight}{14.49998pt}.
(fancyhdr)                You might also make \topmargin smaller:
(fancyhdr)                \addtolength{\topmargin}{-2.49998pt}.

[25]) (chapters/05_implementierung.tex
Package cleveref Info: loaded `ngerman' language definitions on input line 1.


Package fancyhdr Warning: \headheight is too small (12.0pt): 
(fancyhdr)                Make it at least 14.49998pt, for example:
(fancyhdr)                \setlength{\headheight}{14.49998pt}.
(fancyhdr)                You might also make \topmargin smaller:
(fancyhdr)                \addtolength{\topmargin}{-2.49998pt}.

[26]
Kapitel 5.
LaTeX Font Info:    Font shape `T1/lmtt/bx/n' in size <17.28> not available
(Font)              Font shape `T1/lmtt/b/n' tried instead on input line 10.

Overfull \hbox (67.11157pt too wide) in paragraph at lines 28--51
 [][] 
 []


Overfull \hbox (118.25041pt too wide) in paragraph at lines 68--70
[]\T1/lmr/m/n/12 (-20) Die Tren-nung von Slack- und Nicht-Slack-Knoten wird be-
reits im Ad-ap-ter \T1/lmtt/m/n/12 build_network_from_pandapower
 []

[27

]
Underfull \hbox (badness 10000) in paragraph at lines 79--83

 []

Package cleveref Info: loaded `ngerman' language definitions on input line 102.


Package fancyhdr Warning: \headheight is too small (12.0pt): 
(fancyhdr)                Make it at least 14.49998pt, for example:
(fancyhdr)                \setlength{\headheight}{14.49998pt}.
(fancyhdr)                You might also make \topmargin smaller:
(fancyhdr)                \addtolength{\topmargin}{-2.49998pt}.

[28]
Package cleveref Info: loaded `ngerman' language definitions on input line 163.



Package fancyhdr Warning: \headheight is too small (12.0pt): 
(fancyhdr)                Make it at least 14.49998pt, for example:
(fancyhdr)                \setlength{\headheight}{14.49998pt}.
(fancyhdr)                You might also make \topmargin smaller:
(fancyhdr)                \addtolength{\topmargin}{-2.49998pt}.

[29]
Overfull \hbox (3.18016pt too wide) in paragraph at lines 200--207
\T1/lmr/m/n/12 (-20) Für die ten-so-ri-sier-te Zeitrei-hen-si-mu-la-ti-on er-ze
ugt das Mo-dul \T1/lmtt/m/n/12 profile_generators.py
 []

Package cleveref Info: loaded `ngerman' language definitions on input line 232.


Package fancyhdr Warning: \headheight is too small (12.0pt): 
(fancyhdr)                Make it at least 14.49998pt, for example:
(fancyhdr)                \setlength{\headheight}{14.49998pt}.
(fancyhdr)                You might also make \topmargin smaller:
(fancyhdr)                \addtolength{\topmargin}{-2.49998pt}.

[30]) (chapters/06_ergebnisse.tex
Package cleveref Info: loaded `ngerman' language definitions on input line 2.


Package fancyhdr Warning: \headheight is too small (12.0pt): 
(fancyhdr)                Make it at least 14.49998pt, for example:
(fancyhdr)                \setlength{\headheight}{14.49998pt}.
(fancyhdr)                You might also make \topmargin smaller:
(fancyhdr)                \addtolength{\topmargin}{-2.49998pt}.

[31]
Kapitel 6.

Underfull \hbox (badness 10000) in paragraph at lines 9--17

 []


Underfull \hbox (badness 10000) in paragraph at lines 18--28

 []

[32

] (figures/outer_convergence_error_decoupled.pgf)
Underfull \hbox (badness 10000) in paragraph at lines 58--63

 []


Underfull \hbox (badness 10000) in paragraph at lines 64--72

 []

Package cleveref Info: loaded `ngerman' language definitions on input line 89.

Package fancyhdr Warning: \headheight is too small (12.0pt): 
(fancyhdr)                Make it at least 14.49998pt, for example:
(fancyhdr)                \setlength{\headheight}{14.49998pt}.
(fancyhdr)                You might also make \topmargin smaller:
(fancyhdr)                \addtolength{\topmargin}{-2.49998pt}.

[33] (figures/x_pp_heatmaps.pgf
<figures/x_pp_heatmaps-img0.png, id=926, interpolate=true, 204.765pt x 204.765p
t>
File: figures/x_pp_heatmaps-img0.png Graphic file (type png)
<use figures/x_pp_heatmaps-img0.png>
Package pdftex.def Info: figures/x_pp_heatmaps-img0.png  used on input line 77.

(pdftex.def)             Requested size: 98.2892pt x 98.2892pt.
LaTeX Font Info:    Calculating math sizes for size <11> on input line 289.
LaTeX Font Info:    External font `lmex10' loaded for size
(Font)              <11> on input line 289.
LaTeX Font Info:    External font `lmex10' loaded for size
(Font)              <7.69997> on input line 289.
LaTeX Font Info:    External font `lmex10' loaded for size
(Font)              <5.5> on input line 289.
<figures/x_pp_heatmaps-img1.png, id=928, interpolate=true, 205.76875pt x 204.76
5pt>
File: figures/x_pp_heatmaps-img1.png Graphic file (type png)
<use figures/x_pp_heatmaps-img1.png>
Package pdftex.def Info: figures/x_pp_heatmaps-img1.png  used on input line 313
.
(pdftex.def)             Requested size: 98.76787pt x 98.2892pt.
<figures/x_pp_heatmaps-img2.png, id=929, interpolate=true, 12.045pt x 235.88126
pt>
File: figures/x_pp_heatmaps-img2.png Graphic file (type png)
<use figures/x_pp_heatmaps-img2.png>
Package pdftex.def Info: figures/x_pp_heatmaps-img2.png  used on input line 547
.
(pdftex.def)             Requested size: 5.78171pt x 113.22531pt.
) (figures/max_pv_convergence.pgf)
Underfull \hbox (badness 10000) in paragraph at lines 104--105

 []

Package cleveref Info: loaded `ngerman' language definitions on input line 105.


Package fancyhdr Warning: \headheight is too small (12.0pt): 
(fancyhdr)                Make it at least 14.49998pt, for example:
(fancyhdr)                \setlength{\headheight}{14.49998pt}.
(fancyhdr)                You might also make \topmargin smaller:
(fancyhdr)                \addtolength{\topmargin}{-2.49998pt}.

[34 <./figures/x_pp_heatmaps-img0.png> <./figures/x_pp_heatmaps-img1.png> <./fi
gures/x_pp_heatmaps-img2.png>]
Underfull \hbox (badness 10000) in paragraph at lines 106--107

 []

(figures/outer_convergence_error_coupled.pgf)
Underfull \hbox (badness 10000) in paragraph at lines 128--133

 []


Underfull \hbox (badness 10000) in paragraph at lines 134--141

 []


LaTeX Warning: Reference `sec:validierung' on page 35 undefined on input line 1
43.


Underfull \hbox (badness 10000) in paragraph at lines 142--150

 []

Package cleveref Info: loaded `ngerman' language definitions on input line 150.


Package fancyhdr Warning: \headheight is too small (12.0pt): 
(fancyhdr)                Make it at least 14.49998pt, for example:
(fancyhdr)                \setlength{\headheight}{14.49998pt}.
(fancyhdr)                You might also make \topmargin smaller:
(fancyhdr)                \addtolength{\topmargin}{-2.49998pt}.

[35]
Underfull \hbox (badness 10000) in paragraph at lines 151--158

 []


Underfull \hbox (badness 10000) in paragraph at lines 159--166

 []

(figures/inner_start_comparison.pgf)
Underfull \hbox (badness 10000) in paragraph at lines 204--212

 []

Package cleveref Info: loaded `ngerman' language definitions on input line 212.


Package fancyhdr Warning: \headheight is too small (12.0pt): 
(fancyhdr)                Make it at least 14.49998pt, for example:
(fancyhdr)                \setlength{\headheight}{14.49998pt}.
(fancyhdr)                You might also make \topmargin smaller:
(fancyhdr)                \addtolength{\topmargin}{-2.49998pt}.

[36]
Underfull \hbox (badness 10000) in paragraph at lines 213--224

 []


Underfull \hbox (badness 10000) in paragraph at lines 225--233

 []

Package cleveref Info: loaded `ngerman' language definitions on input line 233.


Package fancyhdr Warning: \headheight is too small (12.0pt): 
(fancyhdr)                Make it at least 14.49998pt, for example:
(fancyhdr)                \setlength{\headheight}{14.49998pt}.
(fancyhdr)                You might also make \topmargin smaller:
(fancyhdr)                \addtolength{\topmargin}{-2.49998pt}.

[37]
Underfull \hbox (badness 10000) in paragraph at lines 234--240

 []


Underfull \hbox (badness 10000) in paragraph at lines 241--248

 []


Overfull \hbox (4.02827pt too wide) in paragraph at lines 322--322
\T1/lmr/m/n/12 (-20) nächs- 
 []


Overfull \hbox (3.38832pt too wide) in paragraph at lines 322--322
\T1/lmr/m/n/12 (-20) schlei- 
 []


Overfull \hbox (19.11108pt too wide) in paragraph at lines 322--322
\T1/lmr/m/n/12 (-20) sägezahn 
 []


Overfull \hbox (4.02827pt too wide) in paragraph at lines 322--322
\T1/lmr/m/n/12 (-20) nächs- 
 []


Overfull \hbox (3.38832pt too wide) in paragraph at lines 322--322
\T1/lmr/m/n/12 (-20) schlei- 
 []


Overfull \hbox (19.11108pt too wide) in paragraph at lines 322--322
\T1/lmr/m/n/12 (-20) sägezahn 
 []


Underfull \hbox (badness 10000) in paragraph at lines 328--336

 []

(figures/adaptive_inner_comparison.pgf)
Underfull \hbox (badness 10000) in paragraph at lines 364--374

 []

Package cleveref Info: loaded `ngerman' language definitions on input line 374.


Package fancyhdr Warning: \headheight is too small (12.0pt): 
(fancyhdr)                Make it at least 14.49998pt, for example:
(fancyhdr)                \setlength{\headheight}{14.49998pt}.
(fancyhdr)                You might also make \topmargin smaller:
(fancyhdr)                \addtolength{\topmargin}{-2.49998pt}.

[38]
Underfull \hbox (badness 10000) in paragraph at lines 375--380

 []


Underfull \hbox (badness 10000) in paragraph at lines 383--396

 []


Underfull \hbox (badness 10000) in paragraph at lines 397--408

 []

Package cleveref Info: loaded `ngerman' language definitions on input line 408.


Package fancyhdr Warning: \headheight is too small (12.0pt): 
(fancyhdr)                Make it at least 14.49998pt, for example:
(fancyhdr)                \setlength{\headheight}{14.49998pt}.
(fancyhdr)                You might also make \topmargin smaller:
(fancyhdr)                \addtolength{\topmargin}{-2.49998pt}.

[39] (figures/salazar_adaptive_speedup.pgf)
Underfull \hbox (badness 10000) in paragraph at lines 423--428

 []

Package cleveref Info: loaded `ngerman' language definitions on input line 428.


Package fancyhdr Warning: \headheight is too small (12.0pt): 
(fancyhdr)                Make it at least 14.49998pt, for example:
(fancyhdr)                \setlength{\headheight}{14.49998pt}.
(fancyhdr)                You might also make \topmargin smaller:
(fancyhdr)                \addtolength{\topmargin}{-2.49998pt}.

[40]
Overfull \hbox (21.6702pt too wide) in paragraph at lines 442--442
\T1/lmr/m/n/12 (-20) basierend 
 []


Overfull \hbox (5.89053pt too wide) in paragraph at lines 442--442
\T1/lmr/m/n/12 (-20) punkt- 
 []


Overfull \hbox (6.58704pt too wide) in paragraph at lines 442--442
\T1/lmr/m/n/12 (-20) schnel- 
 []


Overfull \hbox (8.33998pt too wide) in paragraph at lines 442--442
\T1/lmr/m/n/12 (-20) power? 
 []


Overfull \hbox (18.4091pt too wide) in paragraph at lines 442--442
\T1/lmr/m/n/12 (-20) variation 
 []


Overfull \hbox (12.01343pt too wide) in paragraph at lines 442--442
\T1/lmr/m/n/12 (-20) boxplot 
 []


Overfull \hbox (2.72807pt too wide) in paragraph at lines 442--442
\T1/lmr/m/n/12 (-20) durch 
 []


Overfull \hbox (4.01405pt too wide) in paragraph at lines 442--442
\T1/lmr/m/n/12 (-20) boxen 
 []


Overfull \hbox (21.6702pt too wide) in paragraph at lines 442--442
\T1/lmr/m/n/12 (-20) basierend 
 []


Overfull \hbox (5.89053pt too wide) in paragraph at lines 442--442
\T1/lmr/m/n/12 (-20) punkt- 
 []


Overfull \hbox (6.58704pt too wide) in paragraph at lines 442--442
\T1/lmr/m/n/12 (-20) schnel- 
 []


Overfull \hbox (8.33998pt too wide) in paragraph at lines 442--442
\T1/lmr/m/n/12 (-20) power? 
 []


Overfull \hbox (18.4091pt too wide) in paragraph at lines 442--442
\T1/lmr/m/n/12 (-20) variation 
 []


Overfull \hbox (12.01343pt too wide) in paragraph at lines 442--442
\T1/lmr/m/n/12 (-20) boxplot 
 []


Overfull \hbox (2.72807pt too wide) in paragraph at lines 442--442
\T1/lmr/m/n/12 (-20) durch 
 []


Overfull \hbox (4.01405pt too wide) in paragraph at lines 442--442
\T1/lmr/m/n/12 (-20) boxen 
 []


Underfull \hbox (badness 10000) in paragraph at lines 446--454

 []


Underfull \hbox (badness 10000) in paragraph at lines 455--464

 []

(figures/timing_vs_size_from_csv.pgf)
Underfull \hbox (badness 10000) in paragraph at lines 475--482

 []


Underfull \hbox (badness 10000) in paragraph at lines 483--491

 []

Package cleveref Info: loaded `ngerman' language definitions on input line 497.


Package fancyhdr Warning: \headheight is too small (12.0pt): 
(fancyhdr)                Make it at least 14.49998pt, for example:
(fancyhdr)                \setlength{\headheight}{14.49998pt}.
(fancyhdr)                You might also make \topmargin smaller:
(fancyhdr)                \addtolength{\topmargin}{-2.49998pt}.

[41]

LaTeX Warning: Citation 'bibid' on page 42 undefined on input line 498.


Overfull \hbox (15.62514pt too wide) in paragraph at lines 498--498
[][][]\T1/lmr/m/n/12 (-20) literatur[]  
 []


Overfull \hbox (15.62514pt too wide) in paragraph at lines 498--498
[][][]\T1/lmr/m/n/12 (-20) literatur[]  
 []


LaTeX Warning: Citation 'bibid' on page 42 undefined on input line 499.


Overfull \hbox (15.62514pt too wide) in paragraph at lines 499--499
[][][]\T1/lmr/m/n/12 (-20) literatur[]  
 []


Overfull \hbox (15.62514pt too wide) in paragraph at lines 499--499
[][][]\T1/lmr/m/n/12 (-20) literatur[]  
 []


LaTeX Warning: Citation 'bibid' on page 42 undefined on input line 503.


Overfull \hbox (15.62514pt too wide) in paragraph at lines 503--503
[][][]\T1/lmr/m/n/12 (-20) literatur[]  
 []


Overfull \hbox (15.62514pt too wide) in paragraph at lines 503--503
[][][]\T1/lmr/m/n/12 (-20) literatur[]  
 []


Underfull \hbox (badness 10000) in paragraph at lines 497--507

 []


Underfull \hbox (badness 10000) in paragraph at lines 508--516

 []

Package cleveref Info: loaded `ngerman' language definitions on input line 516.


Package fancyhdr Warning: \headheight is too small (12.0pt): 
(fancyhdr)                Make it at least 14.49998pt, for example:
(fancyhdr)                \setlength{\headheight}{14.49998pt}.
(fancyhdr)                You might also make \topmargin smaller:
(fancyhdr)                \addtolength{\topmargin}{-2.49998pt}.

[42]

LaTeX Warning: Reference `sec:Konvergenz der Ã¤uÃŸeren Schleife: Gekoppelte Sen
sitivitÃ¤t' on page 43 undefined on input line 518.


Underfull \hbox (badness 10000) in paragraph at lines 517--523

 []


Overfull \hbox (4.02827pt too wide) in paragraph at lines 535--535
\T1/lmr/m/n/12 (-20) schau- 
 []


Overfull \hbox (4.02827pt too wide) in paragraph at lines 535--535
\T1/lmr/m/n/12 (-20) schau- 
 []


Underfull \hbox (badness 10000) in paragraph at lines 536--541

 []


LaTeX Warning: Citation 'bibid' on page 43 undefined on input line 544.


Overfull \hbox (15.62514pt too wide) in paragraph at lines 544--544
[][][]\T1/lmr/m/n/12 (-20) literatur[]  
 []


Overfull \hbox (15.62514pt too wide) in paragraph at lines 544--544
[][][]\T1/lmr/m/n/12 (-20) literatur[]  
 []


LaTeX Warning: Marginpar on page 43 moved.


Overfull \hbox (26.4048pt too wide) in paragraph at lines 553--553
\T1/lmr/m/n/12 (-20) aufbauend 
 []


Overfull \hbox (26.4048pt too wide) in paragraph at lines 553--553
\T1/lmr/m/n/12 (-20) aufbauend 
 []


LaTeX Warning: Citation 'stott1974' on page 43 undefined on input line 2007.


LaTeX Warning: Citation 'tinney1967' on page 43 undefined on input line 2007.


Underfull \hbox (badness 10000) in paragraph at lines 2001--2010

 []

Package cleveref Info: loaded `ngerman' language definitions on input line 2014
.

Package fancyhdr Warning: \headheight is too small (12.0pt): 
(fancyhdr)                Make it at least 14.49998pt, for example:
(fancyhdr)                \setlength{\headheight}{14.49998pt}.
(fancyhdr)                You might also make \topmargin smaller:
(fancyhdr)                \addtolength{\topmargin}{-2.49998pt}.

[43]

LaTeX Warning: Citation 'pandapower' on page 44 undefined on input line 2055.


LaTeX Warning: Citation 'pandapower' on page 44 undefined on input line 2055.

Package cleveref Info: loaded `ngerman' language definitions on input line 2079
.

Package fancyhdr Warning: \headheight is too small (12.0pt): 
(fancyhdr)                Make it at least 14.49998pt, for example:
(fancyhdr)                \setlength{\headheight}{14.49998pt}.
(fancyhdr)                You might also make \topmargin smaller:
(fancyhdr)                \addtolength{\topmargin}{-2.49998pt}.

[44]
Underfull \hbox (badness 10000) in paragraph at lines 2084--2097

 []


Underfull \hbox (badness 10000) in paragraph at lines 2098--2110

 []

Package cleveref Info: loaded `ngerman' language definitions on input line 2133
.

Package fancyhdr Warning: \headheight is too small (12.0pt): 
(fancyhdr)                Make it at least 14.49998pt, for example:
(fancyhdr)                \setlength{\headheight}{14.49998pt}.
(fancyhdr)                You might also make \topmargin smaller:
(fancyhdr)                \addtolength{\topmargin}{-2.49998pt}.

[45] (figures/rx_inner_invariance.pgf
LaTeX Font Info:    Trying to load font information for T1+lmss on input line 1
70.

(C:\Users\sgrigorevski\AppData\Local\Programs\MiKTeX\tex/latex/lm\t1lmss.fd
File: t1lmss.fd 2015/05/01 v1.6.1 Font defs for Latin Modern
)
Package microtype Info: Loading generic protrusion settings for font family
(microtype)             `lmss' (encoding: T1).
(microtype)             For optimal results, create family-specific settings.
(microtype)             See the microtype manual for details.
LaTeX Font Info:    Calculating math sizes for size <6.5> on input line 2391.
LaTeX Font Info:    External font `lmex10' loaded for size
(Font)              <6.5> on input line 2391.
LaTeX Font Info:    External font `lmex10' loaded for size
(Font)              <4.54997> on input line 2391.
LaTeX Font Info:    External font `lmex10' loaded for size
(Font)              <3.25> on input line 2391.
)
Overfull \hbox (8.75514pt too wide) in paragraph at lines 4988--2147
 [][] 
 []


LaTeX Warning: Reference `eq:eta-bound' on page 46 undefined on input line 2157
.


Underfull \hbox (badness 10000) in paragraph at lines 2151--2167

 []

Package cleveref Info: loaded `ngerman' language definitions on input line 2186
.

Package fancyhdr Warning: \headheight is too small (12.0pt): 
(fancyhdr)                Make it at least 14.49998pt, for example:
(fancyhdr)                \setlength{\headheight}{14.49998pt}.
(fancyhdr)                You might also make \topmargin smaller:
(fancyhdr)                \addtolength{\topmargin}{-2.49998pt}.

[46] (figures/rx_collapse.pgf)
Overfull \hbox (8.75514pt too wide) in paragraph at lines 2831--2249
 [][] 
 []

Package cleveref Info: loaded `ngerman' language definitions on input line 2251
.

Package fancyhdr Warning: \headheight is too small (12.0pt): 
(fancyhdr)                Make it at least 14.49998pt, for example:
(fancyhdr)                \setlength{\headheight}{14.49998pt}.
(fancyhdr)                You might also make \topmargin smaller:
(fancyhdr)                \addtolength{\topmargin}{-2.49998pt}.

[47]

LaTeX Warning: Reference `eq:eta-bound' on page 48 undefined on input line 2265
.

Package cleveref Info: loaded `ngerman' language definitions on input line 2286
.

Package fancyhdr Warning: \headheight is too small (12.0pt): 
(fancyhdr)                Make it at least 14.49998pt, for example:
(fancyhdr)                \setlength{\headheight}{14.49998pt}.
(fancyhdr)                You might also make \topmargin smaller:
(fancyhdr)                \addtolength{\topmargin}{-2.49998pt}.

[48]
Underfull \hbox (badness 10000) in paragraph at lines 2312--2324

 []


LaTeX Warning: Reference `sec:methode_a_sensitivitaet' on page 49 undefined on 
input line 2326.


LaTeX Warning: Reference `tab:rx-predictor' on page 49 undefined on input line 
2375.

Package cleveref Info: loaded `ngerman' language definitions on input line 2383
.

Package fancyhdr Warning: \headheight is too small (12.0pt): 
(fancyhdr)                Make it at least 14.49998pt, for example:
(fancyhdr)                \setlength{\headheight}{14.49998pt}.
(fancyhdr)                You might also make \topmargin smaller:
(fancyhdr)                \addtolength{\topmargin}{-2.49998pt}.

[49]

LaTeX Warning: Reference `tab:rx-outer-fail' on page 50 undefined on input line
 2390.


LaTeX Warning: Reference `tab:rx-outer-fail' on page 50 undefined on input line
 2390.

(figures/rx_outer_iterations.pgf)
Overfull \hbox (8.75514pt too wide) in paragraph at lines 5314--2433
 [][] 
 []


Underfull \hbox (badness 10000) in paragraph at lines 2451--2463

 []

Package cleveref Info: loaded `ngerman' language definitions on input line 2463
.

Package fancyhdr Warning: \headheight is too small (12.0pt): 
(fancyhdr)                Make it at least 14.49998pt, for example:
(fancyhdr)                \setlength{\headheight}{14.49998pt}.
(fancyhdr)                You might also make \topmargin smaller:
(fancyhdr)                \addtolength{\topmargin}{-2.49998pt}.

[50]
Package cleveref Info: loaded `ngerman' language definitions on input line 2463
.


Package fancyhdr Warning: \headheight is too small (12.0pt): 
(fancyhdr)                Make it at least 14.49998pt, for example:
(fancyhdr)                \setlength{\headheight}{14.49998pt}.
(fancyhdr)                You might also make \topmargin smaller:
(fancyhdr)                \addtolength{\topmargin}{-2.49998pt}.

[51]

LaTeX Warning: Reference `tab:rx-outer-fail' on page 52 undefined on input line
 2478.


Underfull \hbox (badness 10000) in paragraph at lines 2464--2480

 []


LaTeX Warning: Reference `tab:rx-predictor' on page 52 undefined on input line 
2489.


LaTeX Warning: Reference `tab:rx-outer-fail' on page 52 undefined on input line
 2499.


LaTeX Warning: Reference `tab:rx-nr' on page 52 undefined on input line 2516.

Package cleveref Info: loaded `ngerman' language definitions on input line 2520
.

Package fancyhdr Warning: \headheight is too small (12.0pt): 
(fancyhdr)                Make it at least 14.49998pt, for example:
(fancyhdr)                \setlength{\headheight}{14.49998pt}.
(fancyhdr)                You might also make \topmargin smaller:
(fancyhdr)                \addtolength{\topmargin}{-2.49998pt}.

[52]
LaTeX Font Info:    Font shape `T1/lmtt/bx/n' in size <12> not available
(Font)              Font shape `T1/lmtt/b/n' tried instead on input line 2522.


LaTeX Warning: Reference `sec:methode_a_sensitivitaet' on page 53 undefined on 
input line 2546.


LaTeX Warning: Reference `sec:ausblick' on page 53 undefined on input line 2556
.

Package cleveref Info: loaded `ngerman' language definitions on input line 2557
.

Package fancyhdr Warning: \headheight is too small (12.0pt): 
(fancyhdr)                Make it at least 14.49998pt, for example:
(fancyhdr)                \setlength{\headheight}{14.49998pt}.
(fancyhdr)                You might also make \topmargin smaller:
(fancyhdr)                \addtolength{\topmargin}{-2.49998pt}.

[53]

LaTeX Warning: Reference `tab:rx-nr' on page 54 undefined on input line 2564.


Underfull \hbox (badness 10000) in paragraph at lines 2583--2592

 []


Underfull \hbox (badness 10000) in paragraph at lines 2593--2610

 []

Package cleveref Info: loaded `ngerman' language definitions on input line 2610
.

Package fancyhdr Warning: \headheight is too small (12.0pt): 
(fancyhdr)                Make it at least 14.49998pt, for example:
(fancyhdr)                \setlength{\headheight}{14.49998pt}.
(fancyhdr)                You might also make \topmargin smaller:
(fancyhdr)                \addtolength{\topmargin}{-2.49998pt}.

[54]
Underfull \hbox (badness 10000) in paragraph at lines 2611--2623

 []


LaTeX Warning: Reference `sec:ausblick' on page 55 undefined on input line 2632
.

Package cleveref Info: loaded `ngerman' language definitions on input line 2670
.

Package fancyhdr Warning: \headheight is too small (12.0pt): 
(fancyhdr)                Make it at least 14.49998pt, for example:
(fancyhdr)                \setlength{\headheight}{14.49998pt}.
(fancyhdr)                You might also make \topmargin smaller:
(fancyhdr)                \addtolength{\topmargin}{-2.49998pt}.

[55]
LaTeX Font Info:    External font `lmex10' loaded for size
(Font)              <10.95> on input line 2792.
Package cleveref Info: loaded `ngerman' language definitions on input line 2845
.


Package fancyhdr Warning: \headheight is too small (12.0pt): 
(fancyhdr)                Make it at least 14.49998pt, for example:
(fancyhdr)                \setlength{\headheight}{14.49998pt}.
(fancyhdr)                You might also make \topmargin smaller:
(fancyhdr)                \addtolength{\topmargin}{-2.49998pt}.

[56]
Package cleveref Info: loaded `ngerman' language definitions on input line 2900
.


Package fancyhdr Warning: \headheight is too small (12.0pt): 
(fancyhdr)                Make it at least 14.49998pt, for example:
(fancyhdr)                \setlength{\headheight}{14.49998pt}.
(fancyhdr)                You might also make \topmargin smaller:
(fancyhdr)                \addtolength{\topmargin}{-2.49998pt}.

[57]
Overfull \hbox (8.57881pt too wide) in paragraph at lines 2976--2977
 [][] 
 []


Overfull \hbox (8.57881pt too wide) in paragraph at lines 3010--3011
 [][] 
 []

Package cleveref Info: loaded `ngerman' language definitions on input line 3029
.

Package fancyhdr Warning: \headheight is too small (12.0pt): 
(fancyhdr)                Make it at least 14.49998pt, for example:
(fancyhdr)                \setlength{\headheight}{14.49998pt}.
(fancyhdr)                You might also make \topmargin smaller:
(fancyhdr)                \addtolength{\topmargin}{-2.49998pt}.

[58]
Package cleveref Info: loaded `ngerman' language definitions on input line 3108
.


Package fancyhdr Warning: \headheight is too small (12.0pt): 
(fancyhdr)                Make it at least 14.49998pt, for example:
(fancyhdr)                \setlength{\headheight}{14.49998pt}.
(fancyhdr)                You might also make \topmargin smaller:
(fancyhdr)                \addtolength{\topmargin}{-2.49998pt}.

[59]
Package cleveref Info: loaded `ngerman' language definitions on input line 3155
.


Package fancyhdr Warning: \headheight is too small (12.0pt): 
(fancyhdr)                Make it at least 14.49998pt, for example:
(fancyhdr)                \setlength{\headheight}{14.49998pt}.
(fancyhdr)                You might also make \topmargin smaller:
(fancyhdr)                \addtolength{\topmargin}{-2.49998pt}.

[60]
Package cleveref Info: loaded `ngerman' language definitions on input line 3211
.


Package fancyhdr Warning: \headheight is too small (12.0pt): 
(fancyhdr)                Make it at least 14.49998pt, for example:
(fancyhdr)                \setlength{\headheight}{14.49998pt}.
(fancyhdr)                You might also make \topmargin smaller:
(fancyhdr)                \addtolength{\topmargin}{-2.49998pt}.

[61]
Package cleveref Info: loaded `ngerman' language definitions on input line 3301
.


Package fancyhdr Warning: \headheight is too small (12.0pt): 
(fancyhdr)                Make it at least 14.49998pt, for example:
(fancyhdr)                \setlength{\headheight}{14.49998pt}.
(fancyhdr)                You might also make \topmargin smaller:
(fancyhdr)                \addtolength{\topmargin}{-2.49998pt}.

[62]
<figures/p1_kout_kin_vs_npv.pdf, id=1193, 457.91287pt x 223.6355pt>
File: figures/p1_kout_kin_vs_npv.pdf Graphic file (type pdf)
<use figures/p1_kout_kin_vs_npv.pdf>
Package pdftex.def Info: figures/p1_kout_kin_vs_npv.pdf  used on input line 335
6.
(pdftex.def)             Requested size: 384.10962pt x 187.59319pt.
Package cleveref Info: loaded `ngerman' language definitions on input line 3362
.


Package fancyhdr Warning: \headheight is too small (12.0pt): 
(fancyhdr)                Make it at least 14.49998pt, for example:
(fancyhdr)                \setlength{\headheight}{14.49998pt}.
(fancyhdr)                You might also make \topmargin smaller:
(fancyhdr)                \addtolength{\topmargin}{-2.49998pt}.

[63]

LaTeX Warning: Reference `sec:rx-verhaeltnis' on page 64 undefined on input lin
e 3373.


LaTeX Warning: Reference `sec:pv-share-interaktion' on page 64 undefined on inp
ut line 3383.


Underfull \hbox (badness 10000) in paragraph at lines 3399--3411

 []

Package cleveref Info: loaded `ngerman' language definitions on input line 3411
.

Package fancyhdr Warning: \headheight is too small (12.0pt): 
(fancyhdr)                Make it at least 14.49998pt, for example:
(fancyhdr)                \setlength{\headheight}{14.49998pt}.
(fancyhdr)                You might also make \topmargin smaller:
(fancyhdr)                \addtolength{\topmargin}{-2.49998pt}.

[64 <./figures/p1_kout_kin_vs_npv.pdf>]
Underfull \hbox (badness 10000) in paragraph at lines 3423--3436

 []


Underfull \hbox (badness 10000) in paragraph at lines 3462--3470

 []

Package cleveref Info: loaded `ngerman' language definitions on input line 3470
.

Package fancyhdr Warning: \headheight is too small (12.0pt): 
(fancyhdr)                Make it at least 14.49998pt, for example:
(fancyhdr)                \setlength{\headheight}{14.49998pt}.
(fancyhdr)                You might also make \topmargin smaller:
(fancyhdr)                \addtolength{\topmargin}{-2.49998pt}.

[65] (figures/batch_scaling_tau.pgf
LaTeX Font Info:    External font `lmex10' loaded for size
(Font)              <9> on input line 1166.
LaTeX Font Info:    Calculating math sizes for size <6.8> on input line 3272.
LaTeX Font Info:    External font `lmex10' loaded for size
(Font)              <6.8> on input line 3272.
LaTeX Font Info:    External font `lmex10' loaded for size
(Font)              <4.75998> on input line 3272.
LaTeX Font Info:    External font `lmex10' loaded for size
(Font)              <3.4> on input line 3272.
)
Overfull \hbox (28.50984pt too wide) in paragraph at lines 6525--3493
 [][] 
 []


Underfull \hbox (badness 10000) in paragraph at lines 3497--3504

 []

Package cleveref Info: loaded `ngerman' language definitions on input line 3505
.

Package fancyhdr Warning: \headheight is too small (12.0pt): 
(fancyhdr)                Make it at least 14.49998pt, for example:
(fancyhdr)                \setlength{\headheight}{14.49998pt}.
(fancyhdr)                You might also make \topmargin smaller:
(fancyhdr)                \addtolength{\topmargin}{-2.49998pt}.

[66]
Package cleveref Info: loaded `ngerman' language definitions on input line 3592
.


Package fancyhdr Warning: \headheight is too small (12.0pt): 
(fancyhdr)                Make it at least 14.49998pt, for example:
(fancyhdr)                \setlength{\headheight}{14.49998pt}.
(fancyhdr)                You might also make \topmargin smaller:
(fancyhdr)                \addtolength{\topmargin}{-2.49998pt}.

[67]
Underfull \hbox (badness 10000) in paragraph at lines 3615--3626

 []

Package cleveref Info: loaded `ngerman' language definitions on input line 3626
.

Package fancyhdr Warning: \headheight is too small (12.0pt): 
(fancyhdr)                Make it at least 14.49998pt, for example:
(fancyhdr)                \setlength{\headheight}{14.49998pt}.
(fancyhdr)                You might also make \topmargin smaller:
(fancyhdr)                \addtolength{\topmargin}{-2.49998pt}.

[68]
Underfull \hbox (badness 10000) in paragraph at lines 3627--3636

 []


LaTeX Warning: Reference `sec:ausblick' on page 69 undefined on input line 3650
.

)
Package cleveref Info: loaded `ngerman' language definitions on input line 99.


Package fancyhdr Warning: \headheight is too small (12.0pt): 
(fancyhdr)                Make it at least 14.49998pt, for example:
(fancyhdr)                \setlength{\headheight}{14.49998pt}.
(fancyhdr)                You might also make \topmargin smaller:
(fancyhdr)                \addtolength{\topmargin}{-2.49998pt}.

[69] (main.tdo)
\tf@tdo=\write7
\openout7 = `main.tdo'.

 [70

]
Package microtype Info: Character `029' is missing
(microtype)             in font `T1/lmr/m/sc/12'.
(microtype)             Ignoring protrusion settings for this character.
 [71


]

Package biblatex Warning: No driver for 'standard'.
(biblatex)                Using fallback driver on input line 100.

Package cleveref Info: loaded `ngerman' language definitions on input line 108.


Package fancyhdr Warning: \headheight is too small (12.0pt): 
(fancyhdr)                Make it at least 14.49998pt, for example:
(fancyhdr)                \setlength{\headheight}{14.49998pt}.
(fancyhdr)                You might also make \topmargin smaller:
(fancyhdr)                \addtolength{\topmargin}{-2.49998pt}.

[72] (main.aux
Package cleveref Info: loaded `ngerman' language definitions on input line 9.
)
 ***********
LaTeX2e <2023-11-01> patch level 1
L3 programming layer <2024-01-04>
 ***********


LaTeX Warning: There were undefined references.

Package rerunfilecheck Info: File `main.out' has not changed.
(rerunfilecheck)             Checksum: 2799C0C19588D7BD0D9DE8C65D1CE194;16111.
Package logreq Info: Writing requests to 'main.run.xml'.
\openout1 = `main.run.xml'.

 ) 
Here is how much of TeX's memory you used:
 47873 strings out of 474486
 980878 string characters out of 5740452
 2005542 words of memory out of 5000000
 68454 multiletter control sequences out of 15000+600000
 801719 words of font info for 467 fonts, out of 8000000 for 9000
 1143 hyphenation exceptions out of 8191
 104i,14n,104p,1180b,3044s stack positions out of 10000i,1000n,20000p,200000b,200000s

pdfTeX warning (dest): name{Hfootnote.2} has been referenced but does not exist
, replaced by a fixed one


pdfTeX warning (dest): name{Hfootnote.1} has been referenced but does not exist
, replaced by a fixed one

<C:/Users/sgrigorevski/AppData/Local/Programs/MiKTeX/fonts/type1/public/lm/lmbx
10.pfb><C:/Users/sgrigorevski/AppData/Local/Programs/MiKTeX/fonts/type1/public/
lm/lmbx12.pfb><C:/Users/sgrigorevski/AppData/Local/Programs/MiKTeX/fonts/type1/
public/lm/lmbx8.pfb><C:/Users/sgrigorevski/AppData/Local/Programs/MiKTeX/fonts/
type1/public/lm/lmcsc10.pfb><C:/Users/sgrigorevski/AppData/Local/Programs/MiKTe
X/fonts/type1/public/lm/lmex10.pfb><C:/Users/sgrigorevski/AppData/Local/Program
s/MiKTeX/fonts/type1/public/lm/lmmi10.pfb><C:/Users/sgrigorevski/AppData/Local/
Programs/MiKTeX/fonts/type1/public/lm/lmmi12.pfb><C:/Users/sgrigorevski/AppData
/Local/Programs/MiKTeX/fonts/type1/public/lm/lmmi5.pfb><C:/Users/sgrigorevski/A
ppData/Local/Programs/MiKTeX/fonts/type1/public/lm/lmmi6.pfb><C:/Users/sgrigore
vski/AppData/Local/Programs/MiKTeX/fonts/type1/public/lm/lmmi7.pfb><C:/Users/sg
rigorevski/AppData/Local/Programs/MiKTeX/fonts/type1/public/lm/lmmi8.pfb><C:/Us
ers/sgrigorevski/AppData/Local/Programs/MiKTeX/fonts/type1/public/lm/lmmi9.pfb>
<C:/Users/sgrigorevski/AppData/Local/Programs/MiKTeX/fonts/type1/public/lm/lmmi
b10.pfb><C:/Users/sgrigorevski/AppData/Local/Programs/MiKTeX/fonts/type1/public
/lm/lmr10.pfb><C:/Users/sgrigorevski/AppData/Local/Programs/MiKTeX/fonts/type1/
public/lm/lmr12.pfb><C:/Users/sgrigorevski/AppData/Local/Programs/MiKTeX/fonts/
type1/public/lm/lmr5.pfb><C:/Users/sgrigorevski/AppData/Local/Programs/MiKTeX/f
onts/type1/public/lm/lmr6.pfb><C:/Users/sgrigorevski/AppData/Local/Programs/MiK
TeX/fonts/type1/public/lm/lmr7.pfb><C:/Users/sgrigorevski/AppData/Local/Program
s/MiKTeX/fonts/type1/public/lm/lmr8.pfb><C:/Users/sgrigorevski/AppData/Local/Pr
ograms/MiKTeX/fonts/type1/public/lm/lmr9.pfb><C:/Users/sgrigorevski/AppData/Loc
al/Programs/MiKTeX/fonts/type1/public/lm/lmri12.pfb><C:/Users/sgrigorevski/AppD
ata/Local/Programs/MiKTeX/fonts/type1/public/lm/lmss8.pfb><C:/Users/sgrigorevsk
i/AppData/Local/Programs/MiKTeX/fonts/type1/public/lm/lmsy10.pfb><C:/Users/sgri
gorevski/AppData/Local/Programs/MiKTeX/fonts/type1/public/lm/lmsy5.pfb><C:/User
s/sgrigorevski/AppData/Local/Programs/MiKTeX/fonts/type1/public/lm/lmsy6.pfb><C
:/Users/sgrigorevski/AppData/Local/Programs/MiKTeX/fonts/type1/public/lm/lmsy7.
pfb><C:/Users/sgrigorevski/AppData/Local/Programs/MiKTeX/fonts/type1/public/lm/
lmsy8.pfb><C:/Users/sgrigorevski/AppData/Local/Programs/MiKTeX/fonts/type1/publ
ic/lm/lmtk10.pfb><C:/Users/sgrigorevski/AppData/Local/Programs/MiKTeX/fonts/typ
e1/public/lm/lmtt12.pfb><C:/Users/sgrigorevski/AppData/Local/Programs/MiKTeX/fo
nts/type1/public/amsfonts/symbols/msam10.pfb><C:/Users/sgrigorevski/AppData/Loc
al/Programs/MiKTeX/fonts/type1/public/amsfonts/symbols/msbm10.pfb>
Output written on main.pdf (81 pages, 1098135 bytes).
PDF statistics:
 1616 PDF objects out of 1728 (max. 8388607)
 416 named destinations out of 1000 (max. 500000)
 135265 words of extra memory for PDF output out of 154059 (max. 10000000)

