n_bus,seed,n_pv,share,placement,variant,lam,rho,sp_mode,delta,tau,q_lim_pu,pv_p_factor,v_min_base,eta_pq,k_in_pq,depth_pv_mean,r_ohm,x_ohm,cond,rho_jacobi,min_diag_off,offdiag_share,coupling_mean,xkk_mean,converged,conv_share,k_out,k_in,k_ratio,t_pre_ms,t_solve_ms,t_wall_ms,t_per_scen_ms,gflops,n_gemm,pv_v_err,v_min,v_max,q_max,q_med,q_sum,sat_share,eta_final,eps_lin_meas,eps_lin_pred,hist_err,hist_kin,nr_conv,nr_iter,t_nr_ms,err_vm,err_va_deg,err_q_pu,exp
40,0,1,0.02564102564102564,random,coupled,1.0,7.73,delta,0.005,1,,0.0,0.9700000000000039,0.025496915915996933,7,5.0,0.6416530571848671,0.08300815746246663,1.0,0.0,inf,0.0,0.0,0.07782014762106246,True,1.0,8,16,2.0,0.2672000009624753,1.02100000003702,4.496600000493345,1.02100000003702,0.19068364347986375,16,4.305758677380922e-07,0.9699999999997905,0.9958538457565167,0.07224716642390508,0.07224716642390508,0.07224716642390508,,,0.14378761149488942,0.15371050434251862,4.921878e-03;5.711497e-04;1.564501e-04;4.708059e-05;1.447510e-05;4.478407e-06;1.388219e-06;4.305759e-07,2;2;2;2;2;2;2;2,True,4.0,5242.223200000808,4.305758676270699e-07,0.000277697434477546,7.94603783607628e-06,E1
40,0,1,0.02564102564102564,random,decoupled,1.0,7.73,delta,0.005,1,,0.0,0.9700000000000039,0.025496915915996933,7,5.0,0.6416530571848671,0.08300815746246663,1.0,0.0,inf,0.0,0.0,0.07782014762106246,True,1.0,8,16,2.0,0.21129999913682695,1.1300000005576294,4.406100000778679,1.1300000005576294,0.1722902654017043,16,4.305758678491145e-07,0.9699999999997905,0.9958538457565167,0.07224716642390419,0.07224716642390419,0.07224716642390419,,,0.1437876114948753,0.15371050434251862,4.921878e-03;5.711497e-04;1.564501e-04;4.708059e-05;1.447510e-05;4.478407e-06;1.388219e-06;4.305759e-07,2;2;2;2;2;2;2;2,,,,,,,E1
40,1,1,0.02564102564102564,random,coupled,1.0,7.73,delta,0.005,1,,0.0,0.9700000000000015,0.02584312413815851,7,2.0,0.6416530571848671,0.08300815746246663,1.0,0.0,inf,0.0,0.0,0.031128059048424965,True,1.0,8,16,2.0,0.1525999996374594,0.9732999988045776,4.010600001493003,0.9732999988045776,0.20002876835417535,16,7.24592207457242e-07,0.9736627401612259,0.9970444088374668,0.18771033782673638,0.18771033782673638,0.18771033782673638,,,0.17755489283355338,0.15227640525652852,4.960280e-03;6.473850e-04;1.887468e-04;6.052385e-05;1.987920e-05;6.578629e-06;2.182420e-06;7.245922e-07,2;2;2;2;2;2;2;2,,,,,,,E1
40,1,1,0.02564102564102564,random,decoupled,1.0,7.73,delta,0.005,1,,0.0,0.9700000000000015,0.02584312413815851,7,2.0,0.6416530571848671,0.08300815746246663,1.0,0.0,inf,0.0,0.0,0.031128059048424965,True,1.0,8,16,2.0,0.15859999984968454,1.1277999983576592,4.232900000715745,1.1277999983576592,0.17262635244148902,16,7.245922073462197e-07,0.9736627401612259,0.9970444088374668,0.1877103378267466,0.1877103378267466,0.1877103378267466,,,0.17755489283361753,0.15227640525652852,4.960280e-03;6.473850e-04;1.887468e-04;6.052385e-05;1.987920e-05;6.578629e-06;2.182420e-06;7.245922e-07,2;2;2;2;2;2;2;2,,,,,,,E1
40,2,1,0.02564102564102564,random,coupled,1.0,7.73,delta,0.005,1,,0.0,0.9700000000000037,0.025680658562590046,7,3.0,0.6416530571848671,0.08300815746246663,1.0,0.0,inf,0.0,0.0,0.04669208857263742,True,1.0,9,18,2.0,0.1771000006556278,1.0925000005954644,4.228800000419142,1.0925000005954644,0.20047963375800598,18,3.6957677174154213e-07,0.9699999999997791,0.9973511502998226,0.1270117083838165,0.1270117083838165,0.1270117083838165,,,0.19242090859213656,0.1519284908124249,4.936116e-03;6.999986e-04;2.139633e-04;7.198158e-05;2.485263e-05;8.654418e-06;3.022591e-06;1.056731e-06;3.695768e-07,2;2;2;2;2;2;2;2;2,,,,,,,E1
40,2,1,0.02564102564102564,random,decoupled,1.0,7.73,delta,0.005,1,,0.0,0.9700000000000037,0.025680658562590046,7,3.0,0.6416530571848671,0.08300815746246663,1.0,0.0,inf,0.0,0.0,0.04669208857263742,True,1.0,9,18,2.0,0.15640000128769316,1.2689999985013856,4.504700000325101,1.2689999985013856,0.1725957448846765,18,3.6957677174154213e-07,0.9699999999997791,0.9973511502998226,0.12701170838381776,0.12701170838381776,0.12701170838381776,,,0.19242090859214825,0.1519284908124249,4.936116e-03;6.999986e-04;2.139633e-04;7.198158e-05;2.485263e-05;8.654418e-06;3.022591e-06;1.056731e-06;3.695768e-07,2;2;2;2;2;2;2;2;2,,,,,,,E1
40,3,1,0.02564102564102564,random,coupled,1.0,7.73,delta,0.005,1,,0.0,0.9700000000000042,0.025871074870932393,7,3.0,0.6416530571848671,0.08300815746246663,1.0,0.0,inf,0.0,0.0,0.046692088572637507,True,1.0,8,16,2.0,0.16200000027311035,0.9742000002006534,4.023999999844818,0.9742000002006534,0.1998439745020536,16,5.969350275192298e-07,0.9699999999997678,0.9964176573524618,0.12352539372778017,0.12352539372778017,0.12352539372778017,,,0.16606219701310604,0.1527590340582906,4.955277e-03;6.167502e-04;1.758763e-04;5.509566e-05;1.765941e-05;5.700014e-06;1.843933e-06;5.969350e-07,2;2;2;2;2;2;2;2,,,,,,,E1
40,3,1,0.02564102564102564,random,decoupled,1.0,7.73,delta,0.005,1,,0.0,0.9700000000000042,0.025871074870932393,7,3.0,0.6416530571848671,0.08300815746246663,1.0,0.0,inf,0.0,0.0,0.046692088572637507,True,1.0,8,16,2.0,0.1560000000608852,1.1164000006829156,4.162600000199745,1.1164000006829156,0.174389107739974,16,5.969350274082075e-07,0.9699999999997678,0.9964176573524618,0.1235253937277845,0.1235253937277845,0.1235253937277845,,,0.1660621970131469,0.1527590340582906,4.955277e-03;6.167502e-04;1.758763e-04;5.509566e-05;1.765941e-05;5.700014e-06;1.843933e-06;5.969350e-07,2;2;2;2;2;2;2;2,,,,,,,E1
40,4,1,0.02564102564102564,random,coupled,1.0,7.73,delta,0.005,1,,0.0,0.9700000000000017,0.025487326094243618,7,1.0,0.6416530571848671,0.08300815746246663,1.0,0.0,inf,0.0,0.0,0.015564029524212474,True,1.0,9,18,2.0,0.240999999732594,1.1464999988675117,4.62119999974675,1.1464999988675117,0.1910370695301764,18,3.934244254821806e-07,0.9699999999997887,1.000946875155783,0.3868782135291667,0.3868782135291667,0.3868782135291667,,,0.2061496139310569,0.1513595255948989,4.984227e-03;7.120765e-04;2.188993e-04;7.410138e-05;2.575188e-05;9.027605e-06;3.174267e-06;1.117306e-06;3.934244e-07,2;2;2;2;2;2;2;2;2,,,,,,,E1
40,4,1,0.02564102564102564,random,decoupled,1.0,7.73,delta,0.005,1,,0.0,0.9700000000000017,0.025487326094243618,7,1.0,0.6416530571848671,0.08300815746246663,1.0,0.0,inf,0.0,0.0,0.015564029524212474,True,1.0,9,18,2.0,0.16150000010384247,1.2497000006987946,4.382799999802955,1.2497000006987946,0.1752612626050479,18,3.934244254821806e-07,0.9699999999997887,1.000946875155783,0.3868782135291905,0.3868782135291905,0.3868782135291905,,,0.20614961393113126,0.1513595255948989,4.984227e-03;7.120765e-04;2.188993e-04;7.410138e-05;2.575188e-05;9.027605e-06;3.174267e-06;1.117306e-06;3.934244e-07,2;2;2;2;2;2;2;2;2,,,,,,,E1
40,0,2,0.05128205128205128,random,coupled,1.0,7.73,delta,0.005,1,,0.0,0.9700000000000039,0.025496915915996933,7,3.0,0.6416530571848671,0.08300815746246663,5.000000000000022,1.1102230246251565e-16,15564029524212.484,0.0,0.0,0.04669208857263763,True,1.0,9,18,2.0,0.23499999952036887,1.1709999998856802,5.518300000403542,1.1709999998856802,0.18704013665361435,18,3.5219219640669763e-07,0.9747502534233934,0.9995902423852117,0.3840489799139795,0.22840452717662038,0.45680905435324076,,,0.19895818787824468,0.15341123238690596,4.975241e-03;6.977978e-04;2.119056e-04;7.085252e-05;2.430848e-05;8.410512e-06;2.918348e-06;1.013640e-06;3.521922e-07,2;2;2;2;2;2;2;2;2,True,4.0,48.369799998909,3.523779981140507e-07,0.0002397603017996848,3.479491871277718e-05,E1
40,0,2,0.05128205128205128,random,decoupled,1.0,7.73,delta,0.005,1,,0.0,0.9700000000000039,0.025496915915996933,7,3.0,0.6416530571848671,0.08300815746246663,5.000000000000022,1.1102230246251565e-16,15564029524212.484,0.0,0.0,0.04669208857263763,True,1.0,9,18,2.0,0.1609999999345746,1.2785999988409458,4.356999999799882,1.2785999988409458,0.17129985937630676,18,3.5219219640669763e-07,0.9747502534233934,0.9995902423852117,0.3840489799139945,0.22840452717662765,0.4568090543532553,,,0.19895818787829148,0.15341123238690596,4.975241e-03;6.977978e-04;2.119056e-04;7.085252e-05;2.430848e-05;8.410512e-06;2.918348e-06;1.013640e-06;3.521922e-07,2;2;2;2;2;2;2;2;2,,,,,,,E1
40,1,2,0.05128205128205128,random,coupled,1.0,7.73,delta,0.005,1,,0.0,0.9700000000000015,0.02584312413815851,7,2.5,0.6416530571848671,0.08300815746246663,1.4999999999999996,1.1102230246251565e-16,31128059048424.96,0.0,0.0,0.0389100738105312,True,1.0,8,16,2.0,0.17719999959808774,0.9989000009227311,4.249399999025627,0.9989000009227311,0.19490239245185453,16,7.24592207457242e-07,0.97510281710968,0.9970444088374668,0.18771033782673638,0.15499153390090262,0.30998306780180523,,,0.17755489283355338,0.15282392097189879,4.960280e-03;6.473850e-04;1.887468e-04;6.052385e-05;1.987920e-05;6.578629e-06;2.182420e-06;7.245922e-07,2;2;2;2;2;2;2;2,,,,,,,E1
40,1,2,0.05128205128205128,random,decoupled,1.0,7.73,delta,0.005,1,,0.0,0.9700000000000015,0.02584312413815851,7,2.5,0.6416530571848671,0.08300815746246663,1.4999999999999996,1.1102230246251565e-16,31128059048424.96,0.0,0.0,0.0389100738105312,True,1.0,8,16,2.0,0.15979999989212956,1.1398000006010989,4.1841999991447665,1.1398000006010989,0.17080891375445426,16,7.245922073462197e-07,0.9751028171096802,0.9970444088374668,0.1877103378267466,0.15499153390091208,0.30998306780182416,,,0.17755489283361753,0.15282392097189879,4.960280e-03;6.473850e-04;1.887468e-04;6.052385e-05;1.987920e-05;6.578629e-06;2.182420e-06;7.245922e-07,2;2;2;2;2;2;2;2,,,,,,,E1
40,2,2,0.05128205128205128,random,coupled,1.0,7.73,delta,0.005,1,,0.0,0.9700000000000037,0.025680658562590046,7,3.5,0.6416530571848671,0.08300815746246663,2.4999999999999964,1.1102230246251565e-16,31128059048424.984,0.0,0.0,0.05447410333474367,True,1.0,9,18,2.0,0.1720000000204891,1.1224999998376006,4.23899999987043,1.1224999998376006,0.19512160359170388,18,4.5590237873760486e-07,0.9750414290018032,1.0008135649456502,0.19374103384586497,0.13256814695735947,0.26513629391471893,,,0.20819345731200703,0.15410784212392936,4.957781e-03;7.312171e-04;2.283532e-04;7.858425e-05;2.778462e-05;9.913662e-06;3.548597e-06;1.271673e-06;4.559024e-07,2;2;2;2;2;2;2;2;2,,,,,,,E1
40,2,2,0.05128205128205128,random,decoupled,1.0,7.73,delta,0.005,1,,0.0,0.9700000000000037,0.025680658562590046,7,3.5,0.6416530571848671,0.08300815746246663,2.4999999999999964,1.1102230246251565e-16,31128059048424.984,0.0,0.0,0.05447410333474367,True,1.0,9,18,2.0,0.16680000044289045,1.322000000072876,4.4100000013713725,1.322000000072876,0.16567624809979287,18,4.5590237873760486e-07,0.9750414290018032,1.0008135649456502,0.19374103384586688,0.13256814695735974,0.2651362939147195,,,0.20819345731201902,0.15410784212392936,4.957781e-03;7.312171e-04;2.283532e-04;7.858425e-05;2.778462e-05;9.913662e-06;3.548597e-06;1.271673e-06;4.559024e-07,2;2;2;2;2;2;2;2;2,,,,,,,E1
40,3,2,0.05128205128205128,random,coupled,1.0,7.73,delta,0.005,1,,0.0,0.9700000000000042,0.025871074870932393,7,3.5,0.6416530571848671,0.08300815746246663,1.333333333333328,0.0,46692088572637.555,0.0,0.0,0.054474103334743694,True,1.0,8,16,2.0,0.158200000441866,1.0142999999516178,4.085200000190525,1.0142999999516178,0.19194321207659137,16,8.143731802245924e-07,0.9699999999997678,0.9971294298528338,0.12391093035903314,0.10900483676791238,0.21800967353582476,,,0.18146056650210557,0.15267525619055858,4.961550e-03;6.600582e-04;1.955857e-04;6.370517e-05;2.126373e-05;7.153053e-06;2.412507e-06;8.143732e-07,2;2;2;2;2;2;2;2,,,,,,,E1
40,3,2,0.05128205128205128,random,decoupled,1.0,7.73,delta,0.005,1,,0.0,0.9700000000000042,0.025871074870932393,7,3.5,0.6416530571848671,0.08300815746246663,1.333333333333328,0.0,46692088572637.555,0.0,0.0,0.054474103334743694,True,1.0,8,16,2.0,0.1638000012462726,1.1379000006854767,4.203799999231705,1.1379000006854767,0.17109412064567975,16,8.143731801135701e-07,0.9699999999997678,0.9971294298528339,0.12391093035903564,0.10900483676791567,0.21800967353583134,,,0.18146056650215664,0.15267525619055858,4.961550e-03;6.600582e-04;1.955857e-04;6.370517e-05;2.126373e-05;7.153053e-06;2.412507e-06;8.143732e-07,2;2;2;2;2;2;2;2,,,,,,,E1
40,4,2,0.05128205128205128,random,coupled,1.0,7.73,delta,0.005,1,,0.0,0.9700000000000017,0.025487326094243618,7,1.0,0.6416530571848671,0.08300815746246663,1.0000000000000002,0.0,15564029524212.473,0.0,0.0,0.015564029524212476,True,1.0,9,18,2.0,0.18760000057227444,1.1125000000902219,4.222900000968366,1.1125000000902219,0.19687550560201125,18,4.034841234457076e-07,0.9699999999997887,1.0012575337379166,0.3871196089335569,0.38699891123136176,0.7739978224627235,,,0.20652678658090526,0.1513595255948989,4.984227e-03;7.156223e-04;2.205786e-04;7.487634e-05;2.609647e-05;9.175490e-06;3.235922e-06;1.142432e-06;4.034841e-07,2;2;2;2;2;2;2;2;2,,,,,,,E1
40,4,2,0.05128205128205128,random,decoupled,1.0,7.73,delta,0.005,1,,0.0,0.9700000000000017,0.025487326094243618,7,1.0,0.6416530571848671,0.08300815746246663,1.0000000000000002,0.0,15564029524212.473,0.0,0.0,0.015564029524212476,True,1.0,9,18,2.0,0.23710000095888972,1.3041999991401099,4.656099999920116,1.3041999991401099,0.16793743301978817,18,4.034841230016184e-07,0.9699999999997887,1.001257533737917,0.3871196089335742,0.38699891123138236,0.7739978224627647,,,0.20652678658095927,0.1513595255948989,4.984227e-03;7.156223e-04;2.205786e-04;7.487634e-05;2.609647e-05;9.175490e-06;3.235922e-06;1.142432e-06;4.034841e-07,2;2;2;2;2;2;2;2;2,,,,,,,E1
40,0,3,0.07692307692307693,random,coupled,1.0,7.73,delta,0.005,1,,0.0,0.9700000000000039,0.025496915915996933,7,3.6666666666666665,0.6416530571848671,0.08300815746246663,6.854101966249677,0.4472135954999577,1.0000000000000013,0.2222222222222221,0.14907119849998585,0.05706810825544587,True,1.0,10,16,1.6,0.22079999871493783,1.4865000011923257,5.176399999982095,1.4865000011923257,0.13097073652461502,16,4.3203148070158903e-07,0.9747502534233934,0.9995905669102417,0.38525691000452356,0.07273327355963902,0.46104368030809506,,,0.1931965341150951,0.15410262577236797,4.945507e-03;7.055991e-04;2.371544e-04;1.071550e-05;7.215758e-05;3.402849e-06;2.515082e-05;1.219937e-06;8.802133e-06;4.320315e-07,2;2;2;1;2;1;2;1;2;1,True,4.0,41.43180000028224,5.90783571063902e-07,0.002109843051085963,0.00030768262296854143,E1
40,0,3,0.07692307692307693,random,decoupled,1.0,7.73,delta,0.005,1,,0.0,0.9700000000000039,0.025496915915996933,7,3.6666666666666665,0.6416530571848671,0.08300815746246663,6.854101966249677,0.4472135954999577,1.0000000000000013,0.2222222222222221,0.14907119849998585,0.05706810825544587,True,1.0,16,22,1.375,0.28650000058405567,2.128499998434563,5.680399999619112,2.128499998434563,0.12576744195296263,22,7.357958944353982e-07,0.9747502534233934,0.999590254465337,0.38549609286555586,0.07276252119108584,0.46129567153011714,,,0.19399455797033552,0.15410262577236797,4.945507e-03;3.498305e-03;6.024141e-04;8.233457e-04;2.362204e-04;1.561696e-04;5.930931e-05;2.386761e-05;1.457619e-05;1.048569e-05;7.164906e-06;4.995171e-06;3.911622e-06;2.577504e-06;1.687809e-06;7.357959e-07,2;2;1;1;2;2;1;1;1;1;1;1;1;2;2;1,,,,,,,E1
40,1,3,0.07692307692307693,random,coupled,1.0,7.73,delta,0.005,1,,0.0,0.9700000000000015,0.02584312413815851,7,3.6666666666666665,0.6416530571848671,0.08300815746246663,13.684658438426473,0.8164965809277259,1.0000000000000004,0.3,0.2721655269759086,0.05706810825544575,True,1.0,6,10,1.6666666666666667,0.1658000001043547,0.7215999994514277,3.758499999094056,0.7215999994514277,0.16862527729005425,10,8.364774877200887e-07,0.9750768738975707,0.9970470633641146,0.1882612910591585,0.05852087154482177,0.24961809836561735,,,0.1632206138137169,0.1541074313405523,4.915136e-03;6.497212e-04;1.960969e-04;2.501121e-06;6.172814e-05;8.364775e-07,2;2;2;1;2;1,,,,,,,E1
40,1,3,0.07692307692307693,random,decoupled,1.0,7.73,delta,0.005,1,,0.0,0.9700000000000015,0.02584312413815851,7,3.6666666666666665,0.6416530571848671,0.08300815746246663,13.684658438426473,0.8164965809277259,1.0000000000000004,0.3,0.2721655269759086,0.05706810825544575,True,1.0,38,54,1.4210526315789473,0.22640000133833382,5.666999999448308,9.020699999382487,5.666999999448308,0.11594706194882072,54,8.264663041712694e-07,0.9750808607760914,0.9970444415489297,0.189167192030157,0.058732446607205335,0.250664461947946,,,0.16934966855210445,0.1541074313405523,4.915136e-03;2.748670e-03;4.755093e-04;4.891324e-04;4.018566e-04;4.718090e-04;3.179526e-04;2.166029e-04;1.420895e-04;1.580255e-04;1.295264e-04;1.466578e-04;1.035158e-04;6.861996e-05;4.560345e-05;4.919461e-05;4.121123e-05;4.546302e-05;3.295479e-05;2.178702e-05;1.453999e-05;1.545023e-05;1.299262e-05;1.412467e-05;1.038701e-05;6.913917e-06;4.621098e-06;4.856736e-06;4.074548e-06;4.375931e-06;3.255208e-06;3.221676e-06;2.560256e-06;1.641068e-06;1.096418e-06;1.185112e-06;1.011988e-06;8.264663e-07,2;3;2;1;1;1;2;2;1;1;1;1;2;2;1;1;1;1;2;2;1;1;1;1;2;2;1;1;1;1;2;1;2;2;1;1;1;2,,,,,,,E1
40,2,3,0.07692307692307693,random,coupled,1.0,7.73,delta,0.005,1,,0.0,0.9700000000000037,0.025680658562590046,7,5.666666666666667,0.6416530571848671,0.08300815746246663,6.854101966249676,0.7071067811865475,1.0000000000000004,0.27777777777777773,0.23570226039551576,0.08819616730387071,True,1.0,9,18,2.0,0.1768000001902692,1.1336000006849645,4.305700000259094,1.1336000006849645,0.19321100905756644,18,4.5590237873760486e-07,0.9749998982642568,1.0008135649456502,0.19374103384586497,0.07194020783567845,0.2671768865048658,,,0.20819345731200703,0.15537723931623787,4.957781e-03;7.312171e-04;2.283532e-04;7.858425e-05;2.778462e-05;9.913662e-06;3.548597e-06;1.271673e-06;4.559024e-07,2;2;2;2;2;2;2;2;2,,,,,,,E1
40,2,3,0.07692307692307693,random,decoupled,1.0,7.73,delta,0.005,1,,0.0,0.9700000000000037,0.025680658562590046,7,5.666666666666667,0.6416530571848671,0.08300815746246663,6.854101966249676,0.7071067811865475,1.0000000000000004,0.27777777777777773,0.23570226039551576,0.08819616730387071,True,1.0,25,36,1.44,0.20539999968605116,3.248600000006263,6.516299999930197,3.248600000006263,0.1348420858213247,36,6.251355162412153e-07,0.9750004111148088,1.0008140208546454,0.19376386581222949,0.07191791979567362,0.2671647439713356,,,0.2083358403262378,0.15537723931623787,4.957781e-03;3.079287e-03;4.947564e-04;5.121280e-04;3.198019e-04;3.429587e-04;2.103071e-04;2.107801e-04;1.382650e-04;9.489882e-05;4.743775e-05;4.966329e-05;3.500807e-05;2.745065e-05;1.382557e-05;1.450724e-05;1.038361e-05;8.164762e-06;4.116666e-06;4.416902e-06;2.770611e-06;2.723477e-06;1.840041e-06;1.241696e-06;6.251355e-07,2;2;2;1;1;1;2;1;2;2;1;1;1;2;1;1;1;2;1;1;2;1;2;2;1,,,,,,,E1
40,3,3,0.07692307692307693,random,coupled,1.0,7.73,delta,0.005,1,,0.0,0.9700000000000042,0.025871074870932393,7,3.3333333333333335,0.6416530571848671,0.08300815746246663,1.3333333333333375,0.0,46692088572637.37,0.0,0.0,0.05188009841404165,True,1.0,8,16,2.0,0.1627000001462875,1.0179999990214128,4.08390000120562,1.0179999990214128,0.19124557975162132,16,8.591314267780703e-07,0.9699999999997678,0.9975073605767386,0.12579292696928598,0.12391093035903314,0.34093622721957,,,0.18261853411798568,0.15320520024172507,4.961550e-03;6.690681e-04;1.994951e-04;6.539524e-05;2.197416e-05;7.442672e-06;2.527547e-06;8.591314e-07,2;2;2;2;2;2;2;2,,,,,,,E1
40,3,3,0.07692307692307693,random,decoupled,1.0,7.73,delta,0.005,1,,0.0,0.9700000000000042,0.025871074870932393,7,3.3333333333333335,0.6416530571848671,0.08300815746246663,1.3333333333333375,0.0,46692088572637.37,0.0,0.0,0.05188009841404165,True,1.0,8,16,2.0,0.16730000061215833,1.1439999998401618,4.246000000421191,1.1439999998401618,0.17018181820559578,16,8.59131426667048e-07,0.9699999999997678,0.9975073605767386,0.12579292696929084,0.12391093035903564,0.3409362272195816,,,0.18261853411803125,0.15320520024172507,4.961550e-03;6.690681e-04;1.994951e-04;6.539524e-05;2.197416e-05;7.442672e-06;2.527547e-06;8.591314e-07,2;2;2;2;2;2;2;2,,,,,,,E1
40,4,3,0.07692307692307693,random,coupled,1.0,7.73,delta,0.005,1,,0.0,0.9700000000000017,0.025487326094243618,7,2.0,0.6416530571848671,0.08300815746246663,4.000000000000011,0.0,15564029524212.473,0.0,0.0,0.031128059048425,True,1.0,9,18,2.0,0.473000000056345,1.355499998680898,5.068500000561471,1.355499998680898,0.16158170432544652,18,4.034841234457076e-07,0.9699999999997887,1.0012575337379166,0.3871196089335569,0.3868782135291667,0.8662724410157006,,,0.20652678658090526,0.15315285089190275,4.984227e-03;7.156223e-04;2.205786e-04;7.487634e-05;2.609647e-05;9.175490e-06;3.235922e-06;1.142432e-06;4.034841e-07,2;2;2;2;2;2;2;2;2,,,,,,,E1
40,4,3,0.07692307692307693,random,decoupled,1.0,7.73,delta,0.005,1,,0.0,0.9700000000000017,0.025487326094243618,7,2.0,0.6416530571848671,0.08300815746246663,4.000000000000011,0.0,15564029524212.473,0.0,0.0,0.031128059048425,True,1.0,9,18,2.0,0.17449999904783908,1.3062000016361708,4.41809999938414,1.3062000016361708,0.1676802937725053,18,4.034841230016184e-07,0.9699999999997887,1.001257533737917,0.3871196089335742,0.3868782135291905,0.8662724410157463,,,0.20652678658095927,0.15315285089190275,4.984227e-03;7.156223e-04;2.205786e-04;7.487634e-05;2.609647e-05;9.175490e-06;3.235922e-06;1.142432e-06;4.034841e-07,2;2;2;2;2;2;2;2;2,,,,,,,E1
40,0,4,0.10256410256410256,random,coupled,1.0,7.73,delta,0.005,1,,0.0,0.9700000000000039,0.025496915915996933,7,3.75,0.6416530571848671,0.08300815746246663,6.854101966249677,0.4472135954999577,1.0000000000000013,0.16666666666666657,0.07453559924999292,0.058365110715796906,True,1.0,10,16,1.6,0.20930000027874485,1.5169999987847405,5.207499998505227,1.5169999987847405,0.12833750834275767,16,4.3203148070158903e-07,0.9750411142734049,0.9995905669102417,0.38525691000452356,0.08210254868360856,0.5525155041156732,,,0.1931965341150951,0.15410262577236797,4.947898e-03;7.055991e-04;2.371544e-04;1.071550e-05;7.215758e-05;3.402849e-06;2.515082e-05;1.219937e-06;8.802133e-06;4.320315e-07,2;2;2;1;2;1;2;1;2;1,True,4.0,50.164199999926495,5.907835712859466e-07,0.002109843535275717,0.00030768262296854143,E1
40,0,4,0.10256410256410256,random,decoupled,1.0,7.73,delta,0.005,1,,0.0,0.9700000000000039,0.025496915915996933,7,3.75,0.6416530571848671,0.08300815746246663,6.854101966249677,0.4472135954999577,1.0000000000000013,0.16666666666666657,0.07453559924999292,0.058365110715796906,True,1.0,16,22,1.375,0.3102999999100575,2.182800000809948,5.675099999280064,2.182800000809948,0.12263881248885328,22,7.357958944353982e-07,0.9750424659659596,0.999590254465337,0.38549609286555586,0.08213640939410076,0.5528059691272328,,,0.19399455797033552,0.15410262577236797,4.947898e-03;3.498305e-03;6.024141e-04;8.233457e-04;2.362204e-04;1.561696e-04;5.930931e-05;2.386761e-05;1.457619e-05;1.048569e-05;7.164906e-06;4.995171e-06;3.911622e-06;2.577504e-06;1.687809e-06;7.357959e-07,2;2;1;1;2;2;1;1;1;1;1;1;1;2;2;1,,,,,,,E1
40,1,4,0.10256410256410256,random,coupled,1.0,7.73,delta,0.005,1,,0.0,0.9700000000000015,0.02584312413815851,7,3.25,0.6416530571848671,0.08300815746246663,13.684658438426473,0.8164965809277259,1.0000000000000004,0.22499999999999998,0.1360827634879543,0.05058309595369055,True,1.0,9,18,2.0,0.31260000105248764,1.5015999997558538,5.861200001163525,1.5015999997558538,0.14586041558045504,18,4.5850426455551485e-07,0.9750797738115768,1.000162355640959,0.19431800037770106,0.12398646266081484,0.4451258856653797,,,0.21258246857912305,0.1541074313405523,4.979570e-03;7.310810e-04;2.284770e-04;7.869133e-05;2.784602e-05;9.944138e-06;3.562606e-06;1.277811e-06;4.585043e-07,2;2;2;2;2;2;2;2;2,,,,,,,E1
40,1,4,0.10256410256410256,random,decoupled,1.0,7.73,delta,0.005,1,,0.0,0.9700000000000015,0.02584312413815851,7,3.25,0.6416530571848671,0.08300815746246663,13.684658438426473,0.8164965809277259,1.0000000000000004,0.22499999999999998,0.1360827634879543,0.05058309595369055,True,1.0,38,54,1.4210526315789473,0.2905999990616692,4.978500001016073,8.787200000369921,4.978500001016073,0.13198192223880623,54,8.264663041712694e-07,0.9750808607760914,1.0001628141451846,0.19434097895738725,0.12394981931868117,0.4450054409053332,,,0.2127258594272493,0.1541074313405523,4.979570e-03;2.748670e-03;4.755093e-04;4.891324e-04;4.018566e-04;4.718090e-04;3.179526e-04;2.166029e-04;1.420895e-04;1.580255e-04;1.295264e-04;1.466578e-04;1.035158e-04;6.861996e-05;4.560345e-05;4.919461e-05;4.121123e-05;4.546302e-05;3.295479e-05;2.178702e-05;1.453999e-05;1.545023e-05;1.299262e-05;1.412467e-05;1.038701e-05;6.913917e-06;4.621098e-06;4.856736e-06;4.074548e-06;4.375931e-06;3.255208e-06;3.221676e-06;2.560256e-06;1.641068e-06;1.096418e-06;1.185112e-06;1.011988e-06;8.264663e-07,2;3;2;1;1;1;2;2;1;1;1;1;2;2;1;1;1;1;2;2;1;1;1;1;2;2;1;1;1;1;2;1;2;2;1;1;1;2,,,,,,,E1
40,2,4,0.10256410256410256,random,coupled,1.0,7.73,delta,0.005,1,,0.0,0.9700000000000037,0.025680658562590046,7,7.25,0.6416530571848671,0.08300815746246663,30.109645193876556,0.9354143466934852,0.9999999999999997,0.4559523809523811,0.2801283898655693,0.11283921405054065,True,1.0,6,10,1.6666666666666667,0.16280000090773683,0.7275999996636529,3.830999999991036,0.7275999996636529,0.16723474444234324,10,6.120842159784701e-07,0.9750067863700199,0.996320604540601,0.07218020088323654,0.02578708059399664,0.12502422636374688,,,0.12078358410555112,0.15515641506880623,4.802767e-03;5.871140e-04;1.688374e-04;1.959764e-06;5.051882e-05;6.120842e-07,2;2;2;1;2;1,,,,,,,E1
40,2,4,0.10256410256410256,random,decoupled,1.0,7.73,delta,0.005,1,,0.0,0.9700000000000037,0.025680658562590046,7,7.25,0.6416530571848671,0.08300815746246663,30.109645193876556,0.9354143466934852,0.9999999999999997,0.4559523809523811,0.2801283898655693,0.11283921405054065,False,0.0,60,91,1.5166666666666666,0.22699999863107223,7.982499999343418,11.385300000256393,7.982499999343418,0.13871443784416881,91,6.681295090293915e-06,0.9750138359133592,0.996320604540601,0.07247741274180482,0.02539063746129979,0.12452837506896101,,,0.12548400496423215,0.15515641506880623,4.802767e-03;2.849148e-03;5.153966e-04;4.172860e-04;2.994931e-04;2.717214e-04;2.320639e-04;2.380888e-04;2.039631e-04;2.082521e-04;1.788863e-04;1.818782e-04;1.566043e-04;1.586324e-04;1.368754e-04;1.381919e-04;1.194583e-04;1.202537e-04;1.041199e-04;1.045377e-04;9.064081e-05;9.078842e-05;7.881723e-05;7.877514e-05;6.846255e-05;6.829056e-05;5.940729e-05;5.914961e-05;5.149861e-05;5.118767e-05;4.459945e-05;4.425886e-05;3.858750e-05;3.823420e-05;3.335397e-05;3.299993e-05;2.880243e-05;2.845593e-05;2.484763e-05;2.451419e-05;2.141435e-05;2.109749e-05;1.843637e-05;1.813814e-05;1.585548e-05;1.917885e-05;1.561639e-05;1.555344e-05;1.426094e-05;1.420482e-05;1.302389e-05;1.296997e-05;1.189179e-05;8.263139e-06;7.220844e-06;8.324070e-06;8.611091e-06;7.766290e-06;6.790845e-06;6.681295e-06,2;2;2;2;1;2;1;2;1;2;1;2;1;2;1;2;1;2;1;2;1;2;1;2;1;2;1;2;1;2;1;2;1;2;1;2;1;2;1;2;1;2;1;2;1;1;2;1;2;1;2;1;2;2;1;1;1;2;1;2,,,,,,,E1
40,3,4,0.10256410256410256,random,coupled,1.0,7.73,delta,0.005,1,,0.0,0.9700000000000042,0.025871074870932393,7,3.0,0.6416530571848671,0.08300815746246663,10.403882032022098,0.8164965809277265,0.9999999999999993,0.22500000000000003,0.1360827634879544,0.046692088572637486,True,1.0,8,16,2.0,0.32049999936134554,1.3455000007525086,5.592899999101064,1.3455000007525086,0.14469565209298793,16,8.591314267780703e-07,0.9699999999997678,0.9975133504115725,0.19021810548702697,0.10851264843026845,0.40916322835084556,,,0.18256550919813608,0.15320520024172507,4.944869e-03;6.690681e-04;2.014007e-04;6.539524e-05;2.197416e-05;7.442672e-06;2.527547e-06;8.591314e-07,2;2;2;2;2;2;2;2,,,,,,,E1
40,3,4,0.10256410256410256,random,decoupled,1.0,7.73,delta,0.005,1,,0.0,0.9700000000000042,0.025871074870932393,7,3.0,0.6416530571848671,0.08300815746246663,10.403882032022098,0.8164965809277265,0.9999999999999993,0.22500000000000003,0.1360827634879544,0.046692088572637486,True,1.0,37,53,1.4324324324324325,0.24250000024039764,4.97449999966193,8.392899999307701,4.97449999966193,0.12964197407655606,53,9.452809558441189e-07,0.9699999999997678,0.9975133026830261,0.19013595890365184,0.1085325762878197,0.4090484627915412,,,0.18282644109187673,0.15320520024172507,4.944869e-03;2.725558e-03;4.523654e-04;4.652389e-04;3.732390e-04;4.323350e-04;2.925092e-04;2.975769e-04;2.263496e-04;1.495812e-04;9.857230e-05;1.090517e-04;9.032934e-05;1.021496e-04;7.220154e-05;4.713906e-05;3.134692e-05;3.374988e-05;2.827335e-05;3.118140e-05;2.259246e-05;1.486053e-05;9.912576e-06;1.048676e-05;8.771328e-06;9.493664e-06;7.002842e-06;6.942088e-06;5.506563e-06;3.496710e-06;2.333133e-06;2.524703e-06;2.146601e-06;1.754413e-06;1.173105e-06;1.322151e-06;9.452810e-07,2;3;2;1;1;1;2;1;2;2;1;1;1;1;2;2;1;1;1;1;2;2;1;1;1;1;2;1;2;2;1;1;1;2;1;1;2,,,,,,,E1
40,4,4,0.10256410256410256,random,coupled,1.0,7.73,delta,0.005,1,,0.0,0.9700000000000017,0.025487326094243618,7,3.5,0.6416530571848671,0.08300815746246663,7.000000000000001,0.0,15564029524212.473,0.0,0.0,0.05447410333474373,True,1.0,9,18,2.0,0.21670000023732428,1.1390999989089323,4.402599999593804,1.1390999989089323,0.1922781144849341,18,4.034841234457076e-07,0.9750181419496378,1.0012575337379166,0.3871196089335569,0.22935156642325108,0.8951365329625406,,,0.20652678658090526,0.15481601965216152,4.984227e-03;7.156223e-04;2.205786e-04;7.487634e-05;2.609647e-05;9.175490e-06;3.235922e-06;1.142432e-06;4.034841e-07,2;2;2;2;2;2;2;2;2,,,,,,,E1
40,4,4,0.10256410256410256,random,decoupled,1.0,7.73,delta,0.005,1,,0.0,0.9700000000000017,0.025487326094243618,7,3.5,0.6416530571848671,0.08300815746246663,7.000000000000001,0.0,15564029524212.473,0.0,0.0,0.05447410333474373,True,1.0,9,18,2.0,0.2435000005789334,1.3170000001991866,4.69379999958619,1.3170000001991866,0.166305239154802,18,4.034841230016184e-07,0.9750181419496378,1.001257533737917,0.3871196089335742,0.22935156642326332,0.8951365329625826,,,0.20652678658095927,0.15481601965216152,4.984227e-03;7.156223e-04;2.205786e-04;7.487634e-05;2.609647e-05;9.175490e-06;3.235922e-06;1.142432e-06;4.034841e-07,2;2;2;2;2;2;2;2;2,,,,,,,E1
40,0,6,0.15384615384615385,random,coupled,1.0,7.73,delta,0.005,1,,0.0,0.9700000000000039,0.025496915915996933,7,4.666666666666667,0.6416530571848671,0.08300815746246663,23.58919054371359,1.2527192006396062,0.49999999999999983,0.4259259259259259,0.16991650451242804,0.0726321377796582,True,1.0,10,16,1.6,0.22590000116906594,1.4967999995860737,5.227300000115065,1.4967999995860737,0.13006948159663226,16,3.820507417096053e-07,0.9750276766050149,0.9999811787553485,0.38648275008845767,0.02984695947987481,0.5414446366156194,,,0.19746243968961794,0.1545258792288275,4.960963e-03;7.041538e-04;2.359869e-04;9.126489e-06;7.308571e-05;2.965410e-06;2.553867e-05;1.073954e-06;8.966502e-06;3.820507e-07,2;2;2;1;2;1;2;1;2;1,True,4.0,44.761200000721146,5.004738764524674e-07,0.002159022237085489,0.00031500336707607213,E1
40,0,6,0.15384615384615385,random,decoupled,1.0,7.73,delta,0.005,1,,0.0,0.9700000000000039,0.025496915915996933,7,4.666666666666667,0.6416530571848671,0.08300815746246663,23.58919054371359,1.2527192006396062,0.49999999999999983,0.4259259259259259,0.16991650451242804,0.0726321377796582,False,0.0,60,121,2.0166666666666666,0.23080000028130598,8.484199999656994,11.867700000948389,8.484199999656994,0.17353763466909367,121,0.0004430402727932936,0.9750277310844473,1.0000801883105999,0.3838399037540908,0.031254335982689105,0.5446814066930222,,,0.17106189818728226,0.1545258792288275,4.960963e-03;6.319250e-03;2.496736e-03;2.582208e-03;2.301289e-03;2.205832e-03;2.127502e-03;2.005797e-03;1.970956e-03;1.856336e-03;1.830903e-03;1.729235e-03;1.705360e-03;1.616231e-03;1.592247e-03;1.514026e-03;1.489755e-03;1.420790e-03;1.396394e-03;1.335256e-03;1.310947e-03;1.256448e-03;1.232419e-03;1.183576e-03;1.159986e-03;1.115989e-03;1.092962e-03;1.053139e-03;1.030767e-03;9.945594e-04;9.729090e-04;9.398498e-04;9.189655e-04;8.886638e-04;8.685724e-04;8.406986e-04;8.214129e-04;7.956885e-04;7.772101e-04;7.533982e-04;7.357202e-04;7.136188e-04;6.967276e-04;6.761635e-04;6.600407e-04;6.408645e-04;6.254881e-04;6.075706e-04;5.929162e-04;5.761448e-04;5.621865e-04;5.464628e-04;5.331734e-04;5.184109e-04;5.057632e-04;4.918854e-04;4.798520e-04;4.667911e-04;4.553449e-04;4.430403e-04,2;3;2;2;2;2;2;2;2;2;2;2;2;2;2;2;2;2;2;2;2;2;2;2;2;2;2;2;2;2;2;2;2;2;2;2;2;2;2;2;2;2;2;2;2;2;2;2;2;2;2;2;2;2;2;2;2;2;2;2,,,,,,,E1
40,1,6,0.15384615384615385,random,coupled,1.0,7.73,delta,0.005,1,,0.0,0.9700000000000015,0.02584312413815851,7,4.5,0.6416530571848671,0.08300815746246663,37.935358064919356,2.0438040232798853,0.33333333333333354,0.4505464865371986,0.2719567647189421,0.0700381328589562,True,1.0,9,18,2.0,0.26310000066587236,1.1916000003111549,4.92839999969874,1.1916000003111549,0.18380664647768352,18,3.764936065131508e-07,0.9736627401612259,1.0004063103229932,0.3850393004585703,0.027089334440878493,0.632297543700858,,,0.2010668170661747,0.1551332448095058,4.970617e-03;7.055391e-04;2.182772e-04;7.275902e-05;2.515933e-05;8.774846e-06;3.069463e-06;1.074811e-06;3.764936e-07,2;2;2;2;2;2;2;2;2,,,,,,,E1
40,1,6,0.15384615384615385,random,decoupled,1.0,7.73,delta,0.005,1,,0.0,0.9700000000000015,0.02584312413815851,7,4.5,0.6416530571848671,0.08300815746246663,37.935358064919356,2.0438040232798853,0.33333333333333354,0.4505464865371986,0.2719567647189421,0.0700381328589562,False,0.0,60,146,2.433333333333333,0.2418000003672205,8.898500000213971,12.552599999253289,8.898500000213971,0.19964353542251864,146,0.009267622188502522,0.9736627401612259,1.0004066868165997,0.38507655035013694,0.04469896777305508,0.7658309876558461,,,1.5175152021420817,0.1551332448095058,4.970617e-03;8.420392e-03;7.566799e-03;8.385573e-03;9.956125e-03;9.895110e-03;2.317307e-03;5.402703e-03;4.138475e-03;8.445661e-03;9.013714e-03;1.008527e-02;9.984449e-03;2.273621e-03;5.641988e-03;4.519436e-03;8.899421e-03;9.366594e-03;9.706111e-03;9.717059e-03;2.350747e-03;5.511951e-03;4.460357e-03;8.747091e-03;9.286703e-03;9.782134e-03;9.786888e-03;2.324478e-03;5.515569e-03;4.450348e-03;8.745820e-03;9.280324e-03;9.788080e-03;9.788049e-03;2.322138e-03;5.511188e-03;4.440421e-03;8.736824e-03;9.271261e-03;9.797513e-03;9.792907e-03;2.319631e-03;5.512633e-03;4.437512e-03;8.736901e-03;9.269051e-03;9.799947e-03;9.793012e-03;2.319129e-03;5.513427e-03;4.436230e-03;8.737113e-03;9.268001e-03;9.801110e-03;9.792922e-03;2.318929e-03;5.514032e-03;4.435740e-03;8.737502e-03;9.267622e-03,2;3;2;3;3;3;1;2;2;3;3;3;3;1;2;2;3;3;3;3;1;2;2;3;3;3;3;1;2;2;3;3;3;3;1;2;2;3;3;3;3;1;2;2;3;3;3;3;1;2;2;3;3;3;3;1;2;2;3;3,,,,,,,E1
40,2,6,0.15384615384615385,random,coupled,1.0,7.73,delta,0.005,1,,0.0,0.9700000000000037,0.025680658562590046,7,4.666666666666667,0.6416530571848671,0.08300815746246663,14.519150754698511,0.6761234037828144,0.9999999999999994,0.38013468013468016,0.11923305596524059,0.07263213777965839,True,1.0,8,13,1.625,0.2223999999841908,0.9909000000334345,4.355799999757437,0.9909000000334345,0.15963669390923668,13,5.668073022047082e-07,0.9699999999997791,1.0009033681245822,0.3861607576510149,0.037634803211345526,0.5916339559709834,,,0.19797536052630663,0.153909040757325,4.957206e-03;7.121612e-04;2.293406e-04;3.973574e-06;7.539316e-05;1.586681e-06;2.650969e-05;5.668073e-07,2;2;2;1;2;1;2;1,,,,,,,E1
40,2,6,0.15384615384615385,random,decoupled,1.0,7.73,delta,0.005,1,,0.0,0.9700000000000037,0.025680658562590046,7,4.666666666666667,0.6416530571848671,0.08300815746246663,14.519150754698511,0.6761234037828144,0.9999999999999994,0.38013468013468016,0.11923305596524059,0.07263213777965839,True,1.0,21,31,1.4761904761904763,0.24949999897216912,2.804600000672508,6.65359999948123,2.804600000672508,0.13449618480694225,31,7.004237986274475e-07,0.9699999999997791,1.0009033587721048,0.38709151094979205,0.037680731951287336,0.5928681512769638,,,0.20088606584165375,0.153909040757325,4.957206e-03;3.242848e-03;9.336980e-04;1.262574e-03;2.331677e-04;2.340109e-04;1.373823e-04;9.086762e-05;4.225759e-05;2.930262e-05;1.769554e-05;1.603629e-05;1.093727e-05;1.075667e-05;6.557636e-06;4.197425e-06;1.807092e-06;1.506173e-06;1.137639e-06;1.062657e-06;7.004238e-07,2;2;1;2;2;1;2;2;1;1;1;1;2;1;2;2;1;1;1;1;2,,,,,,,E1
40,3,6,0.15384615384615385,random,coupled,1.0,7.73,delta,0.005,1,,0.0,0.9700000000000042,0.025871074870932393,7,3.5,0.6416530571848671,0.08300815746246663,15.965434844830868,0.8164965809277259,1.0000000000000004,0.25833333333333325,0.08586007344791713,0.054474103334743694,True,1.0,8,16,2.0,0.2403999988018768,1.0545999994064914,4.593400000885595,1.0545999994064914,0.1846083824289462,16,8.629788935676785e-07,0.9750794037115281,0.9976183271916692,0.18948220742167848,0.09914882327843469,0.5401459013522976,,,0.1709880688600919,0.15321940378755838,4.955277e-03;6.737689e-04;2.012779e-04;6.579388e-05;2.207762e-05;7.475000e-06;2.538536e-06;8.629789e-07,2;2;2;2;2;2;2;2,,,,,,,E1
40,3,6,0.15384615384615385,random,decoupled,1.0,7.73,delta,0.005,1,,0.0,0.9700000000000042,0.025871074870932393,7,3.5,0.6416530571848671,0.08300815746246663,15.965434844830868,0.8164965809277259,1.0000000000000004,0.25833333333333325,0.08586007344791713,0.054474103334743694,True,1.0,38,55,1.4473684210526316,0.221800000872463,4.950599999574479,8.28910000018368,4.950599999574479,0.13518361411900043,55,7.300121002140614e-07,0.9750808918104874,0.9976185323504242,0.18942746091189008,0.09916636273366833,0.540081306093428,,,0.17125006990380282,0.15321940378755838,4.955277e-03;2.743438e-03;4.734865e-04;4.870819e-04;3.987282e-04;4.673165e-04;3.150458e-04;2.154946e-04;1.413581e-04;1.566867e-04;1.280786e-04;1.444896e-04;1.022651e-04;6.813015e-05;4.527792e-05;4.862224e-05;4.060053e-05;4.455705e-05;3.244207e-05;2.158631e-05;1.440647e-05;1.522014e-05;1.274919e-05;1.376520e-05;1.018456e-05;1.008722e-05;8.006681e-06;5.117386e-06;3.417313e-06;3.703462e-06;3.162836e-06;2.586406e-06;1.730910e-06;1.958558e-06;1.397832e-06;1.383530e-06;1.101832e-06;7.300121e-07,2;3;2;1;1;1;2;2;1;1;1;1;2;2;1;1;1;1;2;2;1;1;1;1;2;1;2;2;1;1;1;2;1;1;2;1;2;2,,,,,,,E1
40,4,6,0.15384615384615385,random,coupled,1.0,7.73,delta,0.005,1,,0.0,0.9700000000000017,0.025487326094243618,7,3.1666666666666665,0.6416530571848671,0.08300815746246663,16.21239121067352,0.7071067811865476,0.9999999999999993,0.2460317460317459,0.074357004776694,0.049286093493339456,True,1.0,8,13,1.625,0.1962000005732989,0.9599000004527625,4.240199999912875,0.9599000004527625,0.16479216577288083,13,9.780715963803033e-07,0.9750432251849759,1.0009472179966332,0.386852146617491,0.08154087597215504,0.9394527731603907,,,0.2001342819065525,0.15404814771143588,4.965787e-03;7.136580e-04;2.382305e-04;7.808307e-06;7.549789e-05;2.661567e-06;2.658271e-05;9.780716e-07,2;2;2;1;2;1;2;1,,,,,,,E1
40,4,6,0.15384615384615385,random,decoupled,1.0,7.73,delta,0.005,1,,0.0,0.9700000000000017,0.025487326094243618,7,3.1666666666666665,0.6416530571848671,0.08300815746246663,16.21239121067352,0.7071067811865476,0.9999999999999993,0.2460317460317459,0.074357004776694,0.049286093493339456,True,1.0,25,36,1.44,0.1900000006571645,3.4493000002839835,6.727300000420655,3.4493000002839835,0.1269962021175123,36,8.789179004597969e-07,0.9750435256340486,1.0009472736690386,0.3877948284853921,0.08165250951483516,0.9412804525216399,,,0.2030763700625111,0.15404814771143588,4.965787e-03;3.475193e-03;1.146160e-03;1.546790e-03;2.978219e-04;3.018174e-04;1.977033e-04;1.990448e-04;1.333962e-04;8.312699e-05;4.129362e-05;4.206892e-05;2.948301e-05;3.021359e-05;2.007096e-05;1.279265e-05;6.398358e-06;6.156531e-06;4.281715e-06;4.075486e-06;3.207819e-06;2.328415e-06;1.166758e-06;1.217969e-06;8.789179e-07,2;3;1;2;2;1;2;1;2;2;1;1;1;1;2;2;1;1;1;1;1;2;1;1;1,,,,,,,E1
40,0,8,0.20512820512820512,random,coupled,1.0,7.73,delta,0.005,1,,0.0,0.9700000000000039,0.025496915915996933,7,3.875,0.6416530571848671,0.08300815746246663,37.74391840811698,1.7159477807766406,0.33333333333333315,0.5394899626517274,0.18764017577562944,0.06031061440632347,True,1.0,10,16,1.6,0.343399999110261,1.5634999999747379,5.3133000001253095,1.5634999999747379,0.12452062680086068,16,5.101774274152149e-07,0.9750591451007596,1.0005250823778216,0.386751108895546,0.0024458859388847643,0.87366698572,,,0.194077319479717,0.1545280602456203,4.932795e-03;7.137646e-04;2.440358e-04;1.368746e-05;7.451116e-05;3.988151e-06;2.615136e-05;1.438212e-06;9.225453e-06;5.101774e-07,2;2;2;1;2;1;2;1;2;1,True,5.0,50.277799999093986,5.223446057911474e-07,0.002238601919864892,0.0003266169793053053,E1
40,0,8,0.20512820512820512,random,decoupled,1.0,7.73,delta,0.005,1,,0.0,0.9700000000000039,0.025496915915996933,7,3.875,0.6416530571848671,0.08300815746246663,37.74391840811698,1.7159477807766406,0.33333333333333315,0.5394899626517274,0.18764017577562944,0.06031061440632347,False,0.0,60,131,2.183333333333333,0.27969999973720405,10.114499998962856,13.768900000286521,10.114499998962856,0.15759632212797964,131,0.010629391579111469,0.97505928419767,1.001703551498068,0.4503595861199752,0.04615233068649463,1.0841169345460562,,,1.6863752083735253,0.1545280602456203,4.932795e-03;9.331050e-03;9.459356e-03;9.668229e-03;1.895526e-03;7.364563e-03;6.627210e-03;1.006721e-02;1.040570e-02;2.309730e-03;8.926968e-03;8.178232e-03;1.112310e-02;1.103391e-02;2.152999e-03;1.075605e-02;9.787445e-03;2.815098e-03;8.806145e-03;7.939279e-03;1.113970e-02;1.102211e-02;2.335509e-03;1.069423e-02;9.703227e-03;2.957235e-03;8.558601e-03;7.678748e-03;1.100404e-02;1.093249e-02;2.372521e-03;1.046389e-02;9.504884e-03;2.975768e-03;7.883588e-03;7.017899e-03;1.051006e-02;1.064143e-02;2.376656e-03;9.577262e-03;8.773050e-03;1.184757e-02;1.139777e-02;2.820327e-03;1.178649e-02;1.045695e-02;2.429136e-03;1.141543e-02;1.013610e-02;2.869754e-03;1.044349e-02;9.369953e-03;1.216322e-02;1.148525e-02;2.364720e-03;1.212564e-02;1.064867e-02;2.971882e-03;1.216457e-02;1.062939e-02,2;3;2;3;1;2;2;3;3;1;2;2;3;3;1;2;3;1;2;2;3;3;1;2;3;1;2;2;3;3;1;2;3;1;2;2;3;3;1;2;3;3;3;1;2;3;1;2;3;1;2;3;3;3;1;2;3;1;2;3,,,,,,,E1
40,1,8,0.20512820512820512,random,coupled,1.0,7.73,delta,0.005,1,,0.0,0.9700000000000015,0.02584312413815851,7,4.125,0.6416530571848671,0.08300815746246663,42.85521476482087,1.1975085931288598,0.49999999999999944,0.5185836834733895,0.15279058834405387,0.06420162178737651,True,1.0,8,13,1.625,0.1754000004439149,0.9442999999009771,4.099300000234507,0.9442999999009771,0.16751456106807983,13,8.986844574065955e-07,0.9699999999997669,1.0007970620404412,0.3867668686204565,0.0019366286609168062,0.8307964263320018,,,0.1959477707763391,0.15479721423904474,4.947382e-03;7.122634e-04;2.360439e-04;6.998025e-06;7.514212e-05;2.439507e-06;2.642495e-05;8.986845e-07,2;2;2;1;2;1;2;1,,,,,,,E1
40,1,8,0.20512820512820512,random,decoupled,1.0,7.73,delta,0.005,1,,0.0,0.9700000000000015,0.02584312413815851,7,4.125,0.6416530571848671,0.08300815746246663,42.85521476482087,1.1975085931288598,0.49999999999999944,0.5185836834733895,0.15279058834405387,0.06420162178737651,True,1.0,38,72,1.894736842105263,0.2820999998220941,5.459100000734907,9.004800000184332,5.459100000734907,0.160483596175571,72,9.761212083070347e-07,0.9699999999997669,1.0007973887226884,0.38771055226308715,0.0019162873534661591,0.8326005524357536,,,0.1989510178756949,0.15479721423904474,4.947382e-03;6.427272e-03;1.510980e-03;1.083313e-03;8.503931e-04;5.438665e-04;4.627774e-04;2.918648e-04;2.471689e-04;1.577330e-04;1.312204e-04;8.572603e-05;6.965973e-05;5.652235e-05;4.754723e-05;4.001277e-05;3.638494e-05;2.911906e-05;2.526393e-05;1.973314e-05;1.875020e-05;1.510996e-05;1.290746e-05;9.924953e-06;8.672515e-06;7.210784e-06;6.658344e-06;5.392059e-06;4.617213e-06;3.575774e-06;3.116925e-06;2.813922e-06;2.282722e-06;1.961963e-06;1.529186e-06;1.329716e-06;1.202508e-06;9.761212e-07,2;3;2;2;2;2;2;2;2;2;2;2;2;2;2;2;1;2;2;2;1;2;2;2;2;2;1;2;2;2;2;1;2;2;2;2;1;2,,,,,,,E1
40,2,8,0.20512820512820512,random,coupled,1.0,7.73,delta,0.005,1,,0.0,0.9700000000000037,0.025680658562590046,7,3.875,0.6416530571848671,0.08300815746246663,18.111452984979813,1.664215922265415,0.39999999999999963,0.4205138611388612,0.14349210091905257,0.06031061440632347,True,1.0,10,19,1.9,0.19149999934597872,1.2831000003643567,4.590099999404629,1.2831000003643567,0.18018237076950303,19,4.062762850587376e-07,0.9750413534383525,1.0009030046670464,0.3862756598330777,0.08383554264775861,0.8139485310838143,,,0.20432396528903202,0.15410784212392936,4.976371e-03;7.112843e-04;2.258475e-04;4.987746e-06;7.537731e-05;2.663338e-05;9.334231e-06;3.280627e-06;1.154267e-06;4.062763e-07,2;2;2;1;2;2;2;2;2;2,,,,,,,E1
40,2,8,0.20512820512820512,random,decoupled,1.0,7.73,delta,0.005,1,,0.0,0.9700000000000037,0.025680658562590046,7,3.875,0.6416530571848671,0.08300815746246663,18.111452984979813,1.664215922265415,0.39999999999999963,0.4205138611388612,0.14349210091905257,0.06031061440632347,False,0.0,60,121,2.0166666666666666,0.23599999985890463,9.62930000059714,13.465199999700417,9.62930000059714,0.15290083390367903,121,0.0035910965573209275,0.975041529677425,1.0016394896614897,0.3863159814506059,0.07805850607030732,0.829006553524537,,,0.5814447642181756,0.15410784212392936,4.976371e-03;7.158682e-03;3.810176e-03;3.709136e-03;3.716634e-03;3.623117e-03;3.678332e-03;3.591671e-03;3.656168e-03;3.583066e-03;3.641849e-03;3.582679e-03;3.632021e-03;3.584650e-03;3.625011e-03;3.586848e-03;3.619886e-03;3.588626e-03;3.616076e-03;3.589885e-03;3.613215e-03;3.590703e-03;3.611053e-03;3.591196e-03;3.609411e-03;3.591464e-03;3.608162e-03;3.591587e-03;3.607210e-03;3.591620e-03;3.606484e-03;3.591600e-03;3.605930e-03;3.591553e-03;3.605507e-03;3.591494e-03;3.605183e-03;3.591433e-03;3.604936e-03;3.591374e-03;3.604748e-03;3.591321e-03;3.604603e-03;3.591274e-03;3.604493e-03;3.591235e-03;3.604409e-03;3.591201e-03;3.604345e-03;3.591174e-03;3.604296e-03;3.591151e-03;3.604258e-03;3.591133e-03;3.604230e-03;3.591118e-03;3.604208e-03;3.591106e-03;3.604191e-03;3.591097e-03,2;3;2;2;2;2;2;2;2;2;2;2;2;2;2;2;2;2;2;2;2;2;2;2;2;2;2;2;2;2;2;2;2;2;2;2;2;2;2;2;2;2;2;2;2;2;2;2;2;2;2;2;2;2;2;2;2;2;2;2,,,,,,,E1
40,3,8,0.20512820512820512,random,coupled,1.0,7.73,delta,0.005,1,,0.0,0.9700000000000042,0.025871074870932393,7,3.5,0.6416530571848671,0.08300815746246663,38.54152555952448,1.5995357828965093,0.4999999999999996,0.5750877594627594,0.2000249902296338,0.054474103334743715,True,1.0,8,16,2.0,0.16180000056920107,0.9971999988920288,4.051300000355695,0.9971999988920288,0.19523465725663294,16,9.282235506891112e-07,0.9750596359628334,0.9983047078292419,0.19113114458151093,0.0021624202942459644,0.5148783779727187,,,0.18426560545037848,0.15384874819149455,4.930812e-03;6.817667e-04;2.080595e-04;6.821656e-05;2.311037e-05;7.896905e-06;2.706103e-06;9.282236e-07,2;2;2;2;2;2;2;2,,,,,,,E1
40,3,8,0.20512820512820512,random,decoupled,1.0,7.73,delta,0.005,1,,0.0,0.9700000000000042,0.025871074870932393,7,3.5,0.6416530571848671,0.08300815746246663,38.54152555952448,1.5995357828965093,0.4999999999999996,0.5750877594627594,0.2000249902296338,0.054474103334743715,False,0.0,60,122,2.033333333333333,0.2390000008745119,8.513799999491312,12.064300000929506,8.513799999491312,0.1743635039686975,122,0.0008033357877177405,0.9751135308767511,0.9983050447537537,0.19117479641912152,0.006435520770572707,0.5199773748299672,,,0.18454545896136446,0.15384874819149455,4.930812e-03;5.340497e-03;1.787853e-03;2.228849e-03;1.690101e-03;1.846292e-03;1.611931e-03;1.641001e-03;1.547225e-03;1.520456e-03;1.488225e-03;1.439076e-03;1.433590e-03;1.377754e-03;1.382993e-03;1.327626e-03;1.336182e-03;1.284316e-03;1.292863e-03;1.245554e-03;1.252717e-03;1.210098e-03;1.215427e-03;1.177229e-03;1.180696e-03;1.146496e-03;1.148258e-03;1.117599e-03;1.117873e-03;1.090318e-03;1.089335e-03;1.064486e-03;1.062459e-03;1.039966e-03;1.037086e-03;1.016643e-03;1.013076e-03;9.944191e-04;9.903061e-04;9.732086e-04;9.686688e-04;9.529350e-04;9.480683e-04;9.335305e-04;9.284199e-04;9.149341e-04;9.096485e-04;8.970907e-04;8.916870e-04;8.799504e-04;8.744752e-04;8.634677e-04;8.579593e-04;8.476012e-04;8.420905e-04;8.323131e-04;8.268251e-04;8.175686e-04;8.121233e-04;8.033358e-04,2;3;2;3;2;2;2;2;2;2;2;2;2;2;2;2;2;2;2;2;2;2;2;2;2;2;2;2;2;2;2;2;2;2;2;2;2;2;2;2;2;2;2;2;2;2;2;2;2;2;2;2;2;2;2;2;2;2;2;2,,,,,,,E1
40,4,8,0.20512820512820512,random,coupled,1.0,7.73,delta,0.005,1,,0.0,0.9700000000000017,0.025487326094243618,7,4.125,0.6416530571848671,0.08300815746246663,18.088671708748215,1.1697420424651657,0.49999999999999895,0.4804292929292928,0.12960576954771666,0.06420162178737651,True,1.0,10,16,1.6,0.19869999960064888,1.1543000000528991,4.291100000045844,1.1543000000528991,0.16866325911035074,16,4.2575342484862944e-07,0.9749995875041167,1.0009472452724422,0.3877170948217391,0.002387270468126458,0.9716832458716477,,,0.19691736693429698,0.1553772393162385,4.939488e-03;7.140708e-04;2.382779e-04;1.228294e-05;7.554524e-05;3.570537e-06;2.660173e-05;1.217871e-06;9.418353e-06;4.257534e-07,2;2;2;1;2;1;2;1;2;1,,,,,,,E1
40,4,8,0.20512820512820512,random,decoupled,1.0,7.73,delta,0.005,1,,0.0,0.9700000000000017,0.025487326094243618,7,4.125,0.6416530571848671,0.08300815746246663,18.088671708748215,1.1697420424651657,0.49999999999999895,0.4804292929292928,0.12960576954771666,0.06420162178737651,False,0.0,60,121,2.0166666666666666,0.19269999938842375,8.485700000164798,11.70780000029481,8.485700000164798,0.17350695876255423,121,1.1326386838317326e-05,0.9750000000000015,1.000947268580207,0.38805231122517075,0.002421764432048497,0.9724915849796792,,,0.19796381990561276,0.1553772393162385,4.939488e-03;6.514674e-03;2.428487e-03;2.303173e-03;2.019639e-03;1.736401e-03;1.664639e-03;1.407525e-03;1.368584e-03;1.162957e-03;1.125948e-03;9.660652e-04;9.276946e-04;8.036933e-04;7.654627e-04;6.688072e-04;6.323768e-04;5.565093e-04;5.229435e-04;4.629681e-04;4.327836e-04;3.850549e-04;3.583874e-04;3.201758e-04;2.969237e-04;2.661683e-04;2.460958e-04;2.212260e-04;2.040315e-04;1.838394e-04;1.691989e-04;1.527473e-04;1.403410e-04;1.268969e-04;1.164237e-04;1.054094e-04;9.659508e-05;8.755198e-05;8.015213e-05;7.271389e-05;6.651397e-05;6.038640e-05;5.520033e-05;5.014597e-05;4.581375e-05;4.164014e-05;3.802514e-05;3.457570e-05;3.156188e-05;2.870881e-05;2.619806e-05;2.383677e-05;2.174638e-05;1.979108e-05;1.805154e-05;1.643173e-05;1.498475e-05;1.364238e-05;1.243917e-05;1.132639e-05,2;3;2;2;2;2;2;2;2;2;2;2;2;2;2;2;2;2;2;2;2;2;2;2;2;2;2;2;2;2;2;2;2;2;2;2;2;2;2;2;2;2;2;2;2;2;2;2;2;2;2;2;2;2;2;2;2;2;2;2,,,,,,,E1
40,0,10,0.2564102564102564,random,coupled,1.0,7.73,delta,0.005,1,,0.0,0.9700000000000039,0.025496915915996933,7,3.4,0.6416530571848671,0.08300815746246663,36.60803632496873,1.9441108095915918,0.33333333333333326,0.529798534798535,0.14331952467977166,0.05291770038232256,True,1.0,10,16,1.6,0.21720000040659215,1.2265000004845206,4.672999999456806,1.2265000004845206,0.15873461061809196,16,4.2880385697774415e-07,0.9751021506580425,1.000525081820261,0.38673895546305365,0.0021647075366085554,1.0972683139899875,,,0.19396754015146422,0.1538426067039019,4.954119e-03;7.127811e-04;2.410105e-04;1.044082e-05;7.454420e-05;3.305058e-06;2.617033e-05;1.200511e-06;9.233019e-06;4.288039e-07,2;2;2;1;2;1;2;1;2;1,True,4.0,137.73249999940163,4.904809908223839e-07,0.0022413446553866978,0.000327043098874491,E1
40,0,10,0.2564102564102564,random,decoupled,1.0,7.73,delta,0.005,1,,0.0,0.9700000000000039,0.025496915915996933,7,3.4,0.6416530571848671,0.08300815746246663,36.60803632496873,1.9441108095915918,0.33333333333333326,0.529798534798535,0.14331952467977166,0.05291770038232256,False,0.0,60,162,2.7,0.2330999996047467,10.418599998956779,13.812499999403371,10.418599998956779,0.1892016201982396,162,0.007153505492476175,0.9751025026549547,1.0021248887623457,0.4270894577352687,0.06382223807778248,1.3351398675595305,,,1.4490570750345924,0.1538426067039019,4.954119e-03;7.502722e-03;5.319478e-03;6.208858e-03;8.137169e-03;8.390618e-03;8.046427e-03;8.155425e-03;8.851104e-03;8.681110e-03;8.206504e-03;8.218792e-03;9.079878e-03;8.839583e-03;7.994596e-03;8.060837e-03;9.281045e-03;8.970290e-03;7.666094e-03;7.808297e-03;9.465042e-03;9.085509e-03;7.305925e-03;7.511365e-03;9.581657e-03;9.160127e-03;7.026059e-03;7.269937e-03;9.608596e-03;9.184943e-03;6.902769e-03;7.164265e-03;9.597930e-03;9.185233e-03;6.880418e-03;7.147771e-03;9.590521e-03;9.182926e-03;6.882525e-03;7.150821e-03;9.588799e-03;9.182100e-03;6.884893e-03;7.153034e-03;9.588786e-03;9.181985e-03;6.885566e-03;7.153558e-03;9.588930e-03;9.182008e-03;6.885625e-03;7.153566e-03;9.588991e-03;9.182026e-03;6.885593e-03;7.153524e-03;9.589005e-03;9.182031e-03;6.885577e-03;7.153505e-03,2;3;2;3;2;3;2;3;2;3;2;3;3;3;2;3;3;3;2;3;3;3;2;3;3;3;2;3;3;3;2;3;3;3;2;3;3;3;2;3;3;3;2;3;3;3;2;3;3;3;2;3;3;3;2;3;3;3;2;3,,,,,,,E1
40,1,10,0.2564102564102564,random,coupled,1.0,7.73,delta,0.005,1,,0.0,0.9700000000000015,0.02584312413815851,7,4.9,0.6416530571848671,0.08300815746246663,81.42307000908963,2.639283082308826,0.33333333333333337,0.5134771460423635,0.16317026183815436,0.07626374466864118,True,1.0,10,16,1.6,0.22499999977299012,1.1661999997159,4.337200000009034,1.1661999997159,0.1669422054942791,16,3.8935223611868963e-07,0.9750155951170645,1.0007970904503807,0.3873709968775584,0.0019234926976566466,0.9026330554156164,,,0.19880685345619714,0.15489552093380304,4.952347e-03;7.122250e-04;2.398930e-04;9.252751e-06;7.512558e-05;2.968211e-06;2.642196e-05;1.086336e-06;9.342394e-06;3.893522e-07,2;2;2;1;2;1;2;1;2;1,,,,,,,E1
40,1,10,0.2564102564102564,random,decoupled,1.0,7.73,delta,0.005,1,,0.0,0.9700000000000015,0.02584312413815851,7,4.9,0.6416530571848671,0.08300815746246663,81.42307000908963,2.639283082308826,0.33333333333333337,0.5134771460423635,0.16317026183815436,0.07626374466864118,False,0.0,60,144,2.4,0.232000000323751,9.054500000274857,12.427100000422797,9.054500000274857,0.19351615218364468,144,0.004363270949888309,0.9750156263355193,1.0007971140026701,0.38770260958062835,0.02665049689551907,0.9863390692026642,,,1.459189764135421,0.15489552093380304,4.952347e-03;6.701008e-03;4.302391e-03;5.528742e-03;6.586481e-03;6.276670e-03;2.766541e-03;3.480461e-03;6.683473e-03;6.236372e-03;3.386408e-03;4.060416e-03;7.576765e-03;6.245823e-03;9.149369e-04;8.690918e-04;1.615692e-03;1.981723e-03;4.173743e-03;5.129987e-03;7.827276e-03;6.261151e-03;9.579879e-04;1.525397e-03;1.745166e-03;3.772994e-03;4.749128e-03;7.870979e-03;6.262443e-03;1.079518e-03;1.793101e-03;2.145077e-03;4.575223e-03;5.412199e-03;7.710615e-03;6.283072e-03;6.282945e-04;7.441102e-04;1.022916e-03;2.019967e-03;2.728896e-03;5.355601e-03;5.953894e-03;6.476353e-03;6.250201e-03;4.173179e-03;4.907882e-03;8.074110e-03;6.204844e-03;1.373659e-03;2.393146e-03;2.899801e-03;5.987839e-03;6.112783e-03;5.519031e-03;5.846454e-03;6.784484e-03;6.230030e-03;3.713750e-03;4.363271e-03,2;3;2;3;2;3;2;3;2;3;2;3;2;3;2;2;2;3;2;3;2;3;2;2;2;2;3;2;3;2;2;3;2;3;2;3;2;1;2;2;3;2;3;2;3;2;3;2;3;2;2;3;2;3;2;3;2;3;2;3,,,,,,,E1
40,2,10,0.2564102564102564,random,coupled,1.0,7.73,delta,0.005,1,,0.0,0.9700000000000037,0.025680658562590046,7,4.3,0.6416530571848671,0.08300815746246663,78.78992296740245,3.266978131980399,0.2500000000000001,0.530442317916002,0.20588785065683027,0.0669253269541137,True,1.0,8,13,1.625,0.17889999980980065,0.9482000004936708,4.068199999892386,0.9482000004936708,0.16682556414010027,13,7.263665561252353e-07,0.9750144997024739,1.0009033692787206,0.38625179894156275,0.0021415177165610166,0.7840053014353842,,,0.19929427827021837,0.1549068171743691,4.964248e-03;7.118782e-04;2.266421e-04;5.958212e-06;7.537343e-05;2.001242e-06;2.649884e-05;7.263666e-07,2;2;2;1;2;1;2;1,,,,,,,E1
40,2,10,0.2564102564102564,random,decoupled,1.0,7.73,delta,0.005,1,,0.0,0.9700000000000037,0.025680658562590046,7,4.3,0.6416530571848671,0.08300815746246663,78.78992296740245,3.266978131980399,0.2500000000000001,0.530442317916002,0.20588785065683027,0.0669253269541137,False,0.0,60,9827,163.78333333333333,0.23299999884329736,186.08019999919634,189.4873999990523,186.08019999919634,0.6425989224029017,9827,0.03263916159225799,0.9467367904536894,1.0009034109433297,170.6757464787979,16.574656218997266,411.99430378305124,,1.016490964942747,5370.064967118504,0.1549068171743691,4.964248e-03;7.801582e-03;8.439562e-03;7.884524e-03;2.354848e-03;5.459862e-03;7.151251e-03;2.789355e-03;1.381882e-02;9.229579e-03;2.456122e-02;3.159969e-01;9.088291e-01;5.734134e-01;3.220488e-01;7.350872e-02;5.113114e-01;1.169299e-01;1.174967e-01;6.740387e-01;2.467541e-01;6.769628e-01;1.055270e-01;2.171316e-01;4.626300e-01;2.412035e-01;6.252386e-01;2.357374e-01;1.654518e-01;5.683501e-01;3.979345e-01;2.745655e-01;2.054288e-01;8.880641e-01;7.408027e-02;1.630577e-01;4.186235e-01;7.466870e-01;1.125130e-01;1.678720e-01;3.307361e-01;8.999203e-01;1.595797e-01;2.903239e-01;6.827509e-02;7.024615e-01;5.399945e-01;1.507441e-01;1.900178e-01;2.041640e-01;8.281853e-01;4.504682e-01;1.778400e-01;1.875573e-01;1.787613e-01;7.567995e-01;5.636298e-01;1.031454e-01;2.820681e-01;3.263916e-02,2;3;3;3;2;2;3;1;2;3;3;200;200;200;200;200;200;200;200;200;200;200;200;200;200;200;200;200;200;200;200;200;200;200;200;200;200;200;200;200;200;200;200;200;200;200;200;200;200;200;200;200;200;200;200;200;200;200;200;200,,,,,,,E1
40,3,10,0.2564102564102564,random,coupled,1.0,7.73,delta,0.005,1,,0.0,0.9700000000000042,0.025871074870932393,7,4.6,0.6416530571848671,0.08300815746246663,39.8203893610341,2.1992986352003543,0.33333333333333354,0.527828144078144,0.15875555074377634,0.07159453581137745,True,1.0,10,16,1.6,0.23469999905501027,1.4200999994500307,4.769199998918339,1.4200999994500307,0.13709457085796622,16,3.561077617231234e-07,0.9750152273444069,0.9983053769251488,0.1907680326416026,0.0020870445500682897,0.6378207817314784,,,0.1847133062561912,0.15489540384017203,4.955277e-03;6.823484e-04;2.167398e-04;1.008839e-05;6.903898e-05;3.055432e-06;2.369939e-05;1.047581e-06;8.178927e-06;3.561078e-07,2;2;2;1;2;1;2;1;2;1,,,,,,,E1
40,3,10,0.2564102564102564,random,decoupled,1.0,7.73,delta,0.005,1,,0.0,0.9700000000000042,0.025871074870932393,7,4.6,0.6416530571848671,0.08300815746246663,39.8203893610341,2.1992986352003543,0.33333333333333354,0.527828144078144,0.15875555074377634,0.07159453581137745,False,0.0,60,146,2.433333333333333,0.232000000323751,8.948099999543047,12.321099999098806,8.948099999543047,0.1985368961109869,146,0.010054452222453492,0.9822312976895257,0.9983050163884741,0.28027329948551116,0.03238216965471062,0.8091072992521408,,,0.6042507286414057,0.15489540384017203,4.955277e-03;7.930401e-03;6.827367e-03;8.219731e-03;1.046891e-02;9.912566e-03;1.863969e-03;3.909435e-03;3.263897e-03;7.967450e-03;8.733865e-03;2.809117e-03;7.402963e-03;7.658474e-03;1.315574e-02;1.021551e-02;2.894631e-03;6.089680e-03;6.720455e-03;1.258382e-02;1.030125e-02;2.597992e-03;4.720052e-03;5.292497e-03;1.050233e-02;1.012604e-02;1.854001e-03;3.626701e-03;3.020370e-03;7.541372e-03;8.565543e-03;2.760160e-03;6.734242e-03;7.205382e-03;1.305026e-02;1.025347e-02;2.916076e-03;6.355035e-03;7.047487e-03;1.274454e-02;1.029768e-02;2.751310e-03;5.531558e-03;6.269435e-03;1.201763e-02;1.031491e-02;2.073583e-03;2.134975e-03;1.773629e-03;4.373953e-03;5.913606e-03;1.034317e-02;1.014066e-02;1.837554e-03;2.481571e-03;2.312540e-03;4.272098e-03;5.320241e-03;1.011609e-02;1.005445e-02,2;3;2;3;3;3;1;2;2;3;3;1;2;3;3;3;2;2;3;3;3;2;2;2;3;3;1;2;2;3;3;1;2;3;3;3;2;2;3;3;3;2;2;3;3;3;2;2;2;2;3;3;3;1;2;2;2;3;3;3,,,,,,,E1
40,4,10,0.2564102564102564,random,coupled,1.0,7.73,delta,0.005,1,,0.0,0.9700000000000017,0.025487326094243618,7,4.3,0.6416530571848671,0.08300815746246663,25.624094575572666,1.5948886167020748,0.49999999999999906,0.5125,0.13097259645936885,0.06692532695411366,True,1.0,10,19,1.9,0.17690000095171854,1.2141000006522518,4.333900000347057,1.2141000006522518,0.19042253510896676,19,4.077952200365331e-07,0.9750298156137801,1.0009468607849885,0.3868767869471094,0.0020300999089932913,1.064228897474496,,,0.20614516635210983,0.15445445707315686,4.984227e-03;7.120765e-04;2.370563e-04;1.089052e-05;7.550206e-05;2.669123e-05;9.358132e-06;3.290308e-06;1.158127e-06;4.077952e-07,2;2;2;1;2;2;2;2;2;2,,,,,,,E1
40,4,10,0.2564102564102564,random,decoupled,1.0,7.73,delta,0.005,1,,0.0,0.9700000000000017,0.025487326094243618,7,4.3,0.6416530571848671,0.08300815746246663,25.624094575572666,1.5948886167020748,0.49999999999999906,0.5125,0.13097259645936885,0.06692532695411366,False,0.0,60,121,2.0166666666666666,0.20799999947485048,8.515299999999115,11.808100000052946,8.515299999999115,0.17290383192608047,121,3.0589064941577426e-05,0.9750609196895891,1.0009472685802085,0.3869172697468922,0.002033288335635942,1.0645501426966053,,,0.2062713774222123,0.15445445707315686,4.984227e-03;6.015530e-03;2.013526e-03;2.193994e-03;1.736039e-03;1.614837e-03;1.493523e-03;1.308213e-03;1.278078e-03;1.101865e-03;1.092547e-03;9.437223e-04;9.348850e-04;8.142359e-04;8.013738e-04;7.048058e-04;6.882066e-04;6.109561e-04;5.920257e-04;5.299218e-04;5.100274e-04;4.597356e-04;4.399142e-04;3.988603e-04;3.798091e-04;3.460301e-04;3.281726e-04;3.001729e-04;2.837333e-04;2.603682e-04;2.454337e-04;2.258203e-04;2.123880e-04;1.958387e-04;1.838494e-04;1.698235e-04;1.591854e-04;1.472532e-04;1.378577e-04;1.276742e-04;1.194065e-04;1.106921e-04;1.034379e-04;9.596400e-05;8.961398e-05;8.319202e-05;7.764384e-05;7.211726e-05;6.727697e-05;6.251487e-05;5.829731e-05;5.418963e-05;5.051831e-05;4.697204e-05;4.377878e-05;4.071502e-05;3.793938e-05;3.529094e-05;3.287958e-05;3.058906e-05,2;3;2;2;2;2;2;2;2;2;2;2;2;2;2;2;2;2;2;2;2;2;2;2;2;2;2;2;2;2;2;2;2;2;2;2;2;2;2;2;2;2;2;2;2;2;2;2;2;2;2;2;2;2;2;2;2;2;2;2,,,,,,,E1
40,0,12,0.3076923076923077,random,coupled,1.0,7.73,delta,0.005,1,,0.0,0.9700000000000039,0.025496915915996933,7,4.25,0.6416530571848671,0.08300815746246663,65.75040322653244,2.1003167351159875,0.3333333333333327,0.5969245836573203,0.15432236533793156,0.06614712547790307,True,1.0,10,16,1.6,0.23409999994328246,1.1991999999736436,4.5148999997763894,1.1991999999736436,0.162348232158338,16,4.046223727183218e-07,0.9749995953776311,1.0005250833106931,0.38652419163457075,0.002026947289579841,1.0992431876930375,,,0.20171861251091253,0.15537723931623784,4.986655e-03;7.102709e-04;2.329961e-04;1.240334e-05;7.454148e-05;3.486646e-06;2.615085e-05;1.195291e-06;9.223416e-06;4.046224e-07,2;2;2;1;2;1;2;1;2;1,True,5.0,45.06479999872681,4.692927846328132e-07,0.002236502595588251,0.0003259186911926393,E1
40,0,12,0.3076923076923077,random,decoupled,1.0,7.73,delta,0.005,1,,0.0,0.9700000000000039,0.025496915915996933,7,4.25,0.6416530571848671,0.08300815746246663,65.75040322653244,2.1003167351159875,0.3333333333333327,0.5969245836573203,0.15432236533793156,0.06614712547790307,False,0.0,60,6135,102.25,0.3071999999519903,129.79270000141696,133.41890000083367,129.79270000141696,0.5751531480521248,6135,0.18674640301362144,0.9692003414605134,1.176778373265492,249.11776191646723,0.1956148288526669,398.49915876463217,,1.0395391779299716,1984.3536400771945,0.15537723931623784,4.986655e-03;8.661967e-03;8.262587e-03;9.287459e-03;1.136265e-02;1.115412e-02;2.229733e-03;1.185780e-02;1.055060e-02;4.361540e-03;1.616621e-02;1.207547e-02;9.885462e-03;2.364951e-03;4.421440e-03;3.621512e-03;8.053818e-03;8.699352e-03;1.008233e-02;1.095240e-02;1.133240e-02;7.892246e-03;1.130292e-02;1.283298e-02;1.191379e-02;6.915109e-03;2.187283e-02;1.216285e-02;2.390811e-02;1.710347e-01;3.187969e-02;8.701833e-01;4.546043e-02;3.413453e-01;2.269956e-01;3.359032e-01;5.132861e-01;4.600166e-02;3.001616e-01;2.760347e-01;1.192416e-01;6.230144e-01;1.055173e-01;2.842758e-01;2.671916e-01;4.895624e-02;6.703877e-01;1.363561e-01;2.831926e-01;2.509885e-01;1.198096e-01;8.141110e-01;5.861681e-01;4.819747e-02;5.345859e-01;1.871213e-01;3.643255e-01;1.424985e-01;7.666360e-01;1.867464e-01,2;3;2;3;3;3;1;2;3;1;3;3;3;1;2;2;3;3;3;3;3;3;3;3;3;1;3;3;3;61;200;200;200;200;200;200;200;200;200;200;200;200;200;200;200;200;200;200;200;200;200;200;200;200;200;200;200;200;200;200,,,,,,,E1
40,1,12,0.3076923076923077,random,coupled,1.0,7.73,delta,0.005,1,,0.0,0.9700000000000015,0.02584312413815851,7,4.416666666666667,0.6416530571848671,0.08300815746246663,70.864987975405,2.365683522356483,0.24999999999999997,0.5710163890117451,0.14453242369054511,0.06874113039860515,True,1.0,10,16,1.6,0.22229999922274146,1.1706999994203215,4.390199999761535,1.1706999994203215,0.16630050405432717,16,3.656644329552705e-07,0.975007796583423,1.0007970906382462,0.3870211218887927,0.002104650356192901,0.9302382354844339,,,0.1999198801004138,0.1551332448095058,4.957832e-03;7.122898e-04;2.384241e-04;8.305575e-06;7.513871e-05;2.783444e-06;2.642467e-05;1.019389e-06;9.342921e-06;3.656644e-07,2;2;2;1;2;1;2;1;2;1,,,,,,,E1
40,1,12,0.3076923076923077,random,decoupled,1.0,7.73,delta,0.005,1,,0.0,0.9700000000000015,0.02584312413815851,7,4.416666666666667,0.6416530571848671,0.08300815746246663,70.864987975405,2.365683522356483,0.24999999999999997,0.5710163890117451,0.14453242369054511,0.06874113039860515,False,0.0,60,149,2.4833333333333334,0.21920000108366366,8.992600000055972,12.24510000065493,8.992600000055972,0.20161377132183297,149,0.006604520927766755,0.9767787632022492,1.0029311754604635,0.44359372096469907,0.06604611192829157,1.271877295125248,,,1.5390956203637918,0.1551332448095058,4.957832e-03;7.452411e-03;5.034578e-03;5.659705e-03;7.950056e-03;8.144221e-03;6.433695e-03;6.698303e-03;9.070442e-03;8.639012e-03;5.307417e-03;5.341269e-03;8.799835e-03;8.655372e-03;5.605414e-03;5.726792e-03;9.110526e-03;8.764459e-03;5.057949e-03;5.045565e-03;8.559882e-03;8.591311e-03;6.064548e-03;6.269620e-03;9.367816e-03;8.828624e-03;4.651064e-03;4.454082e-03;7.738315e-03;8.211406e-03;7.481414e-03;7.636193e-03;8.729578e-03;8.447560e-03;6.689883e-03;6.863874e-03;9.414021e-03;8.802920e-03;4.866983e-03;4.769261e-03;8.293616e-03;8.490756e-03;6.558969e-03;6.796423e-03;9.392583e-03;8.804781e-03;4.821517e-03;4.721495e-03;8.229287e-03;8.463328e-03;6.653200e-03;6.893024e-03;9.360709e-03;8.786360e-03;4.936015e-03;4.871332e-03;8.393021e-03;8.531835e-03;6.369527e-03;6.604521e-03,2;3;2;3;2;3;2;3;2;3;2;3;2;3;2;3;2;3;2;3;2;3;2;3;2;3;2;2;2;3;2;3;2;3;2;3;2;3;2;3;2;3;2;3;2;3;2;3;2;3;2;3;2;3;2;3;2;3;2;3,,,,,,,E1
40,2,12,0.3076923076923077,random,coupled,1.0,7.73,delta,0.005,1,,0.0,0.9700000000000037,0.025680658562590046,7,3.9166666666666665,0.6416530571848671,0.08300815746246663,43.601816647137966,1.566190378969063,0.33333333333333365,0.5654315999904235,0.12312344746138953,0.06095911563649898,True,1.0,8,13,1.625,0.1833000005717622,0.9568000004946953,4.103200000827201,0.9568000004946953,0.16532608687104303,13,6.479406859938308e-07,0.9750570957507466,1.0009033669448002,0.3864108277488721,0.0022373419985074975,0.8404073487442029,,,0.18947434689178871,0.15360926007932252,4.913623e-03;7.127674e-04;2.313979e-04;4.352801e-06;7.546443e-05;1.726436e-06;2.653829e-05;6.479407e-07,2;2;2;1;2;1;2;1,,,,,,,E1
40,2,12,0.3076923076923077,random,decoupled,1.0,7.73,delta,0.005,1,,0.0,0.9700000000000037,0.025680658562590046,7,3.9166666666666665,0.6416530571848671,0.08300815746246663,43.601816647137966,1.566190378969063,0.33333333333333365,0.5654315999904235,0.12312344746138953,0.06095911563649898,False,0.0,60,121,2.0166666666666666,0.2635000000736909,8.621999999377294,12.152100000093924,8.621999999377294,0.17076409187037064,121,1.8224810471867414e-06,0.9750581740915703,1.000903503511351,0.3873476248773963,0.0022431645151322105,0.842134851773954,,,0.19238125560730965,0.15360926007932252,4.913623e-03;6.022919e-03;2.113853e-03;1.601269e-03;1.251830e-03;1.085461e-03;8.469226e-04;7.888332e-04;5.997517e-04;5.930275e-04;4.425763e-04;4.547049e-04;3.546578e-04;3.529925e-04;2.845919e-04;2.762736e-04;2.283641e-04;2.174251e-04;1.831382e-04;1.717661e-04;1.467559e-04;1.360598e-04;1.175098e-04;1.079820e-04;9.402555e-05;8.581613e-05;7.518895e-05;6.826824e-05;6.009564e-05;5.434811e-05;4.801245e-05;4.328949e-05;3.834621e-05;3.449469e-05;3.061811e-05;2.749474e-05;2.444253e-05;2.192007e-05;1.950947e-05;1.747854e-05;1.557010e-05;1.393868e-05;1.242501e-05;1.111675e-05;9.914497e-06;8.866739e-06;7.910805e-06;7.072493e-06;6.311788e-06;5.641544e-06;5.035820e-06;4.500245e-06;4.017700e-06;3.589912e-06;3.205360e-06;2.863774e-06;2.557232e-06;2.284540e-06;2.040135e-06;1.822481e-06,2;3;2;2;2;2;2;2;2;2;2;2;2;2;2;2;2;2;2;2;2;2;2;2;2;2;2;2;2;2;2;2;2;2;2;2;2;2;2;2;2;2;2;2;2;2;2;2;2;2;2;2;2;2;2;2;2;2;2;2,,,,,,,E1
40,3,12,0.3076923076923077,random,coupled,1.0,7.73,delta,0.005,1,,0.0,0.9700000000000042,0.025871074870932393,7,4.833333333333333,0.6416530571848671,0.08300815746246663,66.178016329729,2.9359122492993834,0.25000000000000033,0.604605486532731,0.18411583724419142,0.07522614270036031,True,1.0,10,16,1.6,0.27460000092105474,1.2247000013303477,4.659500000343542,1.2247000013303477,0.15896791033601487,16,3.865964049998283e-07,0.9750073012793727,0.9983053665467652,0.19104144467328582,0.0019017716981761727,0.6403821404692374,,,0.1683999697180243,0.15513888153812458,4.955277e-03;6.834433e-04;2.191404e-04;1.130430e-05;6.917076e-05;3.319622e-06;2.374853e-05;1.138009e-06;8.197043e-06;3.865964e-07,2;2;2;1;2;1;2;1;2;1,,,,,,,E1
40,3,12,0.3076923076923077,random,decoupled,1.0,7.73,delta,0.005,1,,0.0,0.9700000000000042,0.025871074870932393,7,4.833333333333333,0.6416530571848671,0.08300815746246663,66.178016329729,2.9359122492993834,0.25000000000000033,0.604605486532731,0.18411583724419142,0.07522614270036031,False,0.0,60,9037,150.61666666666667,0.24709999888727907,178.16390000007232,181.61759999929927,178.16390000007232,0.6171969517952591,9037,0.29501902437361416,0.6336294677260157,1.284318481618723,209.06649217088284,12.3390891717629,569.8261304837911,,1.0775197034575565,3524.819903521452,0.15513888153812458,4.955277e-03;8.995592e-03;8.510075e-03;9.708012e-03;2.636103e-03;1.511718e-02;1.039714e-02;2.842953e-03;1.237513e-02;1.005479e-02;1.009095e-02;3.975710e-03;2.882136e-02;2.504323e-02;1.496480e-01;8.300635e-01;8.667490e-01;4.029462e-01;6.647386e-01;4.438013e-01;4.242989e-01;1.581447e-01;6.105163e-01;3.457529e-01;4.012036e-01;6.375667e-01;7.029021e-01;3.520009e-01;1.832474e-01;7.054787e-01;3.561404e-01;7.592758e-01;3.447034e-01;5.685774e-01;6.936100e-01;3.181641e-01;8.961172e-01;1.945190e-01;1.975452e-01;9.004111e-01;3.418485e-01;7.340599e-01;8.446126e-01;6.384664e-01;3.591697e-01;5.254161e-01;4.665878e-01;3.826978e-01;2.452435e-01;8.699389e-01;1.652601e-01;3.031526e-01;2.572180e-01;8.378268e-01;1.288421e-01;2.597489e-01;3.045277e-01;8.267604e-01;1.612445e-01;2.950190e-01,2;3;2;3;1;2;3;1;2;3;3;1;3;3;5;200;200;200;200;200;200;200;200;200;200;200;200;200;200;200;200;200;200;200;200;200;200;200;200;200;200;200;200;200;200;200;200;200;200;200;200;200;200;200;200;200;200;200;200;200,,,,,,,E1
40,4,12,0.3076923076923077,random,coupled,1.0,7.73,delta,0.005,1,,0.0,0.9700000000000017,0.025487326094243618,7,4.333333333333333,0.6416530571848671,0.08300815746246663,41.54218547653551,1.8418157044415162,0.3333333333333337,0.573028628291786,0.13069214282247751,0.06744412793825405,True,1.0,10,16,1.6,0.16689999938535038,1.158499999291962,4.225299999234267,1.158499999291962,0.16805179121190078,16,6.031475423551313e-07,0.9750029828861425,1.000947245160195,0.38759866002929766,0.001877699861211946,1.2630530102377533,,,0.19704950706235833,0.15526584618812866,4.939514e-03;7.146907e-04;2.477259e-04;1.711285e-05;7.558795e-05;4.767790e-06;2.661835e-05;1.709370e-06;9.424356e-06;6.031475e-07,2;2;2;1;2;1;2;1;2;1,,,,,,,E1
40,4,12,0.3076923076923077,random,decoupled,1.0,7.73,delta,0.005,1,,0.0,0.9700000000000017,0.025487326094243618,7,4.333333333333333,0.6416530571848671,0.08300815746246663,41.54218547653551,1.8418157044415162,0.3333333333333337,0.573028628291786,0.13069214282247751,0.06744412793825405,False,0.0,60,6268,104.46666666666667,0.23700000019744039,122.50010000025213,125.97470000036992,122.50010000025213,0.622603769301764,6268,0.5610436827108287,0.4399035858693799,0.9995419771015502,369.6263177743295,0.2388174707143263,456.2185155021151,,0.9916368486894599,2459.7897739556547,0.15526584618812866,4.939514e-03;9.708757e-03;9.853927e-03;9.966466e-03;1.856306e-03;9.700859e-03;9.826600e-03;2.846190e-03;1.496618e-02;1.257501e-02;4.285214e-03;1.814017e-02;1.294506e-02;3.352961e-03;8.335813e-03;6.663882e-03;1.515750e-02;1.286278e-02;3.454705e-03;1.238809e-02;1.120482e-02;4.220839e-03;2.633833e-02;1.177277e-02;6.157434e-03;7.997954e-03;8.988217e-03;1.043128e-02;2.837278e-02;1.025890e-01;5.778786e-01;3.326786e-01;1.225922e-01;2.129363e-01;1.878372e-01;7.721192e-01;1.936516e-01;1.164985e-01;2.732391e-01;3.393696e-01;1.562466e-01;2.121192e-01;1.860958e-01;8.095511e-01;2.758531e-01;1.310745e-01;7.645267e-01;2.952147e-01;9.471387e-01;2.533819e-01;9.441388e-01;2.858685e-01;8.144580e-01;2.778709e-01;4.985291e-01;1.495073e-01;1.015611e-01;7.025087e-01;2.883036e-01;5.610437e-01,2;3;3;3;1;2;3;1;2;3;1;3;3;1;2;2;3;3;1;3;3;1;3;3;2;2;3;3;3;200;200;200;200;200;200;200;200;200;200;200;200;200;200;200;200;200;200;200;200;200;200;200;200;200;200;200;200;200;200;200,,,,,,,E1
40,0,16,0.41025641025641024,random,coupled,1.0,7.73,delta,0.005,1,,0.0,0.9700000000000039,0.025496915915996933,7,3.75,0.6416530571848671,0.08300815746246663,55.936405852179156,2.4825584795545614,0.2500000000000004,0.6752453458456749,0.13561753449309422,0.05836511071579682,True,1.0,10,16,1.6,0.2578000003268244,1.2920999997731997,4.691800000728108,1.2920999997731997,0.15067564432642466,16,4.2113655862596744e-07,0.9750168537483702,1.0007246938668273,0.386819928744364,0.0018657920492737602,1.303664702291352,,,0.19075616249055138,0.15485027497710574,4.926631e-03;7.156851e-04;2.417256e-04;1.044661e-05;7.513424e-05;3.220055e-06;2.641524e-05;1.176890e-06;9.335020e-06;4.211366e-07,2;2;2;1;2;1;2;1;2;1,True,5.0,48.31740000008722,4.991282707145217e-07,0.0022718861008024843,0.00033086447900365634,E1
40,0,16,0.41025641025641024,random,decoupled,1.0,7.73,delta,0.005,1,,0.0,0.9700000000000039,0.025496915915996933,7,3.75,0.6416530571848671,0.08300815746246663,55.936405852179156,2.4825584795545614,0.2500000000000004,0.6752453458456749,0.13561753449309422,0.05836511071579682,False,0.0,60,11014,183.56666666666666,0.2729999996518018,222.0080000006419,225.43690000020433,222.0080000006419,0.6036645165922512,11014,0.064762432369742,0.9772599849470934,1.0499248461814794,680.1384803138413,0.09161121418739052,1022.0854299476334,,1.0382616267103493,5161.587016000364,0.15485027497710574,4.926631e-03;1.099938e-02;5.120116e-03;3.559669e-02;7.126465e-02;7.903662e-01;1.423942e-01;5.395244e-01;9.612570e-01;8.200391e-01;5.958419e-02;2.111236e-01;8.049266e-01;7.275981e-02;2.442562e-01;3.336113e-01;1.460360e-01;2.909800e-01;3.244499e-01;3.305926e-02;9.048798e-01;3.300403e-01;4.303987e-01;3.777944e-01;1.886522e-01;6.571909e-01;2.402685e-01;1.353622e-01;6.239671e-01;3.575086e-01;2.865388e-01;3.748658e-01;7.265831e-01;2.833721e-01;5.777432e-02;7.905677e-01;2.877049e-01;3.122861e-01;2.333436e-01;9.319784e-01;1.319900e-01;2.478631e-01;2.977843e-01;9.181785e-01;1.316853e-01;2.742900e-01;2.299025e-01;8.980875e-01;2.604675e-01;3.279491e-01;7.493087e-02;6.909414e-01;5.390505e-01;2.616113e-01;1.596730e-01;3.577571e-01;9.088954e-01;2.184175e-01;3.324388e-01;6.476243e-02,2;3;1;3;5;200;200;200;200;200;200;200;200;200;200;200;200;200;200;200;200;200;200;200;200;200;200;200;200;200;200;200;200;200;200;200;200;200;200;200;200;200;200;200;200;200;200;200;200;200;200;200;200;200;200;200;200;200;200;200,,,,,,,E1
40,1,16,0.41025641025641024,random,coupled,1.0,7.73,delta,0.005,1,,0.0,0.9700000000000015,0.02584312413815851,7,5.25,0.6416530571848671,0.08300815746246663,85.62358266142549,2.488690062588141,0.2500000000000002,0.6965891219440915,0.14610894478805977,0.08171115500211557,True,1.0,10,16,1.6,0.30640000113635324,1.5516999992541969,5.210699999224744,1.5516999992541969,0.1254675517777754,16,5.463394775473418e-07,0.9750078362487251,1.000406667217425,0.386056357172956,0.0018349045669576376,0.9745546778649591,,,0.1890685593971403,0.1551332448095058,4.912370e-03;7.142958e-04;2.458042e-04;1.508341e-05;7.424638e-05;4.283052e-06;2.598713e-05;1.542883e-06;9.147874e-06;5.463395e-07,2;2;2;1;2;1;2;1;2;1,,,,,,,E1
40,1,16,0.41025641025641024,random,decoupled,1.0,7.73,delta,0.005,1,,0.0,0.9700000000000015,0.02584312413815851,7,5.25,0.6416530571848671,0.08300815746246663,85.62358266142549,2.488690062588141,0.2500000000000002,0.6965891219440915,0.14610894478805977,0.08171115500211557,False,0.0,60,10908,181.8,0.26360000083514024,222.85369999917748,226.29580000102578,222.85369999917748,0.5955860010423425,10908,5.247051695777614,0.7870603756192133,6.225714435938903,6548.710949250423,35.355920304089196,26086.639447715,,1.015254698155073,550712.2373969075,0.1551332448095058,4.912370e-03;1.124617e-02;8.688072e-03;8.417062e-02;6.376777e-01;7.520930e-01;4.791892e-01;5.805332e-01;3.044275e+00;5.780523e+00;5.600780e+00;5.553138e+00;5.349047e+00;4.964604e+00;4.683124e+00;4.638394e+00;4.746517e+00;4.913826e+00;5.028408e+00;4.959380e+00;4.700374e+00;4.779493e+00;5.203228e+00;5.614130e+00;5.754436e+00;5.435103e+00;4.986094e+00;4.899545e+00;5.014051e+00;5.180559e+00;5.240421e+00;5.023204e+00;4.782643e+00;5.094994e+00;5.566134e+00;5.850069e+00;5.686925e+00;5.174908e+00;5.008539e+00;5.093246e+00;5.258443e+00;5.340898e+00;5.146448e+00;4.850384e+00;5.132505e+00;5.611327e+00;5.911925e+00;5.758068e+00;5.241151e+00;5.081044e+00;5.169104e+00;5.332000e+00;5.400720e+00;5.174048e+00;4.904869e+00;5.228442e+00;5.706188e+00;5.970298e+00;5.747373e+00;5.247052e+00,2;3;1;3;200;200;200;94;5;200;200;200;200;200;200;200;200;200;200;200;200;200;200;200;200;200;200;200;200;200;200;200;200;200;200;200;200;200;200;200;200;200;200;200;200;200;200;200;200;200;200;200;200;200;200;200;200;200;200;200,,,,,,,E1
40,2,16,0.41025641025641024,random,coupled,1.0,7.73,delta,0.005,1,,0.0,0.9700000000000037,0.025680658562590046,7,5.3125,0.6416530571848671,0.08300815746246663,87.32874489593388,3.4705201160595927,0.20000000000000018,0.6875395335873277,0.15551200179542152,0.08268390684737888,True,1.0,10,16,1.6,0.1871999993454665,1.2002999992546393,4.387199998745928,1.2002999992546393,0.16219945023818802,16,4.0269114376378923e-07,0.97499959730886,1.0013205815918633,0.38826118114035824,0.0018681752417723672,0.8587621923492971,,,0.19743970531138832,0.15537723931623787,4.933632e-03;7.204438e-04;2.427781e-04;1.234690e-05;7.657138e-05;3.474286e-06;2.704959e-05;1.190318e-06;9.608655e-06;4.026911e-07,2;2;2;1;2;1;2;1;2;1,,,,,,,E1
40,2,16,0.41025641025641024,random,decoupled,1.0,7.73,delta,0.005,1,,0.0,0.9700000000000037,0.025680658562590046,7,5.3125,0.6416530571848671,0.08300815746246663,87.32874489593388,3.4705201160595927,0.20000000000000018,0.6875395335873277,0.15551200179542152,0.08268390684737888,False,0.0,60,11010,183.5,0.24050000138231553,214.2879000002722,217.65949999826262,214.2879000002722,0.6251854631074822,11010,3.1516189238328747,0.2011712912224847,4.13870680696888,726.2026862524805,6.35988858925986,2896.1101192633705,,1.0238588429516098,48188.74799431247,0.15537723931623787,4.933632e-03;1.115126e-02;1.127448e-02;1.023375e-01;7.960151e-01;1.301276e+00;1.140498e+00;8.113781e-01;6.101158e-01;7.095197e-01;8.851500e-01;8.112703e-01;3.725632e-01;2.989841e-01;4.600402e-01;4.886290e-01;4.876940e-01;4.756791e-01;4.633925e-01;4.514831e-01;4.406952e-01;4.316722e-01;4.247403e-01;4.198181e-01;4.165120e-01;4.143105e-01;4.127469e-01;4.114702e-01;4.102451e-01;4.089195e-01;4.073870e-01;4.055542e-01;4.033142e-01;4.005215e-01;3.969615e-01;3.923052e-01;3.860334e-01;3.773109e-01;3.648186e-01;3.467644e-01;3.222005e-01;2.940130e-01;2.718386e-01;2.406339e-02;3.422991e-01;3.878484e-01;6.016647e-01;1.646517e+00;8.274300e-01;1.793085e+00;8.696198e-01;1.634412e+00;4.107030e+00;4.161083e+00;4.128385e+00;4.030039e+00;3.786275e+00;3.397500e+00;3.167583e+00;3.151619e+00,2;3;1;3;200;200;200;200;200;200;200;200;200;200;200;200;200;200;200;200;200;200;200;200;200;200;200;200;200;200;200;200;200;200;200;200;200;200;200;200;200;200;200;1;200;200;200;200;200;200;200;200;200;200;200;200;200;200;200;200,,,,,,,E1
40,3,16,0.41025641025641024,random,coupled,1.0,7.73,delta,0.005,1,,0.0,0.9700000000000042,0.025871074870932393,7,4.625,0.6416530571848671,0.08300815746246663,63.44732117949831,2.485923890616442,0.2500000000000005,0.6846298478091957,0.14336435797500022,0.07198363654948277,True,1.0,8,13,1.625,0.17759999900590628,0.9468000007473165,4.072100000485079,0.9468000007473165,0.16707224321413622,13,8.032165795812674e-07,0.9750148402834434,1.0010552252206868,0.3862118885737153,0.0018363866057250554,0.8429301515984154,,,0.18910779534281427,0.15489540384017203,4.908147e-03;7.148512e-04;2.354081e-04;6.155886e-06;7.588197e-05;2.158322e-06;2.672518e-05;8.032166e-07,2;2;2;1;2;1;2;1,,,,,,,E1
40,3,16,0.41025641025641024,random,decoupled,1.0,7.73,delta,0.005,1,,0.0,0.9700000000000042,0.025871074870932393,7,4.625,0.6416530571848671,0.08300815746246663,63.44732117949831,2.485923890616442,0.2500000000000005,0.6846298478091957,0.14336435797500022,0.07198363654948277,False,0.0,60,11088,184.8,0.2597999991849065,235.2774999999383,238.86449999918113,235.2774999999383,0.573445331576693,11088,0.18845674327432804,0.9782902300868385,1.1791245805267367,153.81209215479308,0.07772703259654502,217.5663180780877,,0.9260674587109543,979.7585483324762,0.15489540384017203,4.908147e-03;1.076676e-02;5.484462e-03;4.467813e-02;3.631288e-01;1.021678e+00;8.148109e-01;3.398055e+00;4.939260e-01;4.886168e-01;4.837595e-01;4.793352e-01;4.753692e-01;4.718600e-01;4.687809e-01;4.660845e-01;4.637084e-01;4.615815e-01;4.596297e-01;4.577793e-01;4.559600e-01;4.541055e-01;4.521524e-01;4.500391e-01;4.477025e-01;4.450748e-01;4.420781e-01;4.386183e-01;4.345770e-01;4.297991e-01;4.240771e-01;4.171272e-01;4.085547e-01;3.978040e-01;3.840913e-01;3.663350e-01;3.432034e-01;3.138684e-01;2.811702e-01;2.557638e-01;2.471889e-01;2.349208e-01;3.291428e-01;5.568577e-01;4.907147e-01;9.926819e-03;8.420219e-03;6.918149e-03;5.406004e-02;8.155388e-01;8.287630e-01;3.019398e-01;9.078701e-01;9.072482e-01;1.746426e-01;3.788209e-01;1.485531e-01;8.113300e-01;1.215756e-01;1.884567e-01,2;3;1;3;200;200;200;200;200;200;200;200;200;200;200;200;200;200;200;200;200;200;200;200;200;200;200;200;200;200;200;200;200;200;200;200;200;200;200;200;200;200;200;79;200;200;200;200;200;200;200;200;200;200;200;200;200;200;200;200,,,,,,,E1
40,4,16,0.41025641025641024,random,coupled,1.0,7.73,delta,0.005,1,,0.0,0.9700000000000017,0.025487326094243618,7,5.0625,0.6416530571848671,0.08300815746246663,64.9754006604529,2.5697939823400175,0.2500000000000003,0.669439795338932,0.1432679110641173,0.07879289946632559,True,1.0,10,16,1.6,0.24470000062137842,1.196300001538475,4.566800000247895,1.196300001538475,0.16274178696783903,16,6.200479443219109e-07,0.9749993799520574,1.000947245028971,0.3878309271727569,0.0017609261374108298,1.3013495183499009,,,0.19583122868723896,0.1553772393162385,4.952262e-03;7.247724e-04;2.489871e-04;1.780303e-05;7.559686e-05;4.893990e-06;2.662252e-05;1.758070e-06;9.426132e-06;6.200479e-07,2;2;2;1;2;1;2;1;2;1,,,,,,,E1
40,4,16,0.41025641025641024,random,decoupled,1.0,7.73,delta,0.005,1,,0.0,0.9700000000000017,0.025487326094243618,7,5.0625,0.6416530571848671,0.08300815746246663,64.9754006604529,2.5697939823400175,0.2500000000000003,0.669439795338932,0.1432679110641173,0.07879289946632559,False,0.0,60,11209,186.81666666666666,0.30789999982516747,225.08779999952822,228.71889999987616,225.08779999952822,0.6059462663026867,11209,4.012277868891971,0.6446641181338405,4.987277868891972,3352.2171417896157,7.742217409751968,13736.583883642097,,0.9861153821241089,264948.71055369935,0.1553772393162385,4.952262e-03;1.138041e-02;7.018235e-03;5.674887e-02;5.741068e-01;1.104178e+00;3.068876e+00;3.473643e+00;2.661295e+00;2.689711e+00;2.818671e+00;3.109761e+00;3.145454e+00;3.204904e+00;3.007084e+00;2.085510e+00;2.160208e+00;2.120981e+00;2.169957e+00;2.344912e+00;2.787301e+00;2.922495e+00;2.607530e+00;2.110551e+00;2.490465e+00;4.461917e-01;4.112003e+00;3.937755e+00;3.109493e+00;3.087792e+00;3.155013e+00;3.280848e+00;3.436068e+00;3.483802e+00;2.891880e+00;3.103811e+00;3.556556e+00;3.968945e+00;4.229543e+00;3.899470e+00;3.264564e+00;3.292025e+00;3.385436e+00;3.519790e+00;3.637016e+00;3.400801e+00;2.983304e+00;3.487924e+00;3.975286e+00;4.305574e+00;4.205554e+00;3.327435e+00;3.344814e+00;3.432796e+00;3.572091e+00;3.708311e+00;3.546497e+00;2.992542e+00;3.513553e+00;4.012278e+00,2;3;1;3;200;200;200;200;200;200;200;200;200;200;200;200;200;200;200;200;200;200;200;200;200;200;200;200;200;200;200;200;200;200;200;200;200;200;200;200;200;200;200;200;200;200;200;200;200;200;200;200;200;200;200;200;200;200;200;200,,,,,,,E1
40,0,20,0.5128205128205128,random,coupled,1.0,7.73,delta,0.005,1,,0.0,0.9700000000000039,0.025496915915996933,7,4.5,0.6416530571848671,0.08300815746246663,75.40537565261582,3.174359090159981,0.20000000000000015,0.7254526371610771,0.13628818245730057,0.07003813285895626,True,1.0,10,16,1.6,0.2316999998583924,1.1716999997588573,4.48829999913869,1.1716999997588573,0.1661585730477664,16,6.20385168015325e-07,0.9749993796148358,1.0007246939971999,0.38675124594589944,0.001618514638660314,1.5710261947651052,,,0.1890668850375831,0.15537723931623784,4.917199e-03;7.231037e-04;2.492640e-04;1.788621e-05;7.514709e-05;4.887606e-06;2.641823e-05;1.758451e-06;9.335802e-06;6.203852e-07,2;2;2;1;2;1;2;1;2;1,True,5.0,41.33419999925536,6.203851684594142e-07,0.002271844789832853,0.000331197749687262,E1
40,0,20,0.5128205128205128,random,decoupled,1.0,7.73,delta,0.005,1,,0.0,0.9700000000000039,0.025496915915996933,7,4.5,0.6416530571848671,0.08300815746246663,75.40537565261582,3.174359090159981,0.20000000000000015,0.7254526371610771,0.13628818245730057,0.07003813285895626,False,0.0,60,11209,186.81666666666666,0.2750999992713332,229.90659999959462,233.29440000088653,229.90659999959462,0.5932457441423626,11209,3.9340594050823174,0.8340439712465977,4.9090594050823215,3424.877704403574,746.6117732152946,21489.90917096088,,0.9895291551732015,227838.66534616798,0.15537723931623784,4.917199e-03;1.275803e-02;1.582158e-02;1.281479e-01;1.604697e+00;1.794694e+00;4.989108e-01;4.925139e-01;4.907054e-01;9.219920e-01;7.796418e-01;6.045151e-01;7.385551e-01;4.111623e-01;7.932305e-01;2.178688e+00;3.521688e+00;3.433028e+00;3.461209e+00;3.354747e+00;3.005260e+00;2.627806e+00;2.580992e+00;2.613329e+00;2.694330e+00;2.803373e+00;2.873921e+00;2.716100e+00;2.299054e+00;2.676669e+00;3.120337e+00;3.496051e+00;3.665396e+00;3.217930e+00;2.824749e+00;2.810264e+00;2.841206e+00;2.919898e+00;2.995938e+00;2.772090e+00;2.454881e+00;2.922842e+00;3.383011e+00;3.719039e+00;3.674617e+00;2.935853e+00;2.888991e+00;2.884889e+00;2.939803e+00;3.041432e+00;4.208444e+00;4.533421e+00;4.352211e+00;4.117086e+00;3.971242e+00;3.926804e+00;3.951896e+00;4.001074e+00;4.005632e+00;3.934059e+00,2;3;1;3;200;200;200;200;200;200;200;200;200;200;200;200;200;200;200;200;200;200;200;200;200;200;200;200;200;200;200;200;200;200;200;200;200;200;200;200;200;200;200;200;200;200;200;200;200;200;200;200;200;200;200;200;200;200;200;200,,,,,,,E1
40,1,20,0.5128205128205128,random,coupled,1.0,7.73,delta,0.005,1,,0.0,0.9700000000000015,0.02584312413815851,7,5.2,0.6416530571848671,0.08300815746246663,128.18159848974662,4.394917724571828,0.16666666666666685,0.7435388009244746,0.16019640365904544,0.08093295352590492,True,1.0,10,16,1.6,0.221800000872463,1.1994000014965422,4.397199998493306,1.1994000014965422,0.16232116037775512,16,5.315025483065838e-07,0.9749995886490416,1.0004066670116207,0.3858365691343485,0.0016984821349318284,1.086978652517702,,,0.18530222320844808,0.1553772393162386,4.893140e-03;7.174958e-04;2.451188e-04;1.455682e-05;7.427256e-05;4.160854e-06;2.599789e-05;1.500551e-06;9.152123e-06;5.315025e-07,2;2;2;1;2;1;2;1;2;1,,,,,,,E1
40,1,20,0.5128205128205128,random,decoupled,1.0,7.73,delta,0.005,1,,0.0,0.9700000000000015,0.02584312413815851,7,5.2,0.6416530571848671,0.08300815746246663,128.18159848974662,4.394917724571828,0.16666666666666685,0.7435388009244746,0.16019640365904544,0.08093295352590492,False,0.0,60,11368,189.46666666666667,0.2917000001616543,222.8291999999783,226.28359999907843,222.8291999999783,0.620770635087383,11368,17.030299899452093,0.10840621283668882,18.005299899452094,58199.854356576034,13566.757788692954,346840.9975967398,,1.0025207952527986,5274818.457420834,0.1553772393162386,4.893140e-03;1.103427e-02;3.159151e-02;3.380814e-01;2.629131e+00;2.783475e-01;8.791744e-01;2.030134e+01;1.782076e+01;1.734932e+01;1.716645e+01;1.714540e+01;1.725459e+01;1.742834e+01;1.755753e+01;1.755498e+01;1.741603e+01;1.720922e+01;1.700957e+01;1.685746e+01;1.676768e+01;1.675690e+01;1.685115e+01;1.704307e+01;1.725349e+01;1.737287e+01;1.734271e+01;1.719396e+01;1.700576e+01;1.684012e+01;1.672417e+01;1.667168e+01;1.670742e+01;1.685229e+01;1.706902e+01;1.725565e+01;1.731587e+01;1.723071e+01;1.706077e+01;1.688276e+01;1.674157e+01;1.665454e+01;1.663921e+01;1.672472e+01;1.691226e+01;1.713047e+01;1.726909e+01;1.726140e+01;1.712975e+01;1.695071e+01;1.678846e+01;1.667216e+01;1.661578e+01;1.664385e+01;1.678056e+01;1.699543e+01;1.718996e+01;1.726440e+01;1.719256e+01;1.703030e+01,2;3;3;200;160;200;200;200;200;200;200;200;200;200;200;200;200;200;200;200;200;200;200;200;200;200;200;200;200;200;200;200;200;200;200;200;200;200;200;200;200;200;200;200;200;200;200;200;200;200;200;200;200;200;200;200;200;200;200;200,,,,,,,E1
40,2,20,0.5128205128205128,random,coupled,1.0,7.73,delta,0.005,1,,0.0,0.9700000000000037,0.025680658562590046,7,4.95,0.6416530571848671,0.08300815746246663,81.31326552760483,3.1814508749469623,0.19999999999999973,0.7217709794990455,0.1380519063950211,0.07704194614485187,True,1.0,10,16,1.6,0.2612000007502502,1.5321999999287073,5.291100000249571,1.5321999999287073,0.12706435191819523,16,3.975235731701332e-07,0.975006744720321,1.0013205814864878,0.3883513827844151,0.0015972580862101118,1.0189574503288168,,,0.19123818127464634,0.15515641506880623,4.925533e-03;7.217301e-04;2.428309e-04;1.118114e-05;7.663410e-05;3.252374e-06;2.707242e-05;1.112247e-06;9.616927e-06;3.975236e-07,2;2;2;1;2;1;2;1;2;1,,,,,,,E1
40,2,20,0.5128205128205128,random,decoupled,1.0,7.73,delta,0.005,1,,0.0,0.9700000000000037,0.025680658562590046,7,4.95,0.6416530571848671,0.08300815746246663,81.31326552760483,3.1814508749469623,0.19999999999999973,0.7217709794990455,0.1380519063950211,0.07704194614485187,False,0.0,60,11406,190.1,0.29719999838562217,222.5588000001153,226.13749999982247,222.5588000001153,0.6236024277625872,11406,6.52443453141294,0.5607003388096437,7.507626662397739,10011.675676166027,47.87854757100234,44998.54283661143,,1.0024866397465322,689825.5679701185,0.15515641506880623,4.925533e-03;1.225278e-02;1.868693e-02;4.490657e-01;8.765018e-01;1.540251e+00;2.880315e+00;2.225817e+00;3.515816e+00;8.769421e-01;3.065798e-01;7.986473e-01;7.640741e-01;3.363004e-01;7.383118e-01;5.060260e-01;5.042004e-01;5.014510e-01;4.987597e-01;4.960957e-01;4.369071e+00;5.376336e+00;6.076095e+00;6.345136e+00;6.399454e+00;6.329499e+00;6.214362e+00;6.111416e+00;6.051806e+00;6.050687e+00;6.125314e+00;6.292653e+00;6.524739e+00;6.734568e+00;6.832263e+00;6.788280e+00;6.649043e+00;6.487752e+00;6.353629e+00;6.267691e+00;6.241227e+00;6.298101e+00;6.459758e+00;6.685063e+00;6.871380e+00;6.929943e+00;6.848983e+00;6.691467e+00;6.529831e+00;6.403812e+00;6.327591e+00;6.314326e+00;6.394851e+00;6.580351e+00;6.804071e+00;6.955095e+00;6.962789e+00;6.844935e+00;6.677648e+00;6.524435e+00,2;3;1;200;200;200;200;200;200;200;200;200;200;200;200;200;200;200;200;200;200;200;200;200;200;200;200;200;200;200;200;200;200;200;200;200;200;200;200;200;200;200;200;200;200;200;200;200;200;200;200;200;200;200;200;200;200;200;200;200,,,,,,,E1
40,3,20,0.5128205128205128,random,coupled,1.0,7.73,delta,0.005,1,,0.0,0.9700000000000042,0.025871074870932393,7,4.85,0.6416530571848671,0.08300815746246663,96.88336166118309,3.453223225265298,0.2000000000000002,0.7297318267499676,0.14840343356613064,0.07548554319243056,True,1.0,10,16,1.6,0.22790000002714805,1.4489000004687114,4.843299999265582,1.4489000004687114,0.13436952166265406,16,4.558987740654885e-07,0.9749997343000354,0.9999513038993393,0.3852710838441109,0.0013586049668412653,0.9125234798776009,,,0.1872286308897716,0.15537723931623773,4.909750e-03;7.046820e-04;2.405066e-04;1.199629e-05;7.310806e-05;3.555712e-06;2.553056e-05;1.285115e-06;8.959227e-06;4.558988e-07,2;2;2;1;2;1;2;1;2;1,,,,,,,E1
40,3,20,0.5128205128205128,random,decoupled,1.0,7.73,delta,0.005,1,,0.0,0.9700000000000042,0.025871074870932393,7,4.85,0.6416530571848671,0.08300815746246663,96.88336166118309,3.453223225265298,0.2000000000000002,0.7297318267499676,0.14840343356613064,0.07548554319243056,False,0.0,60,9637,160.61666666666667,0.22150000040710438,203.53260000047158,206.93759999994654,203.53260000047158,0.576138741409132,9637,5.66155118905553,0.9230213728832923,6.644041199487176,6819.514502932236,294.881568822403,34002.46402399948,,1.0008804434763086,466075.3910686081,0.15537723931623773,4.909750e-03;9.331252e-03;1.220495e-02;9.671447e-03;1.214581e-02;1.204246e-02;9.748335e-03;8.751398e-03;9.605769e-03;1.746430e-02;1.618413e-02;1.475486e-01;7.864735e-01;7.319471e-01;1.492845e+00;1.252785e+00;1.012708e+00;8.999355e-01;8.924562e-01;8.710983e-01;8.989449e-01;9.409723e-01;1.001531e+00;1.082719e+00;1.189781e+00;1.321925e+00;1.462128e+00;1.600986e+00;1.711569e+00;1.753911e+00;4.646941e+00;5.094682e+00;5.670885e+00;5.899242e+00;5.928098e+00;5.825901e+00;5.675097e+00;5.534123e+00;5.430855e+00;5.377908e+00;5.396496e+00;5.529102e+00;5.773371e+00;6.031570e+00;6.181264e+00;6.162087e+00;6.015568e+00;5.829953e+00;5.662209e+00;5.537971e+00;5.470030e+00;5.485967e+00;5.633395e+00;5.889581e+00;6.134004e+00;6.244700e+00;6.182955e+00;6.014021e+00;5.824480e+00;5.661551e+00,2;3;3;3;3;3;3;3;3;3;3;5;200;200;200;200;200;200;200;200;200;200;200;200;200;200;200;200;200;200;200;200;200;200;200;200;200;200;200;200;200;200;200;200;200;200;200;200;200;200;200;200;200;200;200;200;200;200;200;200,,,,,,,E1
40,4,20,0.5128205128205128,random,coupled,1.0,7.73,delta,0.005,1,,0.0,0.9700000000000017,0.025487326094243618,7,4.15,0.6416530571848671,0.08300815746246663,75.57782232555498,2.731821921164487,0.24999999999999967,0.7265741485821576,0.13291145274162014,0.06459072252548173,True,1.0,10,16,1.6,0.37430000156746246,1.235600000654813,4.869300000791554,1.235600000654813,0.15756555511235354,16,5.766653434768898e-07,0.9750090145879298,1.0012579137310693,0.38787549828778156,0.0018041334097827128,1.5723793502736254,,,0.19110883752532476,0.15507990807033156,4.902943e-03;7.208274e-04;2.463133e-04;1.612594e-05;7.645053e-05;4.554859e-06;2.699555e-05;1.633408e-06;9.585178e-06;5.766653e-07,2;2;2;1;2;1;2;1;2;1,,,,,,,E1
40,4,20,0.5128205128205128,random,decoupled,1.0,7.73,delta,0.005,1,,0.0,0.9700000000000017,0.025487326094243618,7,4.15,0.6416530571848671,0.08300815746246663,75.57782232555498,2.731821921164487,0.24999999999999967,0.7265741485821576,0.13291145274162014,0.06459072252548173,False,0.0,60,11209,186.81666666666666,0.2358999990974553,226.22789999877568,229.8268000013195,226.22789999877568,0.6028925344784535,11209,2.8514952610204944,0.4878566630931832,3.8398267268836817,3565.5481824226244,154.15984920369502,16451.88551932414,,0.9889776747129333,197399.6496329585,0.15507990807033156,4.902943e-03;1.072625e-02;7.073866e-03;6.091381e-02;4.845514e-01;9.940859e-01;8.118097e-01;8.365216e-01;1.034215e+00;1.174792e+00;1.214747e+00;3.006682e+00;3.026076e+00;3.043174e+00;2.950265e+00;2.687408e+00;2.416955e+00;2.332703e+00;2.332595e+00;2.384295e+00;2.462213e+00;2.504133e+00;2.386841e+00;2.148242e+00;2.387545e+00;2.772570e+00;3.108347e+00;3.262307e+00;3.019639e+00;2.598547e+00;2.516336e+00;2.515927e+00;2.567594e+00;2.627051e+00;2.530785e+00;2.220785e+00;2.500307e+00;2.905065e+00;3.231109e+00;3.309306e+00;2.881666e+00;2.644471e+00;2.597554e+00;2.608093e+00;2.661289e+00;2.658048e+00;2.343815e+00;2.439059e+00;2.843352e+00;3.207747e+00;3.377552e+00;3.059756e+00;2.720744e+00;2.658025e+00;2.651673e+00;2.693163e+00;2.707795e+00;2.421074e+00;2.448718e+00;2.851495e+00,2;3;1;3;200;200;200;200;200;200;200;200;200;200;200;200;200;200;200;200;200;200;200;200;200;200;200;200;200;200;200;200;200;200;200;200;200;200;200;200;200;200;200;200;200;200;200;200;200;200;200;200;200;200;200;200;200;200;200;200,,,,,,,E1
40,0,24,0.6153846153846154,random,coupled,1.0,7.73,delta,0.005,1,,0.0,0.9700000000000039,0.025496915915996933,7,4.791666666666667,0.6416530571848671,0.08300815746246663,152.73971713152574,5.6366081374909465,0.12499999999999954,0.7774194412369297,0.16148444676169152,0.07457764147018495,True,1.0,10,16,1.6,1.8660999994608574,1.2057999992975965,6.1940999985381495,1.2057999992975965,0.16145961196998657,16,6.215468686399106e-07,0.9749993784531352,1.000724693993296,0.3868193392269026,0.0016555252686787688,1.3758789207709716,,,0.18806830637763167,0.15537723931623784,4.897558e-03;7.255082e-04;2.492946e-04;1.787304e-05;7.512041e-05;4.899037e-06;2.640923e-05;1.761630e-06;9.332630e-06;6.215469e-07,2;2;2;1;2;1;2;1;2;1,True,5.0,45.01189999973576,6.215468686399106e-07,0.002271091424745785,0.00033109636859640634,E1
40,0,24,0.6153846153846154,random,decoupled,1.0,7.73,delta,0.005,1,,0.0,0.9700000000000039,0.025496915915996933,7,4.791666666666667,0.6416530571848671,0.08300815746246663,152.73971713152574,5.6366081374909465,0.12499999999999954,0.7774194412369297,0.16148444676169152,0.07457764147018495,False,0.0,60,11408,190.13333333333333,0.23559999863209669,231.6692000003968,235.0914999988163,231.6692000003968,0.5991842851780135,11408,41.15422864553338,0.9825164932083369,42.12922864553338,392236.1371832934,9587.55838117648,2049079.3006214027,,1.00064003018494,31282616.290538754,0.15537723931623784,4.897558e-03;1.290413e-02;3.766295e-02;2.895974e-01;6.405043e-01;1.767127e+00;5.252508e+01;4.555694e+01;4.413368e+01;4.350521e+01;4.320061e+01;4.308049e+01;4.303924e+01;4.296497e+01;4.278929e+01;4.252872e+01;4.225688e+01;4.203652e+01;4.188601e+01;4.179954e+01;4.178137e+01;4.184545e+01;4.197256e+01;4.208742e+01;4.210424e+01;4.199669e+01;4.181565e+01;4.163744e+01;4.150612e+01;4.142735e+01;4.140114e+01;4.144408e+01;4.156435e+01;4.171774e+01;4.181626e+01;4.179515e+01;4.166602e+01;4.149869e+01;4.135731e+01;4.126468e+01;4.121959e+01;4.123077e+01;4.131796e+01;4.146920e+01;4.161450e+01;4.166788e+01;4.159796e+01;4.144994e+01;4.129769e+01;4.118577e+01;4.112096e+01;4.110390e+01;4.115235e+01;4.127773e+01;4.144016e+01;4.155357e+01;4.155091e+01;4.143935e+01;4.128578e+01;4.115423e+01,2;3;3;200;200;200;200;200;200;200;200;200;200;200;200;200;200;200;200;200;200;200;200;200;200;200;200;200;200;200;200;200;200;200;200;200;200;200;200;200;200;200;200;200;200;200;200;200;200;200;200;200;200;200;200;200;200;200;200;200,,,,,,,E1
40,1,24,0.6153846153846154,random,coupled,1.0,7.73,delta,0.005,1,,0.0,0.9700000000000015,0.02584312413815851,7,4.291666666666667,0.6416530571848671,0.08300815746246663,88.15339781454875,3.434952672865284,0.19999999999999965,0.7622340172759469,0.13388728632236002,0.06679562670807859,True,1.0,10,16,1.6,0.22220000028028153,1.184199998533586,4.413799999383627,1.184199998533586,0.1644046615783527,16,6.34052235271021e-07,0.9749993659477663,1.0007970898285767,0.38737309077399396,0.0019176498846932737,1.461496110118059,,,0.1872550118124085,0.1553772393162386,4.896705e-03;7.302010e-04;2.507319e-04;1.808743e-05;7.532899e-05;4.979517e-06;2.649862e-05;1.793675e-06;9.370612e-06;6.340522e-07,2;2;2;1;2;1;2;1;2;1,,,,,,,E1
40,1,24,0.6153846153846154,random,decoupled,1.0,7.73,delta,0.005,1,,0.0,0.9700000000000015,0.02584312413815851,7,4.291666666666667,0.6416530571848671,0.08300815746246663,88.15339781454875,3.434952672865284,0.19999999999999965,0.7622340172759469,0.13388728632236002,0.06679562670807859,False,0.0,60,11406,190.1,0.23390000023937318,217.2588999983418,220.6759000000602,217.2588999983418,0.6388148333672834,11406,4.539185694606694,0.569642383607198,5.519405090428347,6298.237402317292,3983.1828726083195,75090.14962744957,,0.9910394449231498,494823.55769366975,0.1553772393162386,4.896705e-03;1.242479e-02;2.098200e-02;4.051188e-01;3.258366e+00;3.617624e+00;3.597189e+00;3.571993e+00;3.596658e+00;3.666136e+00;3.785023e+00;3.944760e+00;3.867674e+00;3.612993e+00;3.924106e+00;4.282475e+00;4.543187e+00;4.523067e+00;4.100775e+00;3.926843e+00;3.883070e+00;3.899871e+00;3.944733e+00;3.927909e+00;4.110933e+00;3.872727e+00;4.251030e+00;4.561766e+00;4.622462e+00;4.222640e+00;4.035226e+00;3.963073e+00;3.964481e+00;3.999908e+00;3.944705e+00;4.176925e+00;4.092552e+00;4.321248e+00;4.621826e+00;4.639829e+00;4.223238e+00;4.085897e+00;4.005641e+00;4.009881e+00;4.039188e+00;3.935543e+00;4.224443e+00;4.169404e+00;4.427558e+00;4.687876e+00;4.598401e+00;4.197898e+00;4.122829e+00;4.034931e+00;4.045297e+00;4.060009e+00;3.986744e+00;4.283638e+00;4.176432e+00;4.539186e+00,2;3;1;200;200;200;200;200;200;200;200;200;200;200;200;200;200;200;200;200;200;200;200;200;200;200;200;200;200;200;200;200;200;200;200;200;200;200;200;200;200;200;200;200;200;200;200;200;200;200;200;200;200;200;200;200;200;200;200;200,,,,,,,E1
40,2,24,0.6153846153846154,random,coupled,1.0,7.73,delta,0.005,1,,0.0,0.9700000000000037,0.025680658562590046,7,5.125,0.6416530571848671,0.08300815746246663,129.96517571051564,4.561990563663244,0.1538461538461537,0.7723636742117255,0.14817209451651223,0.07976565131158907,True,1.0,10,16,1.6,0.23189999956230167,1.2079999996785773,4.5365000005404,1.2079999996785773,0.16116556295678997,16,6.193789183761567e-07,0.9749993806210854,1.000903390347875,0.3870479220630738,0.0013403917686989528,1.1444824101372228,,,0.1892696777851501,0.15537723931623787,4.903009e-03;7.246429e-04;2.489018e-04;1.775998e-05;7.547459e-05;4.891529e-06;2.654232e-05;1.756212e-06;9.388205e-06;6.193789e-07,2;2;2;1;2;1;2;1;2;1,,,,,,,E1
40,2,24,0.6153846153846154,random,decoupled,1.0,7.73,delta,0.005,1,,0.0,0.9700000000000037,0.025680658562590046,7,5.125,0.6416530571848671,0.08300815746246663,129.96517571051564,4.561990563663244,0.1538461538461537,0.7723636742117255,0.14817209451651223,0.07976565131158907,False,0.0,60,11406,190.1,0.3242999991925899,237.03840000052878,240.67769999965094,237.03840000052878,0.5855093858197254,11406,5.20430085588055,0.747726592248378,6.191388739016556,8495.145783034399,1860.222632538369,69276.1911667468,,0.9976706223946081,913974.8772840993,0.15537723931623787,4.903009e-03;1.265108e-02;2.438625e-02;1.197703e+00;9.868204e-01;5.234296e-01;4.663472e-01;4.735393e-01;3.737316e+00;4.548910e+00;5.072093e+00;5.286990e+00;5.266755e+00;5.109430e+00;4.974236e+00;4.906244e+00;4.891521e+00;4.892898e+00;4.872680e+00;4.912315e+00;5.137549e+00;5.429889e+00;5.617314e+00;5.578466e+00;5.369766e+00;5.200379e+00;5.109750e+00;5.073747e+00;5.049216e+00;4.995087e+00;5.031334e+00;5.272546e+00;5.558357e+00;5.709619e+00;5.616395e+00;5.398243e+00;5.245630e+00;5.166945e+00;5.133181e+00;5.096182e+00;5.034537e+00;5.129758e+00;5.404566e+00;5.667495e+00;5.750271e+00;5.587859e+00;5.381316e+00;5.253691e+00;5.191407e+00;5.160143e+00;5.107588e+00;5.068434e+00;5.242790e+00;5.536141e+00;5.752122e+00;5.743531e+00;5.532889e+00;5.353503e+00;5.251746e+00;5.204301e+00,2;3;1;200;200;200;200;200;200;200;200;200;200;200;200;200;200;200;200;200;200;200;200;200;200;200;200;200;200;200;200;200;200;200;200;200;200;200;200;200;200;200;200;200;200;200;200;200;200;200;200;200;200;200;200;200;200;200;200;200,,,,,,,E1
40,3,24,0.6153846153846154,random,coupled,1.0,7.73,delta,0.005,1,,0.0,0.9700000000000042,0.025871074870932393,7,5.375,0.6416530571848671,0.08300815746246663,140.5765408730465,5.370082575636706,0.12499999999999988,0.7847576544938377,0.1683260855565335,0.08365665869264215,True,1.0,10,16,1.6,0.20509999922069255,1.1895000006916234,4.317799999626004,1.1895000006916234,0.16367213105237538,16,4.561964284111042e-07,0.9749995824954515,0.9999513028992423,0.3852747685991926,0.0016543140799162477,0.9263550363490302,,,0.16602765740265804,0.15537723931623773,4.818901e-03;7.128985e-04;2.408690e-04;1.255421e-05;7.341677e-05;3.584545e-06;2.564801e-05;1.285704e-06;9.002072e-06;4.561964e-07,2;2;2;1;2;1;2;1;2;1,,,,,,,E1
40,3,24,0.6153846153846154,random,decoupled,1.0,7.73,delta,0.005,1,,0.0,0.9700000000000042,0.025871074870932393,7,5.375,0.6416530571848671,0.08300815746246663,140.5765408730465,5.370082575636706,0.12499999999999988,0.7847576544938377,0.1683260855565335,0.08365665869264215,False,0.0,60,11408,190.13333333333333,0.308299999232986,223.52409999984957,227.21789999923203,223.52409999984957,0.6210182436707872,11408,0.5829798304203984,0.416971498036072,0.9983529240545143,437.880880335211,11.558361828063829,1359.808141646513,,0.98188703442506,4810.062085446577,0.15537723931623773,4.818901e-03;1.288097e-02;3.705336e-02;3.530035e-01;4.412782e-01;7.526725e-01;8.564426e-01;4.663516e-01;6.647302e-01;4.486154e-01;5.109450e-01;7.166282e-01;9.441145e-01;3.356029e-01;8.382889e-01;3.186080e-01;5.532239e-01;9.173320e-01;7.304507e-01;4.777926e-01;8.264450e-01;4.350041e-01;8.929979e-01;3.769392e-01;5.583284e-01;9.421336e-01;8.957364e-01;4.427590e-01;3.627891e-01;6.652416e-01;6.998173e-01;7.607589e-01;6.174936e-01;7.193725e-01;2.670366e-01;7.910783e-01;5.260916e-01;5.436491e-01;8.635094e-01;3.814392e-01;9.337991e-01;5.671105e-01;3.994796e-01;5.607245e-01;7.318198e-01;8.461991e-01;2.025872e-01;5.809618e-01;7.066669e-01;4.745507e-01;3.727514e-01;5.538194e-01;7.817072e-01;6.556556e-01;3.708218e-01;4.104318e-01;8.619321e-01;2.813581e-01;2.998052e-01;5.829798e-01,2;3;3;200;200;200;200;200;200;200;200;200;200;200;200;200;200;200;200;200;200;200;200;200;200;200;200;200;200;200;200;200;200;200;200;200;200;200;200;200;200;200;200;200;200;200;200;200;200;200;200;200;200;200;200;200;200;200;200;200,,,,,,,E1
40,4,24,0.6153846153846154,random,coupled,1.0,7.73,delta,0.005,1,,0.0,0.9700000000000017,0.025487326094243618,7,4.458333333333333,0.6416530571848671,0.08300815746246663,114.4217865235095,4.748178342452996,0.14285714285714302,0.777433177660872,0.1517946155020071,0.06938963162878058,True,1.0,10,16,1.6,0.22050000006856862,1.1694000004354166,4.340999999840278,1.1694000004354166,0.1664853770544805,16,6.191354763318557e-07,0.9749993808645254,1.0012579137535167,0.3878182899646618,0.0014860777049449081,1.5755618500406352,,,0.19391758855035524,0.1553772393162385,4.916876e-03;7.270018e-04;2.489989e-04;1.785493e-05;7.643044e-05;4.881794e-06;2.698843e-05;1.755558e-06;9.582610e-06;6.191355e-07,2;2;2;1;2;1;2;1;2;1,,,,,,,E1
40,4,24,0.6153846153846154,random,decoupled,1.0,7.73,delta,0.005,1,,0.0,0.9700000000000017,0.025487326094243618,7,4.458333333333333,0.6416530571848671,0.08300815746246663,114.4217865235095,4.748178342452996,0.14285714285714302,0.777433177660872,0.1517946155020071,0.06938963162878058,False,0.0,60,11408,190.13333333333333,0.2902999985963106,236.60490000111167,240.32650000117428,236.60490000111167,0.586684992573475,11408,3.7423154837883588,0.43656000811841184,4.717315483788361,5367.361333176928,1776.9756439317418,59276.12150728891,,0.9923045114356668,545851.940971329,0.1553772393162385,4.916876e-03;1.360384e-02;4.659125e-02;2.223439e-01;8.835872e-01;3.421260e+00;3.612251e+00;3.848909e+00;4.055019e+00;4.121187e+00;3.879029e+00;3.551002e+00;3.445153e+00;3.446753e+00;3.504872e+00;3.560614e+00;3.491873e+00;3.322022e+00;3.564484e+00;3.921283e+00;4.192529e+00;4.207963e+00;3.825574e+00;3.632905e+00;3.585927e+00;3.609600e+00;3.780287e+00;3.606114e+00;3.388325e+00;3.602203e+00;3.963298e+00;4.243633e+00;4.261223e+00;3.876706e+00;3.697155e+00;3.650970e+00;3.670898e+00;3.725377e+00;3.914230e+00;3.549411e+00;3.696298e+00;4.058008e+00;4.307476e+00;4.249822e+00;3.865701e+00;3.726125e+00;3.693404e+00;3.715992e+00;3.735904e+00;3.974370e+00;3.774292e+00;3.816923e+00;4.163804e+00;4.353924e+00;4.171184e+00;3.845046e+00;3.740315e+00;3.720589e+00;3.746255e+00;3.742315e+00,2;3;3;200;200;200;200;200;200;200;200;200;200;200;200;200;200;200;200;200;200;200;200;200;200;200;200;200;200;200;200;200;200;200;200;200;200;200;200;200;200;200;200;200;200;200;200;200;200;200;200;200;200;200;200;200;200;200;200;200,,,,,,,E1
40,0,29,0.7435897435897436,random,coupled,1.0,7.73,delta,0.005,1,,0.0,0.9700000000000039,0.025496915915996933,7,5.379310344827586,0.6416530571848671,0.08300815746246663,145.523688203978,5.50259445282525,0.12500000000000014,0.8176050130376645,0.15984267728654758,0.08372374502679826,True,1.0,10,16,1.6,0.30310000147437677,1.2912999991385732,5.150799999682931,1.2912999991385732,0.15076899258876827,16,6.222477628714529e-07,0.974999377752241,1.0007246938917087,0.3867365818305759,0.0015280317019679298,1.3201629647954911,,,0.18547978075666818,0.15537723931623784,4.883895e-03;7.298931e-04;2.493766e-04;1.790870e-05;7.518312e-05;4.901493e-06;2.643196e-05;1.763650e-06;9.340811e-06;6.222478e-07,2;2;2;1;2;1;2;1;2;1,True,5.0,46.90119999941089,6.22247762538386e-07,0.0022732234952182874,0.00033148014584349905,E1
40,0,29,0.7435897435897436,random,decoupled,1.0,7.73,delta,0.005,1,,0.0,0.9700000000000039,0.025496915915996933,7,5.379310344827586,0.6416530571848671,0.08300815746246663,145.523688203978,5.50259445282525,0.12500000000000014,0.8176050130376645,0.15984267728654758,0.08372374502679826,False,0.0,60,11408,190.13333333333333,0.25429999914194923,226.03990000061458,229.621300000872,226.03990000061458,0.6141063767928697,11408,11.314774819837845,0.5970787765977205,12.297844069998467,33143.33769394547,48.52377186187249,214023.59181173885,,0.9985552496891541,2832817.9196429313,0.15537723931623784,4.883895e-03;1.376620e-02;5.870641e-02;6.079405e-01;1.484788e+00;9.336573e+00;1.071972e+01;1.120231e+01;1.144895e+01;1.145851e+01;1.128038e+01;1.109002e+01;1.101074e+01;1.102701e+01;1.105822e+01;1.104994e+01;1.106634e+01;1.123284e+01;1.150420e+01;1.168974e+01;1.165125e+01;1.144578e+01;1.126707e+01;1.120466e+01;1.121221e+01;1.120473e+01;1.115820e+01;1.118879e+01;1.139501e+01;1.165710e+01;1.177290e+01;1.165749e+01;1.144119e+01;1.130400e+01;1.127432e+01;1.127942e+01;1.124432e+01;1.119904e+01;1.129278e+01;1.154349e+01;1.176883e+01;1.179075e+01;1.160960e+01;1.141174e+01;1.132309e+01;1.131688e+01;1.130792e+01;1.125119e+01;1.124293e+01;1.141405e+01;1.168072e+01;1.183479e+01;1.175660e+01;1.154316e+01;1.138746e+01;1.134258e+01;1.134432e+01;1.131155e+01;1.125283e+01;1.131477e+01,2;3;3;200;200;200;200;200;200;200;200;200;200;200;200;200;200;200;200;200;200;200;200;200;200;200;200;200;200;200;200;200;200;200;200;200;200;200;200;200;200;200;200;200;200;200;200;200;200;200;200;200;200;200;200;200;200;200;200;200,,,,,,,E1
40,1,29,0.7435897435897436,random,coupled,1.0,7.73,delta,0.005,1,,0.0,0.9700000000000015,0.02584312413815851,7,4.793103448275862,0.6416530571848671,0.08300815746246663,206.1299819571351,5.762826393960158,0.12500000000000014,0.8117582972930311,0.15516491938984758,0.07460000358157019,True,1.0,10,16,1.6,0.24739999935263768,1.2251999996806262,4.707199999756995,1.2251999996806262,0.15890303628040275,16,6.329776610636273e-07,0.9749993670223405,1.0007970897727987,0.3873731776298127,0.0016610210401097345,1.5822909341737945,,,0.18317246302467335,0.1553772393162386,4.870982e-03;7.286432e-04;2.507284e-04;1.809592e-05;7.536222e-05;4.969223e-06;2.651055e-05;1.790714e-06;9.374928e-06;6.329777e-07,2;2;2;1;2;1;2;1;2;1,,,,,,,E1
40,1,29,0.7435897435897436,random,decoupled,1.0,7.73,delta,0.005,1,,0.0,0.9700000000000015,0.02584312413815851,7,4.793103448275862,0.6416530571848671,0.08300815746246663,206.1299819571351,5.762826393960158,0.12500000000000014,0.8117582972930311,0.15516491938984758,0.07460000358157019,False,0.0,60,11408,190.13333333333333,0.382099999114871,212.68439999948896,216.23790000012377,212.68439999948896,0.6526691379355212,11408,6.82002810390278,0.04809539133990475,7.795028103902782,8818.804081406142,2393.7469822069243,104356.16465712097,,1.0010072891108617,1326513.4158175124,0.1553772393162386,4.870982e-03;1.224655e-02;4.389420e-02;3.309266e-01;4.121806e-01;5.216699e-01;8.196352e-01;1.787835e+00;2.599554e+00;3.086793e+00;5.777901e+00;6.060947e+00;6.270004e+00;6.232425e+00;5.823859e+00;5.652993e+00;5.603897e+00;5.614716e+00;5.648701e+00;5.586987e+00;5.440889e+00;5.713672e+00;6.069040e+00;6.326040e+00;6.288782e+00;6.187104e+00;6.547653e+00;6.750044e+00;6.607456e+00;6.225407e+00;6.053441e+00;6.061246e+00;6.145945e+00;6.206581e+00;6.388729e+00;6.198624e+00;6.186028e+00;6.574562e+00;6.843325e+00;6.761309e+00;6.374282e+00;6.198178e+00;6.194999e+00;6.262379e+00;6.316105e+00;6.411610e+00;6.068828e+00;6.306977e+00;6.692624e+00;6.915515e+00;6.745783e+00;6.377771e+00;6.253798e+00;6.268117e+00;6.331708e+00;6.412148e+00;6.335002e+00;6.112409e+00;6.457185e+00;6.820028e+00,2;3;3;200;200;200;200;200;200;200;200;200;200;200;200;200;200;200;200;200;200;200;200;200;200;200;200;200;200;200;200;200;200;200;200;200;200;200;200;200;200;200;200;200;200;200;200;200;200;200;200;200;200;200;200;200;200;200;200;200,,,,,,,E1
40,2,29,0.7435897435897436,random,coupled,1.0,7.73,delta,0.005,1,,0.0,0.9700000000000037,0.025680658562590046,7,4.655172413793103,0.6416530571848671,0.08300815746246663,143.72692773126408,5.093239364091612,0.12499999999999986,0.7999712139853765,0.14642604057694678,0.07245324088857545,True,1.0,10,16,1.6,0.23969999892869964,1.210200000059558,4.559499999231775,1.210200000059558,0.16087258303620786,16,6.117019729634521e-07,0.9750013654335019,1.001320581402447,0.3885145959877434,0.0013393945041196673,1.3854058481024265,,,0.18260490780146904,0.1553157833144422,4.876759e-03;7.222530e-04;2.482703e-04;1.738126e-05;7.667632e-05;4.838615e-06;2.708775e-05;1.733797e-06;9.622526e-06;6.117020e-07,2;2;2;1;2;1;2;1;2;1,,,,,,,E1
40,2,29,0.7435897435897436,random,decoupled,1.0,7.73,delta,0.005,1,,0.0,0.9700000000000037,0.025680658562590046,7,4.655172413793103,0.6416530571848671,0.08300815746246663,143.72692773126408,5.093239364091612,0.12499999999999986,0.7999712139853765,0.14642604057694678,0.07245324088857545,False,0.0,60,11408,190.13333333333333,0.26079999952344224,226.21000000071945,229.77429999991728,226.21000000071945,0.61364459572768,11408,21.161250994243645,0.2426766522309881,22.152960897998266,146043.4761470984,8958.662820203708,964783.2080753155,,0.9988124316859726,9012419.887553526,0.1553157833144422,4.876759e-03;1.382613e-02;5.166294e-02;5.639834e+00;5.520273e+00;5.317233e+00;1.420479e+01;1.634739e+01;1.803019e+01;1.869965e+01;1.898189e+01;1.911353e+01;1.921310e+01;1.933540e+01;1.950393e+01;1.973022e+01;2.000484e+01;2.027751e+01;2.047170e+01;2.053606e+01;2.048272e+01;2.037336e+01;2.027186e+01;2.021415e+01;2.021465e+01;2.028603e+01;2.043800e+01;2.064695e+01;2.084142e+01;2.094100e+01;2.091512e+01;2.080110e+01;2.066647e+01;2.056120e+01;2.050612e+01;2.051235e+01;2.059625e+01;2.076021e+01;2.095853e+01;2.110640e+01;2.113821e+01;2.105555e+01;2.091678e+01;2.078519e+01;2.069482e+01;2.065778e+01;2.068801e+01;2.080183e+01;2.098363e+01;2.116429e+01;2.125846e+01;2.122829e+01;2.110712e+01;2.096252e+01;2.084512e+01;2.077494e+01;2.076226e+01;2.082535e+01;2.097200e+01;2.116125e+01,2;3;3;200;200;200;200;200;200;200;200;200;200;200;200;200;200;200;200;200;200;200;200;200;200;200;200;200;200;200;200;200;200;200;200;200;200;200;200;200;200;200;200;200;200;200;200;200;200;200;200;200;200;200;200;200;200;200;200;200,,,,,,,E1
40,3,29,0.7435897435897436,random,coupled,1.0,7.73,delta,0.005,1,,0.0,0.9700000000000042,0.025871074870932393,7,4.896551724137931,0.6416530571848671,0.08300815746246663,153.48895445490885,4.8894858051390955,0.14285714285714268,0.8142668880281222,0.1517612909960997,0.07621007560131633,True,1.0,10,16,1.6,0.24029999985941686,1.208300000143936,4.576900000756723,1.208300000143936,0.16112554827179362,16,5.030132633754292e-07,0.9750015651253485,1.0010552490918507,0.38682344824185083,0.0015160720050856257,1.3843970479685763,,,0.17940363351278688,0.1553159348358836,4.849302e-03;7.192838e-04;2.447482e-04;1.332284e-05;7.595256e-05;3.904352e-06;2.675095e-05;1.414111e-06;9.476250e-06;5.030133e-07,2;2;2;1;2;1;2;1;2;1,,,,,,,E1
40,3,29,0.7435897435897436,random,decoupled,1.0,7.73,delta,0.005,1,,0.0,0.9700000000000042,0.025871074870932393,7,4.896551724137931,0.6416530571848671,0.08300815746246663,153.48895445490885,4.8894858051390955,0.14285714285714268,0.8142668880281222,0.1517612909960997,0.07621007560131633,False,0.0,60,11408,190.13333333333333,0.333100000716513,214.61559999988822,218.2025000001886,214.61559999988822,0.6467961508859201,11408,5.309800104260304,0.3022933382887886,6.3004679415127125,10555.494125482022,235.9678524129309,80914.9434946631,,0.9954638196600718,946483.6354170004,0.1553159348358836,4.849302e-03;1.250613e-02;3.536843e-02;7.901192e-01;1.089034e+00;8.989655e-01;2.906208e+00;4.137315e+00;4.816835e+00;5.191798e+00;5.352435e+00;5.292943e+00;5.121618e+00;4.999098e+00;4.962662e+00;4.980055e+00;4.995163e+00;4.973434e+00;5.020885e+00;5.250173e+00;5.535481e+00;5.695553e+00;5.621805e+00;5.405956e+00;5.250089e+00;5.189594e+00;5.182794e+00;5.167371e+00;5.111619e+00;5.156466e+00;5.398149e+00;5.672758e+00;5.793357e+00;5.671193e+00;5.451554e+00;5.315954e+00;5.267672e+00;5.258225e+00;5.223055e+00;5.163638e+00;5.263382e+00;5.534949e+00;5.781491e+00;5.830645e+00;5.650669e+00;5.447402e+00;5.341780e+00;5.309459e+00;5.295328e+00;5.239105e+00;5.206615e+00;5.380273e+00;5.666556e+00;5.860249e+00;5.819413e+00;5.602225e+00;5.431753e+00;5.356424e+00;5.336301e+00;5.309800e+00,2;3;3;200;200;200;200;200;200;200;200;200;200;200;200;200;200;200;200;200;200;200;200;200;200;200;200;200;200;200;200;200;200;200;200;200;200;200;200;200;200;200;200;200;200;200;200;200;200;200;200;200;200;200;200;200;200;200;200;200,,,,,,,E1
40,4,29,0.7435897435897436,random,coupled,1.0,7.73,delta,0.005,1,,0.0,0.9700000000000017,0.025487326094243618,7,5.103448275862069,0.6416530571848671,0.08300815746246663,143.9021764151836,5.450676791117576,0.12500000000000014,0.8149623075985366,0.15588956014608585,0.0794302196408085,True,1.0,10,16,1.6,0.28730000121868216,1.5432000000146218,5.362200001400197,1.5432000000146218,0.1261586314140457,16,6.19863826378797e-07,0.9749993801361754,1.0009472447770902,0.38780748849979746,0.0014918926909735228,1.3207281873111414,,,0.18528492473975403,0.1553772393162385,4.878978e-03;7.292694e-04;2.490240e-04;1.785560e-05;7.571983e-05;4.888132e-06;2.666760e-05;1.757550e-06;9.442502e-06;6.198638e-07,2;2;2;1;2;1;2;1;2;1,,,,,,,E1
40,4,29,0.7435897435897436,random,decoupled,1.0,7.73,delta,0.005,1,,0.0,0.9700000000000017,0.025487326094243618,7,5.103448275862069,0.6416530571848671,0.08300815746246663,143.9021764151836,5.450676791117576,0.12500000000000014,0.8149623075985366,0.15588956014608585,0.0794302196408085,False,0.0,60,11408,190.13333333333333,0.2378999997745268,231.44150000007357,234.90849999870989,231.44150000007357,0.5997737830076104,11408,3.7875677560707453,0.41859779730793384,4.762567756070747,5205.532475461327,1914.7461826687959,69219.38785650578,,0.9919688244390464,613185.0306804937,0.1553772393162385,4.878978e-03;1.401835e-02;6.005243e-02;6.100315e-01;1.507496e+00;4.066409e+00;4.110275e+00;4.099794e+00;3.909479e+00;4.088196e+00;4.200174e+00;3.994651e+00;3.599942e+00;3.610484e+00;3.645347e+00;3.560232e+00;3.620952e+00;3.739127e+00;4.118974e+00;4.359939e+00;4.258528e+00;4.278010e+00;4.293260e+00;3.788064e+00;3.739377e+00;3.809806e+00;3.721031e+00;3.713595e+00;3.710863e+00;4.108882e+00;4.407387e+00;4.398297e+00;4.337074e+00;4.314287e+00;3.840781e+00;3.813210e+00;3.877955e+00;3.787672e+00;3.755980e+00;3.780424e+00;4.180806e+00;4.469814e+00;4.427679e+00;4.373543e+00;4.229100e+00;3.862522e+00;3.873929e+00;3.924868e+00;3.784171e+00;3.763049e+00;3.891218e+00;4.285796e+00;4.531470e+00;4.388558e+00;4.403580e+00;4.067578e+00;3.864171e+00;3.923287e+00;3.948621e+00;3.787568e+00,2;3;3;200;200;200;200;200;200;200;200;200;200;200;200;200;200;200;200;200;200;200;200;200;200;200;200;200;200;200;200;200;200;200;200;200;200;200;200;200;200;200;200;200;200;200;200;200;200;200;200;200;200;200;200;200;200;200;200;200,,,,,,,E1
40,0,39,1.0,random,coupled,1.0,7.73,delta,0.005,1,,0.0,0.9700000000000039,0.025496915915996933,7,5.153846153846154,0.6416530571848671,0.08300815746246663,195.74178160285263,6.337730314277033,0.11111111111111069,0.8624409514001161,0.1577256115280213,0.08021461370171058,True,1.0,10,16,1.6,0.3281999997852836,1.2497999996412545,4.881999999270192,1.2497999996412545,0.15577532409656242,16,6.225574580298598e-07,0.9749993774425458,1.0007246937677527,0.38681969099329544,0.0014714192551721797,1.595009363518563,,,0.17312334660939893,0.15537723931623784,4.821365e-03;7.303158e-04;2.493952e-04;1.791145e-05;7.526590e-05;4.904042e-06;2.646170e-05;1.764511e-06;9.351511e-06;6.225575e-07,2;2;2;1;2;1;2;1;2;1,True,4.0,48.807099999976344,6.225574580298598e-07,0.002275997439973457,0.0003315790672304142,E1
40,0,39,1.0,random,decoupled,1.0,7.73,delta,0.005,1,,0.0,0.9700000000000039,0.025496915915996933,7,5.153846153846154,0.6416530571848671,0.08300815746246663,195.74178160285263,6.337730314277033,0.11111111111111069,0.8624409514001161,0.1577256115280213,0.08021461370171058,False,0.0,60,11408,190.13333333333333,0.3130999994027661,241.12009999953443,244.80299999959243,241.12009999953443,0.5756987658858304,11408,4.639547357815818,0.9843331021303412,5.614547357815822,4673.3195201749995,2882.385891627369,111645.41589245346,,1.005825066471395,647140.691326167,0.15537723931623784,4.821365e-03;1.378418e-02;6.899299e-02;1.816051e+00;3.045799e+00;3.451802e+00;3.803916e+00;3.686385e+00;3.656394e+00;3.664386e+00;3.684385e+00;3.686348e+00;3.833395e+00;3.746058e+00;3.231619e+00;4.047738e+00;3.762467e+00;3.655433e+00;3.570362e+00;3.446701e+00;3.368715e+00;3.289054e+00;3.223512e+00;3.335598e+00;3.668951e+00;3.906789e+00;3.989059e+00;3.904597e+00;3.686923e+00;3.625927e+00;3.480683e+00;3.332112e+00;3.291208e+00;3.214325e+00;3.319406e+00;3.892150e+00;4.252312e+00;4.508676e+00;4.507203e+00;3.984072e+00;3.843467e+00;3.826365e+00;3.874480e+00;3.939048e+00;3.900024e+00;3.604646e+00;3.903908e+00;4.296632e+00;4.582660e+00;4.594664e+00;4.085652e+00;3.962196e+00;3.943607e+00;3.975771e+00;4.011522e+00;3.915789e+00;3.723721e+00;4.050888e+00;4.413861e+00;4.639547e+00,2;3;3;200;200;200;200;200;200;200;200;200;200;200;200;200;200;200;200;200;200;200;200;200;200;200;200;200;200;200;200;200;200;200;200;200;200;200;200;200;200;200;200;200;200;200;200;200;200;200;200;200;200;200;200;200;200;200;200;200,,,,,,,E1
40,1,39,1.0,random,coupled,1.0,7.73,delta,0.005,1,,0.0,0.9700000000000015,0.02584312413815851,7,4.666666666666667,0.6416530571848671,0.08300815746246663,233.27854175251932,6.257237923375609,0.11111111111111108,0.8550771016619415,0.1507715072080266,0.07263213777965828,True,1.0,10,16,1.6,0.2653999999893131,1.4609999998356216,4.933500000333879,1.4609999998356216,0.13325667352628648,16,6.345002284691148e-07,0.9749993654997731,1.0007970896889065,0.3873731631674597,0.0015166100978623782,1.5953177196612551,,,0.17400481282248328,0.1553772393162386,4.824469e-03;7.338658e-04;2.507915e-04;1.812628e-05;7.544169e-05;4.979988e-06;2.653891e-05;1.794919e-06;9.385044e-06;6.345002e-07,2;2;2;1;2;1;2;1;2;1,,,,,,,E1
40,1,39,1.0,random,decoupled,1.0,7.73,delta,0.005,1,,0.0,0.9700000000000015,0.02584312413815851,7,4.666666666666667,0.6416530571848671,0.08300815746246663,233.27854175251932,6.257237923375609,0.11111111111111108,0.8550771016619415,0.1507715072080266,0.07263213777965828,False,0.0,60,11408,190.13333333333333,0.3770000002987217,234.5471999997244,238.41150000043854,234.5471999997244,0.5918320235763339,11408,8.452059238223844,0.9793160118940957,9.427059238223846,18734.273704597512,3508.038317107628,222449.21031905783,,0.9975868338144194,2884913.6511150734,0.1553772393162386,4.824469e-03;1.379976e-02;6.959972e-02;1.706615e+00;4.851748e+00;6.599454e+00;7.618293e+00;8.144499e+00;8.385356e+00;8.326153e+00;8.120028e+00;7.997708e+00;7.988999e+00;8.030787e+00;8.041451e+00;7.996416e+00;8.073522e+00;8.352331e+00;8.643673e+00;8.744790e+00;8.577731e+00;8.348799e+00;8.235322e+00;8.215711e+00;8.222011e+00;8.177962e+00;8.119445e+00;8.264412e+00;8.566218e+00;8.803313e+00;8.797599e+00;8.570089e+00;8.379255e+00;8.302804e+00;8.293143e+00;8.278630e+00;8.202274e+00;8.201485e+00;8.432803e+00;8.732624e+00;8.883717e+00;8.762535e+00;8.523962e+00;8.383132e+00;8.338491e+00;8.331901e+00;8.288922e+00;8.209436e+00;8.311188e+00;8.599929e+00;8.858275e+00;8.894516e+00;8.685259e+00;8.479967e+00;8.385701e+00;8.363330e+00;8.347405e+00;8.273094e+00;8.245415e+00;8.452059e+00,2;3;3;200;200;200;200;200;200;200;200;200;200;200;200;200;200;200;200;200;200;200;200;200;200;200;200;200;200;200;200;200;200;200;200;200;200;200;200;200;200;200;200;200;200;200;200;200;200;200;200;200;200;200;200;200;200;200;200;200,,,,,,,E1
40,2,39,1.0,random,coupled,1.0,7.73,delta,0.005,1,,0.0,0.9700000000000037,0.025680658562590046,7,4.743589743589744,0.6416530571848671,0.08300815746246663,203.76494297696613,6.257757231907149,0.11111111111111073,0.8545753038539191,0.15018063789793054,0.07382937081998235,True,1.0,10,16,1.6,0.23440000040864106,1.1721999999281252,4.354800001237891,1.1721999999281252,0.16608769835517617,16,6.201847652098635e-07,0.9749993798152385,1.0013205813928592,0.38851457541943896,0.0013045874847297401,1.5926203281113613,,,0.18032945231209227,0.15537723931623787,4.846868e-03;7.303446e-04;2.490236e-04;1.782334e-05;7.668859e-05;4.892453e-06;2.709210e-05;1.758533e-06;9.624079e-06;6.201848e-07,2;2;2;1;2;1;2;1;2;1,,,,,,,E1
40,2,39,1.0,random,decoupled,1.0,7.73,delta,0.005,1,,0.0,0.9700000000000037,0.025680658562590046,7,4.743589743589744,0.6416530571848671,0.08300815746246663,203.76494297696613,6.257757231907149,0.11111111111111073,0.8545753038539191,0.15018063789793054,0.07382937081998235,False,0.0,60,11408,190.13333333333333,0.28759999986505136,214.95989999857557,218.52149999904213,214.95989999857557,0.6457601813218179,11408,23.48894147655681,0.030445273939923422,24.463941476556816,123838.19757209248,937.5126339868879,1103081.5647593124,,1.000669206885536,19102631.22875234,0.15537723931623787,4.846868e-03;1.378543e-02;6.968337e-02;7.228798e-01;1.549297e+01;1.899920e+01;2.086821e+01;2.146693e+01;2.166656e+01;2.176310e+01;2.186221e+01;2.197141e+01;2.208350e+01;2.223200e+01;2.246122e+01;2.273454e+01;2.293552e+01;2.297336e+01;2.287001e+01;2.273152e+01;2.263702e+01;2.259530e+01;2.258417e+01;2.260879e+01;2.271860e+01;2.292796e+01;2.314859e+01;2.325494e+01;2.319813e+01;2.304743e+01;2.290612e+01;2.281845e+01;2.277313e+01;2.275620e+01;2.279849e+01;2.294772e+01;2.316992e+01;2.334398e+01;2.336735e+01;2.324864e+01;2.308740e+01;2.296395e+01;2.289172e+01;2.285208e+01;2.284995e+01;2.293509e+01;2.312670e+01;2.334032e+01;2.344822e+01;2.339390e+01;2.323975e+01;2.308832e+01;2.298720e+01;2.292866e+01;2.289954e+01;2.292919e+01;2.306697e+01;2.328362e+01;2.345974e+01;2.348894e+01,2;3;3;200;200;200;200;200;200;200;200;200;200;200;200;200;200;200;200;200;200;200;200;200;200;200;200;200;200;200;200;200;200;200;200;200;200;200;200;200;200;200;200;200;200;200;200;200;200;200;200;200;200;200;200;200;200;200;200;200,,,,,,,E1
40,3,39,1.0,random,coupled,1.0,7.73,delta,0.005,1,,0.0,0.9700000000000042,0.025871074870932393,7,4.948717948717949,0.6416530571848671,0.08300815746246663,195.93219603336496,6.25775723190712,0.11111111111111094,0.8602837404782206,0.1559846812344826,0.07702199226084643,True,1.0,10,16,1.6,0.24879999909899198,1.2206000010337448,4.675599999245605,1.2206000010337448,0.15950188418410272,16,6.22844111730636e-07,0.9749993771558925,1.0010552490810194,0.3868234350707209,0.0013151531544636978,1.5904405757892566,,,0.17690056528546844,0.15537723931623773,4.836712e-03;7.316601e-04;2.492142e-04;1.784971e-05;7.596490e-05;4.911350e-06;2.675533e-05;1.765472e-06;9.477813e-06;6.228441e-07,2;2;2;1;2;1;2;1;2;1,,,,,,,E1
40,3,39,1.0,random,decoupled,1.0,7.73,delta,0.005,1,,0.0,0.9700000000000042,0.025871074870932393,7,4.948717948717949,0.6416530571848671,0.08300815746246663,195.93219603336496,6.25775723190712,0.11111111111111094,0.8602837404782206,0.1559846812344826,0.07702199226084643,False,0.0,60,11408,190.13333333333333,0.3550000001268927,223.96420000040962,227.91940000024624,223.96420000040962,0.6197979141297856,11408,7.524688760666158,0.6265451174047009,8.499688760666162,12665.99145828644,1558.6028639334736,142583.7592935103,,1.005330241572134,1966176.837853611,0.15537723931623773,4.836712e-03;1.379424e-02;6.950060e-02;8.884586e-01;1.874043e+00;3.036337e+00;2.295344e+00;1.848653e+00;1.935152e+00;3.491675e+00;5.824612e+00;6.504726e+00;6.775816e+00;7.088930e+00;7.416106e+00;7.592048e+00;7.476068e+00;7.182048e+00;7.013846e+00;6.979741e+00;7.007534e+00;7.011681e+00;6.921978e+00;6.931084e+00;7.200567e+00;7.516794e+00;7.661844e+00;7.498519e+00;7.231752e+00;7.102453e+00;7.075791e+00;7.086901e+00;7.050580e+00;6.941850e+00;7.043307e+00;7.353350e+00;7.631054e+00;7.674933e+00;7.432206e+00;7.215085e+00;7.128180e+00;7.117161e+00;7.115343e+00;7.036139e+00;6.970176e+00;7.180427e+00;7.503885e+00;7.708555e+00;7.623458e+00;7.353885e+00;7.195549e+00;7.143877e+00;7.142303e+00;7.115451e+00;7.003354e+00;7.047170e+00;7.335459e+00;7.633420e+00;7.729940e+00;7.524689e+00,2;3;3;200;200;200;200;200;200;200;200;200;200;200;200;200;200;200;200;200;200;200;200;200;200;200;200;200;200;200;200;200;200;200;200;200;200;200;200;200;200;200;200;200;200;200;200;200;200;200;200;200;200;200;200;200;200;200;200;200,,,,,,,E1
40,4,39,1.0,random,coupled,1.0,7.73,delta,0.005,1,,0.0,0.9700000000000017,0.025487326094243618,7,4.871794871794871,0.6416530571848671,0.08300815746246663,199.66823062521587,6.257237923375596,0.11111111111111092,0.8599049383592754,0.15539492971061725,0.0758247592205223,True,1.0,10,16,1.6,0.3011999997397652,1.2619000008271541,4.994500000975677,1.2619000008271541,0.15428163869750797,16,6.202827004253564e-07,0.9749993797173013,1.001257913643548,0.38792191585881586,0.0014348426401495087,1.594285310912941,,,0.17959384671505654,0.1553772393162385,4.844108e-03;7.299476e-04;2.490468e-04;1.785969e-05;7.654867e-05;4.891483e-06;2.703048e-05;1.758718e-06;9.597668e-06;6.202827e-07,2;2;2;1;2;1;2;1;2;1,,,,,,,E1
40,4,39,1.0,random,decoupled,1.0,7.73,delta,0.005,1,,0.0,0.9700000000000017,0.025487326094243618,7,4.871794871794871,0.6416530571848671,0.08300815746246663,199.66823062521587,6.257237923375596,0.11111111111111092,0.8599049383592754,0.15539492971061725,0.0758247592205223,False,0.0,60,11408,190.13333333333333,0.3096000000368804,225.516599999537,228.97589999956836,225.516599999537,0.6155313799528948,11408,7.334963549252459,0.5511007282510976,8.315933620120846,17729.728578572278,2506.657057865557,190104.52666265896,,1.0059597747450097,2017124.8317682429,0.1553772393162385,4.844108e-03;1.378188e-02;6.850524e-02;1.097856e+00;2.502211e+00;2.750240e+00;2.552543e+00;2.521567e+00;2.505285e+00;7.002379e+00;7.096831e+00;7.259075e+00;7.481321e+00;7.683675e+00;7.757903e+00;7.636736e+00;7.427778e+00;7.254059e+00;7.136931e+00;7.068556e+00;7.025372e+00;7.027099e+00;7.183711e+00;7.451107e+00;7.672124e+00;7.713074e+00;7.558793e+00;7.365274e+00;7.217438e+00;7.121395e+00;7.062952e+00;7.020127e+00;7.060545e+00;7.272908e+00;7.544920e+00;7.712410e+00;7.668827e+00;7.481300e+00;7.305374e+00;7.180476e+00;7.102864e+00;7.050277e+00;7.021549e+00;7.131766e+00;7.389766e+00;7.637707e+00;7.723443e+00;7.598551e+00;7.404877e+00;7.251083e+00;7.148400e+00;7.085044e+00;7.035635e+00;7.048499e+00;7.235956e+00;7.511386e+00;7.704496e+00;7.692684e+00;7.515129e+00;7.334964e+00,2;3;3;200;200;200;200;200;200;200;200;200;200;200;200;200;200;200;200;200;200;200;200;200;200;200;200;200;200;200;200;200;200;200;200;200;200;200;200;200;200;200;200;200;200;200;200;200;200;200;200;200;200;200;200;200;200;200;200;200,,,,,,,E1
200,0,1,0.005025125628140704,random,coupled,1.0,7.73,delta,0.005,1,,0.0,0.9700000000000009,0.02537001070291699,7,22.0,0.6416530571848671,0.08300815746246663,1.0,0.0,inf,0.0,0.0,0.3424086495326627,True,1.0,8,16,2.0,2.796600001602201,1.6864000008354196,8.17569999890111,1.6864000008354196,3.0057684994597498,16,3.728221132925924e-07,0.9699999999997946,0.9989412122095181,0.0164038284912026,0.0164038284912026,0.0164038284912026,,,0.14414758068104497,0.1539076784402407,4.955318e-03;5.524903e-04;1.485980e-04;4.393046e-05;1.326053e-05;4.026658e-06;1.224914e-06;3.728221e-07,2;2;2;2;2;2;2;2,True,4.0,49.64049999944109,3.728221134036147e-07,0.00023670488888518178,1.7040113804434043e-06,E1
200,0,1,0.005025125628140704,random,decoupled,1.0,7.73,delta,0.005,1,,0.0,0.9700000000000009,0.02537001070291699,7,22.0,0.6416530571848671,0.08300815746246663,1.0,0.0,inf,0.0,0.0,0.3424086495326627,True,1.0,8,16,2.0,2.053100000921404,1.6649999997753184,6.848299999546725,1.6649999997753184,3.044401201612024,16,3.728221134036147e-07,0.9699999999997946,0.9989412122095181,0.016403828491202564,0.016403828491202564,0.016403828491202564,,,0.1441475806810423,0.1539076784402407,4.955318e-03;5.524903e-04;1.485980e-04;4.393046e-05;1.326053e-05;4.026658e-06;1.224914e-06;3.728221e-07,2;2;2;2;2;2;2;2,,,,,,,E1
200,1,1,0.005025125628140704,random,coupled,1.0,7.73,delta,0.005,1,,0.0,0.9700000000000024,0.025204970482956654,7,7.0,0.6416530571848671,0.08300815746246663,1.0,0.0,inf,0.0,0.0,0.10894820666948901,True,1.0,8,16,2.0,3.1029999991005752,2.004599999054335,8.749100001296028,2.004599999054335,2.528648110541382,16,8.208045805258024e-07,0.9720922173895424,0.9992539235823455,0.05422636450069497,0.05422636450069497,0.05422636450069497,,,0.18888840643310045,0.15205663331876326,4.984979e-03;6.651476e-04;1.969200e-04;6.414329e-05;2.141454e-05;7.205627e-06;2.430893e-06;8.208046e-07,2;2;2;2;2;2;2;2,,,,,,,E1
200,1,1,0.005025125628140704,random,decoupled,1.0,7.73,delta,0.005,1,,0.0,0.9700000000000024,0.025204970482956654,7,7.0,0.6416530571848671,0.08300815746246663,1.0,0.0,inf,0.0,0.0,0.10894820666948901,True,1.0,8,16,2.0,2.0260000001144363,1.7177999998239102,6.8554000008589355,1.7177999998239102,2.9508254747465426,16,8.208045804147801e-07,0.9720922173895424,0.9992539235823455,0.054226364500696705,0.054226364500696705,0.054226364500696705,,,0.1888884064331385,0.15205663331876326,4.984979e-03;6.651476e-04;1.969200e-04;6.414329e-05;2.141454e-05;7.205627e-06;2.430893e-06;8.208046e-07,2;2;2;2;2;2;2;2,,,,,,,E1
200,2,1,0.005025125628140704,random,coupled,1.0,7.73,delta,0.005,1,,0.0,0.970000000000001,0.02492139170789821,7,10.0,0.6416530571848671,0.08300815746246663,1.0,0.0,inf,0.0,0.0,0.15564029524212275,True,1.0,8,16,2.0,1.9374000003153924,1.9077999986620853,6.98499999998603,1.9077999986620853,2.6569493676248936,16,8.071582933144583e-07,0.9699999999998188,0.999110104282773,0.0378490778181427,0.0378490778181427,0.0378490778181427,,,0.18748718239806145,0.15231501359310518,4.984947e-03;6.607892e-04;1.953158e-04;6.351800e-05;2.116974e-05;7.110859e-06;2.394705e-06;8.071583e-07,2;2;2;2;2;2;2;2,,,,,,,E1
200,2,1,0.005025125628140704,random,decoupled,1.0,7.73,delta,0.005,1,,0.0,0.970000000000001,0.02492139170789821,7,10.0,0.6416530571848671,0.08300815746246663,1.0,0.0,inf,0.0,0.0,0.15564029524212275,True,1.0,8,16,2.0,2.7273000014247373,2.170499999920139,8.617299999968964,2.170499999920139,2.3353734163494613,16,8.07158293203436e-07,0.9699999999998188,0.999110104282773,0.03784907781814375,0.03784907781814375,0.03784907781814375,,,0.18748718239809434,0.15231501359310518,4.984947e-03;6.607892e-04;1.953158e-04;6.351800e-05;2.116974e-05;7.110859e-06;2.394705e-06;8.071583e-07,2;2;2;2;2;2;2;2,,,,,,,E1
200,3,1,0.005025125628140704,random,coupled,1.0,7.73,delta,0.005,1,,0.0,0.9700000000000026,0.025672037737989768,7,14.0,0.6416530571848671,0.08300815746246663,1.0,0.0,inf,0.0,0.0,0.21789641333897664,True,1.0,8,16,2.0,2.810699999827193,2.017400000113412,8.46570000067004,2.017400000113412,2.512604342081412,16,5.159951208533187e-07,0.971986373031642,0.9990445296084364,0.02637780256922665,0.02637780256922665,0.02637780256922665,,,0.16419084842791443,0.15304393262766083,4.979060e-03;5.981922e-04;1.673284e-04;5.145917e-05;1.618292e-05;5.123332e-06;1.625383e-06;5.159951e-07,2;2;2;2;2;2;2;2,,,,,,,E1
200,3,1,0.005025125628140704,random,decoupled,1.0,7.73,delta,0.005,1,,0.0,0.9700000000000026,0.025672037737989768,7,14.0,0.6416530571848671,0.08300815746246663,1.0,0.0,inf,0.0,0.0,0.21789641333897664,True,1.0,8,16,2.0,1.9917999998142477,1.692600000751554,6.842599999799859,1.692600000751554,2.994758358589907,16,5.159951206312741e-07,0.971986373031642,0.9990445296084364,0.026377802569227306,0.026377802569227306,0.026377802569227306,,,0.1641908484279434,0.15304393262766083,4.979060e-03;5.981922e-04;1.673284e-04;5.145917e-05;1.618292e-05;5.123332e-06;1.625383e-06;5.159951e-07,2;2;2;2;2;2;2;2,,,,,,,E1
200,4,1,0.005025125628140704,random,coupled,1.0,7.73,delta,0.005,1,,0.0,0.9700000000000011,0.025486423396930444,7,1.0,0.6416530571848671,0.08300815746246663,1.0,0.0,inf,0.0,0.0,0.015564029524212502,True,1.0,9,18,2.0,2.1312000008038012,1.7210000005434267,7.0613999996567145,1.7210000005434267,3.313506100057729,18,4.938569819756822e-07,0.9699999999997881,1.0037924645057896,0.3928514319515366,0.3928514319515366,0.3928514319515366,,,0.22129117846201124,0.15093150223700297,4.998653e-03;7.449268e-04;2.344521e-04;8.136171e-05;2.902052e-05;1.044829e-05;3.774188e-06;1.364957e-06;4.938570e-07,2;2;2;2;2;2;2;2;2,,,,,,,E1
200,4,1,0.005025125628140704,random,decoupled,1.0,7.73,delta,0.005,1,,0.0,0.9700000000000011,0.025486423396930444,7,1.0,0.6416530571848671,0.08300815746246663,1.0,0.0,inf,0.0,0.0,0.015564029524212502,True,1.0,9,18,2.0,2.3314000009122537,1.8591999996715458,7.311400000617141,1.8591999996715458,3.067203098648578,18,4.938569817536376e-07,0.9699999999997881,1.0037924645057898,0.3928514319515597,0.3928514319515597,0.3928514319515597,,,0.22129117846208296,0.15093150223700297,4.998653e-03;7.449268e-04;2.344521e-04;8.136171e-05;2.902052e-05;1.044829e-05;3.774188e-06;1.364957e-06;4.938570e-07,2;2;2;2;2;2;2;2;2,,,,,,,E1
200,0,2,0.010050251256281407,random,coupled,1.0,7.73,delta,0.005,1,,0.0,0.9700000000000009,0.02537001070291699,7,12.5,0.6416530571848671,0.08300815746246663,7.33333333333307,0.0,46692088572637.49,0.0,0.0,0.1945503690526501,True,1.0,9,18,2.0,2.0721000000776257,1.8209999998362036,7.010199999058386,1.8209999998362036,3.131545305059273,18,4.22776551545212e-07,0.9699999999997946,1.0017920880264253,0.12974525961541464,0.07307507993531465,0.1461501598706293,,,0.2124732424893021,0.1539076784402407,4.996520e-03;7.226183e-04;2.237594e-04;7.634038e-05;2.674844e-05;9.456063e-06;3.353285e-06;1.190437e-06;4.227766e-07,2;2;2;2;2;2;2;2;2,True,5.0,44.2892999999458,4.2301124858479255e-07,0.0002911352732362949,1.3899750184315218e-05,E1
200,0,2,0.010050251256281407,random,decoupled,1.0,7.73,delta,0.005,1,,0.0,0.9700000000000009,0.02537001070291699,7,12.5,0.6416530571848671,0.08300815746246663,7.33333333333307,0.0,46692088572637.49,0.0,0.0,0.1945503690526501,True,1.0,9,18,2.0,2.012299999478273,1.9881999996869126,7.1596999987377785,1.9881999996869126,2.8681943470968694,18,4.22776551545212e-07,0.9699999999997946,1.0017920880264253,0.12974525961542013,0.07307507993531753,0.14615015987063507,,,0.21247324248935348,0.1539076784402407,4.996520e-03;7.226183e-04;2.237594e-04;7.634038e-05;2.674844e-05;9.456063e-06;3.353285e-06;1.190437e-06;4.227766e-07,2;2;2;2;2;2;2;2;2,,,,,,,E1
200,1,2,0.010050251256281407,random,coupled,1.0,7.73,delta,0.005,1,,0.0,0.9700000000000024,0.025204970482956654,7,7.5,0.6416530571848671,0.08300815746246663,1.1428571428571408,1.1102230246251565e-16,108948206669489.0,0.0,0.0,0.11673022143159525,True,1.0,8,16,2.0,1.9719000010809395,1.5256000006047543,6.808000000091852,1.5256000006047543,3.3225799672198844,16,8.208045805258024e-07,0.9720922173895424,0.9992539235823455,0.05422636450069497,0.05080878504738619,0.10161757009477237,,,0.18888840643310045,0.15210749674034657,4.984979e-03;6.651476e-04;1.969200e-04;6.414329e-05;2.141454e-05;7.205627e-06;2.430893e-06;8.208046e-07,2;2;2;2;2;2;2;2,,,,,,,E1
200,1,2,0.010050251256281407,random,decoupled,1.0,7.73,delta,0.005,1,,0.0,0.9700000000000024,0.025204970482956654,7,7.5,0.6416530571848671,0.08300815746246663,1.1428571428571408,1.1102230246251565e-16,108948206669489.0,0.0,0.0,0.11673022143159525,True,1.0,8,16,2.0,2.398299999185838,1.6959999993559904,7.179399999586167,1.6959999993559904,2.98875471811603,16,8.208045804147801e-07,0.9720922173895424,0.9992539235823455,0.054226364500696705,0.05080878504738747,0.10161757009477494,,,0.1888884064331385,0.15210749674034657,4.984979e-03;6.651476e-04;1.969200e-04;6.414329e-05;2.141454e-05;7.205627e-06;2.430893e-06;8.208046e-07,2;2;2;2;2;2;2;2,,,,,,,E1
200,2,2,0.010050251256281407,random,coupled,1.0,7.73,delta,0.005,1,,0.0,0.970000000000001,0.02492139170789821,7,24.5,0.6416530571848671,0.08300815746246663,1.130434782608721,0.0,357972679056883.25,0.0,0.0,0.3813187233432063,True,1.0,8,16,2.0,1.9424999991315417,1.540499999464373,6.548899998961133,1.540499999464373,3.290443363688705,16,4.6466330172467707e-07,0.9721745128664866,0.9988599881241473,0.015600642268933845,0.01481212770545755,0.0296242554109151,,,0.15524578501495506,0.15421130809941228,4.965817e-03;5.783620e-04;1.600830e-04;4.867290e-05;1.512377e-05;4.729570e-06;1.481991e-06;4.646633e-07,2;2;2;2;2;2;2;2,,,,,,,E1
200,2,2,0.010050251256281407,random,decoupled,1.0,7.73,delta,0.005,1,,0.0,0.970000000000001,0.02492139170789821,7,24.5,0.6416530571848671,0.08300815746246663,1.130434782608721,0.0,357972679056883.25,0.0,0.0,0.3813187233432063,True,1.0,8,16,2.0,2.4439999997412087,1.8445000005158363,8.142299999235547,1.8445000005158363,2.7481312000988964,16,4.6466330172467707e-07,0.9721745128664866,0.9988599881241473,0.01560064226893408,0.014812127705457619,0.029624255410915238,,,0.1552457850149473,0.15421130809941228,4.965817e-03;5.783620e-04;1.600830e-04;4.867290e-05;1.512377e-05;4.729570e-06;1.481991e-06;4.646633e-07,2;2;2;2;2;2;2;2,,,,,,,E1
200,3,2,0.010050251256281407,random,coupled,1.0,7.73,delta,0.005,1,,0.0,0.9700000000000026,0.025672037737989768,7,15.0,0.6416530571848671,0.08300815746246663,1.4999999999999767,0.0,186768354290557.2,0.0,0.0,0.23346044286319434,True,1.0,8,16,2.0,3.620700001192745,2.066400000330759,9.187900001052185,2.066400000330759,2.4530236155578007,16,5.906140578826324e-07,0.9699999999997786,0.9991178265145935,0.03101886393921915,0.02570016137230583,0.05140032274461166,,,0.1710605900504198,0.15336018077712404,4.981129e-03;6.167557e-04;1.754590e-04;5.487296e-05;1.755925e-05;5.658358e-06;1.827433e-06;5.906141e-07,2;2;2;2;2;2;2;2,,,,,,,E1
200,3,2,0.010050251256281407,random,decoupled,1.0,7.73,delta,0.005,1,,0.0,0.9700000000000026,0.025672037737989768,7,15.0,0.6416530571848671,0.08300815746246663,1.4999999999999767,0.0,186768354290557.2,0.0,0.0,0.23346044286319434,True,1.0,8,16,2.0,2.8667999995377613,1.8583999990369193,7.913400000688853,1.8583999990369193,2.727576411228409,16,5.906140578826324e-07,0.9699999999997786,0.9991178265145935,0.03101886393921926,0.02570016137230614,0.05140032274461228,,,0.17106059005042382,0.15336018077712404,4.981129e-03;6.167557e-04;1.754590e-04;5.487296e-05;1.755925e-05;5.658358e-06;1.827433e-06;5.906141e-07,2;2;2;2;2;2;2;2,,,,,,,E1
200,4,2,0.010050251256281407,random,coupled,1.0,7.73,delta,0.005,1,,0.0,0.9700000000000011,0.025486423396930444,7,2.0,0.6416530571848671,0.08300815746246663,5.828427124746196,0.5773502691896262,0.9999999999999989,0.3750000000000002,0.5773502691896262,0.031128059048425017,True,1.0,9,18,2.0,2.323200000319048,1.7826000002969522,7.417200000418234,1.7826000002969522,3.199003701924183,18,4.954474752683069e-07,0.9699999999997881,1.0037924645442673,0.39305631983089345,0.1966756228879119,0.3933512457758238,,,0.2210112693506597,0.15111500026413596,4.997205e-03;7.449534e-04;2.362171e-04;8.166390e-05;2.911913e-05;1.048284e-05;3.786514e-06;1.369380e-06;4.954475e-07,2;2;2;2;2;2;2;2;2,,,,,,,E1
200,4,2,0.010050251256281407,random,decoupled,1.0,7.73,delta,0.005,1,,0.0,0.9700000000000011,0.025486423396930444,7,2.0,0.6416530571848671,0.08300815746246663,5.828427124746196,0.5773502691896262,0.9999999999999989,0.3750000000000002,0.5773502691896262,0.031128059048425017,True,1.0,19,25,1.3157894736842106,2.5650000006862683,3.4665000002860324,9.262499999749707,3.4665000002860324,2.2847829220673526,25,8.65775274361269e-07,0.9699999999997881,1.0037920925874972,0.39299224083546014,0.19663070955476217,0.39326141910952434,,,0.220892105451167,0.15111500026413596,4.997205e-03;2.996071e-03;7.518620e-04;1.182840e-03;1.845665e-04;1.869703e-04;1.079319e-04;7.483505e-05;3.633458e-05;2.064801e-05;1.162989e-05;8.037397e-06;5.435897e-06;3.758406e-06;2.694587e-06;1.988254e-06;1.439400e-06;1.210266e-06;8.657753e-07,2;2;1;2;2;1;1;2;1;1;1;1;1;1;1;1;1;1;2,,,,,,,E1
200,0,3,0.01507537688442211,random,coupled,1.0,7.73,delta,0.005,1,,0.0,0.9700000000000009,0.02537001070291699,7,15.666666666666666,0.6416530571848671,0.08300815746246663,44.07254823408729,0.9555330859059095,0.9999999999999993,0.32575757575757586,0.3185110286353032,0.243836462545997,True,1.0,9,18,2.0,3.2368000011047116,1.8201999992015772,8.710800000699237,1.8201999992015772,3.1329216583350163,18,4.038984751097985e-07,0.9723861552435308,1.0012292790263841,0.12938950246195455,0.01762458955888333,0.14729876128537372,,,0.20983008968561345,0.15365254721368113,4.994850e-03;7.165389e-04;2.207745e-04;7.494024e-05;2.611925e-05;9.183811e-06;3.238981e-06;1.143559e-06;4.038985e-07,2;2;2;2;2;2;2;2;2,True,5.0,65.6976999998733,4.0423755343077516e-07,0.0002774202596527654,1.3524029198797027e-05,E1
200,0,3,0.01507537688442211,random,decoupled,1.0,7.73,delta,0.005,1,,0.0,0.9700000000000009,0.02537001070291699,7,15.666666666666666,0.6416530571848671,0.08300815746246663,44.07254823408729,0.9555330859059095,0.9999999999999993,0.32575757575757586,0.3185110286353032,0.243836462545997,False,0.0,60,90,1.5,3.11380000130157,11.160100000779494,18.05410000088159,11.160100000779494,2.5548803324350575,90,1.7145871781254485e-05,0.9723861552435308,1.0012296829248593,0.12940289382602901,0.01699845055640048,0.1466674889612744,,,0.20995530289758937,0.15365254721368113,4.994850e-03;2.482541e-03;4.512264e-04;2.440036e-04;1.463228e-04;1.476849e-04;1.570107e-04;1.820229e-04;1.534394e-04;1.549169e-04;1.427376e-04;1.439985e-04;1.330076e-04;1.340532e-04;1.241071e-04;1.249722e-04;1.159401e-04;1.166534e-04;1.084243e-04;1.090095e-04;1.014889e-04;1.019660e-04;9.507299e-05;9.545870e-05;8.912403e-05;6.084076e-05;5.517058e-05;6.440767e-05;6.816229e-05;6.218191e-05;5.643085e-05;5.626954e-05;5.111239e-05;5.089940e-05;4.625797e-05;4.601041e-05;4.183441e-05;4.156264e-05;3.780668e-05;4.664313e-05;3.835480e-05;3.830623e-05;3.602115e-05;3.597924e-05;3.384543e-05;3.379691e-05;3.180565e-05;3.175198e-05;2.989188e-05;2.042468e-05;1.859314e-05;2.144358e-05;2.277571e-05;2.062790e-05;1.879114e-05;1.858444e-05;1.693973e-05;2.084074e-05;1.720118e-05;1.714587e-05,2;3;2;2;2;1;1;1;2;1;2;1;2;1;2;1;2;1;2;1;2;1;2;1;2;2;1;1;1;2;1;2;1;2;1;2;1;2;1;1;2;1;2;1;2;1;2;1;2;2;1;1;1;2;1;2;1;1;2;1,,,,,,,E1
200,1,3,0.01507537688442211,random,coupled,1.0,7.73,delta,0.005,1,,0.0,0.9700000000000024,0.025204970482956654,7,14.0,0.6416530571848671,0.08300815746246663,6.171292729553562,0.5000000000000062,0.9999999999999718,0.23333333333333553,0.16666666666666863,0.21789641333897988,True,1.0,10,16,1.6,2.033699998719385,1.9231999995099613,7.0599000009679,1.9231999995099613,2.63567387754346,16,3.5812920895494926e-07,0.9699999999998052,0.9993268657021845,0.0637772159493627,0.03092639756636566,0.09506546357202854,,,0.19069837282841925,0.15427348411969988,4.979605e-03;6.752035e-04;2.239267e-04;9.238573e-06;6.674356e-05;2.940218e-06;2.280872e-05;1.032155e-06;7.821797e-06;3.581292e-07,2;2;2;1;2;1;2;1;2;1,,,,,,,E1
200,1,3,0.01507537688442211,random,decoupled,1.0,7.73,delta,0.005,1,,0.0,0.9700000000000024,0.025204970482956654,7,14.0,0.6416530571848671,0.08300815746246663,6.171292729553562,0.5000000000000062,0.9999999999999718,0.23333333333333553,0.16666666666666863,0.21789641333897988,True,1.0,15,22,1.4666666666666666,3.274000000601518,3.629900000305497,10.419700000056764,3.629900000305497,1.9201013800417133,22,6.562521678299404e-07,0.9699999999998052,0.9993266524781413,0.06380942288430184,0.0309409741886581,0.09510876256043063,,,0.19136852295469584,0.15427348411969988,4.979605e-03;3.460213e-03;6.502888e-04;8.861791e-04;2.130910e-04;1.863043e-04;4.671547e-05;3.445506e-05;9.903121e-06;6.639934e-06;4.002845e-06;3.040296e-06;2.190550e-06;1.446510e-06;6.562522e-07,2;2;1;2;1;2;1;2;1;1;1;1;2;2;1,,,,,,,E1
200,2,3,0.01507537688442211,random,coupled,1.0,7.73,delta,0.005,1,,0.0,0.970000000000001,0.02492139170789821,7,30.333333333333332,0.6416530571848671,0.08300815746246663,1.8260869565217894,0.0,357972679056883.25,0.0,0.0,0.4721088955677826,True,1.0,8,16,2.0,2.976600000692997,2.3366000004898524,9.492299999692477,2.3366000004898524,2.169360608977717,16,4.6466330172467707e-07,0.9725767073939583,0.9988599881241473,0.015600642268933845,0.014023613141981254,0.03814615826914242,,,0.15524578501495506,0.15502099089881824,4.965817e-03;5.783620e-04;1.600830e-04;4.867290e-05;1.512377e-05;4.729570e-06;1.481991e-06;4.646633e-07,2;2;2;2;2;2;2;2,,,,,,,E1
200,2,3,0.01507537688442211,random,decoupled,1.0,7.73,delta,0.005,1,,0.0,0.970000000000001,0.02492139170789821,7,30.333333333333332,0.6416530571848671,0.08300815746246663,1.8260869565217894,0.0,357972679056883.25,0.0,0.0,0.4721088955677826,True,1.0,8,16,2.0,2.3106999997253297,1.6833999998198124,7.136199999877135,1.6833999998198124,3.0111251042785834,16,4.6466330172467707e-07,0.9725767073939583,0.9988599881241473,0.01560064226893408,0.014023613141981158,0.0381461582691428,,,0.1552457850149473,0.15502099089881824,4.965817e-03;5.783620e-04;1.600830e-04;4.867290e-05;1.512377e-05;4.729570e-06;1.481991e-06;4.646633e-07,2;2;2;2;2;2;2;2,,,,,,,E1
200,3,3,0.01507537688442211,random,coupled,1.0,7.73,delta,0.005,1,,0.0,0.9700000000000026,0.025672037737989768,7,14.0,0.6416530571848671,0.08300815746246663,26.128394127026116,0.9258200997725545,0.9999999999999929,0.3205128205128211,0.3086066999241847,0.21789641333897913,True,1.0,8,16,2.0,4.505699998844648,2.521399999750429,11.976199999480741,2.521399999750429,2.0103624972244503,16,5.920038089746171e-07,0.9699999999997786,0.9991178061281378,0.03132216365422577,0.023135427788473155,0.05480650015712597,,,0.16933870552629415,0.1530157340520118,4.972862e-03;6.175760e-04;1.784797e-04;5.523208e-05;1.764422e-05;5.680487e-06;1.833122e-06;5.920038e-07,2;2;2;2;2;2;2;2,,,,,,,E1
200,3,3,0.01507537688442211,random,decoupled,1.0,7.73,delta,0.005,1,,0.0,0.9700000000000026,0.025672037737989768,7,14.0,0.6416530571848671,0.08300815746246663,26.128394127026116,0.9258200997725545,0.9999999999999929,0.3205128205128211,0.3086066999241847,0.21789641333897913,False,0.0,60,89,1.4833333333333334,2.4427999996987637,11.777399999118643,17.443200000343495,11.777399999118643,2.3940693193837377,89,4.116801381126578e-06,0.9699999999997786,0.9991178087539296,0.031144861830629946,0.023138723646251257,0.05448003158677987,,,0.16901642728168526,0.1530157340520118,4.972862e-03;2.516104e-03;4.325650e-04;2.731394e-04;2.280345e-04;2.820741e-04;2.149821e-04;2.180675e-04;1.909332e-04;1.932818e-04;1.703298e-04;1.720651e-04;1.524704e-04;1.537462e-04;1.368623e-04;1.377915e-04;1.231235e-04;1.237898e-04;1.109553e-04;7.481360e-05;6.365785e-05;7.334021e-05;7.362164e-05;6.615023e-05;5.639707e-05;6.958417e-05;5.444824e-05;5.438963e-05;4.920286e-05;4.913977e-05;4.449340e-05;2.997340e-05;2.561216e-05;2.912153e-05;2.935731e-05;2.614722e-05;2.237231e-05;2.719161e-05;2.156064e-05;2.147484e-05;1.952723e-05;1.945058e-05;1.768708e-05;1.761248e-05;1.601672e-05;1.062573e-05;9.094527e-06;1.036308e-05;1.052477e-05;9.324755e-06;7.989539e-06;9.749062e-06;7.718992e-06;7.677976e-06;6.996211e-06;6.960362e-06;6.340018e-06;4.251369e-06;3.641433e-06;4.116801e-06,2;3;2;2;1;1;2;1;2;1;2;1;2;1;2;1;2;1;2;2;1;1;1;2;1;1;2;1;2;1;2;2;1;1;1;2;1;1;2;1;2;1;2;1;2;2;1;1;1;2;1;1;2;1;2;1;2;2;1;1,,,,,,,E1
200,4,3,0.01507537688442211,random,coupled,1.0,7.73,delta,0.005,1,,0.0,0.9700000000000011,0.025486423396930444,7,12.0,0.6416530571848671,0.08300815746246663,54.6274169979669,0.5773502691896262,0.9999999999999989,0.25000000000000017,0.1924500897298754,0.18676835429054203,True,1.0,9,18,2.0,3.2269000002997927,2.2604999994655373,8.948400000008405,2.2604999994655373,2.5226914405433685,18,4.954474752683069e-07,0.9713858003461963,1.0037924645442673,0.39305631983089334,0.011075836652877688,0.40442708242870135,,,0.22101126935065954,0.1549575515854421,4.997205e-03;7.449534e-04;2.362171e-04;8.166390e-05;2.911913e-05;1.048284e-05;3.786514e-06;1.369380e-06;4.954475e-07,2;2;2;2;2;2;2;2;2,,,,,,,E1
200,4,3,0.01507537688442211,random,decoupled,1.0,7.73,delta,0.005,1,,0.0,0.9700000000000011,0.025486423396930444,7,12.0,0.6416530571848671,0.08300815746246663,54.6274169979669,0.5773502691896262,0.9999999999999989,0.25000000000000017,0.1924500897298754,0.18676835429054203,True,1.0,19,25,1.3157894736842106,3.409799999644747,4.314800000429386,11.641400000371505,4.314800000429386,1.8355891348873234,25,8.65775274361269e-07,0.9713858003461963,1.0037920925874972,0.39299224083546014,0.011076048559246052,0.4043374676687704,,,0.220892105451167,0.1549575515854421,4.997205e-03;2.996071e-03;7.518620e-04;1.182840e-03;1.845665e-04;1.869703e-04;1.079319e-04;7.483505e-05;3.633458e-05;2.064801e-05;1.162989e-05;8.037397e-06;5.435897e-06;3.758406e-06;2.694587e-06;1.988254e-06;1.439400e-06;1.210266e-06;8.657753e-07,2;2;1;2;2;1;1;2;1;1;1;1;1;1;1;1;1;1;2,,,,,,,E1
200,0,4,0.020100502512562814,random,coupled,1.0,7.73,delta,0.005,1,,0.0,0.9700000000000009,0.02537001070291699,7,16.25,0.6416530571848671,0.08300815746246663,44.07254823408729,0.9555330859059096,0.9999999999999784,0.40503246753246924,0.22729689606162973,0.25291547976845563,True,1.0,10,16,1.6,2.2910999996383907,1.761100000294391,7.764300000417279,1.761100000294391,2.878273805662746,16,4.221772287316128e-07,0.9723861552435308,1.0012296570194048,0.12964404979730124,0.008985525872542676,0.14789975402744987,,,0.20891298042357986,0.15365254721368113,4.993017e-03;7.178980e-04;2.432153e-04;9.729108e-06;7.623210e-05;3.201742e-06;2.694407e-05;1.172652e-06;9.572093e-06;4.221772e-07,2;2;2;1;2;1;2;1;2;1,True,5.0,50.6561000001966,6.669116499047334e-07,0.0023520640010609153,0.00011422037671343643,E1
200,0,4,0.020100502512562814,random,decoupled,1.0,7.73,delta,0.005,1,,0.0,0.9700000000000009,0.02537001070291699,7,16.25,0.6416530571848671,0.08300815746246663,44.07254823408729,0.9555330859059096,0.9999999999999784,0.40503246753246924,0.22729689606162973,0.25291547976845563,False,0.0,60,90,1.5,2.7638000010483665,13.938199999756762,20.375500000227476,13.938199999756762,2.0456529537886943,90,1.791122743133311e-05,0.9723861552435308,1.0012296829248593,0.12975832841426613,0.008674294740640779,0.1473722364664559,,,0.2099829559730942,0.15365254721368113,4.993017e-03;3.540763e-03;9.147789e-04;4.630711e-04;4.330937e-04;2.346316e-04;1.378043e-04;1.389192e-04;1.497651e-04;1.747306e-04;1.471138e-04;1.484136e-04;1.371495e-04;1.382649e-04;1.280508e-04;1.289768e-04;1.196920e-04;1.204585e-04;1.119910e-04;1.126227e-04;1.048772e-04;7.222898e-05;6.543031e-05;7.629850e-05;8.038407e-05;7.359904e-05;6.672610e-05;6.666041e-05;6.049609e-05;6.034734e-05;5.479924e-05;5.459134e-05;4.959944e-05;6.136524e-05;5.031625e-05;5.030724e-05;4.721768e-05;4.721107e-05;4.433674e-05;4.431571e-05;4.164228e-05;4.160951e-05;3.911957e-05;2.676220e-05;2.434786e-05;2.811627e-05;2.983147e-05;2.705545e-05;2.463214e-05;2.439137e-05;2.222105e-05;2.198262e-05;2.003185e-05;2.456664e-05;2.031064e-05;2.025199e-05;1.909818e-05;1.904672e-05;1.796280e-05;1.791123e-05,2;3;2;1;2;2;2;1;1;1;2;1;2;1;2;1;2;1;2;1;2;2;1;1;1;2;1;2;1;2;1;2;1;1;2;1;2;1;2;1;2;1;2;2;1;1;1;2;1;2;1;2;1;1;2;1;2;1;2;1,,,,,,,E1
200,1,4,0.020100502512562814,random,coupled,1.0,7.73,delta,0.005,1,,0.0,0.9700000000000024,0.025204970482956654,7,17.5,0.6416530571848671,0.08300815746246663,6.134204644169215,0.6221710168382635,0.9999999999999792,0.1947674418604667,0.10369516947304395,0.2723705166737263,True,1.0,8,16,2.0,2.1048999988124706,1.5445000008185161,6.855599998743855,1.5445000008185161,3.281921655755063,16,8.632045027656687e-07,0.9699999999998052,0.9993267429575982,0.06350743136093955,0.024273521487441836,0.11233639529133937,,,0.19242701069482732,0.15459397933577196,4.989376e-03;6.724478e-04;2.003394e-04;6.567161e-05;2.206929e-05;7.475864e-06;2.539170e-06;8.632045e-07,2;2;2;2;2;2;2;2,,,,,,,E1
200,1,4,0.020100502512562814,random,decoupled,1.0,7.73,delta,0.005,1,,0.0,0.9700000000000024,0.025204970482956654,7,17.5,0.6416530571848671,0.08300815746246663,6.134204644169215,0.6221710168382635,0.9999999999999792,0.1947674418604667,0.10369516947304395,0.2723705166737263,True,1.0,20,27,1.35,2.697500000067521,4.500300001382129,10.876300000745687,4.500300001382129,1.9007212846639019,27,8.138640236188266e-07,0.9699999999998052,0.9993268238004733,0.06352133053481096,0.024271669717896585,0.11234223109140948,,,0.19268798409582072,0.15459397933577196,4.989376e-03;3.256787e-03;6.440923e-04;4.498646e-04;2.207063e-04;1.997691e-04;1.234825e-04;1.118032e-04;7.419819e-05;5.076364e-05;2.337814e-05;1.687249e-05;1.049111e-05;8.399072e-06;5.952628e-06;5.198773e-06;3.608433e-06;2.431637e-06;1.077503e-06;8.138640e-07,2;2;2;1;1;1;1;1;2;2;1;1;1;1;1;1;2;2;1;1,,,,,,,E1
200,2,4,0.020100502512562814,random,coupled,1.0,7.73,delta,0.005,1,,0.0,0.970000000000001,0.02492139170789821,7,29.5,0.6416530571848671,0.08300815746246663,89.06008893592085,0.9770084209183936,1.0000000000000004,0.24709302325581384,0.1628347368197323,0.45913887096425937,True,1.0,8,16,2.0,1.9123000001854962,1.5634999999747379,6.576600000698818,1.5634999999747379,3.2420390150827636,16,3.9770815829509587e-07,0.9750001024197087,0.998897401841657,0.017254113355003316,0.00977606718492591,0.03690167131433056,,,0.1416564589910013,0.15536321609554707,4.959608e-03;5.613478e-04;1.522467e-04;4.535174e-05;1.380014e-05;4.225003e-06;1.295905e-06;3.977082e-07,2;2;2;2;2;2;2;2,,,,,,,E1
200,2,4,0.020100502512562814,random,decoupled,1.0,7.73,delta,0.005,1,,0.0,0.970000000000001,0.02492139170789821,7,29.5,0.6416530571848671,0.08300815746246663,89.06008893592085,0.9770084209183936,1.0000000000000004,0.24709302325581384,0.1628347368197323,0.45913887096425937,False,0.0,60,93,1.55,2.143100000466802,11.126200000944664,16.400900000007823,11.126200000944664,2.648086857821938,93,2.826851690207466e-05,0.9750004525004108,0.9988972197781907,0.01508335897100147,0.009776881649847684,0.03663109832768294,,,0.1425947204323576,0.15536321609554707,4.959608e-03;2.418842e-03;4.347671e-04;2.041033e-04;1.066329e-04;1.071314e-04;1.019991e-04;1.027153e-04;9.781419e-05;9.846177e-05;9.383856e-05;9.442414e-05;9.005919e-05;9.058848e-05;8.646383e-05;8.694197e-05;8.304111e-05;8.347275e-05;7.978049e-05;8.016983e-05;7.667220e-05;7.702303e-05;7.370716e-05;7.402291e-05;7.087695e-05;7.116074e-05;6.817374e-05;6.842840e-05;6.559026e-05;6.581836e-05;6.311975e-05;6.332363e-05;6.075594e-05;6.093772e-05;5.849298e-05;5.865459e-05;5.632541e-05;5.646862e-05;5.424818e-05;3.741031e-05;3.547664e-05;4.157091e-05;4.547628e-05;4.196196e-05;3.980330e-05;3.995592e-05;3.791866e-05;3.804762e-05;3.611421e-05;3.622425e-05;3.438947e-05;3.448250e-05;3.274141e-05;3.281914e-05;3.116704e-05;3.123105e-05;2.966345e-05;2.971516e-05;2.822783e-05;2.826852e-05,2;3;2;2;2;1;2;1;2;1;2;1;2;1;2;1;2;1;2;1;2;1;2;1;2;1;2;1;2;1;2;1;2;1;2;1;2;1;2;2;1;1;1;2;1;2;1;2;1;2;1;2;1;2;1;2;1;2;1;2,,,,,,,E1
200,3,4,0.020100502512562814,random,coupled,1.0,7.73,delta,0.005,1,,0.0,0.9700000000000026,0.025672037737989768,7,11.75,0.6416530571848671,0.08300815746246663,26.128394127026052,0.9258200997725545,0.9999999999999929,0.4014957264957261,0.22883894921208495,0.18287734690949997,True,1.0,9,16,1.7777777777777777,1.9701000001077773,1.6630000009172363,6.7828000010194955,1.6630000009172363,3.048062535901507,16,7.452389827466988e-08,0.9699999999997786,1.0005522311540778,0.07275985071369372,0.018434306835605315,0.10997737819918404,,,0.2038439818474494,0.1530157340520118,4.988783e-03;7.050091e-04;2.220662e-04;3.765011e-06;7.383286e-05;2.591229e-05;9.074425e-06;3.178128e-06;7.452390e-08,2;2;2;1;2;2;2;2;1,,,,,,,E1
200,3,4,0.020100502512562814,random,decoupled,1.0,7.73,delta,0.005,1,,0.0,0.9700000000000026,0.025672037737989768,7,11.75,0.6416530571848671,0.08300815746246663,26.128394127026052,0.9258200997725545,0.9999999999999929,0.4014957264957261,0.22883894921208495,0.18287734690949997,False,0.0,60,89,1.4833333333333334,2.2594999991270015,10.782999999719323,16.373999998904765,10.782999999719323,2.6148485579833007,89,4.962563020294297e-06,0.9699999999997786,1.0005522035743086,0.0727801737076098,0.018344645367494222,0.10967045976210657,,,0.20418214647007094,0.1530157340520118,4.988783e-03;2.516104e-03;6.303733e-04;4.411713e-04;3.875155e-04;2.435471e-04;2.039046e-04;2.540678e-04;1.939040e-04;1.962416e-04;1.730034e-04;1.747958e-04;1.549204e-04;1.562422e-04;1.391050e-04;1.400712e-04;1.251743e-04;1.258702e-04;1.128288e-04;7.554399e-05;6.427079e-05;7.432998e-05;7.481175e-05;6.716662e-05;5.725561e-05;5.652950e-05;4.825886e-05;5.935491e-05;4.657581e-05;4.649309e-05;4.210975e-05;4.202899e-05;3.809287e-05;3.800138e-05;3.446392e-05;2.273633e-05;1.943648e-05;2.229901e-05;2.267264e-05;2.012429e-05;1.722511e-05;1.685545e-05;1.443978e-05;1.761121e-05;1.394098e-05;1.387505e-05;1.263118e-05;1.257312e-05;1.144377e-05;1.138854e-05;1.036444e-05;6.821179e-06;5.839693e-06;6.675415e-06;6.802156e-06;6.018115e-06;5.157521e-06;6.321047e-06;4.990577e-06;4.962563e-06,2;3;2;1;2;2;1;1;2;1;2;1;2;1;2;1;2;1;2;2;1;1;1;2;1;2;1;1;2;1;2;1;2;1;2;2;1;1;1;2;1;2;1;1;2;1;2;1;2;1;2;2;1;1;1;2;1;1;2;1,,,,,,,E1
200,4,4,0.020100502512562814,random,coupled,1.0,7.73,delta,0.005,1,,0.0,0.9700000000000011,0.025486423396930444,7,14.5,0.6416530571848671,0.08300815746246663,54.6274169979669,0.5773502691896262,0.9999999999999989,0.1875000000000001,0.0962250448649377,0.2256784281010733,True,1.0,9,18,2.0,2.268500000354834,1.7305000001215376,7.198599998446298,1.7305000001215376,3.2953158044492894,18,4.954474752683069e-07,0.9745653082957942,1.0037924645442673,0.39305631983089334,0.013744315910247726,0.42083987759631913,,,0.22101126935065954,0.1549575515854421,4.997205e-03;7.449534e-04;2.362171e-04;8.166390e-05;2.911913e-05;1.048284e-05;3.786514e-06;1.369380e-06;4.954475e-07,2;2;2;2;2;2;2;2;2,,,,,,,E1
200,4,4,0.020100502512562814,random,decoupled,1.0,7.73,delta,0.005,1,,0.0,0.9700000000000011,0.025486423396930444,7,14.5,0.6416530571848671,0.08300815746246663,54.6274169979669,0.5773502691896262,0.9999999999999989,0.1875000000000001,0.0962250448649377,0.2256784281010733,True,1.0,19,25,1.3157894736842106,2.4919999996200204,3.3651000012469012,9.067699998922762,3.3651000012469012,2.3536299061143073,25,8.65775274361269e-07,0.9745653082957942,1.0037920925874972,0.39299224083546014,0.013744637633286268,0.42075069437609686,,,0.220892105451167,0.1549575515854421,4.997205e-03;2.996071e-03;7.518620e-04;1.182840e-03;1.845665e-04;1.869703e-04;1.079319e-04;7.483505e-05;3.633458e-05;2.064801e-05;1.162989e-05;8.037397e-06;5.435897e-06;3.758406e-06;2.694587e-06;1.988254e-06;1.439400e-06;1.210266e-06;8.657753e-07,2;2;1;2;2;1;1;2;1;1;1;1;1;1;1;1;1;1;2,,,,,,,E1
200,0,6,0.03015075376884422,random,coupled,1.0,7.73,delta,0.005,1,,0.0,0.9700000000000009,0.02537001070291699,7,22.166666666666668,0.6416530571848671,0.08300815746246663,111.490117797324,2.8400390570523495,0.249999999999994,0.6233542875564163,0.45095827352709594,0.34500265445338235,True,1.0,10,16,1.6,2.448200000799261,1.6976999995677033,7.346200000029057,1.6976999995677033,2.9857619139369356,16,6.063104857068069e-07,0.9723861552435308,1.001229654912442,0.12964772931591292,0.0001774429488614428,0.13939188410007888,,,0.2074607792651636,0.1547012465157118,4.984419e-03;7.236238e-04;2.538008e-04;1.593562e-05;7.623136e-05;4.639638e-06;2.697341e-05;1.689995e-06;9.585551e-06;6.063105e-07,2;2;2;1;2;1;2;1;2;1,True,5.0,42.72089999903983,6.943399089021085e-07,0.002358908889486022,0.00011447476465692441,E1
200,0,6,0.03015075376884422,random,decoupled,1.0,7.73,delta,0.005,1,,0.0,0.9700000000000009,0.02537001070291699,7,22.166666666666668,0.6416530571848671,0.08300815746246663,111.490117797324,2.8400390570523495,0.249999999999994,0.6233542875564163,0.45095827352709594,0.34500265445338235,False,0.0,60,11036,183.93333333333334,2.398999999059015,571.5044000007765,577.1282000005158,571.5044000007765,6.117701085057699,11036,6.162810680432752,0.9723861552435308,7.142082444594829,2802.1415397716364,2548.965832671065,11170.2732591588,,0.9926560462113168,759507.4267574291,0.1547012465157118,4.984419e-03;9.920525e-03;7.283606e-03;7.499211e-02;5.260044e-01;9.536285e-01;4.971300e+00;4.955565e+00;4.978355e+00;5.028079e+00;5.101856e+00;5.187207e+00;5.203145e+00;4.759395e+00;5.099269e+00;5.557993e+00;5.984951e+00;6.213079e+00;5.522452e+00;5.384948e+00;5.335792e+00;5.328615e+00;5.390044e+00;5.441931e+00;4.932093e+00;5.233109e+00;5.681506e+00;6.099644e+00;6.297847e+00;5.606225e+00;5.484841e+00;5.442327e+00;5.448600e+00;5.516564e+00;5.501662e+00;5.007813e+00;5.416884e+00;5.893729e+00;6.261946e+00;6.305926e+00;5.625015e+00;5.568323e+00;5.542138e+00;5.546402e+00;5.586932e+00;5.416143e+00;5.200679e+00;5.626573e+00;6.043202e+00;6.326008e+00;6.108994e+00;5.668456e+00;5.600465e+00;5.548666e+00;5.551923e+00;5.594466e+00;5.183911e+00;5.322898e+00;5.752565e+00;6.162811e+00,2;3;1;3;200;200;27;200;200;200;200;200;200;200;200;200;200;200;200;200;200;200;200;200;200;200;200;200;200;200;200;200;200;200;200;200;200;200;200;200;200;200;200;200;200;200;200;200;200;200;200;200;200;200;200;200;200;200;200;200,,,,,,,E1
200,1,6,0.03015075376884422,random,coupled,1.0,7.73,delta,0.005,1,,0.0,0.9700000000000024,0.025204970482956654,7,17.166666666666668,0.6416530571848671,0.08300815746246663,24.59366039774163,1.8337074187954312,0.33333333333332593,0.5475063545818291,0.26925243748359784,0.26718250683232,True,1.0,10,16,1.6,2.4766999995335937,1.7177999998239102,7.463600000846782,1.7177999998239102,2.9508254747465426,16,4.863919765840663e-07,0.9699999999998052,0.9996070006904841,0.09663023473918297,0.00025505456843564773,0.16118669216376547,,,0.19971952243013602,0.1548376519149739,4.984751e-03;7.006047e-04;2.412004e-04;1.306131e-05;7.219543e-05;3.824102e-06;2.517600e-05;1.374965e-06;8.815643e-06;4.863920e-07,2;2;2;1;2;1;2;1;2;1,,,,,,,E1
200,1,6,0.03015075376884422,random,decoupled,1.0,7.73,delta,0.005,1,,0.0,0.9700000000000024,0.025204970482956654,7,17.166666666666668,0.6416530571848671,0.08300815746246663,24.59366039774163,1.8337074187954312,0.33333333333332593,0.5475063545818291,0.26925243748359784,0.26718250683232,False,0.0,60,131,2.183333333333333,2.7681999999913387,13.05539999884786,19.535400000677328,13.05539999884786,3.1789028297610598,131,0.0029251107680030586,0.9699999999998052,0.9993266728505639,0.28546982860282766,0.023785711043335527,0.40289709560648207,,,4.171375557117585,0.1548376519149739,4.984751e-03;9.076458e-03;8.127118e-03;9.074844e-03;1.761116e-03;7.536682e-03;7.480493e-03;1.261924e-02;1.208377e-02;3.281772e-03;1.565253e-02;1.265628e-02;4.198962e-03;1.707392e-02;1.279709e-02;4.341772e-03;1.611024e-02;1.244270e-02;5.047642e-03;2.306416e-02;1.267684e-02;2.134150e-03;6.374193e-03;1.176185e-02;1.042307e-02;3.751101e-03;2.529443e-02;1.232980e-02;4.981171e-03;5.691008e-03;7.272281e-03;5.569521e-03;1.227717e-02;1.180823e-02;4.182059e-03;2.459406e-02;1.252877e-02;4.348232e-03;2.378483e-03;5.121955e-03;6.016431e-03;4.644804e-03;8.440261e-03;8.547201e-03;1.935890e-03;9.779045e-03;1.000298e-02;1.973225e-03;1.701700e-02;1.323536e-02;3.445447e-03;9.855805e-03;8.758281e-03;1.652008e-03;1.306898e-02;1.175766e-02;4.265051e-03;2.368481e-02;1.261716e-02;2.925111e-03,2;3;2;3;1;2;2;3;3;1;3;3;1;3;3;1;3;3;1;3;3;1;2;3;3;1;3;3;1;3;2;2;3;3;1;3;3;1;1;3;2;2;3;2;1;2;3;1;2;3;1;2;2;1;2;3;1;3;3;1,,,,,,,E1
200,2,6,0.03015075376884422,random,coupled,1.0,7.73,delta,0.005,1,,0.0,0.970000000000001,0.02492139170789821,7,19.833333333333332,0.6416530571848671,0.08300815746246663,35.06237840420964,0.5517804310611109,0.9999999999999869,0.17567567567567688,0.04926971479112557,0.30868658556354583,True,1.0,10,19,1.9,2.8781000000890344,2.3909999999887077,8.529499998985557,2.3909999999887077,2.517503973244847,19,5.096084099154297e-07,0.975015406159173,1.0036714344318727,0.1297195931328495,0.015260333771811992,0.30445355519548567,,,0.22044069088117474,0.15489939333746608,4.995762e-03;7.444038e-04;2.389624e-04;9.101314e-06;8.279624e-05;3.002006e-05;1.080330e-05;3.899870e-06;1.409452e-06;5.096084e-07,2;2;2;1;2;2;2;2;2;2,,,,,,,E1
200,2,6,0.03015075376884422,random,decoupled,1.0,7.73,delta,0.005,1,,0.0,0.970000000000001,0.02492139170789821,7,19.833333333333332,0.6416530571848671,0.08300815746246663,35.06237840420964,0.5517804310611109,0.9999999999999869,0.17567567567567688,0.04926971479112557,0.30868658556354583,True,1.0,8,16,2.0,2.448999999614898,2.2153999998408835,8.045900000070105,2.2153999998408835,2.2880418887623297,16,3.970749519188743e-07,0.9750152005018867,1.0036719468538893,0.1297365561000063,0.01525934584853919,0.30448557438069085,,,0.22060091143434907,0.15489939333746608,4.995762e-03;2.949298e-03;1.519646e-04;4.527774e-05;1.377800e-05;4.218256e-06;1.293839e-06;3.970750e-07,2;2;2;2;2;2;2;2,,,,,,,E1
200,3,6,0.03015075376884422,random,coupled,1.0,7.73,delta,0.005,1,,0.0,0.9700000000000026,0.025672037737989768,7,18.0,0.6416530571848671,0.08300815746246663,88.28599069373017,0.9607689228305235,0.9999999999999989,0.41172302737519995,0.14360364721029245,0.2801525314358236,True,1.0,8,14,1.75,2.729600000748178,1.6037000004871516,8.329599999342463,1.6037000004871516,2.7656743771607517,14,4.287541217617985e-07,0.971986373031642,1.0005522794411716,0.07542211599233034,0.010283036174915054,0.12746721750410464,,,0.20487443130072913,0.15446698333469377,4.988287e-03;7.094325e-04;2.308505e-04;8.817699e-06;7.482222e-05;2.641101e-05;9.381678e-06;4.287541e-07,2;2;2;1;2;2;2;1,,,,,,,E1
200,3,6,0.03015075376884422,random,decoupled,1.0,7.73,delta,0.005,1,,0.0,0.9700000000000026,0.025672037737989768,7,18.0,0.6416530571848671,0.08300815746246663,88.28599069373017,0.9607689228305235,0.9999999999999989,0.41172302737519995,0.14360364721029245,0.2801525314358236,False,0.0,60,92,1.5333333333333334,3.276400000686408,11.863800000355695,19.020899999304675,11.863800000355695,2.45674539347647,92,1.8046882433786493e-05,0.971986373031642,1.0005522035743082,0.07548437751008695,0.010284429813312844,0.12726065583620558,,,0.20587352633883313,0.15446698333469377,4.988287e-03;2.772859e-03;7.402235e-04;5.809161e-04;4.683388e-04;3.181235e-04;2.385595e-04;2.901919e-04;2.107202e-04;2.127716e-04;1.763282e-04;1.774801e-04;1.511780e-04;1.042113e-04;8.962504e-05;1.073862e-04;1.144199e-04;1.051172e-04;9.584934e-05;9.708071e-05;8.861835e-05;8.962638e-05;8.186886e-05;8.269565e-05;7.558535e-05;7.625899e-05;6.974272e-05;7.028715e-05;6.431597e-05;6.475158e-05;5.928047e-05;5.962462e-05;5.461221e-05;5.487965e-05;5.028793e-05;5.049121e-05;4.628529e-05;4.643505e-05;4.258294e-05;4.268820e-05;3.916051e-05;3.922894e-05;3.599873e-05;3.603679e-05;3.307936e-05;3.309253e-05;3.038520e-05;3.037811e-05;2.790009e-05;2.787664e-05;2.560887e-05;2.557234e-05;2.349733e-05;2.345047e-05;2.155217e-05;2.149731e-05;1.976101e-05;1.970008e-05;1.811228e-05;1.804688e-05,2;3;2;1;2;2;1;1;2;1;2;1;2;2;1;1;1;2;1;2;1;2;1;2;1;2;1;2;1;2;1;2;1;2;1;2;1;2;1;2;1;2;1;2;1;2;1;2;1;2;1;2;1;2;1;2;1;2;1;2,,,,,,,E1
200,4,6,0.03015075376884422,random,coupled,1.0,7.73,delta,0.005,1,,0.0,0.9700000000000011,0.025486423396930444,7,13.166666666666666,0.6416530571848671,0.08300815746246663,51.55832075100783,0.7495269992068062,0.49999999999999584,0.33492063492063523,0.10568120377073686,0.20492638873546112,True,1.0,10,16,1.6,2.309600000444334,1.9416999984969152,7.694699999774457,1.9416999984969152,2.610561880786886,16,5.059629702985902e-07,0.9713858003461963,1.00379293488672,0.3928774437977177,0.008337753649267286,0.4646107026091769,,,0.21983710356924366,0.1542296621934999,4.996162e-03;7.454073e-04;2.582537e-04;1.129201e-05;8.285224e-05;3.659702e-06;2.990969e-05;1.374269e-06;1.086461e-05;5.059630e-07,2;2;2;1;2;1;2;1;2;1,,,,,,,E1
200,4,6,0.03015075376884422,random,decoupled,1.0,7.73,delta,0.005,1,,0.0,0.9700000000000011,0.025486423396930444,7,13.166666666666666,0.6416530571848671,0.08300815746246663,51.55832075100783,0.7495269992068062,0.49999999999999584,0.33492063492063523,0.10568120377073686,0.20492638873546112,True,1.0,18,28,1.5555555555555556,2.2011999990354525,3.3437000001868,8.650599998873076,3.3437000001868,2.6529365671275627,28,7.060457392071839e-07,0.9713858003461963,1.0037922523170324,0.39315817024758126,0.008340763591573565,0.46488718931440376,,,0.22083235142833751,0.1542296621934999,4.996162e-03;5.786153e-03;7.961738e-04;4.869894e-04;2.562286e-04;1.525152e-04;1.048368e-04;6.368727e-05;4.511750e-05;2.903730e-05;1.514423e-05;1.401373e-05;9.449897e-06;6.705520e-06;2.810828e-06;2.235576e-06;1.377616e-06;7.060457e-07,2;3;2;2;1;1;1;2;2;1;1;1;1;2;2;2;1;1,,,,,,,E1
200,0,8,0.04020100502512563,random,coupled,1.0,7.73,delta,0.005,1,,0.0,0.9700000000000009,0.02537001070291699,7,16.125,0.6416530571848671,0.08300815746246663,94.96116131973925,2.60087437201333,0.3333333333333311,0.5226796077402247,0.21470502490240104,0.25096997607793015,True,1.0,10,16,1.6,1.9386000003578374,1.7303999993600883,6.764199999452103,1.7303999993600883,2.9293388822668276,16,7.021953096764122e-07,0.9742436984797636,1.0025236004125988,0.19542355285957572,0.0003443751284493026,0.3510173507685647,,,0.21429905537290284,0.1552110943540674,4.995153e-03;7.310117e-04;2.586137e-04;1.862536e-05;7.959361e-05;5.414390e-06;2.839768e-05;1.959123e-06;1.019503e-05;7.021953e-07,2;2;2;1;2;1;2;1;2;1,True,6.0,47.982099998989725,7.231741678825898e-07,0.0025466702984919885,0.00018577045192982866,E1
200,0,8,0.04020100502512563,random,decoupled,1.0,7.73,delta,0.005,1,,0.0,0.9700000000000009,0.02537001070291699,7,16.125,0.6416530571848671,0.08300815746246663,94.96116131973925,2.60087437201333,0.3333333333333311,0.5226796077402247,0.21470502490240104,0.25096997607793015,False,0.0,60,145,2.4166666666666665,1.9284999998490093,14.506900000924361,19.53000000139582,14.506900000924361,3.1665731477485157,145,0.00204087758161553,0.9742436984797636,1.0025236214904152,0.1956092728272819,0.006016188032397092,0.37253106896627136,,,0.7474670599687724,0.1552110943540674,4.995153e-03;6.237565e-03;3.338750e-03;4.635016e-03;6.514463e-03;6.331099e-03;3.088397e-03;3.669949e-03;6.563147e-03;6.247730e-03;3.925083e-03;4.441575e-03;7.405619e-03;6.358102e-03;1.924117e-03;1.911818e-03;4.023707e-03;4.750793e-03;7.451118e-03;6.418432e-03;1.586544e-03;1.526873e-03;3.240021e-03;4.017242e-03;6.936259e-03;6.415351e-03;2.886290e-03;3.347005e-03;6.326100e-03;6.235256e-03;4.694851e-03;5.207763e-03;7.459632e-03;6.392109e-03;1.849242e-03;1.801104e-03;3.868243e-03;4.646865e-03;7.430675e-03;6.448610e-03;1.580439e-03;1.517743e-03;3.269943e-03;4.085858e-03;6.987854e-03;6.438904e-03;2.711208e-03;3.142518e-03;6.028838e-03;6.145225e-03;5.346538e-03;5.696320e-03;6.818622e-03;6.293056e-03;3.772075e-03;4.258901e-03;7.385498e-03;6.396504e-03;2.038339e-03;2.040878e-03,2;3;2;3;2;3;2;3;2;3;2;3;2;3;2;2;2;3;2;3;2;2;2;3;2;3;2;3;2;3;2;3;2;3;2;2;2;3;2;3;2;2;2;3;2;3;2;3;2;3;2;3;2;3;2;3;2;3;2;2,,,,,,,E1
200,1,8,0.04020100502512563,random,coupled,1.0,7.73,delta,0.005,1,,0.0,0.9700000000000024,0.025204970482956654,7,18.25,0.6416530571848671,0.08300815746246663,126.3893610485612,1.8596041943727066,0.3333333333333303,0.530620305037561,0.19350925000526106,0.2840435388168824,True,1.0,10,16,1.6,1.9147999992128462,1.7411999997420935,6.792599999243976,1.7411999997420935,2.9111693089540602,16,5.232147720635183e-07,0.9740362684972619,0.9997893293556487,0.09671378811220434,0.00028354274096369824,0.17254786062505698,,,0.20104099737325762,0.15474483135403047,4.980465e-03;7.067481e-04;2.439595e-04;1.397074e-05;7.273362e-05;4.106739e-06;2.542999e-05;1.475957e-06;8.924762e-06;5.232148e-07,2;2;2;1;2;1;2;1;2;1,,,,,,,E1
200,1,8,0.04020100502512563,random,decoupled,1.0,7.73,delta,0.005,1,,0.0,0.9700000000000024,0.025204970482956654,7,18.25,0.6416530571848671,0.08300815746246663,126.3893610485612,1.8596041943727066,0.3333333333333303,0.530620305037561,0.19350925000526106,0.2840435388168824,False,0.0,60,7454,124.23333333333333,2.619099999719765,404.2571999998472,410.1998000005551,404.2571999998472,5.841545511127303,7454,0.6027358887300192,0.36933935768641785,0.9993264286931642,106.76229711722442,0.5685551065589249,125.15372980243932,,0.9989817220971019,2140.944205999454,0.15474483135403047,4.980465e-03;9.221936e-03;2.232540e-03;9.485408e-03;1.022396e-02;2.632473e-03;2.225475e-02;1.147915e-02;4.746860e-03;1.878376e-03;5.371578e-03;8.450155e-03;8.860555e-03;1.697664e-03;1.697621e-02;1.271135e-02;4.187360e-03;1.343453e-02;1.226347e-02;6.363316e-03;4.051597e-02;2.669617e-02;2.238790e-01;8.246081e-01;3.195872e-01;3.592875e-01;8.797900e-01;7.459491e-01;8.219206e-02;3.102616e-01;3.505296e-01;6.573503e-01;2.787508e-01;3.804894e-01;2.876245e-01;2.321756e-01;7.299138e-01;3.201055e-01;8.616499e-01;3.145397e-01;8.473223e-01;3.263271e-01;8.190445e-01;3.267958e-01;6.191557e-01;2.329160e-01;2.684241e-01;2.149607e-01;1.699718e-01;7.026058e-01;3.348547e-01;5.311163e-01;9.258461e-02;1.442422e-01;7.311108e-01;3.230883e-01;2.960234e-01;3.376012e-01;3.092400e-01;6.027359e-01,2;3;1;3;3;1;3;3;1;1;2;2;2;1;2;3;1;3;3;1;3;3;7;200;200;200;200;200;200;200;200;200;200;200;200;200;200;200;200;200;200;200;200;200;200;200;200;200;200;200;200;200;200;200;200;200;200;200;200;200,,,,,,,E1
200,2,8,0.04020100502512563,random,coupled,1.0,7.73,delta,0.005,1,,0.0,0.970000000000001,0.02492139170789821,7,17.875,0.6416530571848671,0.08300815746246663,91.30052601202992,1.653189317038331,0.5000000000000049,0.4638360810208171,0.148832472907355,0.2782070277452948,True,1.0,8,14,1.75,2.7454999999463325,1.527100001112558,8.549099999072496,1.527100001112558,2.904401805231278,14,5.182068818498919e-07,0.9721745128664866,1.0036720242694896,0.11709238964693279,0.026388294308851163,0.33736647850863977,,,0.21814155930349644,0.15534769395492778,4.994483e-03;7.420580e-04;2.456605e-04;9.902579e-06;8.215261e-05;2.971194e-05;1.078902e-05;5.182069e-07,2;2;2;1;2;2;2;1,,,,,,,E1
200,2,8,0.04020100502512563,random,decoupled,1.0,7.73,delta,0.005,1,,0.0,0.970000000000001,0.02492139170789821,7,17.875,0.6416530571848671,0.08300815746246663,91.30052601202992,1.653189317038331,0.5000000000000049,0.4638360810208171,0.148832472907355,0.2782070277452948,False,0.0,60,123,2.05,2.628500000355416,12.874699999883887,19.478500000332133,12.874699999883887,3.0266634562631696,123,0.0022257657247385376,0.9721745128664866,1.0036719440402826,0.11720800023442582,0.025793851151977774,0.33977608061243425,,,0.3746394734504128,0.15534769395492778,4.994483e-03;5.331406e-03;2.045947e-03;2.549117e-03;2.021801e-03;2.272270e-03;2.060233e-03;2.162039e-03;2.066594e-03;2.097816e-03;2.080184e-03;2.076421e-03;2.095774e-03;2.075859e-03;2.111430e-03;2.085212e-03;2.126333e-03;2.098807e-03;2.140106e-03;2.113667e-03;2.152592e-03;2.128257e-03;2.163757e-03;2.141833e-03;2.173639e-03;2.154082e-03;2.182314e-03;2.164925e-03;2.189882e-03;2.174405e-03;2.196453e-03;2.182625e-03;2.202134e-03;2.189712e-03;2.207031e-03;2.195796e-03;2.211240e-03;2.201003e-03;2.214851e-03;2.205451e-03;2.217942e-03;2.209243e-03;2.220585e-03;2.212472e-03;2.222843e-03;2.215219e-03;2.224768e-03;2.217554e-03;2.226410e-03;2.219538e-03;2.227808e-03;2.221222e-03;2.228998e-03;2.222652e-03;2.230011e-03;2.223864e-03;2.230872e-03;2.224893e-03;2.231604e-03;2.225766e-03,2;3;2;3;2;3;2;2;2;2;2;2;2;2;2;2;2;2;2;2;2;2;2;2;2;2;2;2;2;2;2;2;2;2;2;2;2;2;2;2;2;2;2;2;2;2;2;2;2;2;2;2;2;2;2;2;2;2;2;2,,,,,,,E1
200,3,8,0.04020100502512563,random,coupled,1.0,7.73,delta,0.005,1,,0.0,0.9700000000000026,0.025672037737989768,7,14.25,0.6416530571848671,0.08300815746246663,80.22834012960607,0.9607689228305233,0.9999999999999971,0.412740330321854,0.10074628000442136,0.2217874207200339,True,1.0,9,18,2.0,2.6579999994282844,2.0973999999114312,8.350500000233296,2.0973999999114312,2.7188633547443533,18,4.1856676791240943e-07,0.9750091995664556,1.0015748387710286,0.07081639087133351,0.03161953778769341,0.20584851644312024,,,0.21114601970846467,0.1550864880328829,4.993514e-03;7.209196e-04;2.234147e-04;7.606813e-05;2.661400e-05;9.396495e-06;3.328042e-06;1.180027e-06;4.185668e-07,2;2;2;2;2;2;2;2;2,,,,,,,E1
200,3,8,0.04020100502512563,random,decoupled,1.0,7.73,delta,0.005,1,,0.0,0.9700000000000026,0.025672037737989768,7,14.25,0.6416530571848671,0.08300815746246663,80.22834012960607,0.9607689228305233,0.9999999999999971,0.412740330321854,0.10074628000442136,0.2217874207200339,False,0.0,60,93,1.55,3.6184000000503147,13.185499999963213,20.911999999952968,13.185499999963213,2.2345109400540144,93,2.0382399487983704e-05,0.9750094104154102,1.001575256476056,0.07082395846354649,0.03090165217619876,0.20557722273858733,,,0.21127585417616568,0.1550864880328829,4.993514e-03;3.462745e-03;6.534543e-04;4.565145e-04;3.416384e-04;1.827174e-04;1.649422e-04;1.691319e-04;1.533571e-04;1.567888e-04;1.423232e-04;1.452310e-04;1.319690e-04;1.344297e-04;1.222728e-04;1.243523e-04;1.132092e-04;1.149639e-04;1.047503e-04;1.062283e-04;9.686679e-05;9.810937e-05;8.952851e-05;9.057083e-05;8.270523e-05;8.357734e-05;7.636702e-05;7.709456e-05;7.048454e-05;7.108939e-05;6.502935e-05;6.553017e-05;5.997402e-05;6.038670e-05;5.529229e-05;5.563039e-05;5.095912e-05;5.123418e-05;4.695074e-05;4.717260e-05;4.324467e-05;4.342170e-05;3.981968e-05;3.995900e-05;3.665583e-05;3.676348e-05;3.373436e-05;3.381550e-05;3.103771e-05;3.109671e-05;2.854946e-05;2.859002e-05;2.625425e-05;2.627953e-05;2.413776e-05;2.415043e-05;2.218666e-05;2.218898e-05;2.038852e-05;2.038240e-05,2;3;2;1;2;2;1;2;1;2;1;2;1;2;1;2;1;2;1;2;1;2;1;2;1;2;1;2;1;2;1;2;1;2;1;2;1;2;1;2;1;2;1;2;1;2;1;2;1;2;1;2;1;2;1;2;1;2;1;2,,,,,,,E1
200,4,8,0.04020100502512563,random,coupled,1.0,7.73,delta,0.005,1,,0.0,0.9700000000000011,0.025486423396930444,7,14.125,0.6416530571848671,0.08300815746246663,123.51858870753902,1.7357426579698947,0.3333333333333397,0.4891006728778464,0.16062693303707468,0.2198419170294986,True,1.0,10,16,1.6,2.5777000009838957,1.8089000004692934,7.601199999044184,1.8089000004692934,2.80221571047871,16,5.679965545679622e-07,0.9699999999997881,1.00379293468096,0.3928723969978377,0.00028170778474499746,0.5110505632569886,,,0.2198026234996557,0.15467775089704536,4.995912e-03;7.454894e-04;2.613057e-04;1.429887e-05;8.284928e-05;4.225908e-06;2.991131e-05;1.544824e-06;1.086551e-05;5.679966e-07,2;2;2;1;2;1;2;1;2;1,,,,,,,E1
200,4,8,0.04020100502512563,random,decoupled,1.0,7.73,delta,0.005,1,,0.0,0.9700000000000011,0.025486423396930444,7,14.125,0.6416530571848671,0.08300815746246663,123.51858870753902,1.7357426579698947,0.3333333333333397,0.4891006728778464,0.16062693303707468,0.2198419170294986,False,0.0,60,139,2.316666666666667,2.6775000005727634,16.187199998967117,22.197199999936856,16.187199998967117,2.7204403481028154,139,0.013547995802588253,0.9628114835228646,1.003792958362767,0.3932761383485319,0.019705050599073355,0.6121549859916212,,,4.219969608483338,0.15467775089704536,4.995912e-03;9.412174e-03;1.799256e-03;9.496029e-03;9.099309e-03;1.858837e-03;8.762295e-03;8.466318e-03;1.149740e-02;1.088754e-02;2.064677e-03;1.357341e-02;1.132329e-02;2.659225e-03;1.518112e-02;1.176242e-02;2.961047e-03;1.366876e-02;1.129842e-02;2.633303e-03;1.525811e-02;1.175621e-02;2.901886e-03;1.322329e-02;1.111321e-02;2.427321e-03;1.503290e-02;1.169808e-02;2.860042e-03;1.342526e-02;1.119070e-02;2.501278e-03;1.498922e-02;1.168359e-02;2.855685e-03;1.350711e-02;1.121890e-02;2.531366e-03;1.498087e-02;1.167866e-02;2.856868e-03;1.353743e-02;1.122756e-02;2.543431e-03;1.498363e-02;1.167692e-02;2.859557e-03;1.354822e-02;1.122905e-02;2.548801e-03;1.499101e-02;1.167652e-02;2.862699e-03;1.355007e-02;1.122728e-02;2.550986e-03;1.499984e-02;1.167659e-02;2.865815e-03;1.354800e-02,2;3;1;2;3;1;2;3;3;3;1;3;3;1;3;3;1;3;3;1;3;3;1;3;3;1;3;3;1;3;3;1;3;3;1;3;3;1;3;3;1;3;3;1;3;3;1;3;3;1;3;3;1;3;3;1;3;3;1;3,,,,,,,E1
200,0,10,0.05025125628140704,random,coupled,1.0,7.73,delta,0.005,1,,0.0,0.9700000000000009,0.02537001070291699,7,19.0,0.6416530571848671,0.08300815746246663,141.68766020240326,3.6608138239889945,0.22972972972973243,0.5321744682017666,0.24569637831818697,0.29571656096003085,True,1.0,8,14,1.75,2.217400000517955,1.4437999998335727,6.7995999997947365,1.4437999998335727,3.071971187499141,14,4.824244879131356e-07,0.9751364710166783,1.0039034479673723,0.3930194427147349,0.0023774921057273554,0.5864461725797111,,,0.22056008176708541,0.15489787723974593,4.997746e-03;7.463497e-04;2.465546e-04;1.126784e-05;8.316339e-05;3.031764e-05;1.112804e-05;4.824245e-07,2;2;2;1;2;2;2;1,True,6.0,46.530199999324395,7.157834642779193e-07,0.0027327722259933834,0.0003976625331583161,E1
200,0,10,0.05025125628140704,random,decoupled,1.0,7.73,delta,0.005,1,,0.0,0.9700000000000009,0.02537001070291699,7,19.0,0.6416530571848671,0.08300815746246663,141.68766020240326,3.6608138239889945,0.22972972972973243,0.5321744682017666,0.24569637831818697,0.29571656096003085,False,0.0,60,11209,186.81666666666666,1.985400000194204,595.3921000000264,600.6369000006089,595.3921000000264,5.964306331911093,11209,3.8104557276880984,0.9751370341478752,4.788948456241672,883.8824456573817,493.91937224526373,4362.287944068369,,0.9917371241035311,321086.5362774868,0.15489787723974593,4.997746e-03;9.771148e-03;6.953875e-03;6.249860e-02;5.424212e-01;8.583637e-01;7.746810e-01;5.126819e-01;7.906212e-01;7.512954e-01;1.420880e+00;2.085654e+00;2.098461e+00;1.966025e+00;1.603702e+00;1.482128e+00;1.442040e+00;1.429458e+00;1.411164e+00;1.366735e+00;1.356958e+00;1.451483e+00;1.337054e+00;3.183071e+00;3.207314e+00;3.444938e+00;3.741632e+00;3.984988e+00;4.063129e+00;3.855769e+00;3.647041e+00;3.509829e+00;3.408326e+00;3.352703e+00;3.314605e+00;3.221618e+00;3.353943e+00;3.670668e+00;3.964988e+00;4.101919e+00;3.935957e+00;3.711872e+00;3.565157e+00;3.451998e+00;3.387457e+00;3.343648e+00;3.244691e+00;3.395311e+00;3.721455e+00;4.011531e+00;4.121118e+00;3.920476e+00;3.713049e+00;3.569082e+00;3.459569e+00;3.400846e+00;3.346885e+00;3.262294e+00;3.475991e+00;3.810456e+00,2;3;1;3;200;200;200;200;200;200;200;200;200;200;200;200;200;200;200;200;200;200;200;200;200;200;200;200;200;200;200;200;200;200;200;200;200;200;200;200;200;200;200;200;200;200;200;200;200;200;200;200;200;200;200;200;200;200;200;200,,,,,,,E1
200,1,10,0.05025125628140704,random,coupled,1.0,7.73,delta,0.005,1,,0.0,0.9700000000000024,0.025204970482956654,7,21.6,0.6416530571848671,0.08300815746246663,76.56249009088417,1.798735200130547,0.4999999999999871,0.5177712349320391,0.13310154375450475,0.336183037722998,True,1.0,10,16,1.6,3.0138000001898035,1.8290000007255003,8.54299999991781,1.8290000007255003,2.7714204472330968,16,5.929448138042304e-07,0.9750083870468618,0.9997893290258,0.09671430550291266,0.0002507807939993661,0.19076705695836388,,,0.20178480254738948,0.15509872070184189,4.984409e-03;7.073249e-04;2.481779e-04;1.644579e-05;7.269785e-05;4.664609e-06;2.542386e-05;1.674545e-06;8.922828e-06;5.929448e-07,2;2;2;1;2;1;2;1;2;1,,,,,,,E1
200,1,10,0.05025125628140704,random,decoupled,1.0,7.73,delta,0.005,1,,0.0,0.9700000000000024,0.025204970482956654,7,21.6,0.6416530571848671,0.08300815746246663,76.56249009088417,1.798735200130547,0.4999999999999871,0.5177712349320391,0.13310154375450475,0.336183037722998,False,0.0,60,121,2.0166666666666666,1.9552000012481585,12.255700001333025,17.407100000127684,12.255700001333025,3.127831784053993,121,0.0005936060432250034,0.9750090133213435,0.9997893575903699,0.0967925471234146,0.0007476245951452735,0.1907131946679213,,,0.20276518027704127,0.15509872070184189,4.984409e-03;7.154872e-03;2.672405e-03;2.676413e-03;2.415064e-03;2.235969e-03;2.181685e-03;1.994450e-03;1.973306e-03;1.810926e-03;1.789822e-03;1.654210e-03;1.628206e-03;1.515236e-03;1.485163e-03;1.390342e-03;1.357831e-03;1.277418e-03;1.243864e-03;1.174940e-03;1.141363e-03;1.081685e-03;1.048787e-03;9.966292e-04;9.648694e-04;9.189008e-04;8.885632e-04;8.571200e-04;8.557847e-04;8.300250e-04;8.303319e-04;8.054427e-04;8.067545e-04;7.829642e-04;7.848432e-04;7.622693e-04;7.644173e-04;7.431034e-04;7.453198e-04;7.252616e-04;7.274140e-04;7.085771e-04;7.105805e-04;6.929123e-04;6.947149e-04;6.781525e-04;6.797251e-04;6.642014e-04;6.655306e-04;6.509771e-04;6.520598e-04;6.384094e-04;6.392498e-04;6.264379e-04;6.270447e-04;6.150098e-04;6.153946e-04;6.040794e-04;6.042553e-04;5.936060e-04,2;3;2;2;2;2;2;2;2;2;2;2;2;2;2;2;2;2;2;2;2;2;2;2;2;2;2;2;2;2;2;2;2;2;2;2;2;2;2;2;2;2;2;2;2;2;2;2;2;2;2;2;2;2;2;2;2;2;2;2,,,,,,,E1
200,2,10,0.05025125628140704,random,coupled,1.0,7.73,delta,0.005,1,,0.0,0.970000000000001,0.02492139170789821,7,18.5,0.6416530571848671,0.08300815746246663,76.75560158659619,2.6347057877172757,0.2499999999999994,0.6054065556684155,0.1928559772733154,0.2879345461979316,True,1.0,8,14,1.75,3.1856000005063834,1.9978999989689328,8.605400000305963,1.9978999989689328,2.219986987481333,14,5.755420958708513e-07,0.9699999999998188,1.0001769969540122,0.0772206471077022,0.0002653921914833571,0.20362543188288332,,,0.20226565497373916,0.1545955839583748,4.982405e-03;7.058360e-04;2.393796e-04;1.297810e-05;7.403973e-05;2.605013e-05;9.233421e-06;5.755421e-07,2;2;2;1;2;2;2;1,,,,,,,E1
200,2,10,0.05025125628140704,random,decoupled,1.0,7.73,delta,0.005,1,,0.0,0.970000000000001,0.02492139170789821,7,18.5,0.6416530571848671,0.08300815746246663,76.75560158659619,2.6347057877172757,0.2499999999999994,0.6054065556684155,0.1928559772733154,0.2879345461979316,False,0.0,60,10817,180.28333333333333,2.189800001360709,601.6970999990008,607.2825999999623,601.6970999990008,5.69541075734899,10817,2.290501945118831,0.9476961460498994,3.270445209527681,545.2082275801745,135.9756343884836,2388.7178915001728,,0.9914544997573804,136465.62154557227,0.1545955839583748,4.982405e-03;1.024918e-02;3.955366e-03;2.637749e-02;2.031014e-02;1.134148e-01;3.159465e-01;1.204926e+00;1.446267e+00;1.855529e+00;2.095939e+00;2.173798e+00;2.125426e+00;2.021932e+00;1.929662e+00;1.872478e+00;1.849675e+00;1.858328e+00;1.893081e+00;1.934413e+00;1.935857e+00;1.837734e+00;1.755128e+00;1.968073e+00;2.279834e+00;2.559455e+00;2.713263e+00;2.616656e+00;2.278948e+00;2.115792e+00;2.057788e+00;2.053979e+00;2.083898e+00;2.082165e+00;1.924626e+00;1.875597e+00;2.184152e+00;2.524385e+00;2.755078e+00;2.728850e+00;2.375189e+00;2.197742e+00;2.132662e+00;2.122837e+00;2.146598e+00;2.116969e+00;1.906631e+00;2.014596e+00;2.365857e+00;2.684703e+00;2.829486e+00;2.617248e+00;2.306190e+00;2.204083e+00;2.167281e+00;2.177621e+00;2.182645e+00;2.025090e+00;1.961561e+00;2.290502e+00,2;3;1;3;3;5;200;200;200;200;200;200;200;200;200;200;200;200;200;200;200;200;200;200;200;200;200;200;200;200;200;200;200;200;200;200;200;200;200;200;200;200;200;200;200;200;200;200;200;200;200;200;200;200;200;200;200;200;200;200,,,,,,,E1
200,3,10,0.05025125628140704,random,coupled,1.0,7.73,delta,0.005,1,,0.0,0.9700000000000026,0.025672037737989768,7,20.0,0.6416530571848671,0.08300815746246663,61.84062145373889,1.729543333660261,0.4999999999999945,0.4953540845563774,0.12076586700915364,0.3112805904842569,True,1.0,10,19,1.9,2.0284000001993263,1.8982999990839744,7.129699999495642,1.8982999990839744,3.170917137915314,19,4.169821320454403e-07,0.974999683537403,1.0015748415742114,0.08796977454318713,0.007568887412269489,0.20558613368655115,,,0.20907760325506158,0.15537723931624,4.993047e-03;7.162945e-04;2.321151e-04;1.453331e-05;7.632675e-05;2.700248e-05;9.478211e-06;3.349749e-06;1.181940e-06;4.169821e-07,2;2;2;1;2;2;2;2;2;2,,,,,,,E1
200,3,10,0.05025125628140704,random,decoupled,1.0,7.73,delta,0.005,1,,0.0,0.9700000000000026,0.025672037737989768,7,20.0,0.6416530571848671,0.08300815746246663,61.84062145373889,1.729543333660261,0.4999999999999945,0.4953540845563774,0.12076586700915364,0.3112805904842569,False,0.0,60,150,2.5,2.5050000003830064,15.169799999057432,21.14820000133477,15.169799999057432,3.1326187558802823,150,0.002818101499504788,0.9749999988110668,1.001575256591555,0.08797909715051418,0.007569657723050089,0.20900948838372177,,,0.493586356190352,0.15537723931624,4.993047e-03;6.790019e-03;2.002313e-03;2.423994e-03;1.939468e-03;2.246031e-03;2.016835e-03;2.212423e-03;2.115118e-03;2.243200e-03;2.217604e-03;2.303527e-03;2.316531e-03;2.375092e-03;2.407542e-03;2.447499e-03;2.488206e-03;2.514899e-03;2.557499e-03;2.574350e-03;2.615461e-03;2.624813e-03;2.662877e-03;2.666442e-03;2.700961e-03;2.700056e-03;2.731102e-03;2.726769e-03;2.754680e-03;2.747754e-03;2.772954e-03;2.764104e-03;2.787016e-03;2.776772e-03;2.797773e-03;2.786553e-03;2.805962e-03;2.794089e-03;2.812167e-03;2.799890e-03;2.816850e-03;2.804357e-03;2.820368e-03;2.807798e-03;2.822998e-03;2.810453e-03;2.824952e-03;2.812505e-03;2.826394e-03;2.814095e-03;2.827448e-03;2.815330e-03;2.828209e-03;2.816292e-03;2.828750e-03;2.817044e-03;2.829126e-03;2.817635e-03;2.829379e-03;2.818101e-03,2;3;2;3;2;3;2;3;2;3;2;3;2;3;2;3;2;3;2;3;2;3;2;3;2;3;2;3;2;3;2;3;2;3;2;3;2;3;2;3;2;3;2;3;2;3;2;3;2;3;2;3;2;3;2;3;2;3;2;3,,,,,,,E1
200,4,10,0.05025125628140704,random,coupled,1.0,7.73,delta,0.005,1,,0.0,0.9700000000000011,0.025486423396930444,7,14.1,0.6416530571848671,0.08300815746246663,41.160515906781406,1.2412139507044335,0.500000000000005,0.44686431902036483,0.09047683988694984,0.21945281629139263,True,1.0,10,16,1.6,2.390900001046248,1.723600000332226,7.308599999305443,1.723600000332226,2.9408957989225795,16,7.187653878748534e-07,0.9750173711040862,1.0037929343838272,0.3927924357392171,0.0003249463264365124,0.684696146709184,,,0.22016055768579143,0.1548224249622536,4.997654e-03;7.476943e-04;2.686790e-04;1.759017e-05;8.283839e-05;5.269887e-06;2.991206e-05;1.959382e-06;1.086607e-05;7.187654e-07,2;2;2;1;2;1;2;1;2;1,,,,,,,E1
200,4,10,0.05025125628140704,random,decoupled,1.0,7.73,delta,0.005,1,,0.0,0.9700000000000011,0.025486423396930444,7,14.1,0.6416530571848671,0.08300815746246663,41.160515906781406,1.2412139507044335,0.500000000000005,0.44686431902036483,0.09047683988694984,0.21945281629139263,False,0.0,60,121,2.0166666666666666,1.9279999996797414,12.918300000819727,18.046400000457652,12.918300000819727,2.967400354347518,121,3.8041751843076455e-06,0.975018007558072,1.0037929583627716,0.39319635081161036,0.00032480721778988116,0.6853424778591646,,,0.22141684520549534,0.1548224249622536,4.997654e-03;6.440930e-03;2.306874e-03;2.154364e-03;1.841539e-03;1.567968e-03;1.462502e-03;1.225012e-03;1.159630e-03;9.754762e-04;9.203783e-04;7.810777e-04;7.316298e-04;6.264122e-04;5.824322e-04;5.025435e-04;4.642036e-04;4.031369e-04;3.703105e-04;3.233224e-04;2.956149e-04;2.592428e-04;2.361129e-04;2.078104e-04;1.886663e-04;1.665431e-04;1.508033e-04;1.334431e-04;1.205703e-04;1.069025e-04;9.641819e-05;8.562762e-05;7.711693e-05;6.857787e-05;6.168768e-05;5.491708e-05;4.935079e-05;4.397360e-05;3.948461e-05;3.520824e-05;3.159312e-05;2.818837e-05;2.528032e-05;2.256699e-05;2.022987e-05;1.806588e-05;1.618902e-05;1.446204e-05;1.295572e-05;1.157679e-05;1.036846e-05;9.266939e-06;8.298043e-06;7.417820e-06;6.641173e-06;5.937582e-06;5.315206e-06;4.752666e-06;4.254028e-06;3.804175e-06,2;3;2;2;2;2;2;2;2;2;2;2;2;2;2;2;2;2;2;2;2;2;2;2;2;2;2;2;2;2;2;2;2;2;2;2;2;2;2;2;2;2;2;2;2;2;2;2;2;2;2;2;2;2;2;2;2;2;2;2,,,,,,,E1
200,0,12,0.06030150753768844,random,coupled,1.0,7.73,delta,0.005,1,,0.0,0.9700000000000009,0.02537001070291699,7,17.083333333333332,0.6416530571848671,0.08300815746246663,177.64257485305254,3.992077675350508,0.1666666666666663,0.659906660401815,0.2273087528131972,0.2658855043719633,True,1.0,10,16,1.6,2.2545000010723015,1.8135000009351643,7.216999998490792,1.8135000009351643,2.7951078011503254,16,7.531389848436376e-07,0.9730251066435142,1.0039033527591579,0.39299440732385565,0.0002640844266190095,0.6609300988304456,,,0.2197130508534722,0.15470275915771298,4.992810e-03;7.511875e-04;2.716455e-04;1.952839e-05;8.316020e-05;5.472735e-06;3.005590e-05;2.054057e-06;1.092896e-05;7.531390e-07,2;2;2;1;2;1;2;1;2;1,True,6.0,53.95380000118166,7.535568165017992e-07,0.0027938223860595563,0.00040696229781683746,E1
200,0,12,0.06030150753768844,random,decoupled,1.0,7.73,delta,0.005,1,,0.0,0.9700000000000009,0.02537001070291699,7,17.083333333333332,0.6416530571848671,0.08300815746246663,177.64257485305254,3.992077675350508,0.1666666666666663,0.659906660401815,0.2273087528131972,0.2658855043719633,False,0.0,60,11243,187.38333333333333,2.4377999998250743,572.2410999987915,577.8990999988309,572.2410999987915,6.224425935165304,11243,0.18403110038219928,0.9730251066435142,1.1632929089419104,161.7907379315664,79.87018830608358,911.1696088334944,,1.0212749217208739,76826.5577099348,0.15470275915771298,4.992810e-03;1.328911e-02;4.002186e-02;3.263745e-01;3.303922e+00;1.165714e+01;4.153169e+00;8.881722e-01;3.051334e-01;1.288174e-01;3.069988e-01;3.745622e-01;3.683502e-01;4.121201e-01;2.611358e-01;4.168875e-02;1.153086e-01;3.099114e-01;5.492188e-01;8.999240e-01;3.036658e-01;2.336532e-01;1.910321e-01;4.785862e-02;4.344064e-01;6.474713e-01;8.855313e-01;8.461912e-01;5.272640e-01;1.064666e-01;1.373453e-01;1.591722e-01;4.898666e-01;9.010246e-01;9.089288e-01;8.581872e-01;6.079311e-01;1.197490e-01;2.383053e-01;3.234021e-01;3.352759e-01;5.696956e-01;7.786322e-02;9.608380e-02;5.712556e-01;2.351388e-01;7.771320e-02;6.217425e-01;4.258753e-01;5.609998e-02;3.524799e-02;6.540142e-01;1.965454e-02;9.139467e-01;1.922974e-01;9.005156e-01;4.750350e-01;3.344418e-02;8.946721e-01;1.840311e-01,2;3;3;200;35;200;200;200;200;200;200;200;200;200;200;200;200;200;200;200;200;200;200;200;200;200;200;200;200;200;200;200;200;200;200;200;200;200;200;200;200;200;200;200;200;200;200;200;200;200;200;200;200;200;200;200;200;200;200;200,,,,,,,E1
200,1,12,0.06030150753768844,random,coupled,1.0,7.73,delta,0.005,1,,0.0,0.9700000000000024,0.025204970482956654,7,20.0,0.6416530571848671,0.08300815746246663,231.79264768212803,3.074487359740033,0.27272727272726666,0.5422206768878804,0.15049608848106766,0.31128059048425655,True,1.0,8,14,1.75,2.345400000194786,1.479700000345474,6.942000001799897,1.479700000345474,2.9974400209261756,14,7.007960431959503e-07,0.975011781334033,1.00122096891433,0.09662320779026351,0.0033040322219478726,0.282751209776116,,,0.20730782559368185,0.15499018938169815,4.992479e-03;7.141167e-04;2.472051e-04;1.568678e-05;7.581028e-05;2.682352e-05;9.501117e-06;7.007960e-07,2;2;2;1;2;2;2;1,,,,,,,E1
200,1,12,0.06030150753768844,random,decoupled,1.0,7.73,delta,0.005,1,,0.0,0.9700000000000024,0.025204970482956654,7,20.0,0.6416530571848671,0.08300815746246663,231.79264768212803,3.074487359740033,0.27272727272726666,0.5422206768878804,0.15049608848106766,0.31128059048425655,False,0.0,60,10420,173.66666666666666,2.2570000000996515,532.5921999992715,537.976499999786,532.5921999992715,6.198249542529003,10420,0.34536996378595497,0.9750125402080616,1.324406232283276,41.737134691492244,0.09515898937395431,71.29716730486264,,1.0272372065519184,3825.6712732681704,0.15499018938169815,4.992479e-03;8.326938e-03;2.007501e-03;4.973005e-03;6.656691e-03;1.958054e-02;2.681114e-02;2.308266e-02;4.560379e-02;8.335019e-01;4.240346e-01;3.035277e-01;6.907271e-01;4.480313e-02;8.077005e-02;4.440160e-01;5.551608e-02;8.061312e-01;9.117790e-01;9.338827e-02;2.042004e-01;8.725076e-01;2.727775e-02;4.050386e-01;5.762283e-02;5.782905e-01;2.585606e-01;8.739561e-01;2.848540e-01;3.232756e-01;3.540882e-01;2.049648e-01;7.487872e-01;8.136713e-02;1.072868e-01;8.598428e-01;1.177136e-01;1.155429e-01;7.742375e-01;1.745711e-01;2.194139e-01;4.710470e-01;5.624990e-01;3.100621e-01;5.992370e-02;8.310874e-01;2.090631e-01;3.207416e-01;2.258077e-01;9.009380e-01;8.408073e-02;2.714388e-01;2.754385e-01;8.881154e-01;9.542576e-02;3.034908e-01;1.968717e-01;8.799599e-01;2.223683e-01;3.453700e-01,2;3;1;2;3;3;3;200;3;200;200;200;200;200;200;200;200;200;200;200;200;200;200;200;200;200;200;200;200;200;200;200;200;200;200;200;200;200;200;200;200;200;200;200;200;200;200;200;200;200;200;200;200;200;200;200;200;200;200;200,,,,,,,E1
200,2,12,0.06030150753768844,random,coupled,1.0,7.73,delta,0.005,1,,0.0,0.970000000000001,0.02492139170789821,7,21.0,0.6416530571848671,0.08300815746246663,93.79192288591993,2.1482011995998485,0.333333333333332,0.5942489005179545,0.14488223714678414,0.3268446200084562,True,1.0,10,16,1.6,2.5069999992410885,1.698699999906239,7.276100001035957,1.698699999906239,2.9840042387000545,16,5.074493133472302e-07,0.9750014516971293,0.9995890569686389,0.07721891391709564,0.00023913655713458427,0.17716717230538362,,,0.1970725807252351,0.15532902365744258,4.973444e-03;6.979497e-04;2.408835e-04;1.388145e-05;7.114254e-05;4.030698e-06;2.473672e-05;1.440198e-06;8.631285e-06;5.074493e-07,2;2;2;1;2;1;2;1;2;1,,,,,,,E1
200,2,12,0.06030150753768844,random,decoupled,1.0,7.73,delta,0.005,1,,0.0,0.970000000000001,0.02492139170789821,7,21.0,0.6416530571848671,0.08300815746246663,93.79192288591993,2.1482011995998485,0.333333333333332,0.5942489005179545,0.14488223714678414,0.3268446200084562,False,0.0,60,5705,95.08333333333333,2.248900000267895,299.9283999997715,305.3399000000354,299.9283999997715,6.02607035546276,5705,1.4010610696782464,0.9750015564281438,2.380212339820253,147.07982667726927,0.025442353768561916,512.920476717714,,1.0420644848711396,41545.09525085003,0.15532902365744258,4.973444e-03;9.008852e-03;8.277988e-03;9.549043e-03;2.768683e-03;1.751313e-02;8.826265e-03;3.098058e-03;7.646257e-03;1.081553e-02;1.054600e-02;1.224282e-02;1.067714e-02;9.760053e-03;1.165336e-02;1.819876e-02;9.068625e-03;9.052609e-03;1.219507e-02;1.176936e-02;3.850409e-03;8.738102e-03;1.580888e-02;1.239460e-02;1.186795e-02;2.128219e-03;8.741415e-03;9.198736e-03;3.587339e-03;3.267271e-02;7.419200e-02;1.197800e+00;7.936015e-01;1.888760e+00;1.763185e+00;1.550489e+00;1.513670e+00;1.535594e+00;1.621502e+00;1.775375e+00;1.853121e+00;1.945681e+00;1.843761e+00;1.556994e+00;1.239594e+00;1.209215e+00;1.179836e+00;1.152272e+00;1.157201e+00;1.210969e+00;1.238255e+00;1.070066e+00;8.290261e-01;1.195948e+00;1.555243e+00;1.884238e+00;2.087626e+00;2.004155e+00;1.464840e+00;1.401061e+00,2;3;2;3;1;3;3;1;2;3;3;3;3;3;3;3;3;3;3;3;1;3;3;3;3;1;3;3;1;3;5;23;200;200;200;200;200;200;200;200;200;200;200;200;200;200;200;200;200;200;200;200;200;200;200;200;200;200;200;200,,,,,,,E1
200,3,12,0.06030150753768844,random,coupled,1.0,7.73,delta,0.005,1,,0.0,0.9700000000000026,0.025672037737989768,7,18.5,0.6416530571848671,0.08300815746246663,144.70763789021947,2.3908901678160355,0.33333333333333215,0.5972673172577235,0.16118363569126562,0.2879345461979339,True,1.0,8,14,1.75,2.1422999998321757,1.4358999997057253,6.618999999773223,1.4358999997057253,3.0888724847893148,14,5.584863461693956e-07,0.9750059020313698,1.001575340732987,0.08781101460813737,0.0005812573593338853,0.1893890014543571,,,0.20601294591785133,0.1551766262577733,4.984043e-03;7.156052e-04;2.396637e-04;1.349008e-05;7.592506e-05;2.687354e-05;9.732960e-06;5.584863e-07,2;2;2;1;2;2;2;1,,,,,,,E1
200,3,12,0.06030150753768844,random,decoupled,1.0,7.73,delta,0.005,1,,0.0,0.9700000000000026,0.025672037737989768,7,18.5,0.6416530571848671,0.08300815746246663,144.70763789021947,2.3908901678160355,0.33333333333333215,0.5972673172577235,0.16118363569126562,0.2879345461979339,False,0.0,60,7852,130.86666666666667,2.209199999924749,407.35619999941264,412.70129999975325,407.35619999941264,6.106636933483734,7852,0.2064725027647828,0.7806691945750662,0.9993103210730714,107.05687354294784,0.041430687317343305,156.32412005446378,,0.8959942523581873,3144.152080876273,0.1551766262577733,4.984043e-03;9.686721e-03;1.366594e-02;1.096119e-02;3.429491e-03;3.600178e-03;7.562936e-03;7.500439e-03;9.073397e-03;9.200677e-03;1.297416e-02;1.097378e-02;2.981959e-03;2.785173e-03;4.300646e-03;3.902651e-03;8.422562e-03;1.038257e-02;4.028776e-03;2.885700e-02;2.594967e-02;1.580621e-01;1.033543e-01;1.019612e-01;4.757951e-01;2.997969e-01;1.232486e-01;4.532686e-01;8.342959e-01;2.989750e-01;3.139684e-01;2.499250e-01;1.155813e-01;6.892829e-02;8.209346e-02;1.632318e-01;3.389899e-01;2.615815e-01;3.495207e-02;1.270933e-01;5.834198e-01;3.852249e-01;1.163694e-01;6.653806e-01;2.409762e-01;7.165195e-01;2.017942e-01;4.877216e-01;1.688872e-01;1.129049e-01;6.879774e-01;2.805058e-01;5.577979e-01;2.586931e-01;1.336139e-01;7.931963e-01;1.391113e-01;1.099707e-01;7.828078e-01;2.064725e-01,2;3;3;3;1;3;2;3;2;3;3;3;1;3;2;2;3;3;1;3;3;200;200;200;200;200;200;200;200;200;200;200;200;200;200;200;200;200;200;200;200;200;200;200;200;200;200;200;200;200;200;200;200;200;200;200;200;200;200;200,,,,,,,E1
200,4,12,0.06030150753768844,random,coupled,1.0,7.73,delta,0.005,1,,0.0,0.9700000000000011,0.025486423396930444,7,13.666666666666666,0.6416530571848671,0.08300815746246663,70.74048866233015,1.7629259141298144,0.3333333333333293,0.5258571348414166,0.10373180518457435,0.21270840349756825,True,1.0,10,16,1.6,2.281799999764189,1.7668999989837175,7.158099999287515,1.7668999989837175,2.868825628454093,16,6.934405807346167e-07,0.9750526664444179,1.0037929342217842,0.39289994658371297,0.00030965398690810213,0.7180136764717651,,,0.21967107779069306,0.1545387019185555,4.995004e-03;7.483879e-04;2.678893e-04;1.736690e-05;8.284843e-05;5.056902e-06;2.991714e-05;1.890500e-06;1.086826e-05;6.934406e-07,2;2;2;1;2;1;2;1;2;1,,,,,,,E1
200,4,12,0.06030150753768844,random,decoupled,1.0,7.73,delta,0.005,1,,0.0,0.9700000000000011,0.025486423396930444,7,13.666666666666666,0.6416530571848671,0.08300815746246663,70.74048866233015,1.7629259141298144,0.3333333333333293,0.5258571348414166,0.10373180518457435,0.21270840349756825,False,0.0,60,172,2.8666666666666667,1.9893000007868977,14.777600001252722,19.993699999758974,14.777600001252722,3.687403637625914,172,0.010269125787927602,0.9660963970313934,1.0043504435811939,0.3901947283537256,0.01588834831672071,0.8336513317445731,,,3.288950627452516,0.1545387019185555,4.995004e-03;1.073455e-02;2.010588e-03;1.250057e-02;1.063682e-02;3.682178e-03;9.800603e-03;8.380699e-03;9.682742e-03;1.004142e-02;1.032440e-02;9.960768e-03;9.976725e-03;1.037547e-02;1.031402e-02;1.013762e-02;1.008070e-02;1.032843e-02;1.024999e-02;1.019289e-02;1.011934e-02;1.029788e-02;1.021129e-02;1.022464e-02;1.013938e-02;1.028304e-02;1.018966e-02;1.024352e-02;1.015018e-02;1.027595e-02;1.017769e-02;1.025458e-02;1.015603e-02;1.027254e-02;1.017109e-02;1.026096e-02;1.015920e-02;1.027090e-02;1.016744e-02;1.026461e-02;1.016092e-02;1.027011e-02;1.016543e-02;1.026669e-02;1.016185e-02;1.026973e-02;1.016432e-02;1.026787e-02;1.016235e-02;1.026955e-02;1.016370e-02;1.026854e-02;1.016262e-02;1.026946e-02;1.016336e-02;1.026891e-02;1.016276e-02;1.026942e-02;1.016317e-02;1.026913e-02,2;3;1;2;3;1;2;2;3;3;3;3;3;3;3;3;3;3;3;3;3;3;3;3;3;3;3;3;3;3;3;3;3;3;3;3;3;3;3;3;3;3;3;3;3;3;3;3;3;3;3;3;3;3;3;3;3;3;3;3,,,,,,,E1
200,0,16,0.08040201005025126,random,coupled,1.0,7.73,delta,0.005,1,,0.0,0.9700000000000009,0.02537001070291699,7,18.8125,0.6416530571848671,0.08300815746246663,272.4907514823814,3.253750673280184,0.16666666666666655,0.6763244571269224,0.15402659479454808,0.29279830542424845,True,1.0,10,16,1.6,2.016999998886604,1.717199998893193,6.8228000000090105,1.717199998893193,2.9518565125012435,16,7.534528445596322e-07,0.9750356465653003,1.003903352794798,0.3930330534845941,0.00014398625890526108,0.622298726275777,,,0.21974846581905863,0.15469595812409404,4.993064e-03;7.507483e-04;2.715891e-04;1.946157e-05;8.315567e-05;5.481213e-06;3.005386e-05;2.054538e-06;1.092817e-05;7.534528e-07,2;2;2;1;2;1;2;1;2;1,True,6.0,47.742099999595666,7.548665840184654e-07,0.002793560185796695,0.0004067015283137354,E1
200,0,16,0.08040201005025126,random,decoupled,1.0,7.73,delta,0.005,1,,0.0,0.9700000000000009,0.02537001070291699,7,18.8125,0.6416530571848671,0.08300815746246663,272.4907514823814,3.253750673280184,0.16666666666666655,0.6763244571269224,0.15402659479454808,0.29279830542424845,False,0.0,60,11408,190.13333333333333,1.9627000001491979,620.3197000013461,625.4667000011978,620.3197000013461,5.826262915706462,11408,17.173764002604283,0.9774076928320938,18.153068971756294,14088.22494601326,88.70873524091876,68300.79912658944,,0.9947312734392305,6264254.032679477,0.15469595812409404,4.993064e-03;1.583536e-02;7.163026e-02;5.253143e+00;1.646245e+01;1.683548e+01;1.714629e+01;1.678466e+01;1.557965e+01;1.551975e+01;1.586691e+01;1.634230e+01;1.673794e+01;1.665987e+01;1.569104e+01;1.639248e+01;1.711883e+01;1.757735e+01;1.751966e+01;1.613784e+01;1.620154e+01;1.655297e+01;1.691537e+01;1.713798e+01;1.679532e+01;1.631561e+01;1.678935e+01;1.718867e+01;1.739289e+01;1.699800e+01;1.634835e+01;1.635731e+01;1.653708e+01;1.679424e+01;1.711106e+01;1.618373e+01;1.614865e+01;1.655083e+01;1.724874e+01;1.780644e+01;1.636775e+01;1.607033e+01;1.637442e+01;1.691821e+01;1.736676e+01;1.740247e+01;1.594142e+01;1.671074e+01;1.744616e+01;1.786451e+01;1.774220e+01;1.658552e+01;1.671164e+01;1.694430e+01;1.712312e+01;1.720750e+01;1.675379e+01;1.655397e+01;1.685201e+01;1.717376e+01,2;3;3;200;200;200;200;200;200;200;200;200;200;200;200;200;200;200;200;200;200;200;200;200;200;200;200;200;200;200;200;200;200;200;200;200;200;200;200;200;200;200;200;200;200;200;200;200;200;200;200;200;200;200;200;200;200;200;200;200,,,,,,,E1
200,1,16,0.08040201005025126,random,coupled,1.0,7.73,delta,0.005,1,,0.0,0.9700000000000024,0.025204970482956654,7,20.3125,0.6416530571848671,0.08300815746246663,237.1533497767256,2.932804778440914,0.2499999999999943,0.6691501004432039,0.14528393351287744,0.316144349710572,True,1.0,10,16,1.6,4.250200001479243,2.3610000007465715,12.850100001742248,2.3610000007465715,2.14694112596237,16,6.243209349499068e-07,0.9750083547951901,1.002456301300017,0.19543385351291268,0.00020410493716831863,0.3580944057415816,,,0.2128164398583579,0.15509872070184189,4.987242e-03;7.321702e-04;2.583725e-04;1.707051e-05;7.943701e-05;4.863522e-06;2.837757e-05;1.754388e-06;1.019272e-05;6.243209e-07,2;2;2;1;2;1;2;1;2;1,,,,,,,E1
200,1,16,0.08040201005025126,random,decoupled,1.0,7.73,delta,0.005,1,,0.0,0.9700000000000024,0.025204970482956654,7,20.3125,0.6416530571848671,0.08300815746246663,237.1533497767256,2.932804778440914,0.2499999999999943,0.6691501004432039,0.14528393351287744,0.316144349710572,False,0.0,60,11209,186.81666666666666,2.1446999999170657,565.0452999998379,570.4027000010683,565.0452999998379,6.2846304039711836,11209,5.664180498805008,0.5074900006739995,6.641272716194655,589.9491436506997,36.15165787513797,3063.965091844303,,1.0052802552010813,212898.1844697271,0.15509872070184189,4.987242e-03;1.169339e-02;5.954533e-03;4.942276e-02;4.468827e-01;1.405738e+00;5.842864e+00;7.690243e-01;8.548130e-01;9.921960e-01;9.389034e-01;1.031774e+00;6.367936e-01;9.458871e-01;1.175089e+00;1.293670e+00;8.841051e-01;5.930782e-01;4.959500e-01;9.144543e-01;5.050466e-01;4.998487e-01;4.940871e-01;4.877186e-01;5.996361e-01;4.757827e-01;4.755116e-01;6.154938e-01;4.750439e-01;4.748399e-01;4.746514e-01;6.694931e-01;4.743108e-01;4.741541e-01;8.472416e-01;4.738591e-01;4.737179e-01;4.735794e-01;9.130114e-01;4.733063e-01;4.731703e-01;4.730336e-01;8.994383e-01;4.727561e-01;4.918619e+00;5.159029e+00;5.471957e+00;5.584227e+00;5.517407e+00;5.354022e+00;5.191960e+00;5.066343e+00;4.982461e+00;4.931900e+00;4.925059e+00;5.042208e+00;5.302330e+00;5.577070e+00;5.720998e+00;5.664180e+00,2;3;1;3;200;200;200;200;200;200;200;200;200;200;200;200;200;200;200;200;200;200;200;200;200;200;200;200;200;200;200;200;200;200;200;200;200;200;200;200;200;200;200;200;200;200;200;200;200;200;200;200;200;200;200;200;200;200;200;200,,,,,,,E1
200,2,16,0.08040201005025126,random,coupled,1.0,7.73,delta,0.005,1,,0.0,0.970000000000001,0.02492139170789821,7,21.5625,0.6416530571848671,0.08300815746246663,320.1117672878927,4.556941989799646,0.1666666666666682,0.6974015302014391,0.1986060657642179,0.33559938661582933,True,1.0,10,16,1.6,2.198399999542744,1.902699999845936,7.446999999956461,1.902699999845936,2.6640710571348283,16,4.728620077720791e-07,0.9750013063959023,0.9995890579624838,0.07721519492706498,0.0001528809406117992,0.1931827154851537,,,0.1985915087108645,0.15532902365744258,4.981652e-03;6.966176e-04;2.386795e-04;1.264028e-05;7.110420e-05;3.749812e-06;2.472185e-05;1.341149e-06;8.626130e-06;4.728620e-07,2;2;2;1;2;1;2;1;2;1,,,,,,,E1
200,2,16,0.08040201005025126,random,decoupled,1.0,7.73,delta,0.005,1,,0.0,0.970000000000001,0.02492139170789821,7,21.5625,0.6416530571848671,0.08300815746246663,320.1117672878927,4.556941989799646,0.1666666666666682,0.6974015302014391,0.1986060657642179,0.33559938661582933,False,0.0,60,11209,186.81666666666666,2.038399999946705,577.1253000002616,582.3519000005035,577.1253000002616,6.153084732203545,11209,5.384172231615932,0.977629122502617,6.359475679449094,1546.7876206691205,0.077932791832478,9913.214280246622,,1.0002743576679503,823141.8732512527,0.15532902365744258,4.981652e-03;9.869185e-03;5.774658e-03;4.057200e-02;1.832252e-01;1.073230e-01;3.162331e-01;3.800144e-01;3.585159e+00;3.969474e+00;4.202340e+00;4.295906e+00;4.410766e+00;4.589373e+00;4.828391e+00;5.074559e+00;5.248863e+00;5.294621e+00;5.211497e+00;5.048168e+00;4.863957e+00;4.707665e+00;4.615575e+00;4.615387e+00;4.728420e+00;4.940406e+00;5.174707e+00;5.331837e+00;5.351291e+00;5.242846e+00;5.064771e+00;4.877796e+00;4.728276e+00;4.649880e+00;4.670885e+00;4.810385e+00;5.037335e+00;5.258745e+00;5.377450e+00;5.351829e+00;5.212581e+00;5.024403e+00;4.844277e+00;4.713821e+00;4.663967e+00;4.723131e+00;4.899618e+00;5.137065e+00;5.331072e+00;5.397965e+00;5.323456e+00;5.157855e+00;4.966469e+00;4.800426e+00;4.696353e+00;4.683794e+00;4.789004e+00;4.999539e+00;5.233070e+00;5.384172e+00,2;3;1;3;200;200;200;200;200;200;200;200;200;200;200;200;200;200;200;200;200;200;200;200;200;200;200;200;200;200;200;200;200;200;200;200;200;200;200;200;200;200;200;200;200;200;200;200;200;200;200;200;200;200;200;200;200;200;200;200,,,,,,,E1
200,3,16,0.08040201005025126,random,coupled,1.0,7.73,delta,0.005,1,,0.0,0.9700000000000026,0.025672037737989768,7,24.375,0.6416530571848671,0.08300815746246663,436.5468798113148,4.506566520012592,0.16666666666666605,0.6854538527612379,0.18390281280818838,0.379373219652686,True,1.0,10,19,1.9,2.668499999344931,1.9796999986283481,7.927200000267476,1.9796999986283481,3.0405374572766375,19,4.247728628836711e-07,0.9750106900528206,1.0015466133686521,0.07493562905970907,0.0001475231538468709,0.18907190067084267,,,0.209315766314397,0.15503739100821592,4.987882e-03;7.197914e-04;2.293457e-04;1.280397e-05;7.702890e-05;2.735235e-05;9.627634e-06;3.399232e-06;1.201404e-06;4.247729e-07,2;2;2;1;2;2;2;2;2;2,,,,,,,E1
200,3,16,0.08040201005025126,random,decoupled,1.0,7.73,delta,0.005,1,,0.0,0.9700000000000026,0.025672037737989768,7,24.375,0.6416530571848671,0.08300815746246663,436.5468798113148,4.506566520012592,0.16666666666666605,0.6854538527612379,0.18390281280818838,0.379373219652686,False,0.0,60,11406,190.1,2.337600000828388,588.8911999991251,594.4245999999112,588.8911999991251,6.136128452938961,11406,3.1566852648156796,0.9788481430567211,4.133828274693483,668.4084081435103,0.06363659170254934,3734.2640702158615,,0.9941937994578987,304742.4398175498,0.15503739100821592,4.987882e-03;1.032244e-02;1.708137e-02;3.113566e-01;2.180157e+00;2.357744e+00;2.334789e+00;2.302383e+00;2.272042e+00;2.250612e+00;2.236599e+00;2.209477e+00;2.348109e+00;2.591529e+00;2.852059e+00;3.045082e+00;3.080412e+00;2.787709e+00;2.624661e+00;2.496387e+00;2.402342e+00;2.354597e+00;2.322246e+00;2.193964e+00;2.398205e+00;2.726651e+00;3.012037e+00;3.135794e+00;2.908086e+00;2.703051e+00;2.562808e+00;2.456330e+00;2.399386e+00;2.364644e+00;2.221848e+00;2.402489e+00;2.742136e+00;3.039781e+00;3.162888e+00;2.923958e+00;2.719477e+00;2.580496e+00;2.477994e+00;2.426023e+00;2.384588e+00;2.238002e+00;2.457192e+00;2.809029e+00;3.096168e+00;3.177787e+00;2.894408e+00;2.711475e+00;2.580503e+00;2.489021e+00;2.444604e+00;2.383095e+00;2.271565e+00;2.548649e+00;2.903153e+00;3.156685e+00,2;3;1;200;200;200;200;200;200;200;200;200;200;200;200;200;200;200;200;200;200;200;200;200;200;200;200;200;200;200;200;200;200;200;200;200;200;200;200;200;200;200;200;200;200;200;200;200;200;200;200;200;200;200;200;200;200;200;200;200,,,,,,,E1
200,4,16,0.08040201005025126,random,coupled,1.0,7.73,delta,0.005,1,,0.0,0.9700000000000011,0.025486423396930444,7,19.5625,0.6416530571848671,0.08300815746246663,148.82264377518015,2.8104789623377124,0.1999999999999972,0.6464384725437016,0.12215996284312061,0.30447132756740214,True,1.0,10,16,1.6,2.5865999996312894,1.9333000000187894,8.110900000247057,1.9333000000187894,2.6219045155696143,16,7.971819577790029e-07,0.97499928937314,1.0037929340417162,0.3929008002583139,0.00016952783888559352,0.718182564941763,,,0.2193687338771815,0.15537723931624048,4.993242e-03;7.527776e-04;2.732639e-04;2.092113e-05;8.285805e-05;5.814789e-06;2.992332e-05;2.177460e-06;1.087065e-05;7.971820e-07,2;2;2;1;2;1;2;1;2;1,,,,,,,E1
200,4,16,0.08040201005025126,random,decoupled,1.0,7.73,delta,0.005,1,,0.0,0.9700000000000011,0.025486423396930444,7,19.5625,0.6416530571848671,0.08300815746246663,148.82264377518015,2.8104789623377124,0.1999999999999972,0.6464384725437016,0.12215996284312061,0.30447132756740214,False,0.0,60,11408,190.13333333333333,2.0951000005879905,595.384299998841,600.6505000004836,595.384299998841,6.070273710621922,11408,13.378922805154222,0.9796093644498044,14.356487757683075,6634.6244879282,0.09996410173305545,28626.337000860243,,0.9958839165837177,2255967.445722211,0.15537723931624048,4.993242e-03;1.448704e-02;5.068555e-02;3.988563e-02;5.500510e-01;1.740824e+00;6.855737e+00;7.262313e+00;7.171355e+00;7.365962e+00;7.824285e+00;7.988046e+00;8.348867e+00;8.116346e+00;6.328934e+00;6.495774e+00;6.694361e+00;7.007684e+00;7.626840e+00;7.583982e+00;1.017172e+01;9.936135e+00;8.642990e+00;9.310658e+00;1.020737e+01;1.100685e+01;1.135725e+01;9.533645e+00;9.427155e+00;9.724229e+00;1.018052e+01;1.056150e+01;1.073569e+01;9.635760e+00;1.004558e+01;1.063877e+01;1.172469e+01;1.242341e+01;1.044518e+01;1.038779e+01;1.049616e+01;1.087798e+01;1.181707e+01;1.218579e+01;1.044538e+01;1.007195e+01;1.201610e+01;1.332740e+01;1.329718e+01;1.076158e+01;1.137467e+01;1.203972e+01;1.253557e+01;1.269424e+01;1.267275e+01;1.165315e+01;1.279353e+01;1.324891e+01;1.346762e+01;1.337892e+01,2;3;3;200;200;200;200;200;200;200;200;200;200;200;200;200;200;200;200;200;200;200;200;200;200;200;200;200;200;200;200;200;200;200;200;200;200;200;200;200;200;200;200;200;200;200;200;200;200;200;200;200;200;200;200;200;200;200;200;200,,,,,,,E1
200,0,20,0.10050251256281408,random,coupled,1.0,7.73,delta,0.005,1,,0.0,0.9700000000000009,0.02537001070291699,7,18.9,0.6416530571848671,0.08300815746246663,199.84110574700247,2.9713039495674622,0.19999999999999604,0.7054726312326565,0.1207957768238909,0.2941601580076149,True,1.0,10,16,1.6,2.3493999997299397,1.721600001474144,7.129900001018541,1.721600001474144,2.944312265136884,16,7.52126837144651e-07,0.9750059217716011,1.0039033528697738,0.3929805291996141,0.00016059639539834736,0.7267150225408845,,,0.2202395208326802,0.1551722586735448,4.995710e-03;7.482589e-04;2.715461e-04;1.939305e-05;8.314474e-05;5.471345e-06;3.004902e-05;2.050962e-06;1.092631e-05;7.521268e-07,2;2;2;1;2;1;2;1;2;1,True,6.0,47.086700000363635,7.551766353364187e-07,0.0027929627210281356,0.00040677372589137395,E1
200,0,20,0.10050251256281408,random,decoupled,1.0,7.73,delta,0.005,1,,0.0,0.9700000000000009,0.02537001070291699,7,18.9,0.6416530571848671,0.08300815746246663,199.84110574700247,2.9713039495674622,0.19999999999999604,0.7054726312326565,0.1207957768238909,0.2941601580076149,False,0.0,60,11406,190.1,2.5228000013157725,586.528099998759,592.247700000371,586.528099998759,6.160850687303209,11406,6.139223591394024,0.21246475334464696,7.118236172200864,2902.4771178120295,769.9796210320656,19456.355692347246,,0.9970668593414383,910126.7669262422,0.1551722586735448,4.995710e-03;1.376058e-02;2.610479e-02;6.638669e-01;2.062003e+00;9.195978e-01;6.786350e-01;2.180477e+00;4.845271e+00;6.291339e+00;6.378898e+00;6.166909e+00;6.040848e+00;6.011100e+00;6.031965e+00;6.041468e+00;5.972469e+00;5.929827e+00;6.162457e+00;6.528737e+00;6.796109e+00;6.775732e+00;6.494285e+00;6.286404e+00;6.200195e+00;6.176975e+00;6.157794e+00;6.057053e+00;5.997943e+00;6.249128e+00;6.620181e+00;6.862302e+00;6.788430e+00;6.499366e+00;6.320483e+00;6.244473e+00;6.220083e+00;6.182221e+00;6.056667e+00;6.069114e+00;6.382666e+00;6.740946e+00;6.906828e+00;6.734962e+00;6.461988e+00;6.321665e+00;6.262458e+00;6.239775e+00;6.173198e+00;6.045929e+00;6.174984e+00;6.535122e+00;6.851428e+00;6.904368e+00;6.647972e+00;6.421726e+00;6.315426e+00;6.272526e+00;6.244205e+00;6.139224e+00,2;3;1;200;200;200;200;200;200;200;200;200;200;200;200;200;200;200;200;200;200;200;200;200;200;200;200;200;200;200;200;200;200;200;200;200;200;200;200;200;200;200;200;200;200;200;200;200;200;200;200;200;200;200;200;200;200;200;200;200,,,,,,,E1
200,1,20,0.10050251256281408,random,coupled,1.0,7.73,delta,0.005,1,,0.0,0.9700000000000024,0.025204970482956654,7,18.95,0.6416530571848671,0.08300815746246663,254.8901100933759,5.483554239312478,0.117647058823527,0.7361398274500436,0.18167676044498327,0.29493835948383407,True,1.0,9,15,1.6666666666666667,2.833700000337558,1.6247999992629047,8.214700001190067,1.6247999992629047,2.9247415079737893,15,6.48660635094167e-07,0.9750083821130233,1.003518184436518,0.1307048791700313,0.00016018602624495547,0.3996744972741887,,,0.21460180343888874,0.15509872070184189,4.985928e-03;7.380528e-04;2.616913e-04;1.676829e-05;8.084388e-05;2.962591e-05;2.242164e-06;1.047393e-05;6.486606e-07,2;2;2;1;2;2;1;2;1,,,,,,,E1
200,1,20,0.10050251256281408,random,decoupled,1.0,7.73,delta,0.005,1,,0.0,0.9700000000000024,0.025204970482956654,7,18.95,0.6416530571848671,0.08300815746246663,254.8901100933759,5.483554239312478,0.117647058823527,0.7361398274500436,0.18167676044498327,0.29493835948383407,False,0.0,60,11154,185.9,2.9078000006848015,609.676699999909,616.6264999992563,609.676699999909,5.795984055156654,11154,12.936862587191362,0.9750090131933236,13.917341593861353,7327.747490202855,121.77721656669492,52497.57080116406,,0.9969164013344218,2827068.4277821933,0.15509872070184189,4.985928e-03;1.494655e-02;6.256267e-02;1.269184e+00;9.678057e-01;4.967886e-01;5.157647e-01;5.064416e-01;4.948916e-01;4.800134e-01;4.603012e-01;4.326111e-01;3.905303e-01;3.683882e-01;3.601109e-01;6.618370e-01;5.589581e-01;6.821110e-01;4.537746e-01;3.269431e-01;3.567081e-01;1.193478e+00;9.507029e+00;9.425177e+00;9.776851e+00;1.163355e+01;9.056026e+00;5.736385e+00;6.033935e+00;6.727937e+00;6.140792e+00;6.723179e+00;8.336550e+00;1.050331e+01;1.221037e+01;1.213324e+01;1.084546e+01;9.541836e+00;8.769588e+00;8.681969e+00;9.248217e+00;1.122620e+01;1.236907e+01;1.238967e+01;1.245829e+01;1.253922e+01;1.233619e+01;1.248937e+01;1.289097e+01;1.325762e+01;1.316037e+01;1.271117e+01;1.261140e+01;1.260029e+01;1.257787e+01;1.253122e+01;1.242670e+01;1.245842e+01;1.267661e+01;1.293686e+01,2;3;3;200;200;200;200;200;200;200;200;200;200;200;200;63;200;200;200;200;200;200;83;200;200;200;200;200;200;200;200;200;200;200;200;200;200;200;200;200;200;200;200;200;200;200;200;200;200;200;200;200;200;200;200;200;200;200;200;200,,,,,,,E1
200,2,20,0.10050251256281408,random,coupled,1.0,7.73,delta,0.005,1,,0.0,0.970000000000001,0.02492139170789821,7,20.85,0.6416530571848671,0.08300815746246663,269.91158966484363,3.864334260585927,0.20000000000000204,0.729492060162777,0.15191808716164343,0.3245100155798267,True,1.0,8,14,1.75,3.957000000809785,1.808799999707844,9.959499999240506,1.808799999707844,2.45207430380163,14,6.895665817241436e-07,0.9750018276230101,1.0023900751428985,0.11983217502990529,0.00016574105091587767,0.2905107267337433,,,0.20864473207324175,0.15530520982607376,4.980754e-03;7.248559e-04;2.466648e-04;1.475630e-05;7.783563e-05;2.773016e-05;1.010269e-05;6.895666e-07,2;2;2;1;2;2;2;1,,,,,,,E1
200,2,20,0.10050251256281408,random,decoupled,1.0,7.73,delta,0.005,1,,0.0,0.970000000000001,0.02492139170789821,7,20.85,0.6416530571848671,0.08300815746246663,269.91158966484363,3.864334260585927,0.20000000000000204,0.729492060162777,0.15191808716164343,0.3245100155798267,False,0.0,60,11263,187.71666666666667,3.080100001170649,616.7390000009618,624.2789999996603,616.7390000009618,5.785605424651977,11263,12.361767884767463,0.795735412156753,13.3406562570404,10208.038643068983,1.966725193763274,55698.96952945984,,0.9981765669677392,3250816.14632408,0.15530520982607376,4.980754e-03;1.180841e-02;1.737716e-02;6.298172e-01;3.978845e+00;4.636477e+00;4.366030e+00;3.714115e+00;3.737254e+00;3.819732e+00;3.925147e+00;3.801394e+00;1.126898e+01;1.138613e+01;1.151926e+01;1.181910e+01;1.212787e+01;1.228084e+01;1.211988e+01;1.184722e+01;1.170737e+01;1.166010e+01;1.166013e+01;1.163764e+01;1.154131e+01;1.165128e+01;1.196190e+01;1.224866e+01;1.231951e+01;1.208027e+01;1.186045e+01;1.175726e+01;1.172245e+01;1.171480e+01;1.164765e+01;1.158066e+01;1.179444e+01;1.211962e+01;1.234279e+01;1.227792e+01;1.200636e+01;1.184354e+01;1.177077e+01;1.174999e+01;1.172703e+01;1.161846e+01;1.166359e+01;1.195420e+01;1.225905e+01;1.237815e+01;1.217740e+01;1.194317e+01;1.182609e+01;1.177841e+01;1.176524e+01;1.170685e+01;1.161258e+01;1.179202e+01;1.211574e+01;1.236177e+01,2;3;1;200;57;200;200;200;200;200;200;200;200;200;200;200;200;200;200;200;200;200;200;200;200;200;200;200;200;200;200;200;200;200;200;200;200;200;200;200;200;200;200;200;200;200;200;200;200;200;200;200;200;200;200;200;200;200;200;200,,,,,,,E1
200,3,20,0.10050251256281408,random,coupled,1.0,7.73,delta,0.005,1,,0.0,0.9700000000000026,0.025672037737989768,7,24.45,0.6416530571848671,0.08300815746246663,510.16600792358514,5.3196552498013965,0.14285714285714,0.759763521538693,0.21039156585760127,0.3805405218670056,True,1.0,10,16,1.6,2.4240000002464512,2.219600000898936,8.085100000243983,2.219600000898936,2.2837123796842174,16,5.55225770693113e-07,0.9750215065564368,0.99960639317489,0.07726356429090649,0.00012084889217627693,0.1531440010243297,,,0.195096563886712,0.15506214243480332,4.959868e-03;7.030156e-04;2.445065e-04;1.569176e-05;7.146860e-05;4.394305e-06;2.488631e-05;1.575655e-06;8.693716e-06;5.552258e-07,2;2;2;1;2;1;2;1;2;1,,,,,,,E1
200,3,20,0.10050251256281408,random,decoupled,1.0,7.73,delta,0.005,1,,0.0,0.9700000000000026,0.025672037737989768,7,24.45,0.6416530571848671,0.08300815746246663,510.16600792358514,5.3196552498013965,0.14285714285714,0.759763521538693,0.21039156585760127,0.3805405218670056,False,0.0,60,11211,186.85,2.33479999951669,581.0388999998395,586.697799999456,581.0388999998395,6.11273098582725,11211,2.3977532424210803,0.2610512176605914,3.3747396154528566,683.6849878016591,279.35033875919885,5795.956361228669,,0.9906142513576018,238170.9047304919,0.15506214243480332,4.959868e-03;1.256390e-02;1.837257e-02;2.598729e-01;1.981586e+00;2.619880e+00;2.624492e+00;2.489708e+00;2.261751e+00;2.136486e+00;2.081318e+00;2.070642e+00;2.098926e+00;2.149895e+00;2.163449e+00;2.020273e+00;2.053485e+00;2.343311e+00;2.645163e+00;2.861403e+00;2.870929e+00;2.513680e+00;2.344140e+00;2.273707e+00;2.252772e+00;2.274799e+00;2.284187e+00;2.097550e+00;2.178763e+00;2.494468e+00;2.792208e+00;2.958319e+00;2.800954e+00;2.483393e+00;2.378941e+00;2.328728e+00;2.325955e+00;2.344382e+00;2.226647e+00;2.160142e+00;2.463751e+00;2.780998e+00;2.983346e+00;2.899755e+00;2.548435e+00;2.432990e+00;2.373589e+00;2.361586e+00;2.376869e+00;2.269968e+00;2.186910e+00;2.489707e+00;2.808566e+00;3.009973e+00;2.917154e+00;2.577388e+00;2.463565e+00;2.401954e+00;2.387292e+00;2.397753e+00,2;3;1;5;200;200;200;200;200;200;200;200;200;200;200;200;200;200;200;200;200;200;200;200;200;200;200;200;200;200;200;200;200;200;200;200;200;200;200;200;200;200;200;200;200;200;200;200;200;200;200;200;200;200;200;200;200;200;200;200,,,,,,,E1
200,4,20,0.10050251256281408,random,coupled,1.0,7.73,delta,0.005,1,,0.0,0.9700000000000011,0.025486423396930444,7,15.35,0.6416530571848671,0.08300815746246663,188.5348513572961,3.2099844702702764,0.20000000000000326,0.7047512412666443,0.12508823459301152,0.23890785319665717,True,1.0,10,16,1.6,3.352100000483915,2.500099999451777,10.42539999980363,2.500099999451777,2.027490100840573,16,7.997036124418599e-07,0.9750249597321462,1.003792934261162,0.3928997370768135,0.00017039064623398584,0.8173296798765823,,,0.21941037922007828,0.15515727596666,4.993684e-03;7.499118e-04;2.731732e-04;2.068532e-05;8.285033e-05;5.856066e-06;2.991779e-05;2.182979e-06;1.086833e-05;7.997036e-07,2;2;2;1;2;1;2;1;2;1,,,,,,,E1
200,4,20,0.10050251256281408,random,decoupled,1.0,7.73,delta,0.005,1,,0.0,0.9700000000000011,0.025486423396930444,7,15.35,0.6416530571848671,0.08300815746246663,188.5348513572961,3.2099844702702764,0.20000000000000326,0.7047512412666443,0.12508823459301152,0.23890785319665717,False,0.0,60,11406,190.1,2.421699999104021,601.4371999990544,608.385300000009,601.4371999990544,6.008128609280704,11406,73.03654306210593,0.8851899199433924,74.01292886245227,313771.5776070133,22883.636892592564,1610145.227200892,,1.000482843727261,76656389.13978562,0.15515727596666,4.993684e-03;1.500928e-02;2.512446e-02;9.150648e-01;1.333595e+00;1.294994e+00;1.530882e+00;1.994388e+00;3.084051e+00;9.361957e+01;8.412138e+01;8.096895e+01;7.946701e+01;7.848333e+01;7.767367e+01;7.694642e+01;7.633520e+01;7.588649e+01;7.558993e+01;7.539120e+01;7.524844e+01;7.515985e+01;7.512674e+01;7.510308e+01;7.501161e+01;7.481677e+01;7.456597e+01;7.434602e+01;7.420556e+01;7.413022e+01;7.408477e+01;7.406352e+01;7.408620e+01;7.414358e+01;7.417227e+01;7.410613e+01;7.394624e+01;7.376424e+01;7.363361e+01;7.357059e+01;7.354512e+01;7.353511e+01;7.355492e+01;7.362022e+01;7.369611e+01;7.370903e+01;7.361844e+01;7.346256e+01;7.332186e+01;7.324441e+01;7.321864e+01;7.321241e+01;7.322280e+01;7.327360e+01;7.336113e+01;7.342617e+01;7.340171e+01;7.328356e+01;7.313797e+01;7.303654e+01,2;3;1;200;200;200;200;200;200;200;200;200;200;200;200;200;200;200;200;200;200;200;200;200;200;200;200;200;200;200;200;200;200;200;200;200;200;200;200;200;200;200;200;200;200;200;200;200;200;200;200;200;200;200;200;200;200;200;200;200,,,,,,,E1
200,0,24,0.12060301507537688,random,coupled,1.0,7.73,delta,0.005,1,,0.0,0.9700000000000009,0.02537001070291699,7,21.708333333333332,0.6416530571848671,0.08300815746246663,389.4628693574064,4.532437363596069,0.1428571428571427,0.7690695525426542,0.15017118599759147,0.3378691409214492,True,1.0,10,16,1.6,2.331699999558623,1.854500000263215,7.291199999599485,1.854500000263215,2.733312482761149,16,7.533338273191248e-07,0.9750146954471403,1.0039033527712733,0.39300470845209623,0.00012503023491765544,0.972729911250472,,,0.21956928516411625,0.15490948411015926,4.995720e-03;7.522234e-04;2.716499e-04;1.955206e-05;8.316761e-05;5.474805e-06;3.005834e-05;2.054484e-06;1.092983e-05;7.533338e-07,2;2;2;1;2;1;2;1;2;1,True,6.0,54.19409999922209,7.784704236790674e-07,0.0027940218493143916,0.0004067939591880787,E1
200,0,24,0.12060301507537688,random,decoupled,1.0,7.73,delta,0.005,1,,0.0,0.9700000000000009,0.02537001070291699,7,21.708333333333332,0.6416530571848671,0.08300815746246663,389.4628693574064,4.532437363596069,0.1428571428571427,0.7690695525426542,0.15017118599759147,0.3378691409214492,False,0.0,60,11343,189.05,2.486700001099962,625.9649000003265,631.9923000010021,625.9649000003265,5.740822119575915,11343,23.95046810351202,0.4733577299300949,24.92971180199184,24004.874258978565,52.04049934218864,155534.88500074367,,0.9990435307018716,14383898.143168017,0.15490948411015926,4.995720e-03;1.483893e-02;6.199046e-02;1.028244e+00;2.157756e+00;1.382261e+01;1.859493e+01;2.006835e+01;2.490895e+01;2.483073e+01;2.161796e+01;1.701906e+01;1.412243e+01;1.339948e+01;1.534529e+01;2.209915e+01;2.187821e+01;2.230581e+01;2.245858e+01;2.324500e+01;2.266771e+01;2.399686e+01;2.415300e+01;2.485096e+01;2.488028e+01;2.400992e+01;2.409299e+01;2.417003e+01;2.413129e+01;2.401333e+01;2.392229e+01;2.403839e+01;2.420669e+01;2.424205e+01;2.451248e+01;2.434146e+01;2.398575e+01;2.380349e+01;2.385421e+01;2.409286e+01;2.434911e+01;2.342608e+01;2.381478e+01;2.437589e+01;2.486060e+01;2.504797e+01;2.402115e+01;2.408781e+01;2.421975e+01;2.428522e+01;2.425427e+01;2.406706e+01;2.396411e+01;2.430190e+01;2.449029e+01;2.466277e+01;2.447578e+01;2.414336e+01;2.397293e+01;2.395047e+01,2;3;3;135;200;200;200;200;200;200;200;200;200;200;200;200;200;200;200;200;200;200;200;200;200;200;200;200;200;200;200;200;200;200;200;200;200;200;200;200;200;200;200;200;200;200;200;200;200;200;200;200;200;200;200;200;200;200;200;200,,,,,,,E1
200,1,24,0.12060301507537688,random,coupled,1.0,7.73,delta,0.005,1,,0.0,0.9700000000000024,0.025204970482956654,7,19.291666666666668,0.6416530571848671,0.08300815746246663,355.5766717560717,4.804992769791778,0.12499999999999818,0.7672372398283716,0.14999276202890197,0.300256069571272,True,1.0,8,14,1.75,2.7210000007471535,1.5712999993411358,8.385099999941303,1.5712999993411358,2.822702222274408,14,8.005594329674182e-07,0.9750142083237213,1.0035182816547685,0.13070741732943256,0.000144702434173013,0.48195162779149586,,,0.21563781712410182,0.15504269196017895,4.991548e-03;7.377162e-04;2.552410e-04;1.772609e-05;8.080573e-05;2.929763e-05;1.080752e-05;8.005594e-07,2;2;2;1;2;2;2;1,,,,,,,E1
200,1,24,0.12060301507537688,random,decoupled,1.0,7.73,delta,0.005,1,,0.0,0.9700000000000024,0.025204970482956654,7,19.291666666666668,0.6416530571848671,0.08300815746246663,355.5766717560717,4.804992769791778,0.12499999999999818,0.7672372398283716,0.14999276202890197,0.300256069571272,False,0.0,60,11408,190.13333333333333,2.9770999990432756,617.0564000003651,623.9196000005904,617.0564000003651,5.857075080977787,11408,0.44433396653565216,0.5513809222471852,1.0040326762412668,196.02667520980486,0.39776861914678247,357.7339908968379,,0.9710415779635783,3669.0258864601624,0.15504269196017895,4.991548e-03;1.584524e-02;7.560632e-02;5.165694e-01;8.492254e-01;5.060165e-01;6.144673e-01;6.595281e-01;5.382062e-01;3.490939e-01;1.308424e-01;7.658851e-01;3.422219e-01;6.390101e-01;1.955426e-01;4.785122e-01;9.707542e-01;3.061848e-01;2.298681e-01;8.801413e-01;8.478734e-01;5.128252e-01;9.090072e-01;4.859689e-01;6.424362e-01;8.434996e-01;2.746482e-01;2.145315e-01;5.423496e-01;5.901256e-01;4.057916e-01;6.906775e-01;8.849177e-01;3.399488e-01;2.689818e-01;4.129188e-01;6.649912e-01;3.261268e-01;4.319801e-01;6.026032e-01;4.551582e-01;3.803133e-01;3.218571e-01;6.863385e-01;3.643735e-01;3.897277e-01;2.115115e-01;6.981947e-01;3.483322e-01;7.323840e-01;3.437555e-01;6.596968e-01;3.891611e-01;3.688277e-01;3.951109e-01;5.755639e-01;7.184522e-01;3.295191e-01;2.359179e-01;4.443340e-01,2;3;3;200;200;200;200;200;200;200;200;200;200;200;200;200;200;200;200;200;200;200;200;200;200;200;200;200;200;200;200;200;200;200;200;200;200;200;200;200;200;200;200;200;200;200;200;200;200;200;200;200;200;200;200;200;200;200;200;200,,,,,,,E1
200,2,24,0.12060301507537688,random,coupled,1.0,7.73,delta,0.005,1,,0.0,0.970000000000001,0.02492139170789821,7,22.166666666666668,0.6416530571848671,0.08300815746246663,381.98166083826584,5.792927004091198,0.1249999999999996,0.7729365136527347,0.16099501936730906,0.34500265445337447,True,1.0,8,14,1.75,3.5320999995747115,1.9787000001088018,10.535299999901326,1.9787000001088018,2.2415282760176467,14,6.306564579450225e-07,0.9750110369839811,0.9999949795876656,0.07706723242192932,0.00013273060631862883,0.2675732772244386,,,0.198326208590177,0.15501545309034526,4.975863e-03;6.996596e-04;2.397376e-04;1.463988e-05;7.226779e-05;2.528966e-05;9.157036e-06;6.306565e-07,2;2;2;1;2;2;2;1,,,,,,,E1
200,2,24,0.12060301507537688,random,decoupled,1.0,7.73,delta,0.005,1,,0.0,0.970000000000001,0.02492139170789821,7,22.166666666666668,0.6416530571848671,0.08300815746246663,381.98166083826584,5.792927004091198,0.1249999999999996,0.7729365136527347,0.16099501936730906,0.34500265445337447,False,0.0,60,11406,190.1,3.970100000515231,641.8866000003618,651.2937999996211,641.8866000003618,5.629517812021567,11406,9.800798196091732,0.6008721006366345,10.77807967183591,5659.746792111332,1313.6472067347959,36242.60417929711,,0.9992729241415588,1603060.0191807,0.15501545309034526,4.975863e-03;1.101673e-02;1.463090e-02;8.598043e-01;9.028667e-01;1.012753e+00;5.217806e+00;5.085007e+00;9.424371e+00;9.486381e+00;9.517475e+00;9.558433e+00;9.689270e+00;9.914408e+00;1.010689e+01;1.012681e+01;9.953882e+00;9.722557e+00;9.565709e+00;9.500233e+00;9.473104e+00;9.435902e+00;9.424061e+00;9.545153e+00;9.790575e+00;9.997681e+00;1.001647e+01;9.849501e+00;9.648177e+00;9.527713e+00;9.482988e+00;9.453854e+00;9.408554e+00;9.418523e+00;9.583095e+00;9.837202e+00;9.999708e+00;9.955305e+00;9.764706e+00;9.589466e+00;9.502918e+00;9.471371e+00;9.434194e+00;9.391996e+00;9.449762e+00;9.663181e+00;9.904682e+00;9.997024e+00;9.883920e+00;9.684897e+00;9.544342e+00;9.487168e+00;9.459032e+00;9.412257e+00;9.392439e+00;9.514291e+00;9.760721e+00;9.960395e+00;9.967716e+00;9.800798e+00,2;3;1;200;200;200;200;200;200;200;200;200;200;200;200;200;200;200;200;200;200;200;200;200;200;200;200;200;200;200;200;200;200;200;200;200;200;200;200;200;200;200;200;200;200;200;200;200;200;200;200;200;200;200;200;200;200;200;200;200,,,,,,,E1
200,3,24,0.12060301507537688,random,coupled,1.0,7.73,delta,0.005,1,,0.0,0.9700000000000026,0.025672037737989768,7,24.75,0.6416530571848671,0.08300815746246663,603.870207454367,5.551143199739362,0.1428571428571308,0.798301157730716,0.17791463543899522,0.385209730724275,True,1.0,10,16,1.6,3.0392000007850584,1.8944000003102701,8.603499998571351,1.8944000003102701,2.6757432428050025,16,5.574923642726048e-07,0.975007654668944,0.999606393255739,0.07722318853795333,0.00011688826816657895,0.1828635166792747,,,0.19358938249028113,0.15513305893397603,4.951050e-03;7.070332e-04;2.445773e-04;1.563028e-05;7.155741e-05;4.416441e-06;2.491761e-05;1.582014e-06;8.704522e-06;5.574924e-07,2;2;2;1;2;1;2;1;2;1,,,,,,,E1
200,3,24,0.12060301507537688,random,decoupled,1.0,7.73,delta,0.005,1,,0.0,0.9700000000000026,0.025672037737989768,7,24.75,0.6416530571848671,0.08300815746246663,603.870207454367,5.551143199739362,0.1428571428571308,0.798301157730716,0.17791463543899522,0.385209730724275,False,0.0,60,11012,183.53333333333333,3.010000000358559,583.8191999991977,590.3131000013673,583.8191999991977,5.9756337167479145,11012,7.145537495794882,0.3107630361090692,8.122076190837198,2755.5894841962026,1052.7541312668086,24615.879723670947,,0.9973709283887435,1378594.5976735968,0.15513305893397603,4.951050e-03;9.320952e-03;1.074405e-02;1.010180e-02;1.190278e-02;9.088998e-01;3.500122e+00;3.841277e+00;3.749884e+00;3.679264e+00;3.635406e+00;3.651775e+00;3.740098e+00;3.333371e+00;3.727352e+00;4.058128e+00;4.485128e+00;4.764379e+00;7.278642e+00;7.093029e+00;7.554228e+00;7.666736e+00;7.598560e+00;7.431886e+00;7.238426e+00;7.078944e+00;7.002699e+00;7.045753e+00;7.218975e+00;7.478055e+00;7.725553e+00;7.864019e+00;7.848853e+00;7.703735e+00;7.490214e+00;7.274278e+00;7.115302e+00;7.060678e+00;7.140932e+00;7.349178e+00;7.614733e+00;7.829539e+00;7.909333e+00;7.835876e+00;7.652732e+00;7.426405e+00;7.222395e+00;7.097442e+00;7.093818e+00;7.230607e+00;7.474791e+00;7.732356e+00;7.897285e+00;7.909886e+00;7.781497e+00;7.570228e+00;7.343964e+00;7.166146e+00;7.088504e+00;7.145537e+00,2;3;3;3;1;200;200;200;200;200;200;200;200;200;200;200;200;200;200;200;200;200;200;200;200;200;200;200;200;200;200;200;200;200;200;200;200;200;200;200;200;200;200;200;200;200;200;200;200;200;200;200;200;200;200;200;200;200;200;200,,,,,,,E1
200,4,24,0.12060301507537688,random,coupled,1.0,7.73,delta,0.005,1,,0.0,0.9700000000000011,0.025486423396930444,7,18.208333333333332,0.6416530571848671,0.08300815746246663,346.04271873647946,3.6611803890666472,0.16666666666667307,0.7534359659920776,0.12539783822939715,0.28339503758669454,True,1.0,10,16,1.6,2.106199999616365,1.770500000930042,7.06480000008014,1.770500000930042,2.8629923735313736,16,7.396420010907789e-07,0.9749992888150245,1.0037929343183352,0.39290879235443854,0.0001455515981184402,0.7685773069837412,,,0.21914225771547252,0.15537723931624048,4.992383e-03;7.474405e-04;2.664768e-04;2.017186e-05;8.285158e-05;5.532846e-06;2.991689e-05;2.045055e-06;1.086805e-05;7.396420e-07,2;2;2;1;2;1;2;1;2;1,,,,,,,E1
200,4,24,0.12060301507537688,random,decoupled,1.0,7.73,delta,0.005,1,,0.0,0.9700000000000011,0.025486423396930444,7,18.208333333333332,0.6416530571848671,0.08300815746246663,346.04271873647946,3.6611803890666472,0.16666666666667307,0.7534359659920776,0.12539783822939715,0.28339503758669454,False,0.0,60,11408,190.13333333333333,2.8941000000486383,608.7834999998449,615.1953999997204,608.7834999998449,5.936668230990033,11408,0.7814312953563832,0.08466555682755281,1.1622308782494755,697.9627510691627,14.476598356970197,1669.4748419451344,,1.0609361244353814,33652.2378850652,0.15537723931624048,4.992383e-03;1.534415e-02;6.277054e-02;3.790729e-01;1.388226e+00;2.283713e+00;5.635602e+00;1.250862e+00;9.534348e-01;1.363233e+00;1.205048e+00;2.639764e+00;1.025905e+00;1.192952e+00;1.003483e+00;1.269510e+00;7.936971e-01;6.332409e-01;1.854268e+00;1.482259e+00;1.326062e+00;7.036256e-01;7.382082e-01;6.883591e-01;6.721969e-01;5.875984e-01;7.224291e-01;5.274260e-01;6.872699e-01;8.658974e-01;8.172513e-01;8.320365e-01;8.354553e-01;8.910180e-01;7.376528e-01;6.792990e-01;8.313177e-01;8.486834e-01;7.222686e-01;8.503792e-01;8.405699e-01;7.785795e-01;7.677185e-01;8.817075e-01;7.869064e-01;1.133106e+00;8.933936e-01;9.578058e-01;8.180929e-01;7.128449e-01;8.903449e-01;8.831403e-01;8.164820e-01;8.989041e-01;8.910310e-01;8.667590e-01;5.054478e-01;8.703197e-01;9.006511e-01;7.814313e-01,2;3;3;200;200;200;200;200;200;200;200;200;200;200;200;200;200;200;200;200;200;200;200;200;200;200;200;200;200;200;200;200;200;200;200;200;200;200;200;200;200;200;200;200;200;200;200;200;200;200;200;200;200;200;200;200;200;200;200;200,,,,,,,E1
200,0,40,0.20100502512562815,random,coupled,1.0,7.73,delta,0.005,1,,0.0,0.9700000000000009,0.02537001070291699,7,23.6,0.6416530571848671,0.08300815746246663,786.516934209985,8.38487124873868,0.09090909090908911,0.8618189431160568,0.15759670063949177,0.3673110967714163,True,1.0,10,16,1.6,2.7014000006602146,1.7700000007607741,7.745300001261057,1.7700000007607741,2.8638011287125953,16,7.967966837441054e-07,0.9749993556717338,1.0039033527414845,0.3930083114700233,0.00011121098129742917,0.9873335939327971,,,0.21921252855523715,0.15537723931624056,4.990676e-03;7.530254e-04;2.732087e-04;2.108531e-05;8.317382e-05;5.810154e-06;3.006090e-05;2.177666e-06;1.093081e-05;7.967967e-07,2;2;2;1;2;1;2;1;2;1,True,6.0,52.5722999991558,7.967966833000162e-07,0.002794319045582201,0.0004070056385266363,E1
200,0,40,0.20100502512562815,random,decoupled,1.0,7.73,delta,0.005,1,,0.0,0.9700000000000009,0.02537001070291699,7,23.6,0.6416530571848671,0.08300815746246663,786.516934209985,8.38487124873868,0.09090909090908911,0.8618189431160568,0.15759670063949177,0.3673110967714163,False,0.0,60,11607,193.45,2.205699998739874,612.4075999996421,617.8325999990193,612.4075999996421,6.004482073707362,11607,18.115291713975893,0.6450467544686904,19.09475751574028,15181.487860572997,7519.459418706849,266992.85896693484,,0.999268546412195,10186017.71724538,0.15537723931624056,4.990676e-03;1.800838e-02;6.788008e-01;1.240035e+01;1.354181e+01;1.393072e+01;1.419161e+01;1.422394e+01;1.403319e+01;1.383054e+01;1.438117e+01;1.497630e+01;1.531697e+01;1.354205e+01;1.359153e+01;1.383482e+01;1.413515e+01;1.465103e+01;1.572279e+01;1.416485e+01;1.497354e+01;1.724515e+01;1.791662e+01;1.786785e+01;1.575017e+01;1.648539e+01;1.687905e+01;1.677888e+01;1.645468e+01;1.684109e+01;1.733848e+01;1.698261e+01;1.756639e+01;1.865206e+01;1.728690e+01;1.655470e+01;1.666215e+01;1.757315e+01;1.816095e+01;1.832406e+01;1.716960e+01;1.782045e+01;1.900244e+01;1.981687e+01;2.014736e+01;1.812167e+01;1.866194e+01;1.904115e+01;1.921171e+01;1.907674e+01;1.847313e+01;1.874630e+01;1.938021e+01;1.914746e+01;1.842357e+01;1.877486e+01;1.900054e+01;1.841779e+01;1.782140e+01;1.811529e+01,2;5;200;200;200;200;200;200;200;200;200;200;200;200;200;200;200;200;200;200;200;200;200;200;200;200;200;200;200;200;200;200;200;200;200;200;200;200;200;200;200;200;200;200;200;200;200;200;200;200;200;200;200;200;200;200;200;200;200;200,,,,,,,E1
200,1,40,0.20100502512562815,random,coupled,1.0,7.73,delta,0.005,1,,0.0,0.9700000000000024,0.025204970482956654,7,19.7,0.6416530571848671,0.08300815746246663,1291.2220560196445,11.972410535991564,0.055555555555554234,0.8563881769799206,0.2018026383750022,0.3066113816269918,True,1.0,8,14,1.75,3.061000001252978,1.5175999997154577,8.170000000973232,1.5175999997154577,2.9225830263782275,14,8.825809699741782e-07,0.9749992270208684,1.0036641689969674,0.19520795240994085,0.00011441224653683064,0.6404664358281948,,,0.21630052187319293,0.1553738252750178,4.991925e-03;7.399668e-04;2.603740e-04;1.964937e-05;8.112031e-05;2.925883e-05;1.080706e-05;8.825810e-07,2;2;2;1;2;2;2;1,,,,,,,E1
200,1,40,0.20100502512562815,random,decoupled,1.0,7.73,delta,0.005,1,,0.0,0.9700000000000024,0.025204970482956654,7,19.7,0.6416530571848671,0.08300815746246663,1291.2220560196445,11.972410535991564,0.055555555555554234,0.8563881769799206,0.2018026383750022,0.3066113816269918,False,0.0,60,11609,193.48333333333332,2.587400000265916,614.235800001552,619.9980000001233,614.235800001552,5.987641996755492,11609,15.11873105366406,0.5015465662647409,16.103886212299557,21657.769924841614,7342.735886427687,305928.22116577975,,0.9980699327146951,14013822.821641736,0.1553738252750178,4.991925e-03;5.508484e-02;1.151386e+00;3.859665e+00;1.370645e+01;1.424818e+01;1.452465e+01;1.459708e+01;1.438503e+01;1.411126e+01;1.399370e+01;1.427120e+01;1.426103e+01;1.411941e+01;1.405682e+01;1.413467e+01;1.439518e+01;1.463132e+01;1.461808e+01;1.440426e+01;1.467972e+01;1.500386e+01;1.512436e+01;1.494960e+01;1.469341e+01;1.460187e+01;1.466976e+01;1.475996e+01;1.473953e+01;1.463641e+01;1.470819e+01;1.501728e+01;1.530996e+01;1.532843e+01;1.506580e+01;1.483326e+01;1.480349e+01;1.489361e+01;1.494695e+01;1.485514e+01;1.475361e+01;1.492184e+01;1.526637e+01;1.548318e+01;1.536860e+01;1.506445e+01;1.490635e+01;1.493978e+01;1.503234e+01;1.502723e+01;1.488052e+01;1.485860e+01;1.513293e+01;1.546622e+01;1.556014e+01;1.531947e+01;1.504354e+01;1.497499e+01;1.505154e+01;1.511873e+01,2;7;200;200;200;200;200;200;200;200;200;200;200;200;200;200;200;200;200;200;200;200;200;200;200;200;200;200;200;200;200;200;200;200;200;200;200;200;200;200;200;200;200;200;200;200;200;200;200;200;200;200;200;200;200;200;200;200;200;200,,,,,,,E1
200,2,40,0.20100502512562815,random,coupled,1.0,7.73,delta,0.005,1,,0.0,0.970000000000001,0.02492139170789821,7,22.275,0.6416530571848671,0.08300815746246663,712.316618815774,7.885505109597075,0.08474576271186672,0.8536627857747959,0.15070853518801364,0.3466887576518281,True,1.0,8,14,1.75,2.5901000008161645,1.4728000005561626,7.3606999994808575,1.4728000005561626,3.0114828885966363,14,7.637863650433729e-07,0.9749997944149938,1.0037250296155686,0.18594143877949543,0.00011219545524996424,0.5547530172942013,,,0.21621295764847243,0.15537723931624053,4.989967e-03;7.403747e-04;2.513223e-04;1.569606e-05;8.138622e-05;2.932996e-05;1.078302e-05;7.637864e-07,2;2;2;1;2;2;2;1,,,,,,,E1
200,2,40,0.20100502512562815,random,decoupled,1.0,7.73,delta,0.005,1,,0.0,0.970000000000001,0.02492139170789821,7,22.275,0.6416530571848671,0.08300815746246663,712.316618815774,7.885505109597075,0.08474576271186672,0.8536627857747959,0.15070853518801364,0.3466887576518281,False,0.0,60,11607,193.45,2.8505000009317882,619.4715000001452,625.8073999997578,619.4715000001452,5.936012320177988,11607,23.803564059730554,0.6724610935099039,24.78076201084242,29851.961041808478,7372.267337424537,408093.5077260829,,0.9990632013964444,18497902.426266227,0.15537723931624053,4.989967e-03;1.537990e-02;1.753590e-01;3.058818e-01;1.591987e+01;1.501082e+01;1.490923e+01;2.269873e+01;2.363698e+01;2.375524e+01;2.342330e+01;2.330552e+01;2.330286e+01;2.335353e+01;2.341969e+01;2.334962e+01;2.335184e+01;2.364597e+01;2.394914e+01;2.413260e+01;2.394046e+01;2.368008e+01;2.357443e+01;2.353179e+01;2.354774e+01;2.357281e+01;2.337945e+01;2.355826e+01;2.387881e+01;2.415301e+01;2.422050e+01;2.386378e+01;2.371841e+01;2.364804e+01;2.361822e+01;2.362634e+01;2.355434e+01;2.349708e+01;2.376609e+01;2.405610e+01;2.424061e+01;2.409488e+01;2.383633e+01;2.371609e+01;2.364626e+01;2.363745e+01;2.365951e+01;2.346469e+01;2.361777e+01;2.392741e+01;2.420392e+01;2.429340e+01;2.394841e+01;2.379868e+01;2.372131e+01;2.368213e+01;2.368258e+01;2.362201e+01;2.354000e+01;2.380356e+01,2;5;200;200;200;200;200;200;200;200;200;200;200;200;200;200;200;200;200;200;200;200;200;200;200;200;200;200;200;200;200;200;200;200;200;200;200;200;200;200;200;200;200;200;200;200;200;200;200;200;200;200;200;200;200;200;200;200;200;200,,,,,,,E1
200,3,40,0.20100502512562815,random,coupled,1.0,7.73,delta,0.005,1,,0.0,0.9700000000000026,0.025672037737989768,7,23.775,0.6416530571848671,0.08300815746246663,654.0207936255723,9.107532972980076,0.07692307692307641,0.8662460593123047,0.17512146901186032,0.37003480193816307,True,1.0,10,16,1.6,3.134399999908055,2.2604000005230773,9.067699998922762,2.2604000005230773,2.2424915938891363,16,7.190945604529375e-07,0.9749992809054422,1.0013545654648943,0.12976078851020048,0.00010722565067250523,0.3150603158026989,,,0.20182744742565492,0.15537723931624,4.970179e-03;7.385291e-04;2.610105e-04;2.009110e-05;7.675839e-05;5.473303e-06;2.720587e-05;2.006194e-06;9.681613e-06;7.190946e-07,2;2;2;1;2;1;2;1;2;1,,,,,,,E1
200,3,40,0.20100502512562815,random,decoupled,1.0,7.73,delta,0.005,1,,0.0,0.9700000000000026,0.025672037737989768,7,23.775,0.6416530571848671,0.08300815746246663,654.0207936255723,9.107532972980076,0.07692307692307641,0.8662460593123047,0.17512146901186032,0.37003480193816307,False,0.0,60,11607,193.45,2.789199999824632,606.7184999992605,613.6600999998336,606.7184999992605,6.060785118641482,11607,5.823280890958242,0.485933217381288,6.798280890958244,1983.7917099286508,253.9080680929249,26439.648218879745,,0.9971790793763851,1819981.5845819288,0.15537723931624,4.970179e-03;2.314662e-02;7.529866e-01;1.720192e+00;5.165337e+00;5.559586e+00;5.605435e+00;4.687096e+00;4.598991e+00;4.666220e+00;4.843977e+00;5.060385e+00;5.167549e+00;4.150664e+00;4.652047e+00;5.609233e+00;5.933208e+00;6.040428e+00;4.952210e+00;5.048932e+00;5.223084e+00;5.324879e+00;5.300511e+00;5.082177e+00;5.057699e+00;5.488036e+00;5.858854e+00;5.846559e+00;5.688917e+00;5.529607e+00;5.387533e+00;5.241649e+00;5.104742e+00;5.157005e+00;5.069815e+00;4.945984e+00;5.066658e+00;5.620280e+00;6.072511e+00;5.482300e+00;5.144401e+00;5.064307e+00;5.329165e+00;5.495558e+00;5.567789e+00;4.798015e+00;5.419701e+00;5.869926e+00;6.147203e+00;6.198835e+00;5.554234e+00;5.561530e+00;5.539984e+00;5.493599e+00;5.305236e+00;5.235520e+00;5.357890e+00;5.584141e+00;5.640944e+00;5.823281e+00,2;5;200;200;200;200;200;200;200;200;200;200;200;200;200;200;200;200;200;200;200;200;200;200;200;200;200;200;200;200;200;200;200;200;200;200;200;200;200;200;200;200;200;200;200;200;200;200;200;200;200;200;200;200;200;200;200;200;200;200,,,,,,,E1
200,4,40,0.20100502512562815,random,coupled,1.0,7.73,delta,0.005,1,,0.0,0.9700000000000011,0.025486423396930444,7,20.45,0.6416530571848671,0.08300815746246663,750.6796225737704,7.314819283949079,0.08333333333333572,0.8558440537377372,0.15538665274171523,0.3182844037701386,True,1.0,10,16,1.6,2.491799999916111,1.8681999990803888,7.698200000959332,1.8681999990803888,2.7132683880179598,16,8.061506117096329e-07,0.9749992193721924,1.0037929339924303,0.3929056593053215,0.00010546385526380981,0.7466707393777234,,,0.21849138156951217,0.15537723931624048,4.988622e-03;7.545464e-04;2.738738e-04;2.148902e-05;8.287431e-05;5.871623e-06;2.992959e-05;2.202686e-06;1.087300e-05;8.061506e-07,2;2;2;1;2;1;2;1;2;1,,,,,,,E1
200,4,40,0.20100502512562815,random,decoupled,1.0,7.73,delta,0.005,1,,0.0,0.9700000000000011,0.025486423396930444,7,20.45,0.6416530571848671,0.08300815746246663,750.6796225737704,7.314819283949079,0.08333333333333572,0.8558440537377372,0.15538665274171523,0.3182844037701386,False,0.0,60,11607,193.45,2.1902000007685274,622.450700000627,628.0975000008766,622.450700000627,5.907601125673561,11607,10.974715044876344,0.3169050787414461,11.951835796492611,6633.0203350389165,972.3702069450343,68183.76323448823,,1.000635039148593,3636228.8789927484,0.15537723931624048,4.988622e-03;1.598064e-02;8.119489e-02;8.248449e-01;3.260075e+00;6.683193e+00;7.771711e+00;8.808030e+00;9.308660e+00;9.301773e+00;7.629209e+00;7.554009e+00;7.899417e+00;8.440335e+00;9.122865e+00;1.045742e+01;9.671639e+00;9.796545e+00;9.988839e+00;1.044261e+01;1.111232e+01;1.002373e+01;9.679994e+00;9.705814e+00;1.008206e+01;1.079343e+01;1.124750e+01;9.627642e+00;9.833919e+00;1.104324e+01;1.172931e+01;1.196779e+01;1.002570e+01;1.014501e+01;1.078530e+01;1.127626e+01;1.142357e+01;1.129255e+01;1.073297e+01;1.124061e+01;1.140143e+01;1.140914e+01;1.110600e+01;1.073764e+01;1.064642e+01;1.064668e+01;1.071639e+01;1.140949e+01;1.047410e+01;1.039654e+01;1.084740e+01;1.193320e+01;1.226628e+01;1.048152e+01;1.022843e+01;1.102041e+01;1.158687e+01;1.188775e+01;1.185977e+01;1.097472e+01,2;5;200;200;200;200;200;200;200;200;200;200;200;200;200;200;200;200;200;200;200;200;200;200;200;200;200;200;200;200;200;200;200;200;200;200;200;200;200;200;200;200;200;200;200;200;200;200;200;200;200;200;200;200;200;200;200;200;200;200,,,,,,,E1
200,0,50,0.25125628140703515,random,coupled,1.0,7.73,delta,0.005,1,,0.0,0.9700000000000009,0.02537001070291699,7,22.9,0.6416530571848671,0.08300815746246663,912.8160193574216,10.026785367803896,0.07142857142857012,0.8885061722721175,0.15658074580083978,0.3564162761044678,True,1.0,10,16,1.6,2.5753999998414656,1.7559000007167924,7.9556000000593485,1.7559000007167924,2.886797652446475,16,7.953251260905958e-07,0.9750000685715388,1.0039033527441588,0.39301902799815935,9.687505849944075e-05,0.9978842022127523,,,0.21911058942000636,0.15535518110535165,4.989508e-03;7.552172e-04;2.732107e-04;2.111343e-05;8.318132e-05;5.794279e-06;3.006351e-05;2.173892e-06;1.093175e-05;7.953251e-07,2;2;2;1;2;1;2;1;2;1,True,7.0,48.281900000802125,7.953251257575289e-07,0.002794550932784664,0.0004068987371605992,E1
200,0,50,0.25125628140703515,random,decoupled,1.0,7.73,delta,0.005,1,,0.0,0.9700000000000009,0.02537001070291699,7,22.9,0.6416530571848671,0.08300815746246663,912.8160193574216,10.026785367803896,0.07142857142857012,0.8885061722721175,0.15658074580083978,0.3564162761044678,False,0.0,60,11607,193.45,2.093099999910919,612.8293999991001,618.264900000213,612.8293999991001,6.000349291345029,11607,66.5283715182956,0.4526793484275793,67.50351031145547,191226.2330021055,2143.0001086289594,2646529.58671262,,0.9995427492365035,198671054.404935,0.15535518110535165,4.989508e-03;3.137698e-02;1.446475e+00;1.131105e+00;1.254374e+00;1.675394e+00;1.584482e+01;1.030510e+00;9.885054e-01;4.920067e-01;3.836068e+00;6.398761e+00;8.252671e+01;7.021041e+01;6.868951e+01;6.810038e+01;6.787132e+01;6.782163e+01;6.782211e+01;6.776765e+01;6.761013e+01;6.737195e+01;6.711422e+01;6.689278e+01;6.674110e+01;6.667864e+01;6.671788e+01;6.684890e+01;6.701755e+01;6.713800e+01;6.714301e+01;6.702676e+01;6.684000e+01;6.664794e+01;6.649787e+01;6.641734e+01;6.642577e+01;6.653131e+01;6.670678e+01;6.687957e+01;6.696593e+01;6.692503e+01;6.678165e+01;6.659850e+01;6.643361e+01;6.632321e+01;6.629005e+01;6.635091e+01;6.650114e+01;6.669102e+01;6.683613e+01;6.686753e+01;6.677643e+01;6.661122e+01;6.643616e+01;6.629848e+01;6.622604e+01;6.623915e+01;6.634801e+01;6.652837e+01,2;5;200;200;200;200;200;200;200;200;200;200;200;200;200;200;200;200;200;200;200;200;200;200;200;200;200;200;200;200;200;200;200;200;200;200;200;200;200;200;200;200;200;200;200;200;200;200;200;200;200;200;200;200;200;200;200;200;200;200,,,,,,,E1
200,1,50,0.25125628140703515,random,coupled,1.0,7.73,delta,0.005,1,,0.0,0.9700000000000024,0.025204970482956654,7,20.66,0.6416530571848671,0.08300815746246663,691.2795422750638,8.641403749286333,0.07692307692307497,0.8892540303614375,0.15557917807364774,0.3215528499702369,True,1.0,10,16,1.6,3.2296000008500414,1.922999999806052,8.860599999024998,1.922999999806052,2.6359479981857703,16,7.057712110292158e-07,0.9750013895044509,1.0022860087362693,0.19532771117689646,0.00010479381471852214,0.6073880751611334,,,0.21025581132554003,0.15531608630718385,4.976893e-03;7.394588e-04;2.633568e-04;1.901364e-05;7.897500e-05;5.288104e-06;2.817900e-05;1.952259e-06;1.010499e-05;7.057712e-07,2;2;2;1;2;1;2;1;2;1,,,,,,,E1
200,1,50,0.25125628140703515,random,decoupled,1.0,7.73,delta,0.005,1,,0.0,0.9700000000000024,0.025204970482956654,7,20.66,0.6416530571848671,0.08300815746246663,691.2795422750638,8.641403749286333,0.07692307692307497,0.8892540303614375,0.15557917807364774,0.3215528499702369,False,0.0,60,11607,193.45,3.069300000788644,639.5107000007556,646.7052000007243,639.5107000007556,5.750006146880193,11607,41.858333831460826,0.10304081527994266,42.83584537252391,77266.75600661994,4403.644796821509,836574.0859756926,,1.000864826871946,48325071.882081114,0.15531608630718385,4.976893e-03;1.928791e-02;8.331127e-01;8.789822e-01;1.364727e+01;1.457808e+01;1.494809e+01;1.519624e+01;1.518892e+01;1.488617e+01;1.464636e+01;1.459434e+01;1.464781e+01;1.469316e+01;1.462757e+01;1.456978e+01;1.478490e+01;1.511337e+01;4.011503e+01;4.147937e+01;4.157667e+01;4.170673e+01;4.192674e+01;4.217456e+01;4.232392e+01;4.228340e+01;4.210061e+01;4.190799e+01;4.177249e+01;4.169131e+01;4.164256e+01;4.164380e+01;4.176794e+01;4.201043e+01;4.224016e+01;4.231235e+01;4.219482e+01;4.200218e+01;4.184404e+01;4.174365e+01;4.168035e+01;4.164239e+01;4.168524e+01;4.187140e+01;4.212856e+01;4.229823e+01;4.227351e+01;4.210322e+01;4.192244e+01;4.179631e+01;4.171886e+01;4.166516e+01;4.165137e+01;4.175892e+01;4.199583e+01;4.223112e+01;4.231259e+01;4.220214e+01;4.201344e+01;4.185833e+01,2;5;200;200;200;200;200;200;200;200;200;200;200;200;200;200;200;200;200;200;200;200;200;200;200;200;200;200;200;200;200;200;200;200;200;200;200;200;200;200;200;200;200;200;200;200;200;200;200;200;200;200;200;200;200;200;200;200;200;200,,,,,,,E1
200,2,50,0.25125628140703515,random,coupled,1.0,7.73,delta,0.005,1,,0.0,0.970000000000001,0.02492139170789821,7,20.36,0.6416530571848671,0.08300815746246663,998.6603807906305,9.818075025877674,0.06666666666666735,0.8838848295428144,0.15023781279501802,0.3168836411129628,True,1.0,10,16,1.6,2.4384999996982515,1.950800000486197,7.807899999534129,1.950800000486197,2.5983842519667184,16,8.495642715988794e-07,0.9750007000737638,1.0037249319452801,0.3926939835270621,0.00012019553524412124,0.7775218085638677,,,0.21636149872896213,0.15532902365744258,4.984003e-03;7.647062e-04;2.752925e-04;2.292179e-05;8.255914e-05;6.203566e-06;2.978751e-05;2.325761e-06;1.080915e-05;8.495643e-07,2;2;2;1;2;1;2;1;2;1,,,,,,,E1
200,2,50,0.25125628140703515,random,decoupled,1.0,7.73,delta,0.005,1,,0.0,0.970000000000001,0.02492139170789821,7,20.36,0.6416530571848671,0.08300815746246663,998.6603807906305,9.818075025877674,0.06666666666666735,0.8838848295428144,0.15023781279501802,0.3168836411129628,False,0.0,60,11607,193.45,2.123800000845222,616.7215999994369,621.9588000003569,616.7215999994369,5.962480406075217,11607,10.549997184152174,0.43719286725681517,11.52724357785143,1616.7061874693509,184.40001586820276,22992.66828208888,,0.9943112603722313,1001267.9593121028,0.15532902365744258,4.984003e-03;2.192975e-02;3.399561e-01;2.536502e+00;8.503872e+00;1.496290e+01;1.092576e+01;6.394687e+00;2.267425e+00;1.580658e+00;1.650337e+00;1.930976e+00;1.667419e+00;2.467487e+00;1.340780e+00;3.311257e+00;2.047531e+00;1.920928e+00;3.751264e+00;1.686569e+00;3.832063e+00;1.916433e+00;1.874792e+00;1.788685e+00;1.010542e+00;2.169203e+00;1.687084e+00;1.767070e+00;1.520395e+00;2.199654e+00;3.137836e+00;2.539721e+00;4.642524e+00;6.132619e+00;7.433297e+00;7.463278e+00;7.000895e+00;7.011101e+00;4.805363e+00;2.811225e+00;2.602415e+00;2.310233e+00;2.818942e+00;2.492597e+00;2.573749e+00;1.400441e+00;2.823747e+00;2.160463e+00;2.456623e+00;3.143997e+00;3.998070e+00;4.441239e+00;3.843838e+00;2.328784e+00;2.164614e+00;2.085009e+00;1.598390e+01;1.181499e+01;1.041161e+01;1.055000e+01,2;5;200;200;200;200;200;200;200;200;200;200;200;200;200;200;200;200;200;200;200;200;200;200;200;200;200;200;200;200;200;200;200;200;200;200;200;200;200;200;200;200;200;200;200;200;200;200;200;200;200;200;200;200;200;200;200;200;200;200,,,,,,,E1
200,3,50,0.25125628140703515,random,coupled,1.0,7.73,delta,0.005,1,,0.0,0.9700000000000026,0.025672037737989768,7,18.9,0.6416530571848671,0.08300815746246663,870.5809018444053,10.472659123410692,0.062499999999996156,0.8874180036836009,0.15493214759187587,0.2941601580076259,True,1.0,10,16,1.6,2.531799998905626,1.7528999997011852,7.596600000397302,1.7528999997011852,2.8917382628011263,16,7.779482319447695e-07,0.9750044893763551,1.0038503168984536,0.3929547238776415,9.369462156976201e-05,1.3127520479371784,,,0.21865192074687842,0.15521620938586864,4.988609e-03;7.598595e-04;2.720537e-04;2.023743e-05;8.303295e-05;5.674555e-06;2.999266e-05;2.124631e-06;1.090050e-05;7.779482e-07,2;2;2;1;2;1;2;1;2;1,,,,,,,E1
200,3,50,0.25125628140703515,random,decoupled,1.0,7.73,delta,0.005,1,,0.0,0.9700000000000026,0.025672037737989768,7,18.9,0.6416530571848671,0.08300815746246663,870.5809018444053,10.472659123410692,0.062499999999996156,0.8874180036836009,0.15493214759187587,0.2941601580076259,False,0.0,60,11607,193.45,2.566699999078992,604.9607000004471,610.6992999993963,604.9607000004471,6.078395598255031,11607,14.731298609854486,0.031774666029697085,15.709512768017973,13011.779220507917,943.5876148925392,181851.66378927534,,0.9973798090729732,11041181.45830968,0.15521620938586864,4.988609e-03;3.108075e-02;6.858947e-01;2.828355e+00;9.842490e+00;5.596712e+00;8.671587e+00;1.345378e+01;1.340317e+01;1.310351e+01;1.251678e+01;1.250929e+01;1.264128e+01;1.272766e+01;1.287034e+01;1.281568e+01;1.253420e+01;1.374152e+01;1.426350e+01;1.449791e+01;1.317428e+01;1.327226e+01;1.353476e+01;1.379274e+01;1.379760e+01;1.316765e+01;1.330936e+01;1.402795e+01;1.418962e+01;1.356321e+01;1.375236e+01;1.373907e+01;1.342399e+01;1.306431e+01;1.341640e+01;1.382969e+01;1.306744e+01;1.297154e+01;1.387781e+01;1.427387e+01;1.456614e+01;1.327687e+01;1.343876e+01;1.363392e+01;1.394746e+01;1.419281e+01;1.373163e+01;1.336866e+01;1.407166e+01;1.435147e+01;1.370141e+01;1.488021e+01;1.458833e+01;1.432335e+01;1.427831e+01;1.454589e+01;1.473429e+01;1.394841e+01;1.407334e+01;1.473130e+01,2;5;200;200;200;200;200;200;200;200;200;200;200;200;200;200;200;200;200;200;200;200;200;200;200;200;200;200;200;200;200;200;200;200;200;200;200;200;200;200;200;200;200;200;200;200;200;200;200;200;200;200;200;200;200;200;200;200;200;200,,,,,,,E1
200,4,50,0.25125628140703515,random,coupled,1.0,7.73,delta,0.005,1,,0.0,0.9700000000000011,0.025486423396930444,7,21.74,0.6416530571848671,0.08300815746246663,912.6590424820677,10.327457540780848,0.06666666666666798,0.8835085466090118,0.1497506785253483,0.33836200185637244,True,1.0,10,16,1.6,2.6644999998097774,1.8060999991575954,8.042199999181321,1.8060999991575954,2.806559992450174,16,8.019336057429882e-07,0.9749992184386229,1.003792933994623,0.3929102055753136,0.00010212176365956997,0.9180038369632689,,,0.21793878063357922,0.15537723931624048,4.985644e-03;7.578020e-04;2.734703e-04;2.147685e-05;8.289018e-05;5.845684e-06;2.993521e-05;2.190752e-06;1.087502e-05;8.019336e-07,2;2;2;1;2;1;2;1;2;1,,,,,,,E1
200,4,50,0.25125628140703515,random,decoupled,1.0,7.73,delta,0.005,1,,0.0,0.9700000000000011,0.025486423396930444,7,21.74,0.6416530571848671,0.08300815746246663,912.6590424820677,10.327457540780848,0.06666666666666798,0.8835085466090118,0.1497506785253483,0.33836200185637244,False,0.0,60,11607,193.45,2.6852000009967014,619.7779000012815,626.0449000001245,619.7779000012815,5.933077729929377,11607,7.973527748012352,0.4733359635601688,8.953124160207441,3619.8137042077183,499.5770656131093,48322.68333068746,,0.9971747504430033,2179150.8367993976,0.15537723931624048,4.985644e-03;3.569694e-02;9.242679e-01;1.384022e+00;2.191370e+01;8.275207e+00;8.199312e+00;8.267320e+00;7.822015e+00;7.201083e+00;7.105445e+00;7.332133e+00;7.662641e+00;7.882499e+00;7.743609e+00;7.312300e+00;7.606540e+00;8.156177e+00;8.539043e+00;8.409334e+00;7.656539e+00;7.461418e+00;7.658700e+00;7.977776e+00;8.180854e+00;7.983758e+00;7.484320e+00;7.801532e+00;8.353057e+00;8.698496e+00;8.470939e+00;7.747031e+00;7.650072e+00;7.882827e+00;8.184701e+00;8.313314e+00;7.955713e+00;7.620475e+00;8.032425e+00;8.554935e+00;8.785010e+00;8.333990e+00;7.773260e+00;7.791408e+00;8.055945e+00;8.328717e+00;8.352434e+00;7.801803e+00;7.759653e+00;8.258890e+00;8.739688e+00;8.810216e+00;8.114667e+00;7.792364e+00;7.931515e+00;8.234982e+00;8.459811e+00;8.311294e+00;7.716559e+00;7.973528e+00,2;5;200;200;200;200;200;200;200;200;200;200;200;200;200;200;200;200;200;200;200;200;200;200;200;200;200;200;200;200;200;200;200;200;200;200;200;200;200;200;200;200;200;200;200;200;200;200;200;200;200;200;200;200;200;200;200;200;200;200,,,,,,,E1
200,0,100,0.5025125628140703,random,coupled,1.0,7.73,delta,0.005,1,,0.0,0.9700000000000009,0.02537001070291699,7,22.45,0.6416530571848671,0.08300815746246663,2378.591799459204,19.551604094752143,0.03448275862068891,0.9438590333472517,0.16201925470145775,0.349412462818571,True,1.0,10,16,1.6,2.9085000005579786,2.1239999987301417,8.50209999953222,2.1239999987301417,2.3865009430463835,16,8.625661752637015e-07,0.9749992643257159,1.0037474768780859,0.3928482598254623,8.222268770930708e-05,1.283120820385649,,,0.2151466142293416,0.15537328923459004,4.972130e-03;7.701238e-04;2.760403e-04;2.324729e-05;8.282730e-05;6.291049e-06;2.990156e-05;2.360570e-06;1.085857e-05;8.625662e-07,2;2;2;1;2;1;2;1;2;1,True,7.0,57.65339999925345,8.631211062537503e-07,0.0027700883970425087,0.0004032554299392421,E1
200,0,100,0.5025125628140703,random,decoupled,1.0,7.73,delta,0.005,1,,0.0,0.9700000000000009,0.02537001070291699,7,22.45,0.6416530571848671,0.08300815746246663,2378.591799459204,19.551604094752143,0.03448275862068891,0.9438590333472517,0.16201925470145775,0.349412462818571,False,0.0,60,11802,196.7,3.8846000006742543,636.6122999988875,643.990999999005,636.6122999988875,5.873226162935486,11802,19.8977571932206,0.2851638256564467,20.875782299864195,20896.844021867873,2138.6568052513467,594383.8906722481,,0.998283424426433,39944602.486130044,0.15537328923459004,4.972130e-03;7.376359e-01;6.692089e+00;1.231978e+01;1.226388e+01;1.131240e+01;8.478363e+00;1.553971e+01;1.947224e+01;1.950161e+01;1.984537e+01;2.027625e+01;2.036493e+01;2.014694e+01;1.984367e+01;1.975188e+01;1.969418e+01;1.970175e+01;1.980792e+01;1.965642e+01;1.959415e+01;1.983848e+01;2.029430e+01;2.043989e+01;1.992503e+01;1.967313e+01;1.973307e+01;1.985043e+01;2.000261e+01;1.997626e+01;1.961446e+01;1.987547e+01;2.034291e+01;2.054257e+01;2.033929e+01;1.999180e+01;1.995279e+01;1.989001e+01;1.981567e+01;1.986246e+01;1.977813e+01;1.971713e+01;1.989595e+01;2.030716e+01;2.051249e+01;2.007048e+01;1.975707e+01;1.980153e+01;1.991309e+01;2.004690e+01;2.007554e+01;1.964579e+01;1.990007e+01;2.035179e+01;2.062204e+01;2.045190e+01;2.004022e+01;2.001249e+01;1.998687e+01;1.989776e+01,2;200;200;200;200;200;200;200;200;200;200;200;200;200;200;200;200;200;200;200;200;200;200;200;200;200;200;200;200;200;200;200;200;200;200;200;200;200;200;200;200;200;200;200;200;200;200;200;200;200;200;200;200;200;200;200;200;200;200;200,,,,,,,E1
200,1,100,0.5025125628140703,random,coupled,1.0,7.73,delta,0.005,1,,0.0,0.9700000000000024,0.025204970482956654,7,20.12,0.6416530571848671,0.08300815746246663,1927.083283144825,17.54509481865413,0.036363636363635626,0.942055740896269,0.15454082124318372,0.3131482740271613,True,1.0,10,16,1.6,2.963699998872471,1.8427000013616635,8.235500001319451,1.8427000013616635,2.7508156489142643,16,7.960782087979013e-07,0.9749992248695661,1.0036640703165534,0.3926666330970065,9.096393179898647e-05,1.1182202489116944,,,0.21427354255402487,0.15537723931623829,4.973277e-03;7.646978e-04;2.726338e-04;2.140993e-05;8.253308e-05;5.813049e-06;2.976784e-05;2.178178e-06;1.079920e-05;7.960782e-07,2;2;2;1;2;1;2;1;2;1,,,,,,,E1
200,1,100,0.5025125628140703,random,decoupled,1.0,7.73,delta,0.005,1,,0.0,0.9700000000000024,0.025204970482956654,7,20.12,0.6416530571848671,0.08300815746246663,1927.083283144825,17.54509481865413,0.036363636363635626,0.942055740896269,0.15454082124318372,0.3131482740271613,False,0.0,60,11802,196.7,3.180899999279063,646.3891999992484,652.9886000007536,646.3891999992484,5.784391224365054,11802,18.581712213287602,0.48475121895401874,19.56079022394014,20550.3426764904,3623.6236066369397,559167.1139888035,,0.999416949288257,24283318.987270277,0.15537723931623829,4.973277e-03;5.891629e-01;5.506782e+00;6.554599e+00;8.537633e+00;8.936522e+00;1.091765e+01;1.157207e+01;1.340784e+01;1.388735e+01;1.830763e+01;1.864340e+01;1.891494e+01;1.896683e+01;1.859338e+01;1.839410e+01;1.836273e+01;1.841619e+01;1.846614e+01;1.841254e+01;1.832597e+01;1.856826e+01;1.886810e+01;1.903391e+01;1.891140e+01;1.862167e+01;1.849177e+01;1.846356e+01;1.849371e+01;1.851268e+01;1.835698e+01;1.842661e+01;1.871092e+01;1.899733e+01;1.908686e+01;1.876079e+01;1.856011e+01;1.851097e+01;1.854178e+01;1.857672e+01;1.852017e+01;1.838358e+01;1.860872e+01;1.891593e+01;1.909868e+01;1.899780e+01;1.870862e+01;1.857903e+01;1.854029e+01;1.855439e+01;1.856452e+01;1.841787e+01;1.846524e+01;1.873589e+01;1.902376e+01;1.912746e+01;1.882411e+01;1.861435e+01;1.855653e+01;1.858171e+01,2;200;200;200;200;200;200;200;200;200;200;200;200;200;200;200;200;200;200;200;200;200;200;200;200;200;200;200;200;200;200;200;200;200;200;200;200;200;200;200;200;200;200;200;200;200;200;200;200;200;200;200;200;200;200;200;200;200;200;200,,,,,,,E1
200,2,100,0.5025125628140703,random,coupled,1.0,7.73,delta,0.005,1,,0.0,0.970000000000001,0.02492139170789821,7,20.53,0.6416530571848671,0.08300815746246663,1897.917604484223,17.508575886925545,0.037037037037036466,0.9406416759731522,0.15034108806973498,0.31952952613207936,True,1.0,10,16,1.6,2.5044000012712786,1.9188000005669892,7.611499999256921,1.9188000005669892,2.6417177394737203,16,8.57530231601622e-07,0.9749991424697694,1.0037523467404867,0.392864740063127,8.251307992923123e-05,1.2718820868533893,,,0.21556064630810542,0.15537723931624053,4.973848e-03;7.703652e-04;2.756638e-04;2.323020e-05;8.283163e-05;6.258474e-06;2.990591e-05;2.348065e-06;1.086082e-05;8.575302e-07,2;2;2;1;2;1;2;1;2;1,,,,,,,E1
200,2,100,0.5025125628140703,random,decoupled,1.0,7.73,delta,0.005,1,,0.0,0.970000000000001,0.02492139170789821,7,20.53,0.6416530571848671,0.08300815746246663,1897.917604484223,17.508575886925545,0.037037037037036466,0.9406416759731522,0.15034108806973498,0.31952952613207936,False,0.0,60,11802,196.7,3.6428000003070338,625.3463000011834,632.3479000002408,625.3463000011834,5.979035961343218,11802,19.340467587789654,0.45928177803924675,20.318044295183704,17395.424285503017,326.8351722483101,669566.2475192784,,1.002500402536126,29326185.270803727,0.15537723931624053,4.973848e-03;1.998464e-01;4.536154e+00;8.654559e+00;1.193365e+01;1.212574e+01;1.387740e+01;1.100041e+01;1.620979e+01;1.649740e+01;1.628058e+01;1.613035e+01;1.752624e+01;1.753212e+01;1.704492e+01;1.724420e+01;1.716169e+01;1.674209e+01;1.633191e+01;1.964073e+01;1.954731e+01;1.936686e+01;1.919254e+01;1.908341e+01;1.903595e+01;1.902762e+01;1.906816e+01;1.920258e+01;1.942293e+01;1.962518e+01;1.969204e+01;1.959653e+01;1.942335e+01;1.927065e+01;1.917307e+01;1.911917e+01;1.910206e+01;1.915882e+01;1.932689e+01;1.954973e+01;1.970000e+01;1.968974e+01;1.954785e+01;1.937846e+01;1.925122e+01;1.917371e+01;1.913095e+01;1.913639e+01;1.924120e+01;1.944635e+01;1.965013e+01;1.972934e+01;1.964717e+01;1.948101e+01;1.932822e+01;1.922587e+01;1.916464e+01;1.913781e+01;1.918245e+01;1.934047e+01,2;200;200;200;200;200;200;200;200;200;200;200;200;200;200;200;200;200;200;200;200;200;200;200;200;200;200;200;200;200;200;200;200;200;200;200;200;200;200;200;200;200;200;200;200;200;200;200;200;200;200;200;200;200;200;200;200;200;200;200,,,,,,,E1
200,3,100,0.5025125628140703,random,coupled,1.0,7.73,delta,0.005,1,,0.0,0.9700000000000026,0.025672037737989768,7,21.97,0.6416530571848671,0.08300815746246663,2032.8930350094606,19.453593377100898,0.033333333333333964,0.9446071907264016,0.16434582044529303,0.34194172864695643,True,1.0,10,16,1.6,3.386500000488013,1.8263999991177116,8.963500000390923,1.8263999991177116,2.7753657481650644,16,7.527037281240823e-07,0.9749998303851559,1.0038503168552737,0.3929707603646914,8.002405775860033e-05,1.0096846383454845,,,0.21594228010858826,0.15536399922095795,4.975241e-03;7.599652e-04;2.711376e-04;1.965310e-05;8.310740e-05;5.478046e-06;3.001956e-05;2.054915e-06;1.091028e-05;7.527037e-07,2;2;2;1;2;1;2;1;2;1,,,,,,,E1
200,3,100,0.5025125628140703,random,decoupled,1.0,7.73,delta,0.005,1,,0.0,0.9700000000000026,0.025672037737989768,7,21.97,0.6416530571848671,0.08300815746246663,2032.8930350094606,19.453593377100898,0.033333333333333964,0.9446071907264016,0.16434582044529303,0.34194172864695643,False,0.0,60,11802,196.7,2.9185999992478173,630.5721999997331,636.7771000004723,630.5721999997331,5.929484388943221,11802,10.155604102045128,0.5390948813474952,11.13262254223729,5665.0320084946825,8.736891857842512,118382.771158371,,0.9978851740274599,9133914.92336971,0.15536399922095795,4.975241e-03;8.951676e-01;5.281729e+00;5.506365e+00;5.801371e+00;7.083776e+00;7.946343e+00;8.408382e+00;8.572003e+00;9.563441e+00;9.563797e+00;1.028951e+01;1.022553e+01;9.686614e+00;9.596122e+00;9.642037e+00;9.534376e+00;9.159666e+00;9.153607e+00;9.688207e+00;9.822184e+00;9.729789e+00;1.002546e+01;9.955421e+00;9.715586e+00;9.263293e+00;9.360387e+00;9.349675e+00;9.289771e+00;9.043114e+00;9.642195e+00;9.794431e+00;1.015262e+01;9.533389e+00;9.506342e+00;9.722168e+00;9.571932e+00;9.619332e+00;9.654677e+00;9.555188e+00;9.374496e+00;9.902656e+00;1.003395e+01;1.077695e+01;1.090725e+01;1.047922e+01;1.035973e+01;1.031113e+01;1.027156e+01;1.013759e+01;1.003285e+01;1.017466e+01;1.042555e+01;1.057467e+01;1.068134e+01;1.070901e+01;1.050873e+01;1.023308e+01;1.011250e+01;1.015560e+01,2;200;200;200;200;200;200;200;200;200;200;200;200;200;200;200;200;200;200;200;200;200;200;200;200;200;200;200;200;200;200;200;200;200;200;200;200;200;200;200;200;200;200;200;200;200;200;200;200;200;200;200;200;200;200;200;200;200;200;200,,,,,,,E1
200,4,100,0.5025125628140703,random,coupled,1.0,7.73,delta,0.005,1,,0.0,0.9700000000000011,0.025486423396930444,7,21.16,0.6416530571848671,0.08300815746246663,1857.8119491925165,17.963190368742737,0.03846153846153968,0.9434818779077028,0.15686447519047472,0.32933486473232954,True,1.0,10,16,1.6,3.751600001123734,2.3836000000301283,9.857200000624289,2.3836000000301283,2.1265849974559194,16,7.981023577574575e-07,0.9749994049953175,1.003792933957421,0.3929116753421135,8.262350321123444e-05,1.1844590607832137,,,0.2158025199440548,0.1553714501528756,4.974754e-03;7.639877e-04;2.732470e-04;2.146148e-05;8.293983e-05;5.831780e-06;2.995319e-05;2.180281e-06;1.088158e-05;7.981024e-07,2;2;2;1;2;1;2;1;2;1,,,,,,,E1
200,4,100,0.5025125628140703,random,decoupled,1.0,7.73,delta,0.005,1,,0.0,0.9700000000000011,0.025486423396930444,7,21.16,0.6416530571848671,0.08300815746246663,1857.8119491925165,17.963190368742737,0.03846153846153968,0.9434818779077028,0.15686447519047472,0.32933486473232954,False,0.0,60,11802,196.7,2.2625999990850687,609.0120999997453,614.5266000003176,609.0120999997453,6.13939857024444,11802,14.465099214353916,0.4990576437593837,15.442540454628775,11568.38895250319,1241.7222935935656,312344.2695229166,,1.0032774988126065,15730353.73946958,0.1553714501528756,4.974754e-03;3.297375e-01;8.097098e+00;9.673267e+00;1.034353e+01;1.048975e+01;1.036122e+01;1.042563e+01;1.035879e+01;1.091392e+01;1.277097e+01;1.147050e+01;1.267706e+01;1.357488e+01;1.388480e+01;1.416336e+01;1.291649e+01;1.302893e+01;1.329700e+01;1.361321e+01;1.389103e+01;1.355566e+01;1.322475e+01;1.417980e+01;1.436724e+01;1.348171e+01;1.388612e+01;1.344708e+01;1.287996e+01;1.348199e+01;1.347118e+01;1.420847e+01;1.345257e+01;1.371737e+01;1.483007e+01;1.492196e+01;1.404209e+01;1.399499e+01;1.425986e+01;1.410174e+01;1.355145e+01;1.388639e+01;1.411372e+01;1.400693e+01;1.381979e+01;1.470318e+01;1.476725e+01;1.379187e+01;1.354590e+01;1.403548e+01;1.415753e+01;1.450752e+01;1.464185e+01;1.399367e+01;1.418925e+01;1.500084e+01;1.509882e+01;1.403307e+01;1.405186e+01;1.446510e+01,2;200;200;200;200;200;200;200;200;200;200;200;200;200;200;200;200;200;200;200;200;200;200;200;200;200;200;200;200;200;200;200;200;200;200;200;200;200;200;200;200;200;200;200;200;200;200;200;200;200;200;200;200;200;200;200;200;200;200;200,,,,,,,E1
200,0,149,0.7487437185929648,random,coupled,1.0,7.73,delta,0.005,1,,0.0,0.9700000000000009,0.02537001070291699,7,22.476510067114095,0.6416530571848671,0.08300815746246663,3480.694787728336,26.78088281219318,0.024999999999999398,0.9614698871521581,0.1579099890176201,0.3498250662858235,True,1.0,10,16,1.6,3.084100000705803,1.8733999986579875,8.48010000117938,1.8733999986579875,2.7057371643168215,16,9.137629048971974e-07,0.974999086237096,1.0037474759286884,0.3928254245982631,7.470150305901774e-05,1.384672639547058,,,0.21371526212597783,0.15537723931624056,4.964793e-03;7.775459e-04;7.881758e-05;2.491516e-04;9.119190e-05;8.906622e-06;3.160356e-05;2.467506e-06;1.147892e-05;9.137629e-07,2;2;1;2;2;1;2;1;2;1,True,6.0,58.20250000033411,9.137629050082197e-07,0.0029276512710614384,0.00042617062690747387,E1
200,0,149,0.7487437185929648,random,decoupled,1.0,7.73,delta,0.005,1,,0.0,0.9700000000000009,0.02537001070291699,7,22.476510067114095,0.6416530571848671,0.08300815746246663,3480.694787728336,26.78088281219318,0.024999999999999398,0.9614698871521581,0.1579099890176201,0.3498250662858235,False,0.0,60,11802,196.7,2.6651000007404946,620.1754000012443,626.0621000001265,620.1754000012443,6.028887982323224,11802,17.78940736937669,0.5828169771931571,18.767432476020286,16005.193325062337,4486.521124592837,1112409.863520095,,1.0008615644212295,38926826.518553525,0.15537723931624056,4.964793e-03;2.845463e+00;8.317694e+00;1.142698e+01;1.201183e+01;1.169715e+01;1.394225e+01;1.463290e+01;1.501194e+01;1.487472e+01;1.448477e+01;1.592520e+01;1.593126e+01;1.715545e+01;1.698437e+01;1.615189e+01;1.609426e+01;1.747663e+01;1.767029e+01;1.770094e+01;1.734859e+01;1.758651e+01;1.803182e+01;1.831279e+01;1.813306e+01;1.767154e+01;1.761998e+01;1.766601e+01;1.766804e+01;1.767159e+01;1.760537e+01;1.756191e+01;1.771174e+01;1.804135e+01;1.828224e+01;1.792007e+01;1.753275e+01;1.752811e+01;1.771040e+01;1.785124e+01;1.792087e+01;1.745187e+01;1.769603e+01;1.809597e+01;1.845213e+01;1.832754e+01;1.781628e+01;1.775005e+01;1.783399e+01;1.782706e+01;1.776470e+01;1.769966e+01;1.769119e+01;1.783347e+01;1.809521e+01;1.835529e+01;1.807197e+01;1.766943e+01;1.759627e+01;1.778941e+01,2;200;200;200;200;200;200;200;200;200;200;200;200;200;200;200;200;200;200;200;200;200;200;200;200;200;200;200;200;200;200;200;200;200;200;200;200;200;200;200;200;200;200;200;200;200;200;200;200;200;200;200;200;200;200;200;200;200;200;200,,,,,,,E1
200,1,149,0.7487437185929648,random,coupled,1.0,7.73,delta,0.005,1,,0.0,0.9700000000000024,0.025204970482956654,7,20.818791946308725,0.6416530571848671,0.08300815746246663,3849.9076954154584,25.308495574025933,0.02499999999999927,0.961133569421257,0.15677198529204392,0.3240242925107926,True,1.0,10,16,1.6,3.0055000006541377,1.8334000014874619,8.128600000418373,1.8334000014874619,2.764769278873956,16,7.967415898146868e-07,0.9749996190885629,1.0036896190105993,0.39269961726990926,8.51877294200543e-05,1.1874980648012545,,,0.21119822273872513,0.15536736282161467,4.955090e-03;7.681239e-04;2.726498e-04;2.123565e-05;8.272045e-05;5.817376e-06;2.984318e-05;2.180019e-06;1.083114e-05;7.967416e-07,2;2;2;1;2;1;2;1;2;1,,,,,,,E1
200,1,149,0.7487437185929648,random,decoupled,1.0,7.73,delta,0.005,1,,0.0,0.9700000000000024,0.025204970482956654,7,20.818791946308725,0.6416530571848671,0.08300815746246663,3849.9076954154584,25.308495574025933,0.02499999999999927,0.961133569421257,0.15677198529204392,0.3240242925107926,False,0.0,60,11802,196.7,2.921299999798066,635.3884000000107,641.5816000007908,635.3884000000107,5.884539308555109,11802,16.201661697381994,0.4622133653622,17.180697965879315,17020.536891407228,2000.5475953288433,943511.3224814166,,0.9989336899456882,29976289.90431582,0.15536736282161467,4.955090e-03;7.254761e-01;6.002781e+00;8.143587e+00;8.851810e+00;1.021312e+01;1.037685e+01;1.104238e+01;1.200454e+01;1.227213e+01;1.607909e+01;1.638197e+01;1.653175e+01;1.642966e+01;1.617182e+01;1.604028e+01;1.599925e+01;1.602008e+01;1.605365e+01;1.597597e+01;1.606909e+01;1.632252e+01;1.656951e+01;1.664888e+01;1.638937e+01;1.620148e+01;1.613042e+01;1.613262e+01;1.615457e+01;1.612820e+01;1.605386e+01;1.626189e+01;1.652965e+01;1.668353e+01;1.660865e+01;1.637398e+01;1.624040e+01;1.617190e+01;1.615486e+01;1.616018e+01;1.608311e+01;1.614835e+01;1.638038e+01;1.662497e+01;1.671614e+01;1.648485e+01;1.629226e+01;1.621149e+01;1.620254e+01;1.621810e+01;1.619381e+01;1.609802e+01;1.629440e+01;1.656410e+01;1.672969e+01;1.666765e+01;1.643114e+01;1.629960e+01;1.622878e+01;1.620166e+01,2;200;200;200;200;200;200;200;200;200;200;200;200;200;200;200;200;200;200;200;200;200;200;200;200;200;200;200;200;200;200;200;200;200;200;200;200;200;200;200;200;200;200;200;200;200;200;200;200;200;200;200;200;200;200;200;200;200;200;200,,,,,,,E1
200,2,149,0.7487437185929648,random,coupled,1.0,7.73,delta,0.005,1,,0.0,0.970000000000001,0.02492139170789821,7,20.241610738255034,0.6416530571848671,0.08300815746246663,3119.4160534482003,25.776523477994,0.02631578947368402,0.9604798506340749,0.15599627454692602,0.3150410271478147,True,1.0,10,16,1.6,3.294399999504094,2.034099999946193,8.776599999691825,2.034099999946193,2.491975812464523,16,8.498579421312158e-07,0.9749993296463753,1.0037523457903657,0.39284306821462694,7.897010286415696e-05,1.2770098295041181,,,0.2121502920922658,0.15537255015547835,4.959912e-03;7.709983e-04;7.314176e-05;2.492376e-04;9.075260e-05;8.173690e-06;3.161894e-05;2.296685e-06;1.148547e-05;8.498579e-07,2;2;1;2;2;1;2;1;2;1,,,,,,,E1
200,2,149,0.7487437185929648,random,decoupled,1.0,7.73,delta,0.005,1,,0.0,0.970000000000001,0.02492139170789821,7,20.241610738255034,0.6416530571848671,0.08300815746246663,3119.4160534482003,25.776523477994,0.02631578947368402,0.9604798506340749,0.15599627454692602,0.3150410271478147,False,0.0,60,11802,196.7,3.1909999997878913,629.289799999242,635.765299999548,629.289799999242,5.941567805492007,11802,17.570177474307364,0.35109469601067583,18.547351987173965,16974.604098343745,3273.7152384388114,1166705.5846738762,,0.9984725131389741,39955549.73659406,0.15537255015547835,4.959912e-03;7.027227e-01;2.994081e+00;9.118824e+00;1.217616e+01;1.448998e+01;1.649744e+01;1.678792e+01;1.650044e+01;1.564374e+01;1.575688e+01;1.594607e+01;1.583480e+01;1.581810e+01;1.625740e+01;1.682389e+01;1.699784e+01;1.784429e+01;1.800205e+01;1.721079e+01;1.695187e+01;1.717821e+01;1.733855e+01;1.762408e+01;1.766071e+01;1.713810e+01;1.735794e+01;1.816904e+01;1.828933e+01;1.778422e+01;1.748926e+01;1.768695e+01;1.754427e+01;1.714278e+01;1.726871e+01;1.747630e+01;1.736304e+01;1.722552e+01;1.790686e+01;1.806684e+01;1.749618e+01;1.703081e+01;1.737550e+01;1.743028e+01;1.761734e+01;1.786619e+01;1.730808e+01;1.745768e+01;1.813414e+01;1.832526e+01;1.797765e+01;1.751017e+01;1.779405e+01;1.769160e+01;1.718962e+01;1.711224e+01;1.760157e+01;1.751418e+01;1.717969e+01;1.757018e+01,2;200;200;200;200;200;200;200;200;200;200;200;200;200;200;200;200;200;200;200;200;200;200;200;200;200;200;200;200;200;200;200;200;200;200;200;200;200;200;200;200;200;200;200;200;200;200;200;200;200;200;200;200;200;200;200;200;200;200;200,,,,,,,E1
200,3,149,0.7487437185929648,random,coupled,1.0,7.73,delta,0.005,1,,0.0,0.9700000000000026,0.025672037737989768,7,22.23489932885906,0.6416530571848671,0.08300815746246663,3317.611878831701,27.195697838539083,0.02499999999999831,0.9626928249480128,0.16357526569337458,0.34606462962226375,True,1.0,10,16,1.6,4.016500000943779,2.005000000281143,9.753600001204177,2.005000000281143,2.5281436405432567,16,9.168531074355002e-07,0.9749990831468952,1.0038503158560919,0.3929479142042232,7.006493386112675e-05,1.3844456110550794,,,0.21364641065524112,0.15537723931624,4.962899e-03;7.772982e-04;7.882997e-05;2.496836e-04;9.134274e-05;8.923857e-06;3.171392e-05;2.475351e-06;1.152654e-05;9.168531e-07,2;2;1;2;2;1;2;1;2;1,,,,,,,E1
200,3,149,0.7487437185929648,random,decoupled,1.0,7.73,delta,0.005,1,,0.0,0.9700000000000026,0.025672037737989768,7,22.23489932885906,0.6416530571848671,0.08300815746246663,3317.611878831701,27.195697838539083,0.02499999999999831,0.9626928249480128,0.16357526569337458,0.34606462962226375,False,0.0,60,11802,196.7,3.5792999988188967,636.9246000012936,644.4766000004165,636.9246000012936,5.870346373797473,11802,10.267681616858347,0.41965551120751254,11.246560116635546,5303.757911676921,200.58732452785802,193630.48022373798,,1.000858474704606,12882607.517536685,0.15537723931624,4.962899e-03;9.461787e-01;8.557212e+00;4.108726e+00;7.632273e+00;8.790596e+00;9.323100e+00;8.789084e+00;8.349181e+00;8.369375e+00;8.599807e+00;8.770524e+00;9.040440e+00;8.677170e+00;9.047299e+00;9.905376e+00;1.003845e+01;9.676130e+00;9.468567e+00;9.491138e+00;9.332072e+00;9.041144e+00;9.155408e+00;9.230509e+00;9.237815e+00;9.295615e+00;9.876237e+00;9.966750e+00;9.485862e+00;9.170939e+00;9.337079e+00;9.312047e+00;9.404059e+00;9.528355e+00;9.212949e+00;9.394820e+00;9.951029e+00;1.009056e+01;9.866135e+00;9.517346e+00;9.642770e+00;9.509075e+00;9.075906e+00;9.028724e+00;9.380849e+00;9.375103e+00;9.237004e+00;9.606163e+00;1.023672e+01;9.933629e+00;9.553854e+00;9.575505e+00;9.594261e+00;9.618017e+00;9.776463e+00;9.405829e+00;9.635086e+00;1.003138e+01;1.036789e+01;1.026768e+01,2;200;200;200;200;200;200;200;200;200;200;200;200;200;200;200;200;200;200;200;200;200;200;200;200;200;200;200;200;200;200;200;200;200;200;200;200;200;200;200;200;200;200;200;200;200;200;200;200;200;200;200;200;200;200;200;200;200;200;200,,,,,,,E1
200,4,149,0.7487437185929648,random,coupled,1.0,7.73,delta,0.005,1,,0.0,0.9700000000000011,0.025486423396930444,7,21.14765100671141,0.6416530571848671,0.08300815746246663,3243.5969298517743,27.49387834199858,0.024390243902439258,0.9615824843041764,0.15914710166537557,0.3291426646361925,True,1.0,10,16,1.6,3.3450999999331543,2.3449000000255182,9.633899999244022,2.3449000000255182,2.161681948033962,16,8.196715912678343e-07,0.9749993731392465,1.0037929339416747,0.39291260917562615,7.636429932723084e-05,1.450412899494348,,,0.2130981020036328,0.1553714501528756,4.963247e-03;7.707435e-04;2.738116e-04;2.206293e-05;8.298292e-05;6.013732e-06;2.996863e-05;2.242565e-06;1.088717e-05;8.196716e-07,2;2;2;1;2;1;2;1;2;1,,,,,,,E1
200,4,149,0.7487437185929648,random,decoupled,1.0,7.73,delta,0.005,1,,0.0,0.9700000000000011,0.025486423396930444,7,21.14765100671141,0.6416530571848671,0.08300815746246663,3243.5969298517743,27.49387834199858,0.024390243902439258,0.9615824843041764,0.15914710166537557,0.3291426646361925,False,0.0,60,11802,196.7,3.2160000009753276,622.6253999993787,629.3704999989131,622.6253999993787,6.0051646078103,11802,17.27302274430113,0.027259120979053673,18.248059166700994,16598.84873261382,3605.2531542472466,961520.5900184934,,0.9974516887438775,31780929.327746972,0.1553714501528756,4.963247e-03;8.187600e-01;6.610516e+00;8.528757e+00;1.558660e+01;1.347966e+01;1.401595e+01;1.436371e+01;1.390753e+01;1.458496e+01;1.533651e+01;1.505061e+01;1.694748e+01;1.722684e+01;1.757969e+01;1.766558e+01;1.728245e+01;1.707124e+01;1.706757e+01;1.712886e+01;1.723247e+01;1.721111e+01;1.703799e+01;1.725617e+01;1.763137e+01;1.777203e+01;1.762356e+01;1.736858e+01;1.729233e+01;1.720525e+01;1.714421e+01;1.718813e+01;1.714933e+01;1.713652e+01;1.730927e+01;1.764999e+01;1.777993e+01;1.746837e+01;1.720943e+01;1.720946e+01;1.723831e+01;1.731868e+01;1.733849e+01;1.714539e+01;1.729374e+01;1.766201e+01;1.786412e+01;1.773481e+01;1.743554e+01;1.737985e+01;1.731283e+01;1.722918e+01;1.721892e+01;1.722008e+01;1.721323e+01;1.736284e+01;1.765933e+01;1.783620e+01;1.756326e+01;1.727302e+01,2;200;200;200;200;200;200;200;200;200;200;200;200;200;200;200;200;200;200;200;200;200;200;200;200;200;200;200;200;200;200;200;200;200;200;200;200;200;200;200;200;200;200;200;200;200;200;200;200;200;200;200;200;200;200;200;200;200;200;200,,,,,,,E1
200,0,197,0.9899497487437185,random,coupled,1.0,7.73,delta,0.005,1,,0.0,0.9700000000000009,0.02537001070291699,7,22.893401015228427,0.6416530571848671,0.08300815746246663,4494.976397871605,33.552426127636686,0.020408163265305618,0.9712540568837171,0.16046403447210814,0.35631356931065084,True,1.0,10,16,1.6,3.536099999109865,1.8734999994194368,9.167899999738438,1.8734999994194368,2.705592741697768,16,9.138087703197684e-07,0.9749990861912305,1.0039033517239742,0.3930222058721265,7.218012539441622e-05,1.5851356784370578,,,0.21225683074705637,0.15537723931624056,4.954464e-03;7.787001e-04;7.896075e-05;2.500332e-04;9.120267e-05;8.907396e-06;3.179080e-05;2.467612e-06;1.156098e-05;9.138088e-07,2;2;1;2;2;1;2;1;2;1,True,5.0,49.87790000086534,9.138087707638576e-07,0.002954856409365094,0.0004301853254737309,E1
200,0,197,0.9899497487437185,random,decoupled,1.0,7.73,delta,0.005,1,,0.0,0.9700000000000009,0.02537001070291699,7,22.893401015228427,0.6416530571848671,0.08300815746246663,4494.976397871605,33.552426127636686,0.020408163265305618,0.9712540568837171,0.16046403447210814,0.35631356931065084,False,0.0,60,11802,196.7,3.569900000002235,625.5146000003151,632.8801999989082,625.5146000003151,5.9774272510955235,11802,17.927692070735844,0.45594883812939313,18.905078225979477,16349.153665054875,1461.2086237578537,1226163.8941047844,,1.000686768219256,49367823.21708775,0.15537723931624056,4.954464e-03;3.328232e+00;1.113571e+01;1.312273e+01;1.318919e+01;1.243706e+01;1.567595e+01;1.581878e+01;1.595592e+01;1.604702e+01;1.599860e+01;1.606763e+01;1.635339e+01;1.677182e+01;1.710105e+01;1.798754e+01;1.799342e+01;1.769536e+01;1.766645e+01;1.750681e+01;1.730530e+01;1.728216e+01;1.753700e+01;1.730862e+01;1.725088e+01;1.759420e+01;1.810630e+01;1.802574e+01;1.754296e+01;1.745766e+01;1.750727e+01;1.751054e+01;1.776994e+01;1.759697e+01;1.736371e+01;1.763266e+01;1.814994e+01;1.812999e+01;1.783341e+01;1.776324e+01;1.771704e+01;1.751363e+01;1.735326e+01;1.760374e+01;1.748547e+01;1.740724e+01;1.754554e+01;1.810987e+01;1.805310e+01;1.765172e+01;1.743399e+01;1.760150e+01;1.751853e+01;1.778661e+01;1.770176e+01;1.746004e+01;1.757869e+01;1.814693e+01;1.816724e+01;1.792769e+01,2;200;200;200;200;200;200;200;200;200;200;200;200;200;200;200;200;200;200;200;200;200;200;200;200;200;200;200;200;200;200;200;200;200;200;200;200;200;200;200;200;200;200;200;200;200;200;200;200;200;200;200;200;200;200;200;200;200;200;200,,,,,,,E1
200,1,197,0.9899497487437185,random,coupled,1.0,7.73,delta,0.005,1,,0.0,0.9700000000000024,0.025204970482956654,7,20.274111675126903,0.6416530571848671,0.08300815746246663,4728.09444136477,33.06772580548257,0.02040816326530555,0.9703465006938826,0.15549282841305004,0.31554687268886245,True,1.0,10,16,1.6,3.691600000820472,2.46540000080131,10.007700000642217,2.46540000080131,2.0560266075900406,16,9.088132555401529e-07,0.9749990911867469,1.0036896180463595,0.3927057373821318,8.146310101365095e-05,1.5858661857001488,,,0.2094979650165484,0.15537723931623829,4.944901e-03;7.773229e-04;7.869379e-05;2.488299e-04;9.098149e-05;8.870379e-06;3.152576e-05;2.455696e-06;1.144333e-05;9.088133e-07,2;2;1;2;2;1;2;1;2;1,,,,,,,E1
200,1,197,0.9899497487437185,random,decoupled,1.0,7.73,delta,0.005,1,,0.0,0.9700000000000024,0.025204970482956654,7,20.274111675126903,0.6416530571848671,0.08300815746246663,4728.09444136477,33.06772580548257,0.02040816326530555,0.9703465006938826,0.15549282841305004,0.31554687268886245,False,0.0,60,11802,196.7,3.869000000122469,629.7951999986253,636.9137000001501,629.7951999986253,5.936799797788489,11802,17.832541127058008,0.8130731278952051,18.80754112705801,18510.910941566017,14222.103622146695,2585014.538033428,,1.0069492377663265,54454449.16388165,0.15537723931623829,4.944901e-03;3.459042e+00;1.239725e+01;1.305443e+01;1.575438e+01;1.526575e+01;1.491369e+01;1.666397e+01;1.667422e+01;1.663050e+01;1.696200e+01;1.727440e+01;1.735788e+01;1.788612e+01;1.832628e+01;1.839268e+01;1.787442e+01;1.771395e+01;1.777782e+01;1.786999e+01;1.806311e+01;1.797508e+01;1.772248e+01;1.797824e+01;1.845702e+01;1.850837e+01;1.825754e+01;1.809564e+01;1.805538e+01;1.788914e+01;1.777332e+01;1.795271e+01;1.787398e+01;1.777531e+01;1.791966e+01;1.844674e+01;1.848733e+01;1.805839e+01;1.780885e+01;1.795366e+01;1.793853e+01;1.815370e+01;1.812250e+01;1.784057e+01;1.797609e+01;1.851496e+01;1.860954e+01;1.837098e+01;1.811443e+01;1.818074e+01;1.801921e+01;1.783519e+01;1.793458e+01;1.798785e+01;1.787825e+01;1.792750e+01;1.842740e+01;1.856404e+01;1.818708e+01;1.783254e+01,2;200;200;200;200;200;200;200;200;200;200;200;200;200;200;200;200;200;200;200;200;200;200;200;200;200;200;200;200;200;200;200;200;200;200;200;200;200;200;200;200;200;200;200;200;200;200;200;200;200;200;200;200;200;200;200;200;200;200;200,,,,,,,E1
200,2,197,0.9899497487437185,random,coupled,1.0,7.73,delta,0.005,1,,0.0,0.970000000000001,0.02492139170789821,7,20.553299492385786,0.6416530571848671,0.08300815746246663,4711.361321468377,33.04074532014907,0.020408163265305975,0.9701695374903863,0.15524788618175697,0.31989216011947075,True,1.0,10,16,1.6,3.5582000000431435,2.045900000666734,9.065299998837872,2.045900000666734,2.4776030100924276,16,9.07706081409998e-07,0.9749990922939196,1.003752345789078,0.3928430556716953,7.506263062760749e-05,1.5853791137427864,,,0.21031850624550266,0.15537723931624053,4.947220e-03;7.761691e-04;7.867853e-05;2.492472e-04;9.089700e-05;8.868105e-06;3.162012e-05;2.452147e-06;1.148590e-05;9.077061e-07,2;2;1;2;2;1;2;1;2;1,,,,,,,E1
200,2,197,0.9899497487437185,random,decoupled,1.0,7.73,delta,0.005,1,,0.0,0.970000000000001,0.02492139170789821,7,20.553299492385786,0.6416530571848671,0.08300815746246663,4711.361321468377,33.04074532014907,0.020408163265305975,0.9701695374903863,0.15524788618175697,0.31989216011947075,False,0.0,60,11802,196.7,3.8105000003270106,631.422599999496,639.0691000015067,631.422599999496,5.921498558972998,11802,15.815791479407526,0.4711272677973886,16.793368186801576,14622.191408268769,49.093178625687,976718.6597177878,,0.9976549687574373,40944220.33211909,0.15537723931624053,4.947220e-03;4.259348e+00;1.174984e+01;1.182054e+01;1.260259e+01;1.232778e+01;1.283808e+01;1.406856e+01;1.414720e+01;1.524370e+01;1.518327e+01;1.579148e+01;1.603893e+01;1.564447e+01;1.519631e+01;1.531315e+01;1.545482e+01;1.554557e+01;1.583742e+01;1.548804e+01;1.557480e+01;1.598589e+01;1.645072e+01;1.622102e+01;1.571867e+01;1.577519e+01;1.580938e+01;1.564268e+01;1.547472e+01;1.574809e+01;1.569821e+01;1.573614e+01;1.585545e+01;1.638833e+01;1.604533e+01;1.553741e+01;1.547417e+01;1.578521e+01;1.572859e+01;1.603940e+01;1.553271e+01;1.581694e+01;1.601572e+01;1.660330e+01;1.640381e+01;1.587825e+01;1.578709e+01;1.600281e+01;1.585710e+01;1.560345e+01;1.576279e+01;1.587513e+01;1.591670e+01;1.592526e+01;1.642490e+01;1.617761e+01;1.571710e+01;1.549321e+01;1.589385e+01;1.581579e+01,2;200;200;200;200;200;200;200;200;200;200;200;200;200;200;200;200;200;200;200;200;200;200;200;200;200;200;200;200;200;200;200;200;200;200;200;200;200;200;200;200;200;200;200;200;200;200;200;200;200;200;200;200;200;200;200;200;200;200;200,,,,,,,E1
200,3,197,0.9899497487437185,random,coupled,1.0,7.73,delta,0.005,1,,0.0,0.9700000000000026,0.025672037737989768,7,21.96446700507614,0.6416530571848671,0.08300815746246663,4504.45686456562,33.66665924689951,0.02040816326530558,0.9711811820448447,0.16028444562181438,0.3418556129506041,True,1.0,10,16,1.6,3.3683999990898883,1.85099999907834,8.527499998308485,1.85099999907834,2.7384808225413013,16,9.169903665284806e-07,0.9749990830096361,1.0038503158540004,0.39294789386672213,6.8896889897737e-05,1.584791659025089,,,0.2119328230813939,0.15537723931624,4.954212e-03;7.802879e-04;7.909478e-05;2.496988e-04;9.137190e-05;8.926061e-06;3.171579e-05;2.475685e-06;1.152722e-05;9.169904e-07,2;2;1;2;2;1;2;1;2;1,,,,,,,E1
200,3,197,0.9899497487437185,random,decoupled,1.0,7.73,delta,0.005,1,,0.0,0.9700000000000026,0.025672037737989768,7,21.96446700507614,0.6416530571848671,0.08300815746246663,4504.45686456562,33.66665924689951,0.02040816326530558,0.9711811820448447,0.16028444562181438,0.3418556129506041,False,0.0,60,11802,196.7,3.490199998850585,617.667700000311,624.7825999998895,617.667700000311,6.053364966304888,11802,42.33095311880343,0.8557993219716671,43.30595311880343,89808.79095703422,1308.7405190938312,4154288.7261577183,,1.0008585599561626,290251789.99372953,0.15537723931624,4.954212e-03;3.109048e+00;1.135550e+01;1.332368e+01;1.316740e+01;4.104734e+01;4.160145e+01;4.148860e+01;4.141751e+01;4.146098e+01;4.155196e+01;4.161049e+01;4.161228e+01;4.172172e+01;4.198001e+01;4.222657e+01;4.229568e+01;4.212820e+01;4.192781e+01;4.182753e+01;4.180867e+01;4.181537e+01;4.178934e+01;4.178217e+01;4.195072e+01;4.220777e+01;4.237878e+01;4.232855e+01;4.212001e+01;4.196379e+01;4.189778e+01;4.188542e+01;4.187126e+01;4.182635e+01;4.189317e+01;4.212006e+01;4.235337e+01;4.242795e+01;4.227644e+01;4.208031e+01;4.196793e+01;4.192895e+01;4.191795e+01;4.188247e+01;4.186439e+01;4.201957e+01;4.226980e+01;4.244342e+01;4.240412e+01;4.220295e+01;4.204435e+01;4.196974e+01;4.194791e+01;4.192819e+01;4.188017e+01;4.193820e+01;4.215846e+01;4.239182e+01;4.247354e+01;4.233095e+01,2;200;200;200;200;200;200;200;200;200;200;200;200;200;200;200;200;200;200;200;200;200;200;200;200;200;200;200;200;200;200;200;200;200;200;200;200;200;200;200;200;200;200;200;200;200;200;200;200;200;200;200;200;200;200;200;200;200;200;200,,,,,,,E1
200,4,197,0.9899497487437185,random,coupled,1.0,7.73,delta,0.005,1,,0.0,0.9700000000000011,0.025486423396930444,7,21.95431472081218,0.6416530571848671,0.08300815746246663,4769.640744554231,33.71251779998838,0.02040816326530585,0.9713327454028097,0.16148566940542822,0.34169760249856734,True,1.0,10,16,1.6,3.6915000000590226,2.1047999998700107,9.963100001186831,2.1047999998700107,2.408270619685029,16,9.111150980345428e-07,0.974999088884903,1.0037929330031625,0.3928897067661583,7.432644664909459e-05,1.5852328645979212,,,0.21108122350255185,0.15537723931624048,4.950855e-03;7.786797e-04;7.878028e-05;2.494551e-04;9.111216e-05;8.882444e-06;3.166513e-05;2.461676e-06;1.150569e-05;9.111151e-07,2;2;1;2;2;1;2;1;2;1,,,,,,,E1
200,4,197,0.9899497487437185,random,decoupled,1.0,7.73,delta,0.005,1,,0.0,0.9700000000000011,0.025486423396930444,7,21.95431472081218,0.6416530571848671,0.08300815746246663,4769.640744554231,33.71251779998838,0.02040816326530585,0.9713327454028097,0.16148566940542822,0.34169760249856734,False,0.0,60,11802,196.7,3.8593999997829087,639.359599999807,647.2264000003634,639.359599999807,5.847989169164159,11802,22.04723941077704,0.07800647005453867,23.02223941077704,28160.85700122459,13420.533527009065,2436844.1124966117,,0.9989332735379445,87940460.6902353,0.15537723931624048,4.950855e-03;9.088691e-01;2.413055e+01;2.284675e+01;2.234929e+01;2.219401e+01;2.218159e+01;2.220032e+01;2.214057e+01;2.205298e+01;2.229266e+01;2.256745e+01;2.268758e+01;2.257454e+01;2.230813e+01;2.216430e+01;2.206554e+01;2.203613e+01;2.206256e+01;2.193686e+01;2.199768e+01;2.225688e+01;2.254500e+01;2.266491e+01;2.232155e+01;2.212664e+01;2.206927e+01;2.208115e+01;2.211342e+01;2.207596e+01;2.191274e+01;2.215826e+01;2.246842e+01;2.264140e+01;2.255378e+01;2.227973e+01;2.215544e+01;2.206998e+01;2.203392e+01;2.204723e+01;2.192821e+01;2.197632e+01;2.222659e+01;2.251743e+01;2.265266e+01;2.233719e+01;2.213213e+01;2.206940e+01;2.207947e+01;2.211407e+01;2.208833e+01;2.189485e+01;2.213408e+01;2.245289e+01;2.264675e+01;2.257237e+01;2.228281e+01;2.216519e+01;2.208797e+01;2.204724e+01,2;200;200;200;200;200;200;200;200;200;200;200;200;200;200;200;200;200;200;200;200;200;200;200;200;200;200;200;200;200;200;200;200;200;200;200;200;200;200;200;200;200;200;200;200;200;200;200;200;200;200;200;200;200;200;200;200;200;200;200,,,,,,,E1
200,0,199,1.0,random,coupled,1.0,7.73,delta,0.005,1,,0.0,0.9700000000000009,0.02537001070291699,7,22.71356783919598,0.6416530571848671,0.08300815746246663,4569.717601391266,33.55242612766102,0.020408163265305618,0.9713861549701396,0.15942339278716783,0.35351464044944897,True,1.0,10,16,1.6,4.478000000744942,2.6530000013735844,11.559599999600323,2.6530000013735844,1.9106400291653127,16,9.138087703197684e-07,0.9749990861912305,1.0039033517239724,0.3930222063496309,7.201833738061317e-05,1.5852263604409538,,,0.21212597083495535,0.15537723931624056,4.953808e-03;7.787001e-04;7.896075e-05;2.500329e-04;9.120267e-05;8.907396e-06;3.179078e-05;2.467612e-06;1.156097e-05;9.138088e-07,2;2;1;2;2;1;2;1;2;1,True,4.0,54.45200000031036,9.13808770541813e-07,0.002954853617723073,0.000430184847969306,E1
200,0,199,1.0,random,decoupled,1.0,7.73,delta,0.005,1,,0.0,0.9700000000000009,0.02537001070291699,7,22.71356783919598,0.6416530571848671,0.08300815746246663,4569.717601391266,33.55242612766102,0.020408163265305618,0.9713861549701396,0.15942339278716783,0.35351464044944897,False,0.0,60,11802,196.7,3.538799999660114,641.0302000003867,648.1852999986586,641.0302000003867,5.832748622448278,11802,20.08022148152466,0.48181575543402966,21.05946518000448,16349.153665054875,10006.40740004502,1630149.6696005599,,1.000686768219256,49367823.21708775,0.15537723931624056,4.953808e-03;3.527490e+00;1.188195e+01;1.340916e+01;1.288601e+01;1.300391e+01;1.335105e+01;1.535270e+01;1.546851e+01;1.566222e+01;1.563627e+01;1.606763e+01;1.548600e+01;1.627673e+01;1.710105e+01;1.798754e+01;1.799342e+01;1.769536e+01;1.766645e+01;1.750681e+01;1.730530e+01;1.728216e+01;1.753700e+01;1.730862e+01;1.725088e+01;1.759420e+01;1.810630e+01;1.802574e+01;1.754296e+01;1.745766e+01;1.750727e+01;1.751054e+01;1.776994e+01;1.759697e+01;1.736371e+01;1.763266e+01;1.814994e+01;1.812999e+01;1.783341e+01;1.776324e+01;1.787311e+01;1.902681e+01;1.939753e+01;1.919963e+01;1.881137e+01;1.950092e+01;1.984138e+01;1.996716e+01;2.023247e+01;1.974810e+01;1.940569e+01;1.940261e+01;1.960091e+01;1.943458e+01;1.965883e+01;1.934066e+01;1.972406e+01;1.996697e+01;2.037494e+01;2.008022e+01,2;200;200;200;200;200;200;200;200;200;200;200;200;200;200;200;200;200;200;200;200;200;200;200;200;200;200;200;200;200;200;200;200;200;200;200;200;200;200;200;200;200;200;200;200;200;200;200;200;200;200;200;200;200;200;200;200;200;200;200,,,,,,,E1
200,1,199,1.0,random,coupled,1.0,7.73,delta,0.005,1,,0.0,0.9700000000000024,0.025204970482956654,7,20.14070351758794,0.6416530571848671,0.08300815746246663,5530.112973181348,33.067725805482524,0.02040816326530555,0.97053508393519,0.1549838652589492,0.3134705041861552,True,1.0,10,16,1.6,3.328900000269641,2.271400000608992,9.179099999528262,2.271400000608992,2.231631592251895,16,9.088132555401529e-07,0.9749990911867469,1.0036896180463595,0.39270573738213166,8.146310100310249e-05,1.5859975473890675,,,0.20949796501654858,0.15537723931623829,4.944901e-03;7.773229e-04;7.869379e-05;2.488299e-04;9.098149e-05;8.870379e-06;3.152576e-05;2.455696e-06;1.144333e-05;9.088133e-07,2;2;1;2;2;1;2;1;2;1,,,,,,,E1
200,1,199,1.0,random,decoupled,1.0,7.73,delta,0.005,1,,0.0,0.9700000000000024,0.025204970482956654,7,20.14070351758794,0.6416530571848671,0.08300815746246663,5530.112973181348,33.067725805482524,0.02040816326530555,0.97053508393519,0.1549838652589492,0.3134705041861552,False,0.0,60,11802,196.7,2.7102999993076082,616.026999998212,621.8691999984003,616.026999998212,6.069487240024954,11802,17.832541127058008,0.10094959089741687,18.80754112705801,18510.910941566017,13693.180787891812,2522531.0991927236,,1.0069492377663265,54454449.16388164,0.15537723931623829,4.944901e-03;3.459042e+00;1.239725e+01;1.278197e+01;1.575438e+01;1.526575e+01;1.491369e+01;1.527958e+01;1.513276e+01;1.512254e+01;1.678334e+01;1.710884e+01;1.729807e+01;1.788612e+01;1.832628e+01;1.839268e+01;1.787442e+01;1.771395e+01;1.777782e+01;1.786999e+01;1.806311e+01;1.797508e+01;1.772248e+01;1.797824e+01;1.845702e+01;1.850837e+01;1.825754e+01;1.809564e+01;1.805538e+01;1.788914e+01;1.777332e+01;1.795271e+01;1.787398e+01;1.777531e+01;1.791966e+01;1.844674e+01;1.848733e+01;1.805839e+01;1.780885e+01;1.795366e+01;1.793853e+01;1.815370e+01;1.812250e+01;1.784057e+01;1.797609e+01;1.851496e+01;1.860954e+01;1.837098e+01;1.811443e+01;1.818074e+01;1.801921e+01;1.783519e+01;1.793458e+01;1.798785e+01;1.787825e+01;1.792750e+01;1.842740e+01;1.856404e+01;1.818708e+01;1.783254e+01,2;200;200;200;200;200;200;200;200;200;200;200;200;200;200;200;200;200;200;200;200;200;200;200;200;200;200;200;200;200;200;200;200;200;200;200;200;200;200;200;200;200;200;200;200;200;200;200;200;200;200;200;200;200;200;200;200;200;200;200,,,,,,,E1
200,2,199,1.0,random,coupled,1.0,7.73,delta,0.005,1,,0.0,0.970000000000001,0.02492139170789821,7,20.527638190954775,0.6416530571848671,0.08300815746246663,4738.48142123932,33.44863944329207,0.02040816326530597,0.9704857353008179,0.15560056665925,0.31949276686636874,True,1.0,10,16,1.6,3.5780999987764517,2.239999999801512,9.630599999582046,2.239999999801512,2.2629142859148046,16,9.076980165279025e-07,0.9749990923019844,1.003752345789078,0.3928430556716951,7.507639376560073e-05,1.5855588891359713,,,0.2103185062455009,0.15537723931624053,4.947220e-03;7.761727e-04;7.868219e-05;2.492472e-04;9.089671e-05;8.868112e-06;3.162012e-05;2.452120e-06;1.148590e-05;9.076980e-07,2;2;1;2;2;1;2;1;2;1,,,,,,,E1
200,2,199,1.0,random,decoupled,1.0,7.73,delta,0.005,1,,0.0,0.970000000000001,0.02492139170789821,7,20.527638190954775,0.6416530571848671,0.08300815746246663,4738.48142123932,33.44863944329207,0.02040816326530597,0.9704857353008179,0.15560056665925,0.31949276686636874,False,0.0,60,11802,196.7,3.807799999776762,635.4413999997632,642.4766999989515,635.4413999997632,5.884048499202906,11802,17.199433099370115,0.4711272677973886,18.174433099370116,14628.809371013791,2093.8880042039295,1076348.9560731626,,1.0054156438711832,41880401.959065154,0.15537723931624053,4.947220e-03;4.259348e+00;9.670302e+00;1.182606e+01;1.223208e+01;1.058119e+01;1.222279e+01;1.254356e+01;1.232588e+01;1.338532e+01;1.361722e+01;1.452900e+01;1.474388e+01;1.431652e+01;1.558170e+01;1.542869e+01;1.507748e+01;1.465213e+01;1.499640e+01;1.500380e+01;1.512438e+01;1.552177e+01;1.520186e+01;1.507012e+01;1.584523e+01;1.589363e+01;1.558626e+01;1.503046e+01;1.469122e+01;1.538911e+01;1.520915e+01;1.559788e+01;1.484270e+01;1.623560e+01;1.666238e+01;1.696211e+01;1.705962e+01;1.653263e+01;1.646484e+01;1.644745e+01;1.657448e+01;1.666880e+01;1.650160e+01;1.631966e+01;1.667814e+01;1.696959e+01;1.699948e+01;1.683002e+01;1.673212e+01;1.656570e+01;1.640052e+01;1.643080e+01;1.658637e+01;1.636622e+01;1.629387e+01;1.664843e+01;1.702472e+01;1.708142e+01;1.659661e+01;1.719943e+01,2;200;200;200;200;200;200;200;200;200;200;200;200;200;200;200;200;200;200;200;200;200;200;200;200;200;200;200;200;200;200;200;200;200;200;200;200;200;200;200;200;200;200;200;200;200;200;200;200;200;200;200;200;200;200;200;200;200;200;200,,,,,,,E1
200,3,199,1.0,random,coupled,1.0,7.73,delta,0.005,1,,0.0,0.9700000000000026,0.025672037737989768,7,21.984924623115578,0.6416530571848671,0.08300815746246663,4504.456896370602,33.666659246899535,0.02040816326530558,0.9715223902603047,0.16055550733254267,0.3421740159217648,True,1.0,10,16,1.6,3.9073000007192604,2.4210999999922933,10.170199999265606,2.4210999999922933,2.093646689527956,16,9.169903665284806e-07,0.9749990830096361,1.003850315853837,0.39294789426642385,6.95279454628878e-05,1.5849478583185599,,,0.21144726315774662,0.15537723931624,4.951770e-03;7.802879e-04;7.909478e-05;2.496991e-04;9.137190e-05;8.926061e-06;3.171582e-05;2.475685e-06;1.152723e-05;9.169904e-07,2;2;1;2;2;1;2;1;2;1,,,,,,,E1
200,3,199,1.0,random,decoupled,1.0,7.73,delta,0.005,1,,0.0,0.9700000000000026,0.025672037737989768,7,21.984924623115578,0.6416530571848671,0.08300815746246663,4504.456896370602,33.666659246899535,0.02040816326530558,0.9715223902603047,0.16055550733254267,0.3421740159217648,False,0.0,60,11802,196.7,3.507599998556543,627.1485000015673,633.9566000006016,627.1485000015673,5.961854355054116,11802,42.33095311880343,0.4963232256245365,43.30595311880343,89808.79095703422,293.0951616987204,3627296.249554348,,1.0008585599561626,290251789.9937295,0.15537723931624,4.951770e-03;1.842018e-01;5.724465e+00;9.200721e+00;1.248170e+01;4.104734e+01;4.160145e+01;4.148860e+01;4.141751e+01;4.146098e+01;4.155196e+01;4.161049e+01;4.161228e+01;4.172172e+01;4.198001e+01;4.222657e+01;4.229568e+01;4.212820e+01;4.192781e+01;4.182753e+01;4.180867e+01;4.181537e+01;4.178934e+01;4.178217e+01;4.195072e+01;4.220777e+01;4.237878e+01;4.232855e+01;4.212001e+01;4.196379e+01;4.189778e+01;4.188542e+01;4.187126e+01;4.182635e+01;4.189317e+01;4.212006e+01;4.235337e+01;4.242795e+01;4.227644e+01;4.208031e+01;4.196793e+01;4.192895e+01;4.191795e+01;4.188247e+01;4.186439e+01;4.201957e+01;4.226980e+01;4.244342e+01;4.240412e+01;4.220295e+01;4.204435e+01;4.196974e+01;4.194791e+01;4.192819e+01;4.188017e+01;4.193820e+01;4.215846e+01;4.239182e+01;4.247354e+01;4.233095e+01,2;200;200;200;200;200;200;200;200;200;200;200;200;200;200;200;200;200;200;200;200;200;200;200;200;200;200;200;200;200;200;200;200;200;200;200;200;200;200;200;200;200;200;200;200;200;200;200;200;200;200;200;200;200;200;200;200;200;200;200,,,,,,,E1
200,4,199,1.0,random,coupled,1.0,7.73,delta,0.005,1,,0.0,0.9700000000000011,0.025486423396930444,7,22.12060301507538,0.6416530571848671,0.08300815746246663,4769.640744554351,33.712763675052,0.02040816326530585,0.9716380985891224,0.1614877178909999,0.3442857184200105,True,1.0,10,16,1.6,3.9139999989856733,1.925499998833402,9.548899999572313,1.925499998833402,2.6325255793669693,16,9.111150980345428e-07,0.974999088884903,1.0037929330031625,0.39288970676615825,7.396201596471587e-05,1.585368661286676,,,0.21080189219236525,0.15537723931624048,4.948998e-03;7.786797e-04;7.878028e-05;2.494551e-04;9.111216e-05;8.882444e-06;3.166513e-05;2.461676e-06;1.150569e-05;9.111151e-07,2;2;1;2;2;1;2;1;2;1,,,,,,,E1
200,4,199,1.0,random,decoupled,1.0,7.73,delta,0.005,1,,0.0,0.9700000000000011,0.025486423396930444,7,22.12060301507538,0.6416530571848671,0.08300815746246663,4769.640744554351,33.712763675052,0.02040816326530585,0.9716380985891224,0.1614877178909999,0.3442857184200105,False,0.0,60,11802,196.7,3.933999998480431,657.8046000013273,665.0101000013819,657.8046000013273,5.68401013916968,11802,22.04723941077704,0.07800647005453867,23.02223941077704,28160.85700122459,2705.037297658739,2009199.5548417177,,0.9989332735379445,87940460.6902353,0.15537723931624048,4.948998e-03;9.088691e-01;2.413055e+01;2.284675e+01;2.234929e+01;2.219401e+01;2.218159e+01;2.220032e+01;2.214057e+01;2.205298e+01;2.229266e+01;2.256745e+01;2.268758e+01;2.257454e+01;2.230813e+01;2.216430e+01;2.206554e+01;2.203613e+01;2.206256e+01;2.193686e+01;2.199768e+01;2.225688e+01;2.254500e+01;2.266491e+01;2.232155e+01;2.212664e+01;2.206927e+01;2.208115e+01;2.211342e+01;2.207596e+01;2.191274e+01;2.215826e+01;2.246842e+01;2.264140e+01;2.255378e+01;2.227973e+01;2.215544e+01;2.206998e+01;2.203392e+01;2.204723e+01;2.192821e+01;2.197632e+01;2.222659e+01;2.251743e+01;2.265266e+01;2.233719e+01;2.213213e+01;2.206940e+01;2.207947e+01;2.211407e+01;2.208833e+01;2.189485e+01;2.213408e+01;2.245289e+01;2.264675e+01;2.257237e+01;2.228281e+01;2.216519e+01;2.208797e+01;2.204724e+01,2;200;200;200;200;200;200;200;200;200;200;200;200;200;200;200;200;200;200;200;200;200;200;200;200;200;200;200;200;200;200;200;200;200;200;200;200;200;200;200;200;200;200;200;200;200;200;200;200;200;200;200;200;200;200;200;200;200;200;200,,,,,,,E1
500,0,1,0.002004008016032064,random,coupled,1.0,7.73,delta,0.005,1,,0.0,0.9700000000000011,0.025171278163522704,7,53.0,0.6416530571848671,0.08300815746246663,1.0,0.0,inf,0.0,0.0,0.8248935647832512,True,1.0,8,16,2.0,28.25209999900835,4.235399999743095,36.438400000406546,4.235399999743095,7.525175426626353,16,3.541036742715775e-07,0.9710720819544909,0.9995358569454554,0.006818417072778619,0.006818417072778619,0.006818417072778619,,,0.14655748236104038,0.1540213424077134,4.978119e-03;5.462261e-04;1.458823e-04;4.285251e-05;1.285046e-05;3.876208e-06;1.171263e-06;3.541037e-07,2;2;2;2;2;2;2;2,True,5.0,65.7214999991993,3.541036739385106e-07,0.00022588158100155388,5.254940426977286e-07,E1
500,0,1,0.002004008016032064,random,decoupled,1.0,7.73,delta,0.005,1,,0.0,0.9700000000000011,0.025171278163522704,7,53.0,0.6416530571848671,0.08300815746246663,1.0,0.0,inf,0.0,0.0,0.8248935647832512,True,1.0,8,16,2.0,27.045700000599027,5.662999999913154,36.368499999298365,5.662999999913154,5.628134910910962,16,3.541036742715775e-07,0.9710720819544909,0.9995358569454554,0.006818417072778514,0.006818417072778514,0.006818417072778514,,,0.1465574823610227,0.1540213424077134,4.978119e-03;5.462261e-04;1.458823e-04;4.285251e-05;1.285046e-05;3.876208e-06;1.171263e-06;3.541037e-07,2;2;2;2;2;2;2;2,,,,,,,E1
500,1,1,0.002004008016032064,random,coupled,1.0,7.73,delta,0.005,1,,0.0,0.9700000000000001,0.02528847274572829,7,4.0,0.6416530571848671,0.08300815746246663,1.0,0.0,inf,0.0,0.0,0.06225611809685111,True,1.0,9,18,2.0,21.945500000583706,5.127000000356929,30.87959999902523,5.127000000356929,6.993591573533018,18,4.986846746657392e-07,0.9723576925777748,1.0033956340859032,0.09820477387236556,0.09820477387236556,0.09820477387236556,,,0.22167481713589676,0.15099104390883739,4.998540e-03;7.458892e-04;2.349955e-04;8.164394e-05;2.915656e-05;1.051036e-05;3.801406e-06;1.376547e-06;4.986847e-07,2;2;2;2;2;2;2;2;2,,,,,,,E1
500,1,1,0.002004008016032064,random,decoupled,1.0,7.73,delta,0.005,1,,0.0,0.9700000000000001,0.02528847274572829,7,4.0,0.6416530571848671,0.08300815746246663,1.0,0.0,inf,0.0,0.0,0.06225611809685111,True,1.0,9,18,2.0,25.875100000121165,5.043300001489115,35.040400000070804,5.043300001489115,7.10965914964664,18,4.9868467422165e-07,0.9723576925777748,1.0033956340859036,0.0982047738723696,0.0982047738723696,0.0982047738723696,,,0.22167481713594703,0.15099104390883739,4.998540e-03;7.458892e-04;2.349955e-04;8.164394e-05;2.915656e-05;1.051036e-05;3.801406e-06;1.376547e-06;4.986847e-07,2;2;2;2;2;2;2;2;2,,,,,,,E1
500,2,1,0.002004008016032064,random,coupled,1.0,7.73,delta,0.005,1,,0.0,0.9700000000000011,0.025160514285827912,7,29.0,0.6416530571848671,0.08300815746246663,1.0,0.0,inf,0.0,0.0,0.45135685620218163,True,1.0,8,16,2.0,26.560199999948964,4.507800000283169,34.91369999937888,4.507800000283169,7.070439681884261,16,6.158604237693766e-07,0.9703922951117065,0.9995818079418941,0.012861353604068948,0.012861353604068948,0.012861353604068948,,,0.17382996935691253,0.1527857397126698,4.985269e-03;6.222566e-04;1.779092e-04;5.593567e-05;1.799903e-05;5.833043e-06;1.894650e-06;6.158604e-07,2;2;2;2;2;2;2;2,,,,,,,E1
500,2,1,0.002004008016032064,random,decoupled,1.0,7.73,delta,0.005,1,,0.0,0.9700000000000011,0.025160514285827912,7,29.0,0.6416530571848671,0.08300815746246663,1.0,0.0,inf,0.0,0.0,0.45135685620218163,True,1.0,8,16,2.0,28.162099999462953,5.707300000722171,38.41089999878022,5.707300000722171,5.58444938867189,16,6.158604237693766e-07,0.9703922951117065,0.9995818079418941,0.01286135360406893,0.01286135360406893,0.01286135360406893,,,0.17382996935691078,0.1527857397126698,4.985269e-03;6.222566e-04;1.779092e-04;5.593567e-05;1.799903e-05;5.833043e-06;1.894650e-06;6.158604e-07,2;2;2;2;2;2;2;2,,,,,,,E1
500,3,1,0.002004008016032064,random,coupled,1.0,7.73,delta,0.005,1,,0.0,0.9700000000000005,0.025347748473390996,7,30.0,0.6416530571848671,0.08300815746246663,1.0,0.0,inf,0.0,0.0,0.4669208857264216,True,1.0,8,16,2.0,25.775399999474757,4.606500000591041,34.91740000026766,4.606500000591041,6.918946704854146,16,6.403913919150739e-07,0.9699999999997955,0.9996573231759488,0.012474841038193291,0.012474841038193291,0.012474841038193291,,,0.17649505670711285,0.15261548064796504,4.989747e-03;6.270509e-04;1.802699e-04;5.696387e-05;1.842421e-05;6.002010e-06;1.959783e-06;6.403914e-07,2;2;2;2;2;2;2;2,,,,,,,E1
500,3,1,0.002004008016032064,random,decoupled,1.0,7.73,delta,0.005,1,,0.0,0.9700000000000005,0.025347748473390996,7,30.0,0.6416530571848671,0.08300815746246663,1.0,0.0,inf,0.0,0.0,0.4669208857264216,True,1.0,8,16,2.0,25.407799999811687,4.666599999836762,33.782100001189974,4.666599999836762,6.8298392836572415,16,6.403913919150739e-07,0.9699999999997955,0.9996573231759488,0.012474841038193572,0.012474841038193572,0.012474841038193572,,,0.17649505670713947,0.15261548064796504,4.989747e-03;6.270509e-04;1.802699e-04;5.696387e-05;1.842421e-05;6.002010e-06;1.959783e-06;6.403914e-07,2;2;2;2;2;2;2;2,,,,,,,E1
500,4,1,0.002004008016032064,random,coupled,1.0,7.73,delta,0.005,1,,0.0,0.9700000000000009,0.02531445994884545,7,1.0,0.6416530571848671,0.08300815746246663,1.0,0.0,inf,0.0,0.0,0.015564029524212503,True,1.0,9,18,2.0,20.012999999380554,4.690699999628123,28.49439999954484,4.690699999628123,7.6440923535597385,18,5.204326234409251e-07,0.9705410303612156,1.0044630367444387,0.3941061212893973,0.3941061212893973,0.3941061212893973,,,0.2243717375715058,0.15083098893818128,4.999593e-03;7.525275e-04;2.381478e-04;8.312085e-05;2.982715e-05;1.080520e-05;3.927576e-06;1.429381e-06;5.204326e-07,2;2;2;2;2;2;2;2;2,,,,,,,E1
500,4,1,0.002004008016032064,random,decoupled,1.0,7.73,delta,0.005,1,,0.0,0.9700000000000009,0.02531445994884545,7,1.0,0.6416530571848671,0.08300815746246663,1.0,0.0,inf,0.0,0.0,0.015564029524212503,True,1.0,9,18,2.0,27.285499998470186,5.69790000008652,38.11139999925217,5.69790000008652,6.292870004643034,18,5.204326232188805e-07,0.9705410303612156,1.004463036744439,0.3941061212894179,0.3941061212894179,0.3941061212894179,,,0.22437173757156967,0.15083098893818128,4.999593e-03;7.525275e-04;2.381478e-04;8.312085e-05;2.982715e-05;1.080520e-05;3.927576e-06;1.429381e-06;5.204326e-07,2;2;2;2;2;2;2;2;2,,,,,,,E1
500,0,2,0.004008016032064128,random,coupled,1.0,7.73,delta,0.005,1,,0.0,0.9700000000000011,0.025171278163522704,7,30.0,0.6416530571848671,0.08300815746246663,7.571428571428219,1.1102230246251565e-16,108948206669491.08,0.0,0.0,0.46692088572637114,True,1.0,9,18,2.0,26.13750000091386,5.793899999844143,36.547200001223246,5.793899999844143,6.18860249589474,18,4.1497983027660723e-07,0.9710720819544909,1.0015567567642734,0.05555910127475792,0.031188970290825353,0.06237794058165071,,,0.21175536680979584,0.1540213424077134,4.997620e-03;7.201670e-04;2.225420e-04;7.576762e-05;2.649049e-05;9.344228e-06;3.306244e-06;1.171110e-06;4.149798e-07,2;2;2;2;2;2;2;2;2,True,5.0,53.80660000082571,4.152780378463561e-07,0.00028548333810668,5.9157112188013006e-06,E1
500,0,2,0.004008016032064128,random,decoupled,1.0,7.73,delta,0.005,1,,0.0,0.9700000000000011,0.025171278163522704,7,30.0,0.6416530571848671,0.08300815746246663,7.571428571428219,1.1102230246251565e-16,108948206669491.08,0.0,0.0,0.46692088572637114,True,1.0,9,18,2.0,26.542199999312288,4.83899999926507,35.46999999889522,4.83899999926507,7.409825171615148,18,4.1497983027660723e-07,0.9710720819544909,1.0015567567642734,0.055559101274758146,0.031188970290825416,0.06237794058165083,,,0.2117553668098009,0.1540213424077134,4.997620e-03;7.201670e-04;2.225420e-04;7.576762e-05;2.649049e-05;9.344228e-06;3.306244e-06;1.171110e-06;4.149798e-07,2;2;2;2;2;2;2;2;2,,,,,,,E1
500,1,2,0.004008016032064128,random,coupled,1.0,7.73,delta,0.005,1,,0.0,0.9700000000000001,0.02528847274572829,7,14.5,0.6416530571848671,0.08300815746246663,6.250000000000276,0.0,62256118096851.1,0.0,0.0,0.22567842810109387,True,1.0,9,18,2.0,24.847299999237293,5.9519000005821,34.59870000006049,5.9519000005821,6.02431895638254,18,4.986846746657392e-07,0.9734696323786972,1.0033956340859032,0.09820477387236556,0.05661856938491758,0.11323713876983516,,,0.22167481713589676,0.15246978529318883,4.998540e-03;7.458892e-04;2.349955e-04;8.164394e-05;2.915656e-05;1.051036e-05;3.801406e-06;1.376547e-06;4.986847e-07,2;2;2;2;2;2;2;2;2,,,,,,,E1
500,1,2,0.004008016032064128,random,decoupled,1.0,7.73,delta,0.005,1,,0.0,0.9700000000000001,0.02528847274572829,7,14.5,0.6416530571848671,0.08300815746246663,6.250000000000276,0.0,62256118096851.1,0.0,0.0,0.22567842810109387,True,1.0,9,18,2.0,25.683899999421556,4.796499999429216,34.186099999715225,4.796499999429216,7.4754808723583634,18,4.9868467422165e-07,0.9734696323786972,1.0033956340859036,0.0982047738723696,0.05661856938491955,0.1132371387698391,,,0.22167481713594703,0.15246978529318883,4.998540e-03;7.458892e-04;2.349955e-04;8.164394e-05;2.915656e-05;1.051036e-05;3.801406e-06;1.376547e-06;4.986847e-07,2;2;2;2;2;2;2;2;2,,,,,,,E1
500,2,2,0.004008016032064128,random,coupled,1.0,7.73,delta,0.005,1,,0.0,0.9700000000000011,0.025160514285827912,7,62.5,0.6416530571848671,0.08300815746246663,1.3584905660377187,0.0,824893564783324.8,0.0,0.0,0.9727518452633477,True,1.0,8,16,2.0,24.02579999943555,4.402199998366996,32.081399998787674,4.402199998366996,7.240045434515248,16,3.577227216666756e-07,0.9699999999998064,0.9995265095014167,0.006824552013817761,0.005905369818045896,0.011810739636091793,,,0.1476782932547818,0.1545230946572841,4.982007e-03;5.471795e-04;1.463417e-04;4.304610e-05;1.292655e-05;3.904681e-06;1.181547e-06;3.577227e-07,2;2;2;2;2;2;2;2,,,,,,,E1
500,2,2,0.004008016032064128,random,decoupled,1.0,7.73,delta,0.005,1,,0.0,0.9700000000000011,0.025160514285827912,7,62.5,0.6416530571848671,0.08300815746246663,1.3584905660377187,0.0,824893564783324.8,0.0,0.0,0.9727518452633477,True,1.0,8,16,2.0,17.2922000001563,4.643399999622488,26.28259999983129,4.643399999622488,6.863963475597886,16,3.577227216666756e-07,0.9699999999998064,0.9995265095014167,0.006824552013817725,0.0059053698180458756,0.011810739636091751,,,0.14767829325477577,0.1545230946572841,4.982007e-03;5.471795e-04;1.463417e-04;4.304610e-05;1.292655e-05;3.904681e-06;1.181547e-06;3.577227e-07,2;2;2;2;2;2;2;2,,,,,,,E1
500,3,2,0.004008016032064128,random,coupled,1.0,7.73,delta,0.005,1,,0.0,0.9700000000000005,0.025347748473390996,7,38.0,0.6416530571848671,0.08300815746246663,1.533333333333338,1.1102230246251565e-16,466920885726421.56,0.0,0.0,0.5914331219201351,True,1.0,8,16,2.0,28.86709999984305,4.295599999750266,37.47939999993832,4.295599999750266,7.419715057699263,16,6.403913919150739e-07,0.9744204250205677,0.9996573231759488,0.012474841038193291,0.010194202060679749,0.020388404121359498,,,0.17649505670711285,0.15365904755754078,4.989747e-03;6.270509e-04;1.802699e-04;5.696387e-05;1.842421e-05;6.002010e-06;1.959783e-06;6.403914e-07,2;2;2;2;2;2;2;2,,,,,,,E1
500,3,2,0.004008016032064128,random,decoupled,1.0,7.73,delta,0.005,1,,0.0,0.9700000000000005,0.025347748473390996,7,38.0,0.6416530571848671,0.08300815746246663,1.533333333333338,1.1102230246251565e-16,466920885726421.56,0.0,0.0,0.5914331219201351,True,1.0,8,16,2.0,29.100899999320973,5.702699998437311,38.95040000134031,5.702699998437311,5.588954005775124,16,6.403913919150739e-07,0.9744204250205677,0.9996573231759488,0.012474841038193572,0.01019420206067986,0.02038840412135972,,,0.17649505670713947,0.15365904755754078,4.989747e-03;6.270509e-04;1.802699e-04;5.696387e-05;1.842421e-05;6.002010e-06;1.959783e-06;6.403914e-07,2;2;2;2;2;2;2;2,,,,,,,E1
500,4,2,0.004008016032064128,random,coupled,1.0,7.73,delta,0.005,1,,0.0,0.9700000000000009,0.02531445994884545,7,1.5,0.6416530571848671,0.08300815746246663,1.999999999999998,0.0,15564029524212.502,0.0,0.0,0.02334604428631874,True,1.0,9,18,2.0,26.977600000464008,6.935400000656955,39.117099999202765,6.935400000656955,5.170018167171833,18,5.333164014853509e-07,0.9705410303612156,1.0044630367444387,0.3941061212893973,0.29567678353482657,0.5913535670696531,,,0.22560411825230187,0.15083467887878343,4.999593e-03;7.557803e-04;2.397990e-04;8.392681e-05;3.020302e-05;1.097365e-05;4.000715e-06;1.460371e-06;5.333164e-07,2;2;2;2;2;2;2;2;2,,,,,,,E1
500,4,2,0.004008016032064128,random,decoupled,1.0,7.73,delta,0.005,1,,0.0,0.9700000000000009,0.02531445994884545,7,1.5,0.6416530571848671,0.08300815746246663,1.999999999999998,0.0,15564029524212.502,0.0,0.0,0.02334604428631874,True,1.0,9,18,2.0,23.903299999801675,4.969400000845781,33.39120000055118,4.969400000845781,7.215386967017621,18,5.333164012633063e-07,0.9705410303612156,1.004463036744439,0.3941061212894179,0.295676783534841,0.591353567069682,,,0.22560411825235313,0.15083467887878343,4.999593e-03;7.557803e-04;2.397990e-04;8.392681e-05;3.020302e-05;1.097365e-05;4.000715e-06;1.460371e-06;5.333164e-07,2;2;2;2;2;2;2;2;2,,,,,,,E1
500,0,3,0.006012024048096192,random,coupled,1.0,7.73,delta,0.005,1,,0.0,0.9700000000000011,0.025171278163522704,7,23.0,0.6416530571848671,0.08300815746246663,14.73583391109266,0.3474041668898692,0.9999999999997587,0.20256410256412294,0.11580138896328962,0.3579726790569686,True,1.0,10,19,1.9,25.268499999583582,4.972100001396029,34.098799998901086,4.972100001396029,7.612105949070469,19,5.172464085934081e-07,0.9699999999998057,1.0034063112754146,0.0982136187435894,0.05568945216480625,0.15402351333545383,,,0.22177179193592028,0.15408604156705655,4.998873e-03;7.459531e-04;2.502767e-04;1.279596e-05;8.321202e-05;3.022405e-05;1.089786e-05;3.941881e-06;1.427589e-06;5.172464e-07,2;2;2;1;2;2;2;2;2;2,True,6.0,56.72000000049593,5.172464079272743e-07,0.0003598611773805656,1.290153857079479e-05,E1
500,0,3,0.006012024048096192,random,decoupled,1.0,7.73,delta,0.005,1,,0.0,0.9700000000000011,0.025171278163522704,7,23.0,0.6416530571848671,0.08300815746246663,14.73583391109266,0.3474041668898692,0.9999999999997587,0.20256410256412294,0.11580138896328962,0.3579726790569686,True,1.0,14,22,1.5714285714285714,25.6920000010723,6.5230000000156,35.99690000010014,6.5230000000156,6.718408094419009,22,8.408776878132684e-07,0.9699999999998057,1.0034066399564203,0.09822192646712177,0.055687937187536424,0.15402879671127243,,,0.221875139540834,0.15408604156705655,4.998873e-03;3.636579e-03;8.448088e-04;4.538875e-04;1.342036e-04;1.028655e-04;6.079977e-05;4.042565e-05;1.791923e-05;8.532310e-06;5.623087e-06;2.668885e-06;1.275724e-06;8.408777e-07,2;2;1;1;1;1;2;2;1;2;2;1;2;2,,,,,,,E1
500,1,3,0.006012024048096192,random,coupled,1.0,7.73,delta,0.005,1,,0.0,0.9700000000000001,0.02528847274572829,7,30.0,0.6416530571848671,0.08300815746246663,18.451460900375437,0.6401843996644986,0.99999999999998,0.2635658914728725,0.2133947998881658,0.46692088572639845,True,1.0,9,18,2.0,24.66199999980745,5.941399998846464,34.98299999955634,5.941399998846464,6.034965497519364,18,4.986846746657392e-07,0.9734696323786972,1.0033956340859032,0.09820477387236556,0.015135537749833517,0.11344755830435735,,,0.22167481713589676,0.15413326658267534,4.998540e-03;7.458892e-04;2.349955e-04;8.164394e-05;2.915656e-05;1.051036e-05;3.801406e-06;1.376547e-06;4.986847e-07,2;2;2;2;2;2;2;2;2,,,,,,,E1
500,1,3,0.006012024048096192,random,decoupled,1.0,7.73,delta,0.005,1,,0.0,0.9700000000000001,0.02528847274572829,7,30.0,0.6416530571848671,0.08300815746246663,18.451460900375437,0.6401843996644986,0.99999999999998,0.2635658914728725,0.2133947998881658,0.46692088572639845,True,1.0,21,29,1.380952380952381,24.278599999888684,9.383100001286948,37.621800000124495,9.383100001286948,6.15662542145738,29,8.373121523908011e-07,0.9734696323786972,1.003396132885677,0.09821729388753356,0.01513081677780615,0.11345338944489998,,,0.2218305670718497,0.15413326658267534,4.998540e-03;3.226057e-03;6.303339e-04;4.541612e-04;2.313766e-04;2.111983e-04;1.340638e-04;1.226384e-04;8.293716e-05;8.171588e-05;5.117635e-05;3.298084e-05;1.359282e-05;1.284236e-05;8.470503e-06;8.030147e-06;5.229508e-06;3.416977e-06;1.413215e-06;1.276295e-06;8.373122e-07,2;2;2;1;1;1;1;1;2;1;2;2;1;1;1;1;2;2;1;1;1,,,,,,,E1
500,2,3,0.006012024048096192,random,coupled,1.0,7.73,delta,0.005,1,,0.0,0.9700000000000011,0.025160514285827912,7,76.66666666666667,0.6416530571848671,0.08300815746246663,2.098039215686335,0.0,793765505734874.0,0.0,0.0,1.1932422635230355,True,1.0,8,16,2.0,25.089100001423503,5.548600000111037,34.59379999912926,5.548600000111037,5.744174746668021,16,3.564817395718123e-07,0.972401708163893,0.9995224648816166,0.007082697573786369,0.004986187622274031,0.015404195230228901,,,0.14597182649481277,0.15530600963405555,4.975242e-03;5.462100e-04;1.458613e-04;4.283993e-05;1.284630e-05;3.883954e-06;1.176358e-06;3.564817e-07,2;2;2;2;2;2;2;2,,,,,,,E1
500,2,3,0.006012024048096192,random,decoupled,1.0,7.73,delta,0.005,1,,0.0,0.9700000000000011,0.025160514285827912,7,76.66666666666667,0.6416530571848671,0.08300815746246663,2.098039215686335,0.0,793765505734874.0,0.0,0.0,1.1932422635230355,True,1.0,8,16,2.0,23.1882999996742,4.345600000306149,32.21950000079232,4.345600000306149,7.334344623931011,16,3.564817395718123e-07,0.972401708163893,0.9995224648816166,0.007082697573786285,0.004986187622274026,0.015404195230228814,,,0.14597182649479917,0.15530600963405555,4.975242e-03;5.462100e-04;1.458613e-04;4.283993e-05;1.284630e-05;3.883954e-06;1.176358e-06;3.564817e-07,2;2;2;2;2;2;2;2,,,,,,,E1
500,3,3,0.006012024048096192,random,coupled,1.0,7.73,delta,0.005,1,,0.0,0.9700000000000005,0.025347748473390996,7,35.666666666666664,0.6416530571848671,0.08300815746246663,24.537818008703287,0.9211323729436824,0.9999999999999949,0.31967213114754195,0.30704412431456046,0.5551170530302935,True,1.0,8,16,2.0,25.53249999982654,4.668200001106015,34.51870000026247,4.668200001106015,6.827498391767422,16,7.146961698012433e-07,0.9744204250205677,0.9996867257275354,0.013554935426772304,0.007913563083166205,0.021579597192218712,,,0.1816495005608269,0.15365904755754078,4.987585e-03;6.429480e-04;1.896412e-04;6.024858e-05;1.973543e-05;6.516579e-06;2.157200e-06;7.146962e-07,2;2;2;2;2;2;2;2,,,,,,,E1
500,3,3,0.006012024048096192,random,decoupled,1.0,7.73,delta,0.005,1,,0.0,0.9700000000000005,0.025347748473390996,7,35.666666666666664,0.6416530571848671,0.08300815746246663,24.537818008703287,0.9211323729436824,0.9999999999999949,0.31967213114754195,0.30704412431456046,0.5551170530302935,False,0.0,60,88,1.4666666666666666,25.688499999887426,26.845399999729125,56.575799999336596,26.845399999729125,6.529860013327005,88,3.774806041967338e-06,0.9744204250205677,0.9996867519245283,0.013497933740018318,0.007914358685083858,0.02147630536477598,,,0.18133731161059666,0.15365904755754078,4.987585e-03;2.480515e-03;3.961484e-04;2.627315e-04;2.172036e-04;2.597282e-04;2.506237e-04;2.334985e-04;1.940531e-04;1.978509e-04;1.650273e-04;1.671193e-04;1.397771e-04;1.407223e-04;1.179764e-04;1.181563e-04;9.925799e-05;1.239935e-04;9.473648e-05;9.503110e-05;8.485494e-05;8.506833e-05;7.612341e-05;5.092369e-05;4.296619e-05;4.888345e-05;4.855879e-05;4.332223e-05;3.662070e-05;4.454174e-05;3.486367e-05;3.478806e-05;3.135381e-05;3.128339e-05;2.820974e-05;2.813425e-05;2.538216e-05;1.674675e-05;1.417363e-05;1.606538e-05;1.608635e-05;1.423136e-05;1.206028e-05;1.462337e-05;1.149962e-05;1.144991e-05;1.036005e-05;1.031675e-05;9.332798e-06;9.291592e-06;8.404450e-06;5.508802e-06;4.666958e-06;5.288950e-06;5.313460e-06;4.687257e-06;3.975385e-06;4.822361e-06;3.793952e-06;3.774806e-06,2;3;2;2;1;1;1;2;1;2;1;2;1;2;1;2;1;1;2;1;2;1;2;2;1;1;1;2;1;1;2;1;2;1;2;1;2;2;1;1;1;2;1;1;2;1;2;1;2;1;2;2;1;1;1;2;1;1;2;1,,,,,,,E1
500,4,3,0.006012024048096192,random,coupled,1.0,7.73,delta,0.005,1,,0.0,0.9700000000000009,0.02531445994884545,7,24.666666666666668,0.6416530571848671,0.08300815746246663,71.0000000000001,0.0,15564029524212.502,0.0,0.0,0.38391272826390893,True,1.0,9,18,2.0,25.075999999899068,4.594100000758772,33.41730000101961,4.594100000758772,7.804824447460421,18,5.333164014853509e-07,0.9705410303612156,1.0044630367444387,0.3941061212893973,0.19724744578025583,0.5964384174417172,,,0.22560411825230187,0.15428466589782144,4.999593e-03;7.557803e-04;2.397990e-04;8.392681e-05;3.020302e-05;1.097365e-05;4.000715e-06;1.460371e-06;5.333164e-07,2;2;2;2;2;2;2;2;2,,,,,,,E1
500,4,3,0.006012024048096192,random,decoupled,1.0,7.73,delta,0.005,1,,0.0,0.9700000000000009,0.02531445994884545,7,24.666666666666668,0.6416530571848671,0.08300815746246663,71.0000000000001,0.0,15564029524212.502,0.0,0.0,0.38391272826390893,True,1.0,9,18,2.0,24.941300000136835,4.735999998956686,33.44209999886516,4.735999998956686,7.570976353019194,18,5.333164012633063e-07,0.9705410303612156,1.004463036744439,0.3941061212894179,0.19724744578026407,0.5964384174417462,,,0.22560411825235313,0.15428466589782144,4.999593e-03;7.557803e-04;2.397990e-04;8.392681e-05;3.020302e-05;1.097365e-05;4.000715e-06;1.460371e-06;5.333164e-07,2;2;2;2;2;2;2;2;2,,,,,,,E1
500,0,4,0.008016032064128256,random,coupled,1.0,7.73,delta,0.005,1,,0.0,0.9700000000000011,0.025171278163522704,7,27.5,0.6416530571848671,0.08300815746246663,15.683363172023947,0.3474041668898692,0.9999999999997587,0.27611138861139983,0.09694413495379511,0.42801081191589224,True,1.0,10,19,1.9,27.961300000242773,5.738899999414571,38.151700000526034,5.738899999414571,6.595018558236059,19,4.923769318931903e-07,0.9699999999998057,1.0034063391257169,0.09626052686765957,0.028991797601929183,0.1543645644985761,,,0.21887969686938002,0.15408604156705655,4.998476e-03;7.390707e-04;2.502767e-04;1.279596e-05;8.148869e-05;2.941169e-05;1.053350e-05;3.803454e-06;1.368651e-06;4.923769e-07,2;2;2;1;2;2;2;2;2;2,True,5.0,56.11800000042422,4.927234410478931e-07,0.0003390975226206754,1.203394947377201e-05,E1
500,0,4,0.008016032064128256,random,decoupled,1.0,7.73,delta,0.005,1,,0.0,0.9700000000000011,0.025171278163522704,7,27.5,0.6416530571848671,0.08300815746246663,15.683363172023947,0.3474041668898692,0.9999999999997587,0.27611138861139983,0.09694413495379511,0.42801081191589224,True,1.0,14,22,1.5714285714285714,24.34989999892423,6.287199999860604,34.65970000070229,6.287199999860604,6.9703804556832365,22,8.408776878132684e-07,0.9699999999998057,1.003406591272084,0.0962661110290427,0.02899155243379577,0.15436814895324846,,,0.2189587233736935,0.15408604156705655,4.998476e-03;3.636579e-03;8.448088e-04;4.538875e-04;1.343068e-04;1.028655e-04;6.079977e-05;4.042565e-05;1.791923e-05;8.532310e-06;5.623087e-06;2.668885e-06;1.275724e-06;8.408777e-07,2;2;1;1;1;1;2;2;1;2;2;1;2;2,,,,,,,E1
500,1,4,0.008016032064128256,random,coupled,1.0,7.73,delta,0.005,1,,0.0,0.9700000000000001,0.02528847274572829,7,45.25,0.6416530571848671,0.08300815746246663,23.13055631824774,0.15811388300844503,1.3333333333329969,0.11520737327190546,0.026352313834740782,0.7042723359707764,True,1.0,8,14,1.75,25.674900000012713,3.6975999992137076,33.36169999965932,3.6975999992137076,7.542219819864342,14,7.545345129811309e-07,0.9737562564392509,1.0033962105411942,0.09723972378268497,0.010426335119940185,0.11903137942156207,,,0.21843030805997382,0.1551634930475463,4.997762e-03;7.408412e-04;2.486490e-04;1.514073e-05;8.190013e-05;2.963294e-05;1.075253e-05;7.545345e-07,2;2;2;1;2;2;2;1,,,,,,,E1
500,1,4,0.008016032064128256,random,decoupled,1.0,7.73,delta,0.005,1,,0.0,0.9700000000000001,0.02528847274572829,7,45.25,0.6416530571848671,0.08300815746246663,23.13055631824774,0.15811388300844503,1.3333333333329969,0.11520737327190546,0.026352313834740782,0.7042723359707764,True,1.0,13,21,1.6153846153846154,25.857600001472747,7.499500001358683,37.30030000042461,7.499500001358683,5.577994265273854,21,5.801729185961335e-07,0.9737562564392509,1.0033955525976592,0.09732057012553849,0.01043081041980153,0.11912227567981298,,,0.21944629935952378,0.1551634930475463,4.997762e-03;2.591716e-03;7.082386e-04;2.125439e-04;1.213696e-04;6.100809e-05;3.218699e-05;1.303617e-05;7.992453e-06;4.314517e-06;1.733324e-06;1.071916e-06;5.801729e-07,2;2;1;1;2;1;2;2;1;2;2;1;2,,,,,,,E1
500,2,4,0.008016032064128256,random,coupled,1.0,7.73,delta,0.005,1,,0.0,0.9700000000000011,0.025160514285827912,7,67.5,0.6416530571848671,0.08300815746246663,7.711092699493296,0.6903879445780513,0.9999999999999888,0.38515748199293554,0.20441648480426688,1.0505719928844273,True,1.0,8,13,1.625,25.166299999909825,4.666799999540672,34.20100000039383,4.666799999540672,5.549006600357593,13,7.604469769439959e-07,0.9703922951117065,0.9996239500035787,0.013032449003913267,0.0037360499704814634,0.020561345423532263,,,0.17482638444175377,0.15536544362618096,4.982351e-03;6.323731e-04;1.999238e-04;6.870530e-06;5.855510e-05;2.230237e-06;1.930513e-05;7.604470e-07,2;2;2;1;2;1;2;1,,,,,,,E1
500,2,4,0.008016032064128256,random,decoupled,1.0,7.73,delta,0.005,1,,0.0,0.9700000000000011,0.025160514285827912,7,67.5,0.6416530571848671,0.08300815746246663,7.711092699493296,0.6903879445780513,0.9999999999999888,0.38515748199293554,0.20441648480426688,1.0505719928844273,True,1.0,23,32,1.391304347826087,24.63790000001609,9.473399999478715,37.81479999997828,9.473399999478715,6.728762218792366,32,7.346984388645339e-07,0.9703922951117065,0.9996238484352504,0.013053579262568782,0.0037387466586707987,0.020586465434117067,,,0.1767498575334371,0.15536544362618096,4.982351e-03;3.190771e-03;6.533227e-04;4.918809e-04;2.924907e-04;3.043610e-04;2.076305e-04;1.666688e-04;7.919429e-05;8.583769e-05;5.182498e-05;5.112402e-05;3.358130e-05;2.266184e-05;1.086355e-05;1.111514e-05;7.731322e-06;5.899007e-06;2.838825e-06;2.886616e-06;2.010233e-06;1.525998e-06;7.346984e-07,2;2;2;1;1;1;1;2;1;1;2;1;2;2;1;1;1;2;1;1;1;2;1,,,,,,,E1
500,3,4,0.008016032064128256,random,coupled,1.0,7.73,delta,0.005,1,,0.0,0.9700000000000005,0.025347748473390996,7,27.0,0.6416530571848671,0.08300815746246663,24.537818008703287,0.9211323729436824,0.9999999999999949,0.23975409836065648,0.15352206215728023,0.4202287971537615,True,1.0,8,16,2.0,22.800200000347104,4.194199998892145,31.084500000361004,4.194199998892145,7.599095896337488,16,8.421273064440626e-07,0.9748355083583136,0.999725709394856,0.022396319335554162,0.013031913082050324,0.04857124418193501,,,0.19188964650402182,0.15263415001325273,4.992897e-03;6.691449e-04;1.987048e-04;6.492955e-05;2.174858e-05;7.342682e-06;2.485555e-06;8.421273e-07,2;2;2;2;2;2;2;2,,,,,,,E1
500,3,4,0.008016032064128256,random,decoupled,1.0,7.73,delta,0.005,1,,0.0,0.9700000000000005,0.025347748473390996,7,27.0,0.6416530571848671,0.08300815746246663,24.537818008703287,0.9211323729436824,0.9999999999999949,0.23975409836065648,0.15352206215728023,0.4202287971537615,False,0.0,60,88,1.4666666666666666,27.651399999740534,31.87160000015865,64.13499999871419,31.87160000015865,5.500091115573972,88,3.774806041967338e-06,0.9748355083583136,0.99972573470225,0.022401118737824,0.013004491393145991,0.0484741144637898,,,0.19214506159206038,0.15263415001325273,4.992897e-03;2.480515e-03;3.961484e-04;2.627315e-04;2.172036e-04;2.597282e-04;2.506237e-04;2.334985e-04;1.940531e-04;1.978509e-04;1.650273e-04;1.671193e-04;1.397771e-04;1.407223e-04;1.179764e-04;1.181563e-04;9.925799e-05;1.239935e-04;9.473648e-05;9.503110e-05;8.485494e-05;8.506833e-05;7.612341e-05;5.092369e-05;4.296619e-05;4.888345e-05;4.855879e-05;4.332223e-05;3.662070e-05;4.454174e-05;3.486367e-05;3.478806e-05;3.135381e-05;3.128339e-05;2.820974e-05;2.813425e-05;2.538216e-05;1.674675e-05;1.417363e-05;1.606538e-05;1.608635e-05;1.423136e-05;1.206028e-05;1.462337e-05;1.149962e-05;1.144991e-05;1.036005e-05;1.031675e-05;9.332798e-06;9.291592e-06;8.404450e-06;5.508802e-06;4.666958e-06;5.288950e-06;5.313460e-06;4.687257e-06;3.975385e-06;4.822361e-06;3.793952e-06;3.774806e-06,2;3;2;2;1;1;1;2;1;2;1;2;1;2;1;2;1;1;2;1;2;1;2;2;1;1;1;2;1;1;2;1;2;1;2;1;2;2;1;1;1;2;1;1;2;1;2;1;2;1;2;2;1;1;1;2;1;1;2;1,,,,,,,E1
500,4,4,0.008016032064128256,random,coupled,1.0,7.73,delta,0.005,1,,0.0,0.9700000000000009,0.02531445994884545,7,33.75,0.6416530571848671,0.08300815746246663,77.00000000001064,0.09534625892455702,2.0000000000000755,0.0877976190476169,0.01589104315409283,0.5252859964422072,True,1.0,9,18,2.0,25.281600001108018,6.112500001108856,35.659899998790934,6.112500001108856,5.866035827156714,18,5.204326234409251e-07,0.9742200658162231,1.0044630367444387,0.3941061212893973,0.09996432163077976,0.5973093844728055,,,0.2243717375715058,0.1548368193707656,4.999593e-03;7.525275e-04;2.381478e-04;8.312085e-05;2.982715e-05;1.080520e-05;3.927576e-06;1.429381e-06;5.204326e-07,2;2;2;2;2;2;2;2;2,,,,,,,E1
500,4,4,0.008016032064128256,random,decoupled,1.0,7.73,delta,0.005,1,,0.0,0.9700000000000009,0.02531445994884545,7,33.75,0.6416530571848671,0.08300815746246663,77.00000000001064,0.09534625892455702,2.0000000000000755,0.0877976190476169,0.01589104315409283,0.5252859964422072,True,1.0,13,21,1.6153846153846154,18.25499999904423,8.553500001653447,30.909400000382448,8.553500001653447,4.890649206981186,21,5.430527698635501e-07,0.9742200658162231,1.0044630141242923,0.39410382533608046,0.09996355398497846,0.5973067355803855,,,0.22436460472022518,0.1548368193707656,4.999593e-03;1.424015e-03;4.279756e-04;2.631339e-04;1.300580e-04;3.898780e-05;3.012207e-05;1.395466e-05;1.100387e-05;5.136701e-06;4.029300e-06;1.491106e-06;5.430528e-07,2;2;1;1;2;1;2;1;2;1;2;2;2,,,,,,,E1
500,0,6,0.012024048096192385,random,coupled,1.0,7.73,delta,0.005,1,,0.0,0.9700000000000011,0.025171278163522704,7,41.5,0.6416530571848671,0.08300815746246663,23.494220838159023,0.9055385138137426,1.0000000000000013,0.23818681318681292,0.07361455782489994,0.6459072252548103,True,1.0,9,16,1.7777777777777777,25.409800000488758,5.453800000395859,34.70060000108788,5.453800000395859,5.844022149269608,16,2.0364249175841564e-07,0.9750385747347389,1.00338464252172,0.09678447689703416,0.006501896519483894,0.16700562910577346,,,0.21863310588978352,0.15486418870663218,4.997909e-03;7.393822e-04;2.428296e-04;1.102219e-05;8.155171e-05;2.945774e-05;1.058691e-05;3.826752e-06;2.036425e-07,2;2;2;1;2;2;2;2;1,True,6.0,51.995899999383255,2.759020355513897e-07,0.0009427601551405899,3.392777838145955e-05,E1
500,0,6,0.012024048096192385,random,decoupled,1.0,7.73,delta,0.005,1,,0.0,0.9700000000000011,0.025171278163522704,7,41.5,0.6416530571848671,0.08300815746246663,23.494220838159023,0.9055385138137426,1.0000000000000013,0.23818681318681292,0.07361455782489994,0.6459072252548103,False,0.0,60,88,1.4666666666666666,25.33450000009907,26.953799999319017,56.188800001109485,26.953799999319017,6.503598899020874,88,1.8392349951934506e-06,0.9750388506367387,1.0033846144968814,0.09681837119699202,0.0064948920771693616,0.167031948597105,,,0.21906034068514707,0.15486418870663218,4.997909e-03;2.658010e-03;7.462859e-04;5.162116e-04;4.374004e-04;2.846244e-04;2.275519e-04;2.824911e-04;2.105676e-04;2.131164e-04;1.829155e-04;1.846868e-04;1.595807e-04;1.607574e-04;1.396403e-04;9.605934e-05;7.816637e-05;8.980247e-05;8.720684e-05;7.798115e-05;6.363225e-05;6.237165e-05;5.099428e-05;6.176788e-05;4.773014e-05;4.758342e-05;4.198582e-05;4.184182e-05;3.694438e-05;2.497109e-05;2.044990e-05;2.324005e-05;2.286521e-05;2.016061e-05;1.653291e-05;2.006026e-05;1.552695e-05;1.543227e-05;1.367994e-05;9.340498e-06;7.661572e-06;8.610925e-06;8.446507e-06;7.427404e-06;6.098545e-06;7.297615e-06;5.708749e-06;5.669419e-06;5.034835e-06;5.000610e-06;4.437693e-06;2.995320e-06;2.457936e-06;2.776594e-06;2.737928e-06;2.403926e-06;1.974454e-06;2.380268e-06;1.852786e-06;1.839235e-06,2;3;2;1;2;2;1;1;2;1;2;1;2;1;2;2;1;1;1;2;1;2;1;1;2;1;2;1;2;2;1;1;1;2;1;1;2;1;2;2;1;1;1;2;1;1;2;1;2;1;2;2;1;1;1;2;1;1;2;1,,,,,,,E1
500,1,6,0.012024048096192385,random,coupled,1.0,7.73,delta,0.005,1,,0.0,0.9700000000000001,0.02528847274572829,7,42.333333333333336,0.6416530571848671,0.08300815746246663,32.93734394318811,0.5465357250001118,0.9999999999997308,0.23476190476191974,0.06976904833334162,0.6588772498584355,True,1.0,9,18,2.0,31.987200000003213,6.619499999942491,43.43220000009751,6.619499999942491,5.416745071427074,18,4.6458135383176113e-07,0.9751320100543571,1.0033956689227141,0.08723236478124881,0.010369125590808048,0.12878408521898452,,,0.21806206234628608,0.1547508185542447,4.998257e-03;7.373247e-04;2.314094e-04;7.954250e-05;2.814022e-05;1.005393e-05;3.604392e-06;1.293759e-06;4.645814e-07,2;2;2;2;2;2;2;2;2,,,,,,,E1
500,1,6,0.012024048096192385,random,decoupled,1.0,7.73,delta,0.005,1,,0.0,0.9700000000000001,0.02528847274572829,7,42.333333333333336,0.6416530571848671,0.08300815746246663,32.93734394318811,0.5465357250001118,0.9999999999997308,0.23476190476191974,0.06976904833334162,0.6588772498584355,True,1.0,18,27,1.5,18.798200000674115,8.072700000411714,30.900000001565786,8.072700000411714,6.66248169723351,27,4.888685050108421e-07,0.975132662953981,1.0033960392758456,0.08723770159822622,0.010371338248866782,0.1287912989288786,,,0.21816790326020177,0.1547508185542447,4.998257e-03;3.408686e-03;7.649201e-04;1.055365e-03;1.839600e-04;1.817707e-04;1.002335e-04;6.662713e-05;2.677735e-05;1.501322e-05;9.017619e-06;6.085678e-06;4.323310e-06;2.930085e-06;2.840156e-06;1.632498e-06;1.088733e-06;4.888685e-07,2;2;1;2;2;1;2;2;1;1;1;1;1;2;1;2;2;1,,,,,,,E1
500,2,6,0.012024048096192385,random,coupled,1.0,7.73,delta,0.005,1,,0.0,0.9700000000000011,0.025160514285827912,7,59.0,0.6416530571848671,0.08300815746246663,10.444988254413982,0.6123724356958193,0.9999999999999398,0.2329545454545512,0.06602246058033749,0.9182777419286282,True,1.0,10,16,1.6,28.202299999975367,4.2881000008492265,36.958999999114894,4.2881000008492265,7.432692333128416,16,5.452512156223221e-07,0.9750090368198654,0.9997783311600383,0.03209043380165048,0.00596745115746226,0.056702434318901554,,,0.1991909499661898,0.15508015354994958,4.992173e-03;6.947226e-04;2.413303e-04;1.492716e-05;7.019901e-05;4.389570e-06;2.433404e-05;1.553276e-06;8.462165e-06;5.452512e-07,2;2;2;1;2;1;2;1;2;1,,,,,,,E1
500,2,6,0.012024048096192385,random,decoupled,1.0,7.73,delta,0.005,1,,0.0,0.9700000000000011,0.025160514285827912,7,59.0,0.6416530571848671,0.08300815746246663,10.444988254413982,0.6123724356958193,0.9999999999999398,0.2329545454545512,0.06602246058033749,0.9182777419286282,True,1.0,20,28,1.4,24.23359999920649,8.041400000365684,36.22209999957704,8.041400000365684,6.936133508775035,28,9.12523965501677e-07,0.9750095770992706,0.9997782108462677,0.03211449878412164,0.0059696975903329435,0.056733052685965596,,,0.2000955179336064,0.15508015354994958,4.992173e-03;3.673192e-03;9.382097e-04;1.267718e-03;2.465501e-04;2.454531e-04;1.448864e-04;9.721928e-05;3.664223e-05;3.303979e-05;2.088387e-05;1.858491e-05;1.243128e-05;8.371825e-06;3.458700e-06;2.687134e-06;1.708328e-06;1.394114e-06;1.002869e-06;9.125240e-07,2;2;1;2;2;1;2;2;1;1;1;1;2;2;1;1;1;1;1;1,,,,,,,E1
500,3,6,0.012024048096192385,random,coupled,1.0,7.73,delta,0.005,1,,0.0,0.9700000000000005,0.025347748473390996,7,43.333333333333336,0.6416530571848671,0.08300815746246663,13.485714815048771,0.6871842709362995,0.9999999999999484,0.2621678282055678,0.0845334760325218,0.6744412793825741,True,1.0,8,13,1.625,23.218299998916336,3.592400000343332,30.544299999746727,3.592400000343332,7.208580335576512,13,7.048549245380897e-07,0.9750724945522719,0.9997259103591398,0.022494359399758062,0.007728369853311371,0.0516721445230821,,,0.18979939799611945,0.1541682466357538,4.990702e-03;6.707000e-04;2.105340e-04;6.029398e-06;6.604021e-05;2.044530e-06;2.245143e-05;7.048549e-07,2;2;2;1;2;1;2;1,,,,,,,E1
500,3,6,0.012024048096192385,random,decoupled,1.0,7.73,delta,0.005,1,,0.0,0.9700000000000005,0.025347748473390996,7,43.333333333333336,0.6416530571848671,0.08300815746246663,13.485714815048771,0.6871842709362995,0.9999999999999484,0.2621678282055678,0.0845334760325218,0.6744412793825741,True,1.0,23,34,1.4782608695652173,26.55649999906018,10.625099999742815,41.193099999873084,10.625099999742815,6.374365606125061,34,7.106773937115562e-07,0.9750745126208784,0.9997256752299366,0.022529536494943152,0.00773825775951042,0.051745205241633487,,,0.19191772922247535,0.1541682466357538,4.990702e-03;3.312104e-03;1.080886e-03;1.478558e-03;2.966928e-04;2.993692e-04;1.929687e-04;1.281510e-04;6.022763e-05;5.805391e-05;3.905548e-05;3.691004e-05;2.597079e-05;2.561103e-05;1.721497e-05;1.082629e-05;5.129928e-06;5.030135e-06;3.507638e-06;3.463167e-06;2.324236e-06;1.496989e-06;7.106774e-07,2;2;1;2;2;1;2;2;1;1;1;1;2;1;2;2;1;1;1;1;2;2;1,,,,,,,E1
500,4,6,0.012024048096192385,random,coupled,1.0,7.73,delta,0.005,1,,0.0,0.9700000000000009,0.02531445994884545,7,31.0,0.6416530571848671,0.08300815746246663,110.61436841638206,0.8098971613855734,0.9787234042553193,0.3192575377644847,0.0749305163267276,0.4824849152505833,True,1.0,9,15,1.6666666666666667,26.27810000012687,4.117599999517552,34.253799998623435,4.117599999517552,7.256683505804589,15,5.873743410544918e-07,0.9742200658162231,1.0044635334351792,0.3938863941827163,0.012554533200022987,0.6139791951224768,,,0.22324880902456293,0.15467380403771092,4.999403e-03;7.532929e-04;2.647996e-04;1.331731e-05;8.465870e-05;3.152183e-05;1.886776e-06;1.126576e-05;5.873743e-07,2;2;2;1;2;2;1;2;1,,,,,,,E1
500,4,6,0.012024048096192385,random,decoupled,1.0,7.73,delta,0.005,1,,0.0,0.9700000000000009,0.02531445994884545,7,31.0,0.6416530571848671,0.08300815746246663,110.61436841638206,0.8098971613855734,0.9787234042553193,0.3192575377644847,0.0749305163267276,0.4824849152505833,True,1.0,27,47,1.7407407407407407,27.089699999123695,15.7630000012432,46.813299999485025,15.7630000012432,5.939502378520333,47,7.932850440983685e-07,0.9742200658162231,1.0044635571769769,0.39430927404442356,0.012561397516265116,0.6146208332601037,,,0.22456287014906676,0.15467380403771092,4.999403e-03;4.966794e-03;1.050205e-03;8.990281e-04;3.908360e-04;3.291993e-04;1.586610e-04;1.338588e-04;6.916584e-05;5.933416e-05;3.266826e-05;3.249394e-05;2.266327e-05;1.973927e-05;1.242788e-05;1.325150e-05;9.062497e-06;7.879325e-06;4.967210e-06;5.296287e-06;3.624181e-06;3.147648e-06;1.985080e-06;2.118492e-06;1.449381e-06;1.257715e-06;7.932850e-07,2;3;2;2;2;2;2;2;2;2;2;1;2;2;1;1;2;2;1;1;2;2;1;1;2;2;1,,,,,,,E1
500,0,8,0.01603206412825651,random,coupled,1.0,7.73,delta,0.005,1,,0.0,0.9700000000000011,0.025171278163522704,7,42.125,0.6416530571848671,0.08300815746246663,53.94194534240502,1.769864599291488,0.33333333333325244,0.4465829528013845,0.15307259205353865,0.6556347437075325,True,1.0,10,19,1.9,25.46479999909934,5.289299999276409,34.546500000942615,5.289299999276409,7.155606981108603,19,4.961735029507253e-07,0.9751480059870888,1.0033885997940295,0.13071820248756344,0.00343279193375258,0.21450209739586215,,,0.21961682132331742,0.1549311031180965,4.998660e-03;7.405441e-04;2.582584e-04;1.775630e-05;8.185885e-05;2.958961e-05;1.061557e-05;3.820265e-06;1.376476e-06;4.961735e-07,2;2;2;1;2;2;2;2;2;2,True,6.0,52.675400000225636,4.968065028254642e-07,0.00034468779731390624,1.6660060369572127e-05,E1
500,0,8,0.01603206412825651,random,decoupled,1.0,7.73,delta,0.005,1,,0.0,0.9700000000000011,0.025171278163522704,7,42.125,0.6416530571848671,0.08300815746246663,53.94194534240502,1.769864599291488,0.33333333333325244,0.4465829528013845,0.15307259205353865,0.6556347437075325,False,0.0,60,9231,153.85,27.34760000021197,2006.2175999992178,2037.332800000513,2006.2175999992178,9.165618848128522,9231,0.7929658473495728,0.2036468165552164,1.0033890959675325,91.99359370807912,0.6914774319255452,103.60027075693274,,0.9987957137084288,3850.5480996630004,0.1549311031180965,4.998660e-03;9.587581e-03;1.626192e-03;9.911662e-03;1.074434e-02;3.581378e-03;2.542065e-02;1.197234e-02;2.401113e-03;4.015153e-03;1.004148e-02;7.158143e-03;4.644970e-02;9.052535e-02;6.827442e-01;4.183967e-01;6.144471e-01;1.544870e-01;8.724470e-02;8.982126e-01;8.139440e-01;2.384224e-01;2.779849e-01;2.354723e-01;9.026330e-01;8.191281e-02;2.626570e-01;4.759243e-01;2.376354e-01;7.783702e-01;2.644562e-01;8.331960e-01;2.652468e-01;6.951024e-01;2.081984e-01;3.895842e-01;2.513678e-01;5.806866e-02;7.936790e-01;2.720357e-01;4.862850e-01;2.899645e-01;1.388688e-01;8.147180e-01;1.286091e-01;6.582497e-02;9.100982e-01;1.679878e-01;6.094502e-02;8.869052e-01;1.146979e-01;1.163520e-01;7.135165e-01;2.899235e-01;2.183233e-01;3.927322e-01;6.652164e-01;2.456547e-01;5.120709e-02;7.929658e-01,2;3;1;2;3;1;3;3;1;1;2;1;3;5;200;200;200;200;200;200;200;200;200;200;200;200;200;200;200;200;200;200;200;200;200;200;200;200;200;200;200;200;200;200;200;200;200;200;200;200;200;200;200;200;200;200;200;200;200;200,,,,,,,E1
500,1,8,0.01603206412825651,random,coupled,1.0,7.73,delta,0.005,1,,0.0,0.9700000000000001,0.02528847274572829,7,42.5,0.6416530571848671,0.08300815746246663,62.81607970235481,1.169081396172495,0.5499999999999132,0.37437532611425084,0.08917892158048843,0.6614712547791047,True,1.0,10,16,1.6,29.140700000425568,4.78579999980866,38.55660000044736,4.78579999980866,6.6597283633403555,16,5.390477196831611e-07,0.9750273518031942,1.0003756643247639,0.04308559172698832,0.008425709041895418,0.12239964797321154,,,0.20623177580353777,0.15451816728773693,4.995319e-03;7.112160e-04;2.467162e-04;1.380919e-05;7.416402e-05;4.196011e-06;2.606094e-05;1.511858e-06;9.195463e-06;5.390477e-07,2;2;2;1;2;1;2;1;2;1,,,,,,,E1
500,1,8,0.01603206412825651,random,decoupled,1.0,7.73,delta,0.005,1,,0.0,0.9700000000000001,0.02528847274572829,7,42.5,0.6416530571848671,0.08300815746246663,62.81607970235481,1.169081396172495,0.5499999999999132,0.37437532611425084,0.08917892158048843,0.6614712547791047,False,0.0,60,121,2.0166666666666666,27.03079999992042,38.543200000276556,70.12750000103551,38.543200000276556,6.2535795678166455,121,0.0011427640914639658,0.9750279997232073,1.000375692320192,0.04312178983140036,0.008446407209935886,0.12211496907734289,,,0.20724995344303201,0.15451816728773693,4.995319e-03;6.094615e-03;2.974797e-03;2.994845e-03;2.733831e-03;2.682525e-03;2.558395e-03;2.502659e-03;2.412905e-03;2.362791e-03;2.288434e-03;2.244335e-03;2.180122e-03;2.141080e-03;2.084645e-03;2.049725e-03;1.999578e-03;1.968036e-03;1.923095e-03;1.894358e-03;1.853796e-03;1.827415e-03;1.790583e-03;1.766205e-03;1.732582e-03;1.709924e-03;1.679086e-03;1.657920e-03;1.629517e-03;1.609655e-03;1.583399e-03;1.564686e-03;1.540330e-03;1.522637e-03;1.499975e-03;1.483193e-03;1.462048e-03;1.446084e-03;1.426302e-03;1.411077e-03;1.392526e-03;1.377973e-03;1.360537e-03;1.346597e-03;1.330175e-03;1.316797e-03;1.301298e-03;1.288438e-03;1.273784e-03;1.261402e-03;1.247523e-03;1.235584e-03;1.222417e-03;1.210891e-03;1.198379e-03;1.187239e-03;1.175331e-03;1.164552e-03;1.153204e-03;1.142764e-03,2;3;2;2;2;2;2;2;2;2;2;2;2;2;2;2;2;2;2;2;2;2;2;2;2;2;2;2;2;2;2;2;2;2;2;2;2;2;2;2;2;2;2;2;2;2;2;2;2;2;2;2;2;2;2;2;2;2;2;2,,,,,,,E1
500,2,8,0.01603206412825651,random,coupled,1.0,7.73,delta,0.005,1,,0.0,0.9700000000000011,0.025160514285827912,7,51.375,0.6416530571848671,0.08300815746246663,63.39354371421587,1.6948010004295149,0.49999999999999,0.41045623292772326,0.12547933785490115,0.7996020168064656,True,1.0,10,16,1.6,20.007999999506865,4.900699999780045,28.761499999745865,4.900699999780045,6.503586834825739,16,5.869921957391e-07,0.9749999349782761,0.9997783397139484,0.032072531945002966,0.0040613268956340804,0.07181815116894445,,,0.19909669269112537,0.15536100703373038,4.991978e-03;6.948598e-04;2.439014e-04;1.644240e-05;7.023086e-05;4.732674e-06;2.433035e-05;1.674030e-06;8.458636e-06;5.869922e-07,2;2;2;1;2;1;2;1;2;1,,,,,,,E1
500,2,8,0.01603206412825651,random,decoupled,1.0,7.73,delta,0.005,1,,0.0,0.9700000000000011,0.025160514285827912,7,51.375,0.6416530571848671,0.08300815746246663,63.39354371421587,1.6948010004295149,0.49999999999999,0.41045623292772326,0.12547933785490115,0.7996020168064656,False,0.0,60,150,2.5,27.604999999311985,42.978500001481734,75.09140000001935,42.978500001481734,6.952341286682842,150,0.0030354117663533575,0.9750005237905164,0.9997782218566631,0.03209691170431236,0.004317234683412639,0.07360384567339935,,,0.5161539143241519,0.15536100703373038,4.991978e-03;5.169691e-03;1.979205e-03;2.472955e-03;2.027976e-03;2.320857e-03;2.140434e-03;2.320809e-03;2.266662e-03;2.383568e-03;2.392072e-03;2.471294e-03;2.509415e-03;2.564649e-03;2.614467e-03;2.653189e-03;2.705082e-03;2.731625e-03;2.780784e-03;2.797925e-03;2.842347e-03;2.852077e-03;2.891320e-03;2.895195e-03;2.929604e-03;2.928892e-03;2.959128e-03;2.954877e-03;2.981661e-03;2.974730e-03;2.998724e-03;2.989802e-03;3.011565e-03;3.001200e-03;3.021181e-03;3.009801e-03;3.028351e-03;3.016283e-03;3.033674e-03;3.021168e-03;3.037611e-03;3.024850e-03;3.040507e-03;3.027629e-03;3.042627e-03;3.029729e-03;3.044166e-03;3.031319e-03;3.045274e-03;3.032525e-03;3.046062e-03;3.033443e-03;3.046613e-03;3.034143e-03;3.046989e-03;3.034680e-03;3.047237e-03;3.035093e-03;3.047391e-03;3.035412e-03,2;3;2;3;2;3;2;3;2;3;2;3;2;3;2;3;2;3;2;3;2;3;2;3;2;3;2;3;2;3;2;3;2;3;2;3;2;3;2;3;2;3;2;3;2;3;2;3;2;3;2;3;2;3;2;3;2;3;2;3,,,,,,,E1
500,3,8,0.01603206412825651,random,coupled,1.0,7.73,delta,0.005,1,,0.0,0.9700000000000005,0.025347748473390996,7,40.75,0.6416530571848671,0.08300815746246663,343.87414974182406,2.972975886044435,0.24999999999998426,0.5801543066322896,0.29312691107961764,0.6342342031117326,True,1.0,10,16,1.6,38.28040000007604,7.169399999838788,49.646600000414765,7.169399999838788,4.445578151688661,16,4.449714001708571e-07,0.9750110236328333,0.9997257310719985,0.0225295347225007,8.556533674967953e-05,0.04715117337067036,,,0.19057192688305005,0.15502198177780607,4.990790e-03;6.737274e-04;2.288923e-04;1.270812e-05;6.587157e-05;3.689971e-06;2.248494e-05;1.288082e-06;7.692290e-06;4.449714e-07,2;2;2;1;2;1;2;1;2;1,,,,,,,E1
500,3,8,0.01603206412825651,random,decoupled,1.0,7.73,delta,0.005,1,,0.0,0.9700000000000005,0.025347748473390996,7,40.75,0.6416530571848671,0.08300815746246663,343.87414974182406,2.972975886044435,0.24999999999998426,0.5801543066322896,0.29312691107961764,0.6342342031117326,False,0.0,60,9824,163.73333333333332,30.607099999542697,3484.4259999990754,3519.852399998854,3484.4259999990754,5.616272692261277,9824,0.5097120471162432,0.482726435905759,0.9996847948894237,26.558028815704194,3.088044036590281,45.6337295995756,,0.9913531881381346,3610.656818667195,0.15502198177780607,4.990790e-03;9.350301e-03;2.418375e-03;3.577326e-03;1.349125e-03;3.763439e-03;6.160447e-03;1.580384e-02;1.189491e-02;2.563928e-02;4.577001e-02;2.317706e-02;5.531296e-02;4.866161e-01;8.855001e-01;5.672688e-01;4.808703e-01;1.091212e-01;4.415369e-01;2.295896e-01;6.674114e-01;4.410877e-01;2.332023e-01;5.502661e-01;4.318155e-01;2.450540e-01;4.570594e-01;4.215651e-01;2.083421e-01;4.975488e-01;4.305079e-01;8.206464e-02;6.947017e-01;3.995696e-01;2.001627e-01;3.528735e-01;8.479285e-01;1.138024e-01;8.611106e-01;2.031884e-01;8.338107e-01;1.358298e-01;2.617198e-01;5.247044e-01;2.551164e-01;4.884279e-01;3.970333e-01;2.675659e-01;3.975983e-01;5.846265e-01;2.847446e-01;1.118511e-01;9.075524e-01;8.873376e-02;2.071345e-01;4.186047e-01;7.059887e-01;2.158471e-01;1.503826e-01;5.097120e-01,2;3;1;2;1;2;3;3;3;3;200;1;200;200;200;200;200;200;200;200;200;200;200;200;200;200;200;200;200;200;200;200;200;200;200;200;200;200;200;200;200;200;200;200;200;200;200;200;200;200;200;200;200;200;200;200;200;200;200;200,,,,,,,E1
500,4,8,0.01603206412825651,random,coupled,1.0,7.73,delta,0.005,1,,0.0,0.9700000000000009,0.02531445994884545,7,31.25,0.6416530571848671,0.08300815746246663,84.02491641740858,0.8167449032022174,0.9090909090909177,0.3340354656013349,0.06620353051374532,0.4863759226316614,True,1.0,9,15,1.6666666666666667,29.586000000563217,5.895499998587184,40.002600000661914,5.895499998587184,5.068292766883312,15,6.258312346130168e-07,0.975051405935755,1.0044635333168985,0.39388699115054426,0.009295804944308842,0.6199155203744635,,,0.22324993544055027,0.15473143612532939,4.999387e-03;7.540186e-04;2.666215e-04;1.443663e-05;8.465680e-05;3.162686e-05;2.029868e-06;1.126601e-05;6.258312e-07,2;2;2;1;2;2;1;2;1,,,,,,,E1
500,4,8,0.01603206412825651,random,decoupled,1.0,7.73,delta,0.005,1,,0.0,0.9700000000000009,0.02531445994884545,7,31.25,0.6416530571848671,0.08300815746246663,84.02491641740858,0.8167449032022174,0.9090909090909177,0.3340354656013349,0.06620353051374532,0.4863759226316614,True,1.0,21,36,1.7142857142857142,24.32799999951385,9.939600000507198,37.93820000100823,9.939600000507198,7.214806229258789,36,8.781460030249377e-07,0.9750522784396973,1.004463557215717,0.3943098064962897,0.009299629360859455,0.6205475655750631,,,0.22456383354191797,0.15473143612532939,4.999387e-03;4.740735e-03;1.040695e-03;4.558329e-04;2.270289e-04;1.702756e-04;1.128115e-04;9.057716e-05;3.630630e-05;2.997256e-05;1.909540e-05;1.816568e-05;1.132187e-05;9.212503e-06;5.014066e-06;4.820040e-06;2.725387e-06;2.641235e-06;1.527376e-06;1.497427e-06;8.781460e-07,2;3;2;2;2;1;2;2;2;2;1;1;2;2;1;2;1;2;1;2;1,,,,,,,E1
500,0,10,0.02004008016032064,random,coupled,1.0,7.73,delta,0.005,1,,0.0,0.9700000000000011,0.025171278163522704,7,42.0,0.6416530571848671,0.08300815746246663,385.6743472975512,1.5069263490253237,0.4999999999999425,0.488438578741296,0.11231501807855311,0.6536892400169394,True,1.0,10,16,1.6,30.666399999972782,5.687200000465964,41.38690000036149,5.687200000465964,5.604186242331666,16,6.016667742914095e-07,0.9750450348641306,1.0033890714416838,0.13074943936562572,0.000134159307117262,0.20813676632758937,,,0.21858281536743687,0.15502525924169192,4.997804e-03;7.426859e-04;2.612651e-04;1.428466e-05;8.178682e-05;4.420568e-06;2.943649e-05;1.643387e-06;1.065702e-05;6.016668e-07,2;2;2;1;2;1;2;1;2;1,True,7.0,64.51790000028268,8.092206055243523e-07,0.0027041916851815177,0.00013133535271744878,E1
500,0,10,0.02004008016032064,random,decoupled,1.0,7.73,delta,0.005,1,,0.0,0.9700000000000011,0.025171278163522704,7,42.0,0.6416530571848671,0.08300815746246663,385.6743472975512,1.5069263490253237,0.4999999999999425,0.488438578741296,0.11231501807855311,0.6536892400169394,False,0.0,60,112,1.8666666666666667,28.37309999995341,45.17940000005183,78.35540000087349,45.17940000005183,4.938199621945932,112,2.3904605414126756e-05,0.9750458440847072,1.0033890959675325,0.13088073613915602,0.0011779621588549685,0.20815166997011028,,,0.21980862491420444,0.15502525924169192,4.997804e-03;6.724932e-03;1.709941e-03;1.440407e-03;9.510513e-04;7.534966e-04;5.247766e-04;4.170196e-04;3.031030e-04;2.363016e-04;1.738332e-04;1.391080e-04;1.141873e-04;9.951769e-05;8.463575e-05;7.598790e-05;6.686963e-05;6.167725e-05;6.961066e-05;7.466022e-05;6.389136e-05;5.914649e-05;5.287187e-05;6.107947e-05;6.330727e-05;5.634977e-05;5.089554e-05;5.935661e-05;6.239694e-05;5.473319e-05;4.913017e-05;4.487585e-05;5.082943e-05;5.412865e-05;4.665081e-05;4.310447e-05;4.916036e-05;5.301307e-05;4.506759e-05;4.142082e-05;3.688292e-05;4.316064e-05;4.516881e-05;3.976339e-05;3.579555e-05;3.271833e-05;3.697554e-05;3.922918e-05;3.397656e-05;3.138324e-05;3.572444e-05;3.837754e-05;3.278677e-05;3.012925e-05;2.694263e-05;3.138962e-05;3.288683e-05;2.896425e-05;2.616143e-05;2.390461e-05,2;3;2;2;2;2;2;2;2;2;2;2;2;2;2;2;2;2;1;2;2;2;2;1;2;2;2;1;2;2;2;2;1;2;2;2;1;2;2;2;2;1;2;2;2;2;1;2;2;2;1;2;2;2;2;1;2;2;2;2,,,,,,,E1
500,1,10,0.02004008016032064,random,coupled,1.0,7.73,delta,0.005,1,,0.0,0.9700000000000001,0.02528847274572829,7,54.7,0.6416530571848671,0.08300815746246663,141.7665494462182,2.924865979250395,0.24999999999998904,0.6096780192073898,0.2027640962442827,0.8513524149745051,True,1.0,10,16,1.6,34.55460000077437,5.705699999452918,45.34270000112883,5.705699999452918,5.586015388656258,16,6.414743288774005e-07,0.9734696323786972,1.0003756640132249,0.04307192096116684,5.7775554056867234e-05,0.10294222674238494,,,0.2059954810248868,0.15514588057791884,4.995008e-03;7.138364e-04;2.526632e-04;1.725771e-05;7.416184e-05;5.010739e-06;2.606728e-05;1.801902e-06;9.197610e-06;6.414743e-07,2;2;2;1;2;1;2;1;2;1,,,,,,,E1
500,1,10,0.02004008016032064,random,decoupled,1.0,7.73,delta,0.005,1,,0.0,0.9700000000000001,0.02528847274572829,7,54.7,0.6416530571848671,0.08300815746246663,141.7665494462182,2.924865979250395,0.24999999999998904,0.6096780192073898,0.2027640962442827,0.8513524149745051,False,0.0,60,11209,186.81666666666666,22.368900001310976,2614.0730000006442,2640.2883999999176,2614.0730000006442,8.54161979102898,11209,3.0677676871277355,0.9696797986479156,4.046724700689871,260.96876503945276,35.07140556659163,1098.7025366116009,,1.0191737840879633,228468.04286408893,0.15514588057791884,4.995008e-03;9.522124e-03;5.633504e-03;5.383614e-02;4.155018e-01;8.108969e-01;1.042945e+00;1.314815e+00;7.094394e-01;9.056461e-01;1.079245e+00;1.223183e+00;1.338657e+00;1.407727e+00;1.661553e+00;1.686889e+00;1.754997e+00;1.984297e+00;1.837166e+00;2.162354e+00;2.383017e+00;2.910608e+00;3.225910e+00;3.486614e+00;3.525245e+00;2.858517e+00;2.790696e+00;2.742702e+00;2.718254e+00;2.741521e+00;2.783596e+00;2.510019e+00;2.607554e+00;2.977739e+00;3.320200e+00;3.567897e+00;3.498023e+00;2.941335e+00;2.889402e+00;2.838702e+00;2.824492e+00;2.856934e+00;2.766485e+00;2.487327e+00;2.914033e+00;3.322405e+00;3.618959e+00;3.638012e+00;3.011322e+00;2.953481e+00;2.897437e+00;2.875839e+00;2.904208e+00;2.818966e+00;2.532998e+00;2.962433e+00;3.370792e+00;3.658271e+00;3.639786e+00;3.067768e+00,2;3;1;3;200;200;200;200;200;200;200;200;200;200;200;200;200;200;200;200;200;200;200;200;200;200;200;200;200;200;200;200;200;200;200;200;200;200;200;200;200;200;200;200;200;200;200;200;200;200;200;200;200;200;200;200;200;200;200;200,,,,,,,E1
500,2,10,0.02004008016032064,random,coupled,1.0,7.73,delta,0.005,1,,0.0,0.9700000000000011,0.025160514285827912,7,57.2,0.6416530571848671,0.08300815746246663,36.11183480117489,1.9988526320403661,0.3333333333332925,0.5322369087508879,0.1538279079295243,0.8902624887850503,True,1.0,10,16,1.6,25.413500001377543,4.260199999407632,33.50049999971816,4.260199999407632,7.481368950854824,16,3.8424869297504216e-07,0.9750813769625045,0.9997783707174485,0.03213007700666827,0.00010654034988831715,0.07191318827548218,,,0.19892018457480112,0.15531490839419917,4.992483e-03;6.907067e-04;2.206447e-04;1.129154e-05;7.034215e-05;3.248550e-06;2.430981e-05;1.125197e-06;8.444046e-06;3.842487e-07,2;2;2;1;2;1;2;1;2;1,,,,,,,E1
500,2,10,0.02004008016032064,random,decoupled,1.0,7.73,delta,0.005,1,,0.0,0.9700000000000011,0.025160514285827912,7,57.2,0.6416530571848671,0.08300815746246663,36.11183480117489,1.9988526320403661,0.3333333333332925,0.5322369087508879,0.1538279079295243,0.8902624887850503,False,0.0,60,5078,84.63333333333334,23.939200000313576,1104.1067000005569,1132.1430999996664,1104.1067000005569,9.161629599743302,5078,0.6506203405876612,0.3349881361826066,0.9997782531668785,15.579214547267323,0.02274211353432162,21.398894481047183,,1.021942248064046,2157.02301049682,0.15531490839419917,4.992483e-03;8.841874e-03;8.230280e-03;9.486157e-03;2.234913e-03;1.153065e-02;1.100566e-02;5.025828e-03;2.069802e-02;1.113827e-02;2.622956e-03;6.527184e-03;9.658724e-03;8.473933e-03;3.192981e-03;1.651522e-02;1.182362e-02;6.259650e-03;1.411521e-02;8.127630e-03;1.096735e-02;1.103587e-02;1.200803e-02;1.153382e-02;7.249121e-03;1.885087e-02;1.165252e-02;4.704505e-03;6.294894e-03;1.282651e-02;1.122892e-02;4.504916e-03;2.603400e-02;1.228283e-02;2.321474e-02;1.460632e-01;1.646430e-01;5.255540e-01;9.861807e-02;2.335483e-01;2.463767e-01;7.162730e-01;2.748273e-01;2.704337e-01;1.019070e-01;6.704708e-01;2.807520e-01;1.455911e-01;8.147029e-01;2.912254e-01;9.326545e-01;2.886786e-01;9.189380e-01;3.160119e-01;7.808435e-01;2.812366e-01;4.736654e-01;1.197320e-01;7.609318e-02;6.506203e-01,2;3;2;3;1;3;3;1;2;3;1;3;3;2;1;3;3;1;3;3;2;3;3;3;1;3;3;1;3;3;3;1;3;3;3;194;200;200;200;200;200;200;200;200;200;200;200;200;200;200;200;200;200;200;200;200;200;200;200;200,,,,,,,E1
500,3,10,0.02004008016032064,random,coupled,1.0,7.73,delta,0.005,1,,0.0,0.9700000000000005,0.025347748473390996,7,45.2,0.6416530571848671,0.08300815746246663,51.70475508362,1.528871285752035,0.4999999999999601,0.5253150787514218,0.1281805922995199,0.7034941344944678,True,1.0,8,13,1.625,35.38459999981569,7.436800000505173,47.328700000434765,7.436800000505173,3.482156841415785,13,8.233103452326418e-07,0.9750073205918774,0.9997851860169487,0.025632311435669863,0.00010533387999180028,0.06261690666698112,,,0.19493237544237443,0.1551248499812926,4.988916e-03;6.860311e-04;2.168126e-04;7.594234e-06;6.948163e-05;2.383081e-06;2.392746e-05;8.233103e-07,2;2;2;1;2;1;2;1,,,,,,,E1
500,3,10,0.02004008016032064,random,decoupled,1.0,7.73,delta,0.005,1,,0.0,0.9700000000000005,0.025347748473390996,7,45.2,0.6416530571848671,0.08300815746246663,51.70475508362,1.528871285752035,0.4999999999999601,0.5253150787514218,0.1281805922995199,0.7034941344944678,False,0.0,60,121,2.0166666666666666,24.73420000023907,34.6004000002722,63.06779999977152,34.6004000002722,6.96619021739933,121,0.00016899386934243754,0.9750081652522906,0.9997875938191073,0.025525914958771167,0.00023239923668667443,0.06288386501355138,,,0.18310513170023487,0.1551248499812926,4.988916e-03;6.240632e-03;1.859512e-03;1.884844e-03;1.470098e-03;1.480166e-03;1.286068e-03;1.274386e-03;1.180990e-03;1.136900e-03;1.084989e-03;1.031500e-03;9.976490e-04;9.439450e-04;9.183891e-04;8.679103e-04;8.464660e-04;8.002659e-04;7.811047e-04;7.392711e-04;7.215771e-04;6.838346e-04;6.672328e-04;6.331949e-04;6.175048e-04;5.867756e-04;5.719032e-04;5.441152e-04;5.300057e-04;5.048304e-04;4.914466e-04;4.685953e-04;4.559080e-04;4.351283e-04;4.231116e-04;4.041832e-04;3.928126e-04;3.755428e-04;3.647944e-04;3.490142e-04;3.388639e-04;3.244247e-04;3.148485e-04;3.016192e-04;2.925931e-04;2.804579e-04;2.719577e-04;2.608137e-04;2.528155e-04;2.425713e-04;2.350512e-04;2.256252e-04;2.185601e-04;2.098793e-04;2.032460e-04;1.952451e-04;1.890214e-04;1.816415e-04;1.758055e-04;1.689939e-04,2;3;2;2;2;2;2;2;2;2;2;2;2;2;2;2;2;2;2;2;2;2;2;2;2;2;2;2;2;2;2;2;2;2;2;2;2;2;2;2;2;2;2;2;2;2;2;2;2;2;2;2;2;2;2;2;2;2;2;2,,,,,,,E1
500,4,10,0.02004008016032064,random,coupled,1.0,7.73,delta,0.005,1,,0.0,0.9700000000000009,0.02531445994884545,7,33.3,0.6416530571848671,0.08300815746246663,136.51787792472524,1.2632367368972681,0.4761904761904856,0.44781037952815517,0.0868192780173441,0.5182821831563015,True,1.0,9,15,1.6666666666666667,19.865300000674324,5.456599999888567,29.180199999245815,5.456599999888567,5.47595938874211,15,8.043640696842047e-07,0.975020975697467,1.0044635330163956,0.3939173106950555,0.0035772770737859815,0.6168531579701648,,,0.22325438699758013,0.15481144692253238,4.999367e-03;7.569153e-04;2.753446e-04;1.996287e-05;8.465101e-05;3.205086e-05;2.728664e-06;1.126647e-05;8.043641e-07,2;2;2;1;2;2;1;2;1,,,,,,,E1
500,4,10,0.02004008016032064,random,decoupled,1.0,7.73,delta,0.005,1,,0.0,0.9700000000000009,0.02531445994884545,7,33.3,0.6416530571848671,0.08300815746246663,136.51787792472524,1.2632367368972681,0.4761904761904856,0.44781037952815517,0.0868192780173441,0.5182821831563015,False,0.0,60,121,2.0166666666666666,17.556899998453446,33.74000000076194,55.157900000267546,33.74000000076194,7.14383426184223,121,0.00036514590328373675,0.975021876932633,1.0044635571770621,0.39434015937550465,0.003733687263032524,0.6174722910553094,,,0.22456881089179545,0.15481144692253238,4.999367e-03;8.446655e-03;5.081614e-03;4.061039e-03;4.076044e-03;3.543097e-03;3.447184e-03;3.128772e-03;3.005756e-03;2.786789e-03;2.667297e-03;2.502131e-03;2.393210e-03;2.261276e-03;2.163537e-03;2.054100e-03;1.966621e-03;1.873414e-03;1.795004e-03;1.714078e-03;1.643599e-03;1.572328e-03;1.508769e-03;1.445324e-03;1.387813e-03;1.330872e-03;1.278666e-03;1.227241e-03;1.179708e-03;1.133035e-03;1.089638e-03;1.047114e-03;1.007396e-03;9.685293e-04;9.321004e-04;8.964863e-04;8.630112e-04;8.303084e-04;7.994973e-04;7.694149e-04;7.410156e-04;7.133030e-04;6.870948e-04;6.615334e-04;6.373218e-04;6.137197e-04;5.913325e-04;5.695197e-04;5.488034e-04;5.286286e-04;5.094458e-04;4.907738e-04;4.730008e-04;4.557096e-04;4.392349e-04;4.232145e-04;4.079369e-04;3.930875e-04;3.789149e-04;3.651459e-04,2;3;2;2;2;2;2;2;2;2;2;2;2;2;2;2;2;2;2;2;2;2;2;2;2;2;2;2;2;2;2;2;2;2;2;2;2;2;2;2;2;2;2;2;2;2;2;2;2;2;2;2;2;2;2;2;2;2;2;2,,,,,,,E1
500,0,12,0.02404809619238477,random,coupled,1.0,7.73,delta,0.005,1,,0.0,0.9700000000000011,0.025171278163522704,7,45.666666666666664,0.6416530571848671,0.08300815746246663,112.23475200822013,3.072995557087836,0.1999999999999553,0.5687525333960987,0.16816334617155887,0.7107573482724746,True,1.0,10,16,1.6,27.53339999981108,5.628999999316875,37.0401000000129,5.628999999316875,5.662129686244083,16,6.785966883970929e-07,0.975063181060459,1.003409685224415,0.13076161099163444,8.087099373795087e-05,0.21308706514763565,,,0.2188052333764768,0.1550684247093749,4.998683e-03;7.413207e-04;2.595209e-04;1.859296e-05;8.185094e-05;5.149301e-06;2.946093e-05;1.888792e-06;1.066748e-05;6.785967e-07,2;2;2;1;2;1;2;1;2;1,True,7.0,62.05079999926966,7.50580036901205e-07,0.002707111225232982,0.00013143194139392245,E1
500,0,12,0.02404809619238477,random,decoupled,1.0,7.73,delta,0.005,1,,0.0,0.9700000000000011,0.025171278163522704,7,45.666666666666664,0.6416530571848671,0.08300815746246663,112.23475200822013,3.072995557087836,0.1999999999999553,0.5687525333960987,0.16816334617155887,0.7107573482724746,False,0.0,60,11098,184.96666666666667,24.30610000010347,2488.331399999879,2516.4942999999766,2488.331399999879,8.884389267442863,11098,10.557648118783193,0.7523549311663119,11.534594810320192,2786.03362417179,309.7344518038282,12244.944340798276,,0.9966769391012461,2369700.694916182,0.1550684247093749,4.998683e-03;1.333224e-02;2.526920e-02;4.614122e-02;4.088421e-01;2.111257e+00;9.877990e+00;1.015735e+01;1.040960e+01;1.059438e+01;1.080302e+01;1.101213e+01;1.104160e+01;1.069147e+01;1.040641e+01;1.033738e+01;1.038664e+01;1.044595e+01;1.037864e+01;1.020356e+01;1.036955e+01;1.074426e+01;1.103786e+01;1.099702e+01;1.061322e+01;1.039793e+01;1.038815e+01;1.046525e+01;1.050234e+01;1.035462e+01;1.022334e+01;1.048545e+01;1.087508e+01;1.108973e+01;1.089623e+01;1.052823e+01;1.040256e+01;1.044306e+01;1.052578e+01;1.050587e+01;1.029046e+01;1.029802e+01;1.064818e+01;1.100785e+01;1.108503e+01;1.075238e+01;1.046909e+01;1.042651e+01;1.050188e+01;1.056439e+01;1.045716e+01;1.025314e+01;1.042969e+01;1.082407e+01;1.110223e+01;1.100009e+01;1.061730e+01;1.044523e+01;1.046878e+01;1.055765e+01,2;3;1;200;200;74;18;200;200;200;200;200;200;200;200;200;200;200;200;200;200;200;200;200;200;200;200;200;200;200;200;200;200;200;200;200;200;200;200;200;200;200;200;200;200;200;200;200;200;200;200;200;200;200;200;200;200;200;200;200,,,,,,,E1
500,1,12,0.02404809619238477,random,coupled,1.0,7.73,delta,0.005,1,,0.0,0.9700000000000001,0.02528847274572829,7,55.5,0.6416530571848671,0.08300815746246663,1019.7601339544259,5.5124558308960285,0.1666666666666567,0.6040986199861702,0.3054099274635472,0.8638036385940467,True,1.0,10,16,1.6,25.73099999972328,4.367399998955079,34.42469999936293,4.367399998955079,7.297735038610055,16,4.6038918799506945e-07,0.9750447675258814,1.0003756652778606,0.043091230664657455,7.815048650314653e-05,0.10952374788482513,,,0.20602713232236883,0.15464285178347417,4.996175e-03;7.097762e-04;2.421871e-04;1.128144e-05;7.419729e-05;3.564877e-06;2.605819e-05;1.289727e-06;9.193186e-06;4.603892e-07,2;2;2;1;2;1;2;1;2;1,,,,,,,E1
500,1,12,0.02404809619238477,random,decoupled,1.0,7.73,delta,0.005,1,,0.0,0.9700000000000001,0.02528847274572829,7,55.5,0.6416530571848671,0.08300815746246663,1019.7601339544259,5.5124558308960285,0.1666666666666567,0.6040986199861702,0.3054099274635472,0.8638036385940467,False,0.0,60,11014,183.56666666666666,27.152699998623575,2449.5726999994076,2480.9277999993355,2449.5726999994076,8.956654404258058,11014,0.08011848921616849,0.9034194121365964,1.0003756923201923,10.299833444507692,5.500977041135627,49.820473771650555,,0.9877178880687121,10994.075642012922,0.15464285178347417,4.996175e-03;3.818363e-03;2.639534e-03;4.302907e-03;2.157095e-02;6.981288e-02;2.153886e-01;6.601822e-01;9.288439e-02;4.399372e-01;1.950796e-01;3.188676e-01;2.009220e-01;3.654512e-01;9.681655e-02;7.043565e-01;2.904483e-01;1.859433e-01;2.768058e-01;8.606320e-01;1.120398e-01;1.568055e-01;1.989730e-01;9.002183e-01;3.939955e-01;1.108325e-01;1.068306e-01;2.669424e-01;8.800633e-01;4.895364e-01;3.310771e-02;1.836934e-01;4.104296e-02;4.896582e-01;9.264906e-01;3.589134e-01;7.825327e-02;1.855740e-01;2.782221e-02;4.398857e-01;9.543746e-01;5.155409e-01;8.040931e-02;1.679053e-01;9.982131e-02;2.013154e-01;6.265209e-01;8.910313e-01;3.935602e-01;5.223580e-02;1.924680e-01;8.696804e-02;2.013206e-01;6.039072e-01;9.421121e-01;4.854445e-01;8.755030e-02;1.418069e-01;9.348219e-02;8.011849e-02,2;3;3;3;3;200;200;200;200;200;200;200;200;200;200;200;200;200;200;200;200;200;200;200;200;200;200;200;200;200;200;200;200;200;200;200;200;200;200;200;200;200;200;200;200;200;200;200;200;200;200;200;200;200;200;200;200;200;200;200,,,,,,,E1
500,2,12,0.02404809619238477,random,coupled,1.0,7.73,delta,0.005,1,,0.0,0.9700000000000011,0.025160514285827912,7,53.583333333333336,0.6416530571848671,0.08300815746246663,304.4992613907286,3.31862575315295,0.19999999999999188,0.5926549177991993,0.18736454492888524,0.8339725820057624,True,1.0,10,16,1.6,26.404599999295897,4.490399998758221,35.310999999637716,4.490399998758221,7.097837165689905,16,5.723979438210236e-07,0.9750001220388138,0.9997783210214832,0.03213338390020594,7.61736360388014e-05,0.07190347115968161,,,0.19784860947834096,0.15535564439987393,4.986469e-03;6.965187e-04;2.438786e-04;1.667045e-05;7.021100e-05;4.572899e-06;2.435591e-05;1.632366e-06;8.472346e-06;5.723979e-07,2;2;2;1;2;1;2;1;2;1,,,,,,,E1
500,2,12,0.02404809619238477,random,decoupled,1.0,7.73,delta,0.005,1,,0.0,0.9700000000000011,0.025160514285827912,7,53.583333333333336,0.6416530571848671,0.08300815746246663,304.4992613907286,3.31862575315295,0.19999999999999188,0.5926549177991993,0.18736454492888524,0.8339725820057624,False,0.0,60,11010,183.5,19.986799999969662,2353.4254000005603,2377.190100000007,2353.4254000005603,9.319185592198833,11010,4.4272470301401645,0.6597921625565394,5.402382935506335,270.0858831977819,42.58917360714858,1285.7352266635442,,1.0022393205373286,270876.57819146884,0.15535564439987393,4.986469e-03;1.238731e-02;1.972968e-02;1.471865e+00;2.542149e+00;6.013762e-01;5.752003e-01;4.990698e-01;4.922745e-01;4.847922e-01;4.774667e-01;4.704808e-01;4.639901e-01;4.580879e-01;4.527777e-01;4.479623e-01;4.434528e-01;4.389904e-01;4.342713e-01;4.289642e-01;4.227186e-01;4.151710e-01;4.059685e-01;3.948564e-01;3.819066e-01;3.679256e-01;3.546869e-01;3.439708e-01;3.358785e-01;3.254089e-01;3.007156e-01;2.494669e-01;4.088116e-02;1.395020e-01;1.360609e+00;4.237352e-01;4.799652e+00;4.837697e+00;5.050885e+00;5.217369e+00;5.168526e+00;4.784458e+00;4.517777e+00;4.460147e+00;4.502798e+00;4.582166e+00;4.605517e+00;4.431470e+00;4.381903e+00;4.714434e+00;5.089953e+00;5.306058e+00;5.139584e+00;4.742175e+00;4.616438e+00;4.618777e+00;4.676461e+00;4.704255e+00;4.535344e+00;4.427247e+00,2;3;1;200;200;200;200;200;200;200;200;200;200;200;200;200;200;200;200;200;200;200;200;200;200;200;200;200;200;200;200;200;1;3;200;200;200;200;200;200;200;200;200;200;200;200;200;200;200;200;200;200;200;200;200;200;200;200;200;200,,,,,,,E1
500,3,12,0.02404809619238477,random,coupled,1.0,7.73,delta,0.005,1,,0.0,0.9700000000000005,0.025347748473390996,7,47.666666666666664,0.6416530571848671,0.08300815746246663,463.9969542596738,3.4612038178851803,0.1999999999999969,0.5969798579318416,0.1885270130075372,0.7418854073208424,True,1.0,10,16,1.6,18.808399998306413,4.750300000523566,27.530899998964742,4.750300000523566,6.709497925707247,16,4.5283068983437147e-07,0.9750389706947705,0.9997849805227731,0.02567058114585987,9.003646285466013e-05,0.06214465532080326,,,0.19533524899508306,0.15465997979706358,4.987923e-03;6.874353e-04;2.349691e-04;1.261041e-05;6.939403e-05;3.634495e-06;2.396046e-05;1.293854e-06;8.303799e-06;4.528307e-07,2;2;2;1;2;1;2;1;2;1,,,,,,,E1
500,3,12,0.02404809619238477,random,decoupled,1.0,7.73,delta,0.005,1,,0.0,0.9700000000000005,0.025347748473390996,7,47.666666666666664,0.6416530571848671,0.08300815746246663,463.9969542596738,3.4612038178851803,0.1999999999999969,0.5969798579318416,0.1885270130075372,0.7418854073208424,False,0.0,60,10923,182.05,23.256700000274577,2358.953200000542,2386.426900000515,2358.953200000542,9.223880907851415,10923,2.3110748675576893,0.9750393667738564,3.2906082364007965,256.8974483299714,73.92129815161908,1280.0673046282711,,1.016378233780237,177575.65392247288,0.15465997979706358,4.987923e-03;1.123365e-02;7.025963e-03;3.592389e-02;1.029293e-01;3.937938e-01;1.393261e+00;2.686983e+00;2.583492e+00;2.501131e+00;2.375314e+00;2.229104e+00;2.112125e+00;2.026572e+00;1.971147e+00;1.947615e+00;1.943681e+00;1.923229e+00;1.897654e+00;2.026090e+00;2.270744e+00;2.507403e+00;2.646466e+00;2.603705e+00;2.401813e+00;2.240642e+00;2.130722e+00;2.061917e+00;2.031789e+00;2.002685e+00;1.947031e+00;2.063064e+00;2.325991e+00;2.571509e+00;2.688178e+00;2.584575e+00;2.376430e+00;2.233615e+00;2.134689e+00;2.079659e+00;2.052280e+00;1.994093e+00;2.015828e+00;2.252264e+00;2.523255e+00;2.694174e+00;2.656388e+00;2.445473e+00;2.287033e+00;2.176177e+00;2.109313e+00;2.077704e+00;2.023795e+00;2.016380e+00;2.238202e+00;2.515590e+00;2.701812e+00;2.682556e+00;2.473723e+00;2.311075e+00,2;3;1;3;5;200;109;200;200;200;200;200;200;200;200;200;200;200;200;200;200;200;200;200;200;200;200;200;200;200;200;200;200;200;200;200;200;200;200;200;200;200;200;200;200;200;200;200;200;200;200;200;200;200;200;200;200;200;200;200,,,,,,,E1
500,4,12,0.02404809619238477,random,coupled,1.0,7.73,delta,0.005,1,,0.0,0.9700000000000009,0.02531445994884545,7,33.833333333333336,0.6416530571848671,0.08300815746246663,391.59204379875837,3.292154370953392,0.166666666666666,0.5897012798728511,0.19342640012559725,0.5265829989025251,True,1.0,9,15,1.6666666666666667,17.723999999361695,3.9330999989033444,25.787300000956748,3.9330999989033444,7.5970913549951415,15,7.762273485090176e-07,0.9750240738886251,1.0044635329717382,0.39391971355040734,6.638368083259952e-05,0.4279021954442074,,,0.22310803530612272,0.15464954786380064,4.998586e-03;7.570592e-04;2.743588e-04;1.951657e-05;8.465340e-05;3.194209e-05;2.665322e-06;1.126701e-05;7.762273e-07,2;2;2;1;2;2;1;2;1,,,,,,,E1
500,4,12,0.02404809619238477,random,decoupled,1.0,7.73,delta,0.005,1,,0.0,0.9700000000000009,0.02531445994884545,7,33.833333333333336,0.6416530571848671,0.08300815746246663,391.59204379875837,3.292154370953392,0.166666666666666,0.5897012798728511,0.19342640012559725,0.5265829989025251,False,0.0,60,11213,186.88333333333333,18.33959999930812,2416.3491999988764,2438.5398000013083,2416.3491999988764,9.243856684294798,11213,10.233180972228931,0.5342945177911114,11.213031661472586,9905.127357148327,2555.0340388151685,47135.18172994427,,1.0042175396960416,2323843.094137716,0.15464954786380064,4.998586e-03;1.649277e-02;4.652380e-02;1.048526e-01;2.780544e+00;8.631263e+00;9.778711e+00;1.030666e+01;1.067787e+01;1.078004e+01;9.866802e+00;9.559365e+00;9.707926e+00;1.002363e+01;1.037676e+01;1.057607e+01;9.936751e+00;1.003665e+01;1.047249e+01;1.089943e+01;1.114556e+01;1.034449e+01;9.997242e+00;1.011457e+01;1.038050e+01;1.069796e+01;1.084921e+01;9.992644e+00;1.023739e+01;1.073345e+01;1.119329e+01;1.134107e+01;1.033457e+01;1.019181e+01;1.039524e+01;1.069434e+01;1.097433e+01;1.089111e+01;1.014943e+01;1.058162e+01;1.105986e+01;1.139260e+01;1.122112e+01;1.041129e+01;1.042243e+01;1.062298e+01;1.086487e+01;1.105722e+01;1.056222e+01;1.038146e+01;1.077837e+01;1.118417e+01;1.144515e+01;1.077897e+01;1.039924e+01;1.048166e+01;1.071237e+01;1.101110e+01;1.115012e+01;1.023318e+01,2;3;3;5;200;200;200;200;200;200;200;200;200;200;200;200;200;200;200;200;200;200;200;200;200;200;200;200;200;200;200;200;200;200;200;200;200;200;200;200;200;200;200;200;200;200;200;200;200;200;200;200;200;200;200;200;200;200;200;200,,,,,,,E1
500,0,16,0.03206412825651302,random,coupled,1.0,7.73,delta,0.005,1,,0.0,0.9700000000000011,0.025171278163522704,7,43.0625,0.6416530571848671,0.08300815746246663,184.5898732484299,3.6675450459901677,0.16666666666667762,0.6739107660947883,0.15500409097878234,0.6702260213864326,True,1.0,10,16,1.6,19.742000000405824,5.6970000005094334,30.71499999896332,5.6970000005094334,5.594545900851316,16,7.482815146397925e-07,0.97510919033571,1.0034096844770386,0.13078915432833907,4.819496358259919e-05,0.21895046350800643,,,0.21823548103253504,0.15507334426349448,4.995383e-03;7.448300e-04;2.695734e-04;1.960678e-05;8.185211e-05;5.492743e-06;2.947160e-05;2.049434e-06;1.067231e-05;7.482815e-07,2;2;2;1;2;1;2;1;2;1,True,7.0,62.476899998728186,7.758599570584224e-07,0.002709603535673461,0.00013142595057552553,E1
500,0,16,0.03206412825651302,random,decoupled,1.0,7.73,delta,0.005,1,,0.0,0.9700000000000011,0.025171278163522704,7,43.0625,0.6416530571848671,0.08300815746246663,184.5898732484299,3.6675450459901677,0.16666666666667762,0.6739107660947883,0.15500409097878234,0.6702260213864326,False,0.0,60,11408,190.13333333333333,26.27550000033807,2475.45159999936,2505.8109999990847,2475.45159999936,9.180073350658876,11408,13.72387764006551,0.9751098361659111,14.702302662285494,4059.1953752881573,0.0372862342391172,20829.83589042069,,0.995633595079799,3765801.058910432,0.15507334426349448,4.995383e-03;1.468162e-02;5.871480e-02;4.007056e-02;7.238653e-01;2.135805e+00;5.447277e-01;9.952083e+00;9.898883e+00;9.870842e+00;1.007421e+01;1.040026e+01;1.075751e+01;1.120101e+01;1.123880e+01;1.221734e+01;1.324616e+01;1.357971e+01;1.209409e+01;1.197128e+01;1.218001e+01;1.252776e+01;1.285699e+01;1.290495e+01;1.172606e+01;1.254028e+01;1.326457e+01;1.370517e+01;1.371273e+01;1.247931e+01;1.261957e+01;1.282397e+01;1.298012e+01;1.304029e+01;1.276046e+01;1.256984e+01;1.294540e+01;1.320123e+01;1.332057e+01;1.304720e+01;1.264528e+01;1.255189e+01;1.255256e+01;1.272839e+01;1.308527e+01;1.214107e+01;1.221100e+01;1.275341e+01;1.352465e+01;1.393084e+01;1.247417e+01;1.241925e+01;1.274011e+01;1.307875e+01;1.327239e+01;1.316516e+01;1.237829e+01;1.299335e+01;1.348825e+01;1.372388e+01,2;3;3;200;200;200;200;200;200;200;200;200;200;200;200;200;200;200;200;200;200;200;200;200;200;200;200;200;200;200;200;200;200;200;200;200;200;200;200;200;200;200;200;200;200;200;200;200;200;200;200;200;200;200;200;200;200;200;200;200,,,,,,,E1
500,1,16,0.03206412825651302,random,coupled,1.0,7.73,delta,0.005,1,,0.0,0.9700000000000001,0.02528847274572829,7,55.375,0.6416530571848671,0.08300815746246663,872.9228986531118,4.435427052286297,0.16666666666665575,0.6976068151055898,0.18229635153427887,0.8618581349033873,True,1.0,10,16,1.6,28.105899998990935,4.883200001131627,37.594999999782885,4.883200001131627,6.526893838592315,16,7.025386927761446e-07,0.9750285183815035,1.0029210197021792,0.09789504170455443,5.177410718913705e-05,0.18628542113047178,,,0.2161590571067489,0.15473227427504094,4.995009e-03;7.389159e-04;2.653473e-04;1.833066e-05;8.055340e-05;5.208152e-06;2.888753e-05;1.931269e-06;1.041626e-05;7.025387e-07,2;2;2;1;2;1;2;1;2;1,,,,,,,E1
500,1,16,0.03206412825651302,random,decoupled,1.0,7.73,delta,0.005,1,,0.0,0.9700000000000001,0.02528847274572829,7,55.375,0.6416530571848671,0.08300815746246663,872.9228986531118,4.435427052286297,0.16666666666665575,0.6976068151055898,0.18229635153427887,0.8618581349033873,False,0.0,60,11408,190.13333333333333,23.896500000773813,2473.419500000091,2501.194899999973,2473.419500000091,9.187615470808396,11408,13.101834063150111,0.978781740116742,14.080908647624822,2862.729026451273,225.88953104406778,16961.078364074303,,0.9954358426225005,3682826.263163024,0.15473227427504094,4.995009e-03;1.052511e-02;3.717797e-02;6.632355e-01;1.957221e+00;4.530951e+00;6.928529e+00;7.848317e+00;8.389678e+00;8.821697e+00;9.084923e+00;8.899896e+00;8.431638e+00;8.994300e+00;9.733983e+00;1.038509e+01;1.059798e+01;8.868076e+00;8.881395e+00;9.039393e+00;9.385343e+00;9.934394e+00;1.028652e+01;8.072061e+00;9.646420e+00;9.881506e+00;1.049202e+01;1.164722e+01;1.221074e+01;1.023278e+01;1.011759e+01;1.055772e+01;1.107381e+01;1.150040e+01;1.124461e+01;9.791427e+00;1.124421e+01;1.202298e+01;1.239445e+01;1.231947e+01;1.159296e+01;1.158158e+01;1.147361e+01;1.141464e+01;1.118424e+01;1.088173e+01;1.118842e+01;1.152855e+01;1.168519e+01;1.282629e+01;1.126523e+01;1.108859e+01;1.080259e+01;1.168811e+01;1.217462e+01;1.252228e+01;1.027592e+01;1.205426e+01;1.282101e+01;1.310183e+01,2;3;3;200;200;200;200;200;200;200;200;200;200;200;200;200;200;200;200;200;200;200;200;200;200;200;200;200;200;200;200;200;200;200;200;200;200;200;200;200;200;200;200;200;200;200;200;200;200;200;200;200;200;200;200;200;200;200;200;200,,,,,,,E1
500,2,16,0.03206412825651302,random,coupled,1.0,7.73,delta,0.005,1,,0.0,0.9700000000000011,0.025160514285827912,7,51.4375,0.6416530571848671,0.08300815746246663,672.6969303161059,3.310710562561365,0.249999999999992,0.6871251522205443,0.17029532306059839,0.8005747686517353,True,1.0,10,16,1.6,16.978899999230634,4.677700000684126,25.956999999834807,4.677700000684126,6.813632339683736,16,3.643083054116758e-07,0.9750007151735854,0.9998340718980409,0.0387106077444186,4.386204767985042e-05,0.07848312856850856,,,0.20250080922620678,0.15534970775975576,4.989722e-03;7.020631e-04;2.338077e-04;1.040870e-05;7.273993e-05;3.143787e-06;2.539528e-05;1.073767e-06;8.908434e-06;3.643083e-07,2;2;2;1;2;1;2;1;2;1,,,,,,,E1
500,2,16,0.03206412825651302,random,decoupled,1.0,7.73,delta,0.005,1,,0.0,0.9700000000000011,0.025160514285827912,7,51.4375,0.6416530571848671,0.08300815746246663,672.6969303161059,3.310710562561365,0.249999999999992,0.6871251522205443,0.17029532306059839,0.8005747686517353,False,0.0,60,9952,165.86666666666667,33.58889999981329,2199.909099999786,2237.8733000005013,2199.909099999786,9.011492163927104,9952,14.569514759829575,0.6281617106274601,15.549383395271185,6378.325367774285,52.601904173710544,29493.16260387694,,1.0017924946067749,3885522.2351613413,0.15534970775975576,4.989722e-03;8.458848e-03;8.913654e-03;8.754978e-03;1.047309e-02;8.930844e-03;1.236047e-02;8.506026e-03;2.040052e-02;2.632873e-02;2.522037e-02;6.684325e-02;5.712968e-01;2.824215e-01;2.929247e-01;1.081207e+00;6.907536e-01;2.149896e+01;1.580594e+01;1.508466e+01;1.484651e+01;1.484601e+01;1.497671e+01;1.513899e+01;1.524361e+01;1.523271e+01;1.509340e+01;1.485812e+01;1.459325e+01;1.437887e+01;1.428251e+01;1.433373e+01;1.451042e+01;1.474562e+01;1.495289e+01;1.505823e+01;1.502452e+01;1.486138e+01;1.462061e+01;1.438036e+01;1.422112e+01;1.419804e+01;1.431900e+01;1.453966e+01;1.478000e+01;1.495500e+01;1.500473e+01;1.491275e+01;1.470929e+01;1.446106e+01;1.425119e+01;1.415238e+01;1.420025e+01;1.437784e+01;1.462092e+01;1.484281e+01;1.496673e+01;1.495144e+01;1.480263e+01;1.456951e+01,2;3;3;3;2;3;2;3;3;200;3;200;125;200;200;200;200;200;200;200;200;200;200;200;200;200;200;200;200;200;200;200;200;200;200;200;200;200;200;200;200;200;200;200;200;200;200;200;200;200;200;200;200;200;200;200;200;200;200;200,,,,,,,E1
500,3,16,0.03206412825651302,random,coupled,1.0,7.73,delta,0.005,1,,0.0,0.9700000000000005,0.025347748473390996,7,54.125,0.6416530571848671,0.08300815746246663,668.8689757044899,3.634540247205754,0.1999999999999942,0.7036475638926563,0.18895580861882785,0.8424030979980541,True,1.0,10,16,1.6,27.845100001286482,5.841599999257596,38.34070000084466,5.841599999257596,5.456061353747364,16,4.5287132854898715e-07,0.9750612551159835,0.9997849802071642,0.025657607843452064,3.552175769112584e-05,0.06581500485883297,,,0.19594614728883097,0.1546545906537347,4.983490e-03;6.875629e-04;2.349623e-04;1.256386e-05;6.940044e-05;3.635846e-06;2.396382e-05;1.293927e-06;8.304972e-06;4.528713e-07,2;2;2;1;2;1;2;1;2;1,,,,,,,E1
500,3,16,0.03206412825651302,random,decoupled,1.0,7.73,delta,0.005,1,,0.0,0.9700000000000005,0.025347748473390996,7,54.125,0.6416530571848671,0.08300815746246663,668.8689757044899,3.634540247205754,0.1999999999999942,0.7036475638926563,0.18895580861882785,0.8424030979980541,False,0.0,60,11032,183.86666666666667,26.733400000011898,2372.0159999993484,2402.757699999711,2372.0159999993484,9.264622268992298,11032,3.20041141477936,0.42955463961720297,4.1799790416263525,154.97251582276758,9.36851438831396,827.2407193638873,,1.0020626175773162,172447.24600293185,0.1546545906537347,4.983490e-03;1.059660e-02;1.241577e-02;2.115674e-01;1.739915e+00;3.048518e+00;6.347991e-01;3.425370e-01;4.720392e-01;5.082948e-01;8.689498e-01;5.002376e-01;4.954935e-01;5.280695e-01;4.852454e-01;4.797857e-01;4.741563e-01;4.684181e-01;4.626484e-01;4.569368e-01;4.513768e-01;8.108354e-01;4.410217e-01;4.362905e-01;4.767257e-01;4.273722e-01;4.227430e-01;4.849170e-01;4.108750e-01;4.019567e-01;7.581185e-01;3.702164e-01;3.430807e-01;6.506679e-01;3.403042e-01;2.880041e-01;3.055022e-01;8.275036e-01;3.788090e+00;3.860318e+00;3.704872e+00;3.435064e+00;3.293260e+00;3.266775e+00;3.303199e+00;3.370456e+00;3.404122e+00;3.274505e+00;3.134726e+00;3.440167e+00;3.833384e+00;4.130940e+00;4.145247e+00;3.728700e+00;3.532426e+00;3.477249e+00;3.478706e+00;3.513005e+00;3.464528e+00;3.200411e+00,2;3;1;5;21;200;200;200;200;200;200;200;200;200;200;200;200;200;200;200;200;200;200;200;200;200;200;200;200;200;200;200;200;200;200;200;200;200;200;200;200;200;200;200;200;200;200;200;200;200;200;200;200;200;200;200;200;200;200;200,,,,,,,E1
500,4,16,0.03206412825651302,random,coupled,1.0,7.73,delta,0.005,1,,0.0,0.9700000000000009,0.02531445994884545,7,43.75,0.6416530571848671,0.08300815746246663,583.0015623057975,3.7805846526308393,0.1428571428571423,0.6797943611581402,0.1646517588000649,0.6809262916843171,True,1.0,9,15,1.6666666666666667,25.555100000929087,4.810299999007839,34.3840999994427,4.810299999007839,6.211695737513877,15,9.033582589745848e-07,0.9750012527277374,1.0044635328478901,0.3939200847773312,5.533684903231811e-05,0.42052511496016215,,,0.22307797356298562,0.15531017146156093,4.998408e-03;7.596919e-04;2.808704e-04;2.383107e-05;8.465178e-05;3.221260e-05;3.197098e-06;1.126725e-05;9.033583e-07,2;2;2;1;2;2;1;2;1,,,,,,,E1
500,4,16,0.03206412825651302,random,decoupled,1.0,7.73,delta,0.005,1,,0.0,0.9700000000000009,0.02531445994884545,7,43.75,0.6416530571848671,0.08300815746246663,583.0015623057975,3.7805846526308393,0.1428571428571423,0.6797943611581402,0.1646517588000649,0.6809262916843171,False,0.0,60,11277,187.95,24.960299999293056,2433.7720000003173,2462.707100001353,2433.7720000003173,9.230065189342746,11277,12.039266498655987,0.9756566886970467,13.014688630550715,8908.367349142747,721.1790168250892,47617.37943784465,,0.9982901018010175,2701901.6061525834,0.15531017146156093,4.998408e-03;1.868052e-02;6.206715e-02;1.845383e-01;2.091157e+00;6.940416e+00;7.571273e+00;7.948219e+00;8.399895e+00;8.899224e+00;9.390594e+00;9.621318e+00;9.126703e+00;1.039674e+01;1.118355e+01;1.162039e+01;1.176065e+01;1.042343e+01;1.032505e+01;1.060469e+01;1.098780e+01;1.135284e+01;1.141416e+01;1.044481e+01;1.107532e+01;1.162211e+01;1.193541e+01;1.191462e+01;1.082282e+01;1.088708e+01;1.114506e+01;1.138981e+01;1.158488e+01;1.135159e+01;1.103146e+01;1.136323e+01;1.163405e+01;1.179780e+01;1.146005e+01;1.096521e+01;1.097137e+01;1.110277e+01;1.132754e+01;1.166245e+01;1.080874e+01;1.090710e+01;1.125890e+01;1.179817e+01;1.218586e+01;1.102303e+01;1.080720e+01;1.107479e+01;1.147252e+01;1.180828e+01;1.183794e+01;1.082102e+01;1.138799e+01;1.187028e+01;1.213822e+01;1.203927e+01,2;3;3;69;200;200;200;200;200;200;200;200;200;200;200;200;200;200;200;200;200;200;200;200;200;200;200;200;200;200;200;200;200;200;200;200;200;200;200;200;200;200;200;200;200;200;200;200;200;200;200;200;200;200;200;200;200;200;200;200,,,,,,,E1
500,0,24,0.04809619238476954,random,coupled,1.0,7.73,delta,0.005,1,,0.0,0.9700000000000011,0.025171278163522704,7,53.041666666666664,0.6416530571848671,0.08300815746246663,337.81167860107456,4.364291548643601,0.1304347826087023,0.7689246905519074,0.1357115463813181,0.8255420660134819,True,1.0,9,15,1.6666666666666667,25.086800000281073,4.029099998660968,33.5482000009506,4.029099998660968,7.416078034779571,15,9.09785840441657e-07,0.9749991049197273,1.0044555771819754,0.3939039264056453,3.8176233378888136e-05,0.5716538014420024,,,0.22309184859223377,0.15537678156146034,4.998629e-03;7.600449e-04;2.813907e-04;2.430358e-05;8.463106e-05;3.216579e-05;3.247177e-06;1.126299e-05;9.097858e-07,2;2;2;1;2;2;1;2;1,True,7.0,59.21379999927012,9.098487595560201e-07,0.002903578321785837,0.0004225145856990853,E1
500,0,24,0.04809619238476954,random,decoupled,1.0,7.73,delta,0.005,1,,0.0,0.9700000000000011,0.025171278163522704,7,53.041666666666664,0.6416530571848671,0.08300815746246663,337.81167860107456,4.364291548643601,0.1304347826087023,0.7689246905519074,0.1357115463813181,0.8255420660134819,False,0.0,60,11408,190.13333333333333,26.96500000092783,2452.8737000000547,2483.9934000010544,2452.8737000000547,9.264572922771968,11408,5.329830828272383,0.12013808939915636,6.304833708159421,3516.1994520654803,103.48497003067101,15398.546626542844,,0.9880414862250634,2905068.395785257,0.15537678156146034,4.998629e-03;1.832120e-02;9.746038e-02;4.912104e-01;2.684437e+00;9.583831e+00;6.374027e+00;9.369269e+00;1.342286e+01;2.999391e+01;3.673541e+01;4.193826e+01;3.754593e+01;2.347909e+01;1.269806e+01;6.953811e+00;5.549272e+00;4.585210e+00;2.844359e+00;5.760995e+00;5.342311e+00;7.064816e+00;4.745451e+00;3.037976e+00;6.030494e+00;8.310030e+00;6.506433e+00;5.238805e+00;4.338769e+00;1.046212e+01;6.207005e+00;5.193744e+00;3.884820e+00;7.565644e+00;2.523245e+01;1.864607e+01;1.630328e+01;1.493026e+01;1.285104e+01;9.682593e+00;5.986210e+00;6.599057e+00;5.945861e+00;4.876344e+00;4.220331e+00;4.852932e+00;5.585443e+00;5.742003e+00;5.465856e+00;5.435353e+00;4.875075e+00;6.699634e+00;4.306350e+00;5.632074e+00;5.855640e+00;5.767327e+00;7.040815e+00;5.138967e+00;7.243552e+00;5.329831e+00,2;3;3;200;200;200;200;200;200;200;200;200;200;200;200;200;200;200;200;200;200;200;200;200;200;200;200;200;200;200;200;200;200;200;200;200;200;200;200;200;200;200;200;200;200;200;200;200;200;200;200;200;200;200;200;200;200;200;200;200,,,,,,,E1
500,1,24,0.04809619238476954,random,coupled,1.0,7.73,delta,0.005,1,,0.0,0.9700000000000001,0.02528847274572829,7,51.125,0.6416530571848671,0.08300815746246663,635.7850072019279,5.544195025145109,0.1428571428571261,0.7686309960372487,0.15015005965475478,0.7957110094254859,True,1.0,9,15,1.6666666666666667,30.516400000124122,4.460800000742893,39.279000000533415,4.460800000742893,6.698376971624781,15,7.47003964352011e-07,0.9750073192516472,1.003396116577733,0.09791711429655703,4.7563710699053446e-05,0.24180137542700347,,,0.21683291514943662,0.15512752229764848,4.995545e-03;7.383478e-04;2.678656e-04;1.995442e-05;8.110694e-05;3.000666e-05;2.630160e-06;1.054484e-05;7.470040e-07,2;2;2;1;2;2;1;2;1,,,,,,,E1
500,1,24,0.04809619238476954,random,decoupled,1.0,7.73,delta,0.005,1,,0.0,0.9700000000000001,0.02528847274572829,7,51.125,0.6416530571848671,0.08300815746246663,635.7850072019279,5.544195025145109,0.1428571428571261,0.7686309960372487,0.15015005965475478,0.7957110094254859,False,0.0,60,11211,186.85,30.319299999973737,2488.934299999528,2523.6291000001074,2488.934299999528,8.972676252645252,11211,11.89078419756547,0.17928207962067588,12.867357791267844,4004.6283669842605,299.45976326912637,22218.794773051333,,1.0111556604187049,2825949.1557620387,0.15512752229764848,4.995545e-03;1.280622e-02;1.748077e-02;2.720906e-01;2.339275e+00;6.975751e+00;6.959744e+00;7.065128e+00;7.752670e+00;8.161646e+00;9.765325e+00;9.346240e+00;1.100275e+01;1.249267e+01;1.250910e+01;1.234469e+01;1.179789e+01;1.176480e+01;1.183091e+01;1.193763e+01;1.203751e+01;1.176528e+01;1.174234e+01;1.201101e+01;1.226481e+01;1.251134e+01;1.213204e+01;1.179323e+01;1.172900e+01;1.177243e+01;1.193352e+01;1.212508e+01;1.141331e+01;1.161348e+01;1.210846e+01;1.262788e+01;1.287483e+01;1.190027e+01;1.181912e+01;1.193345e+01;1.208890e+01;1.221741e+01;1.214029e+01;1.162313e+01;1.208835e+01;1.251412e+01;1.276452e+01;1.262368e+01;1.206174e+01;1.202668e+01;1.202560e+01;1.205992e+01;1.215438e+01;1.176609e+01;1.177328e+01;1.209618e+01;1.249368e+01;1.282088e+01;1.214048e+01;1.189078e+01,2;3;1;5;200;200;200;200;200;200;200;200;200;200;200;200;200;200;200;200;200;200;200;200;200;200;200;200;200;200;200;200;200;200;200;200;200;200;200;200;200;200;200;200;200;200;200;200;200;200;200;200;200;200;200;200;200;200;200;200,,,,,,,E1
500,2,24,0.04809619238476954,random,coupled,1.0,7.73,delta,0.005,1,,0.0,0.9700000000000011,0.025160514285827912,7,56.75,0.6416530571848671,0.08300815746246663,916.0687357325908,4.594141705642867,0.16666666666666075,0.7782549957810073,0.16272483417674105,0.88325867549912,True,1.0,10,16,1.6,28.248200000234647,4.4329999982437585,37.04760000073293,4.4329999982437585,7.189742389494005,16,5.297166688622568e-07,0.9749997475958126,0.9998340540289591,0.03871599362304411,4.178225842034889e-05,0.08977445969580562,,,0.20184535353883928,0.15537723931624048,4.985488e-03;7.030316e-04;2.447261e-04;1.451991e-05;7.270851e-05;4.149265e-06;2.541401e-05;1.495227e-06;8.918495e-06;5.297167e-07,2;2;2;1;2;1;2;1;2;1,,,,,,,E1
500,2,24,0.04809619238476954,random,decoupled,1.0,7.73,delta,0.005,1,,0.0,0.9700000000000011,0.025160514285827912,7,56.75,0.6416530571848671,0.08300815746246663,916.0687357325908,4.594141705642867,0.16666666666666075,0.7782549957810073,0.16272483417674105,0.88325867549912,False,0.0,60,11406,190.1,28.08329999970738,2441.6766999984247,2473.543599999175,2441.6766999984247,9.305426573474964,11406,0.5472349616933225,0.42876339557078463,1.2378212838718152,35.723603415292224,3.243343252114602,197.79326972912884,,1.0329562368817706,9720.551955515508,0.15537723931624048,4.985488e-03;1.371783e-02;2.354341e-02;4.962538e-01;8.428453e-01;1.815617e+00;8.727876e-01;5.010079e-01;4.826914e-01;4.788038e-01;4.695731e-01;4.668075e-01;4.631993e-01;7.873382e-01;4.518846e-01;4.427921e-01;7.590605e-01;4.124736e-01;3.914254e-01;3.708262e-01;7.976688e-01;2.497323e-01;3.127143e-01;9.443167e-01;8.172798e-01;3.716527e-01;2.319813e-01;2.140932e-01;8.296771e-01;4.342510e-01;2.100002e-01;5.372165e-01;3.614427e-01;9.063245e-01;3.934097e-01;7.845394e-01;1.773027e-01;5.551652e-01;7.702332e-01;9.517871e-01;3.961870e-01;5.948696e-01;5.612637e-01;4.399809e-01;9.229496e-01;5.454819e-01;3.511779e-01;3.501582e-01;7.980613e-01;5.818026e-01;9.193842e-01;7.714279e-01;7.221693e-01;3.533434e-01;2.541603e-01;7.809706e-01;8.651537e-01;5.678960e-01;6.323804e-01;5.472350e-01,2;3;1;200;200;200;200;200;200;200;200;200;200;200;200;200;200;200;200;200;200;200;200;200;200;200;200;200;200;200;200;200;200;200;200;200;200;200;200;200;200;200;200;200;200;200;200;200;200;200;200;200;200;200;200;200;200;200;200;200,,,,,,,E1
500,3,24,0.04809619238476954,random,coupled,1.0,7.73,delta,0.005,1,,0.0,0.9700000000000005,0.025347748473390996,7,53.625,0.6416530571848671,0.08300815746246663,403.9664769314248,5.215601762936499,0.14285714285714052,0.7864140578470287,0.17574068248220392,0.8346210832359621,True,1.0,10,16,1.6,24.35179999883985,4.468499999347841,32.685899999705725,4.468499999347841,7.132623476480162,16,5.486717855607282e-07,0.9750132285078753,1.0000625509589822,0.03369111780216525,3.453738654400226e-05,0.09731698061576957,,,0.20183219099607916,0.1549506061763371,4.989755e-03;7.029762e-04;2.439218e-04;1.495814e-05;7.281261e-05;4.328200e-06;2.543586e-05;1.548352e-06;8.926569e-06;5.486718e-07,2;2;2;1;2;1;2;1;2;1,,,,,,,E1
500,3,24,0.04809619238476954,random,decoupled,1.0,7.73,delta,0.005,1,,0.0,0.9700000000000005,0.025347748473390996,7,53.625,0.6416530571848671,0.08300815746246663,403.9664769314248,5.215601762936499,0.14285714285714052,0.7864140578470287,0.17574068248220392,0.8346210832359621,False,0.0,60,11263,187.71666666666667,22.34669999961625,2395.79010000125,2421.985000000859,2395.79010000125,9.364754493304023,11263,4.242041211059648,0.1389383957754838,5.223132466128161,641.5593344118786,151.59307054474934,6531.837415947974,,0.9976284537064418,765707.1307383991,0.1549506061763371,4.989755e-03;1.127440e-02;1.569477e-02;6.560943e-01;3.939827e+00;4.268220e+00;4.539117e+00;4.766337e+00;4.809557e+00;4.530138e+00;4.308585e+00;4.198400e+00;4.135992e+00;4.113716e+00;4.078779e+00;3.945161e+00;4.097259e+00;4.445391e+00;4.760115e+00;4.885793e+00;4.645602e+00;4.416441e+00;4.288145e+00;4.200946e+00;4.161258e+00;4.110913e+00;3.976021e+00;4.182968e+00;4.541802e+00;4.837045e+00;4.898856e+00;4.611862e+00;4.486909e+00;4.298989e+00;4.216311e+00;4.179389e+00;4.096207e+00;4.021863e+00;4.309167e+00;4.666770e+00;4.911127e+00;4.854062e+00;4.561852e+00;4.457864e+00;4.288725e+00;4.218137e+00;4.180943e+00;4.051239e+00;4.114172e+00;4.453322e+00;4.788380e+00;4.951636e+00;4.752778e+00;4.566211e+00;4.374587e+00;4.269997e+00;4.216944e+00;4.164010e+00;4.028872e+00;4.242041e+00,2;3;1;200;57;200;200;200;200;200;200;200;200;200;200;200;200;200;200;200;200;200;200;200;200;200;200;200;200;200;200;200;200;200;200;200;200;200;200;200;200;200;200;200;200;200;200;200;200;200;200;200;200;200;200;200;200;200;200;200,,,,,,,E1
500,4,24,0.04809619238476954,random,coupled,1.0,7.73,delta,0.005,1,,0.0,0.9700000000000009,0.02531445994884545,7,38.625,0.6416530571848671,0.08300815746246663,1145.4626797657495,6.072491826855632,0.09999999999999819,0.765191644698978,0.1669479289086329,0.6011606403727149,True,1.0,9,15,1.6666666666666667,24.346700000023702,4.5743999999103835,33.631800000875955,4.5743999999103835,6.532030430348325,15,7.634004626222435e-07,0.9750262534875297,1.0044635329894347,0.3939105281540955,3.4162193187173414e-05,0.5611219818160003,,,0.22318614808995704,0.1551013351662701,4.998982e-03;7.569140e-04;2.737318e-04;1.911765e-05;8.465344e-05;3.190983e-05;2.615274e-06;1.126695e-05;7.634005e-07,2;2;2;1;2;2;1;2;1,,,,,,,E1
500,4,24,0.04809619238476954,random,decoupled,1.0,7.73,delta,0.005,1,,0.0,0.9700000000000009,0.02531445994884545,7,38.625,0.6416530571848671,0.08300815746246663,1145.4626797657495,6.072491826855632,0.09999999999999819,0.765191644698978,0.1669479289086329,0.6011606403727149,False,0.0,60,11408,190.13333333333333,23.402000000714906,2425.7852000009734,2453.4153999993578,2425.7852000009734,9.368029479275775,11408,21.961058342218994,0.4997378731607328,22.941330402499485,12850.761026131204,325.738593582974,50020.809216964866,,0.9969309852535378,6973811.185825548,0.1551013351662701,4.998982e-03;1.809686e-02;5.413091e-02;1.291327e-01;9.323018e-01;2.190138e+00;1.548690e+00;4.237540e+00;1.828646e+01;1.980636e+01;2.012931e+01;1.992171e+01;1.933926e+01;1.910491e+01;1.937076e+01;1.993884e+01;2.057056e+01;2.096459e+01;2.065757e+01;1.986310e+01;2.033320e+01;2.122117e+01;2.196813e+01;2.196640e+01;2.037021e+01;2.011265e+01;2.053661e+01;2.120157e+01;2.180674e+01;2.186688e+01;2.018961e+01;2.050883e+01;2.144313e+01;2.237231e+01;2.270755e+01;2.067006e+01;2.046824e+01;2.092853e+01;2.165222e+01;2.234502e+01;2.244607e+01;2.014108e+01;2.086712e+01;2.207743e+01;2.307584e+01;2.325553e+01;2.065975e+01;2.092386e+01;2.165654e+01;2.237638e+01;2.281577e+01;2.249443e+01;2.088679e+01;2.194641e+01;2.274467e+01;2.320090e+01;2.290260e+01;2.140146e+01;2.166213e+01;2.196106e+01,2;3;3;200;200;200;200;200;200;200;200;200;200;200;200;200;200;200;200;200;200;200;200;200;200;200;200;200;200;200;200;200;200;200;200;200;200;200;200;200;200;200;200;200;200;200;200;200;200;200;200;200;200;200;200;200;200;200;200;200,,,,,,,E1
500,0,25,0.050100200400801605,random,coupled,1.0,7.73,delta,0.005,1,,0.0,0.9700000000000011,0.025171278163522704,7,56.0,0.6416530571848671,0.08300815746246663,401.1603996782927,4.811234194933612,0.11538461538462103,0.7832089459502918,0.14200180499562245,0.8715856533559483,True,1.0,9,15,1.6666666666666667,22.781100000429433,4.0525999993406,30.73480000057316,4.0525999993406,7.373074077101565,15,9.09965868989282e-07,0.9749991360194669,1.0044555771648913,0.3939039764251702,3.386085146658897e-05,0.5701716919013355,,,0.2230952172075374,0.1553758079023255,4.998636e-03;7.606686e-04;2.813574e-04;2.428701e-05;8.463121e-05;3.218291e-05;3.246428e-06;1.126307e-05;9.099659e-07,2;2;2;1;2;2;1;2;1,True,7.0,58.08470000010857,9.10162551104321e-07,0.002903626093274658,0.00042270298475327595,E1
500,0,25,0.050100200400801605,random,decoupled,1.0,7.73,delta,0.005,1,,0.0,0.9700000000000011,0.025171278163522704,7,56.0,0.6416530571848671,0.08300815746246663,401.1603996782927,4.811234194933612,0.11538461538462103,0.7832089459502918,0.14200180499562245,0.8715856533559483,False,0.0,60,11408,190.13333333333333,25.904699999955483,2499.0495999991253,2529.1489999999612,2499.0495999991253,9.09338784792745,11408,96.06066571281514,0.09982724041345716,97.0356747182836,153984.2165385151,10.071469818594862,605735.287886155,,0.9998177176609662,147824961.01719117,0.1553758079023255,4.998636e-03;2.047290e-02;1.184886e-01;1.191806e+00;4.647456e+00;1.519094e+00;9.254347e-01;6.909287e-01;9.732663e+01;9.719603e+01;9.702889e+01;9.644996e+01;9.570897e+01;9.545980e+01;9.567223e+01;9.601525e+01;9.613042e+01;9.585315e+01;9.572153e+01;9.606690e+01;9.650094e+01;9.655662e+01;9.604353e+01;9.561166e+01;9.565794e+01;9.597562e+01;9.623562e+01;9.612091e+01;9.575668e+01;9.583856e+01;9.628121e+01;9.660742e+01;9.640012e+01;9.584228e+01;9.565101e+01;9.586369e+01;9.619033e+01;9.629827e+01;9.597691e+01;9.575254e+01;9.605197e+01;9.650018e+01;9.661835e+01;9.616531e+01;9.573496e+01;9.576599e+01;9.607030e+01;9.633165e+01;9.622885e+01;9.583459e+01;9.586947e+01;9.629913e+01;9.664825e+01;9.648745e+01;9.594201e+01;9.573430e+01;9.593220e+01;9.625481e+01;9.637518e+01;9.606067e+01,2;3;3;200;200;200;200;200;200;200;200;200;200;200;200;200;200;200;200;200;200;200;200;200;200;200;200;200;200;200;200;200;200;200;200;200;200;200;200;200;200;200;200;200;200;200;200;200;200;200;200;200;200;200;200;200;200;200;200;200,,,,,,,E1
500,1,25,0.050100200400801605,random,coupled,1.0,7.73,delta,0.005,1,,0.0,0.9700000000000001,0.02528847274572829,7,51.04,0.6416530571848671,0.08300815746246663,685.8999253922743,5.190740827200198,0.1468531468531285,0.7800120124966833,0.1539647648728706,0.7943880669159152,True,1.0,9,15,1.6666666666666667,21.413500000562635,5.315000000337022,30.767399999604095,5.315000000337022,5.6218476007724005,15,7.652631826005063e-07,0.9749992347368175,1.0034650802885396,0.09791711072476054,4.303183316630281e-05,0.3226244983196783,,,0.21747783864850423,0.15537723931623904,4.997576e-03;7.388387e-04;2.652074e-04;2.028285e-05;8.135060e-05;2.997892e-05;2.679953e-06;1.058297e-05;7.652632e-07,2;2;2;1;2;2;1;2;1,,,,,,,E1
500,1,25,0.050100200400801605,random,decoupled,1.0,7.73,delta,0.005,1,,0.0,0.9700000000000001,0.02528847274572829,7,51.04,0.6416530571848671,0.08300815746246663,685.8999253922743,5.190740827200198,0.1468531468531285,0.7800120124966833,0.1539647648728706,0.7943880669159152,False,0.0,60,11408,190.13333333333333,24.203799999668263,2447.5926000013715,2475.683600001503,2447.5926000013715,9.28456282470672,11408,6.686991970731712,0.14977786050102512,7.666188701314176,764.0010797210917,134.35908850104113,5640.370806840045,,1.0065952054841119,491956.6193196007,0.15537723931623904,4.997576e-03;1.402680e-02;4.977669e-02;6.612413e-01;1.070415e+00;1.684204e+00;1.801459e+00;7.346164e-01;1.232771e+00;1.523710e+00;5.893665e+00;8.857593e+00;1.544923e+01;1.292674e+01;7.552112e+00;4.240174e+00;3.020574e+00;3.148897e+00;3.262819e+00;3.364347e+00;3.457757e+00;3.366994e+00;4.351922e+00;3.808446e+00;3.046497e+00;3.081227e+00;3.051685e+00;3.368755e+00;3.729710e+00;3.955497e+00;4.453500e+00;3.840574e+00;4.859222e+00;5.178780e+00;5.508544e+00;5.727627e+00;5.670127e+00;4.792725e+00;5.003154e+00;5.841685e+00;6.507826e+00;6.914263e+00;6.779005e+00;5.444824e+00;5.349436e+00;5.579901e+00;5.938335e+00;6.272919e+00;6.373637e+00;5.673447e+00;5.576385e+00;6.164881e+00;6.737198e+00;7.085516e+00;6.823372e+00;5.542464e+00;5.673963e+00;6.035961e+00;6.445028e+00;6.686992e+00,2;3;3;200;200;200;200;200;200;200;200;200;200;200;200;200;200;200;200;200;200;200;200;200;200;200;200;200;200;200;200;200;200;200;200;200;200;200;200;200;200;200;200;200;200;200;200;200;200;200;200;200;200;200;200;200;200;200;200;200,,,,,,,E1
500,2,25,0.050100200400801605,random,coupled,1.0,7.73,delta,0.005,1,,0.0,0.9700000000000011,0.025160514285827912,7,56.4,0.6416530571848671,0.08300815746246663,758.1695202994454,5.50902014666275,0.12499999999999659,0.7880030203515512,0.16526773251305263,0.8778112651656533,True,1.0,10,16,1.6,24.985099998957594,4.888199999186327,33.992700000453624,4.888199999186327,6.5202176681202335,16,5.430483703827704e-07,0.9749997038023762,0.9998458804643149,0.03516454809042076,3.9744791568551785e-05,0.10327960921264939,,,0.2006897673695174,0.1553724492711583,4.985292e-03;7.018667e-04;2.446825e-04;1.511282e-05;7.211154e-05;4.275281e-06;2.516011e-05;1.536728e-06;8.810789e-06;5.430484e-07,2;2;2;1;2;1;2;1;2;1,,,,,,,E1
500,2,25,0.050100200400801605,random,decoupled,1.0,7.73,delta,0.005,1,,0.0,0.9700000000000011,0.025160514285827912,7,56.4,0.6416530571848671,0.08300815746246663,758.1695202994454,5.50902014666275,0.12499999999999659,0.7880030203515512,0.16526773251305263,0.8778112651656533,False,0.0,60,11408,190.13333333333333,27.653000001009787,2444.3308000008983,2477.026199998363,2444.3308000008983,9.296952468132238,11408,3.702104410271263,0.5614564814968126,4.6803395166258035,388.11214234726407,67.13765294549474,3430.6412530556568,,0.9929996761200099,441668.24058672396,0.1553724492711583,4.985292e-03;1.262357e-02;4.108056e-02;7.641350e-01;1.216851e+00;1.001103e+00;3.118140e+00;3.322306e+00;3.214630e+00;7.010905e-01;6.241483e-01;2.332071e+00;2.253706e+00;4.040706e+00;4.388906e+00;4.405468e+00;4.416252e+00;4.420943e+00;4.404224e+00;3.126643e+00;3.034861e+00;2.988693e+00;2.971567e+00;2.964698e+00;3.021756e+00;3.218930e+00;3.473906e+00;3.649048e+00;3.649414e+00;3.494963e+00;3.325681e+00;3.207518e+00;3.140947e+00;3.105164e+00;3.073898e+00;3.100469e+00;3.285523e+00;3.542999e+00;3.718642e+00;3.709347e+00;3.543898e+00;3.373887e+00;3.258980e+00;3.194853e+00;3.156076e+00;3.119004e+00;3.160447e+00;3.367182e+00;3.622386e+00;3.769739e+00;3.719935e+00;3.539573e+00;3.378995e+00;3.275921e+00;3.219422e+00;3.179130e+00;3.144423e+00;3.225117e+00;3.460701e+00;3.702104e+00,2;3;3;200;200;200;200;200;200;200;200;200;200;200;200;200;200;200;200;200;200;200;200;200;200;200;200;200;200;200;200;200;200;200;200;200;200;200;200;200;200;200;200;200;200;200;200;200;200;200;200;200;200;200;200;200;200;200;200;200,,,,,,,E1
500,3,25,0.050100200400801605,random,coupled,1.0,7.73,delta,0.005,1,,0.0,0.9700000000000005,0.025347748473390996,7,51.68,0.6416530571848671,0.08300815746246663,860.893335676785,6.753080690089556,0.10937499999999854,0.7940439180108473,0.18411634799782908,0.804349045811354,True,1.0,10,19,1.9,26.357099999586353,4.924599999867496,35.509699999238364,4.924599999867496,7.685528164930829,19,4.908288148142148e-07,0.9750119172010704,1.0040019443099741,0.07151954013486422,2.7331432580978233e-05,0.140380001771061,,,0.2193605007316959,0.15502253835236926,4.995311e-03;7.433527e-04;2.496507e-04;1.342517e-05;8.184706e-05;2.951772e-05;1.061331e-05;3.800651e-06;1.365826e-06;4.908288e-07,2;2;2;1;2;2;2;2;2;2,,,,,,,E1
500,3,25,0.050100200400801605,random,decoupled,1.0,7.73,delta,0.005,1,,0.0,0.9700000000000005,0.025347748473390996,7,51.68,0.6416530571848671,0.08300815746246663,860.893335676785,6.753080690089556,0.10937499999999854,0.7940439180108473,0.18411634799782908,0.804349045811354,False,0.0,60,11412,190.2,26.975200000379118,2446.0799999997107,2476.935200000298,2446.0799999997107,9.293561656202042,11412,17.080299680061014,0.5921984657394175,18.06223856088541,6764.663925264717,3339.337252913863,78848.89177447122,,0.9978815211458519,8855439.317830805,0.15502253835236926,4.995311e-03;1.241875e-02;1.035188e-01;9.876480e-01;6.205214e+00;7.400989e+00;9.431547e+00;7.572118e+00;9.261386e+00;9.305441e+00;9.415637e+00;1.025036e+01;1.157194e+01;1.159744e+01;1.253041e+01;1.267297e+01;1.326901e+01;1.454684e+01;1.461836e+01;1.548982e+01;1.417206e+01;1.437430e+01;1.444239e+01;1.476600e+01;1.472646e+01;1.437632e+01;1.562034e+01;1.580753e+01;1.568409e+01;1.641222e+01;1.627340e+01;1.568393e+01;1.545438e+01;1.571291e+01;1.573958e+01;1.600675e+01;1.489435e+01;1.614227e+01;1.632712e+01;1.705365e+01;1.701091e+01;1.623660e+01;1.613439e+01;1.641928e+01;1.624419e+01;1.553126e+01;1.543848e+01;1.646803e+01;1.655127e+01;1.616505e+01;1.679137e+01;1.653312e+01;1.623893e+01;1.497382e+01;1.596807e+01;1.581399e+01;1.655246e+01;1.599394e+01;1.579919e+01;1.708030e+01,2;5;5;200;200;200;200;200;200;200;200;200;200;200;200;200;200;200;200;200;200;200;200;200;200;200;200;200;200;200;200;200;200;200;200;200;200;200;200;200;200;200;200;200;200;200;200;200;200;200;200;200;200;200;200;200;200;200;200;200,,,,,,,E1
500,4,25,0.050100200400801605,random,coupled,1.0,7.73,delta,0.005,1,,0.0,0.9700000000000009,0.02531445994884545,7,41.4,0.6416530571848671,0.08300815746246663,1882.1643130825862,5.671204386603462,0.11111111111110908,0.778722973909039,0.17899676554327637,0.6443508223024098,True,1.0,9,15,1.6666666666666667,25.632600001699757,4.148500000155764,33.95730000011099,4.148500000155764,7.202632276456091,15,9.134184143499979e-07,0.9749991336746238,1.004463532814932,0.39391014804919966,3.407887550990132e-05,0.561167722110678,,,0.22303336487660336,0.1553757734267393,4.998082e-03;7.637451e-04;2.813145e-04;2.424943e-05;8.465805e-05;3.223665e-05;3.247244e-06;1.126819e-05;9.134184e-07,2;2;2;1;2;2;1;2;1,,,,,,,E1
500,4,25,0.050100200400801605,random,decoupled,1.0,7.73,delta,0.005,1,,0.0,0.9700000000000009,0.02531445994884545,7,41.4,0.6416530571848671,0.08300815746246663,1882.1643130825862,5.671204386603462,0.11111111111110908,0.778722973909039,0.17899676554327637,0.6443508223024098,False,0.0,60,11408,190.13333333333333,27.646500000628293,2480.7943000014347,2512.811699998565,2480.7943000014347,9.160302917491732,11408,5.95259402480629,0.976788952632835,6.927603247485277,886.1944018069283,535.7028154378532,11117.717558699162,,1.0090611045824611,1048282.984892627,0.1553757734267393,4.998082e-03;1.530715e-02;6.918980e-02;2.985899e-01;1.086938e+00;9.751671e-01;4.276038e-01;8.862737e-01;8.332866e-01;2.286139e+00;8.491505e+00;4.781958e+00;4.633422e+00;3.181831e+00;3.164951e+00;2.826145e+00;3.169207e+00;4.162490e+00;2.913051e+00;2.744639e+00;7.121325e+00;4.250201e+00;7.169017e+00;5.104389e+00;4.794928e+00;4.099370e+00;3.445245e+00;3.036703e+00;2.913002e+00;2.883016e+00;2.905072e+00;4.267023e+00;2.870926e+00;7.451238e+00;3.189473e+00;3.993967e+00;3.467790e+00;3.907509e+00;4.227050e+00;4.899377e+00;3.686366e+00;3.544371e+00;3.655424e+00;4.354702e+00;4.188115e+00;1.311395e+01;8.469648e+00;6.626853e+00;6.385754e+00;7.343286e+00;8.718061e+00;8.945714e+00;7.026183e+00;3.934962e+00;3.854352e+00;7.173411e+00;3.921700e+00;4.264447e+00;3.932096e+00;5.952594e+00,2;3;3;200;200;200;200;200;200;200;200;200;200;200;200;200;200;200;200;200;200;200;200;200;200;200;200;200;200;200;200;200;200;200;200;200;200;200;200;200;200;200;200;200;200;200;200;200;200;200;200;200;200;200;200;200;200;200;200;200,,,,,,,E1
500,0,40,0.08016032064128256,random,coupled,1.0,7.73,delta,0.005,1,,0.0,0.9700000000000011,0.025171278163522704,7,56.3,0.6416530571848671,0.08300815746246663,1383.3532180850893,7.604892081096101,0.08333333333333848,0.8655118309798475,0.1545119342504308,0.8762548622131959,True,1.0,9,15,1.6666666666666667,28.54500000103144,4.843400000027032,37.846500001251115,4.843400000027032,6.169244745392335,15,9.058456702515372e-07,0.9749992627818589,1.0044555771328127,0.39389260025676026,2.9297420673796024e-05,0.5883608074257369,,,0.2229676310672213,0.1553719905372505,4.997933e-03;7.616067e-04;2.812859e-04;2.430183e-05;8.463516e-05;3.216505e-05;3.246245e-06;1.126373e-05;9.058457e-07,2;2;2;1;2;2;1;2;1,True,7.0,67.92870000026596,9.065674164698834e-07,0.0029038487915004118,0.00042275427065591176,E1
500,0,40,0.08016032064128256,random,decoupled,1.0,7.73,delta,0.005,1,,0.0,0.9700000000000011,0.025171278163522704,7,56.3,0.6416530571848671,0.08300815746246663,1383.3532180850893,7.604892081096101,0.08333333333333848,0.8655118309798475,0.1545119342504308,0.8762548622131959,False,0.0,60,11414,190.23333333333332,27.12989999963611,2470.419100000072,2502.0985000010114,2470.419100000072,9.203612177382913,11414,83.97723267918458,0.556106056205885,84.95522391941834,65072.03930291429,28084.625086876018,1001014.0586610832,,0.9998815119158505,83241588.54972595,0.1553719905372505,4.997933e-03;1.211634e-02;1.373134e-01;3.006794e+00;3.354522e+00;3.424303e+00;3.442086e+00;2.190379e+01;3.121963e+01;3.405984e+01;3.514023e+01;4.154386e+01;3.998593e+01;3.593090e+01;3.633252e+01;3.667634e+01;3.683522e+01;3.855541e+01;4.389075e+01;4.163523e+01;4.221177e+01;6.019139e+01;5.992278e+01;6.018647e+01;6.053511e+01;6.082723e+01;6.087026e+01;6.024879e+01;6.015077e+01;6.018433e+01;6.025628e+01;6.033307e+01;6.015783e+01;6.003146e+01;6.034988e+01;6.068231e+01;6.091008e+01;6.057773e+01;6.022555e+01;6.017221e+01;6.022047e+01;6.034063e+01;6.041904e+01;5.992989e+01;6.013248e+01;6.055123e+01;6.092223e+01;9.928539e+01;8.841979e+01;8.648347e+01;8.558311e+01;8.511213e+01;8.489825e+01;8.484291e+01;8.485064e+01;8.482873e+01;8.471630e+01;8.450665e+01;8.424042e+01;8.397723e+01,2;5;7;200;200;200;200;200;200;200;200;200;200;200;200;200;200;200;200;200;200;200;200;200;200;200;200;200;200;200;200;200;200;200;200;200;200;200;200;200;200;200;200;200;200;200;200;200;200;200;200;200;200;200;200;200;200;200;200;200,,,,,,,E1
500,1,40,0.08016032064128256,random,coupled,1.0,7.73,delta,0.005,1,,0.0,0.9700000000000001,0.02528847274572829,7,55.525,0.6416530571848671,0.08300815746246663,2190.211701824645,10.203328998169393,0.07017543859647069,0.8613840936142589,0.16370695975891034,0.8641927393320502,True,1.0,9,15,1.6666666666666667,26.10869999989518,4.4125000003987225,34.36060000058205,4.4125000003987225,6.771698582957501,15,7.695629099524481e-07,0.9750088077193831,1.0044783048371848,0.16879439050420297,2.8953064378037405e-05,0.4212213000289896,,,0.22182761731902473,0.15508856878670338,4.996941e-03;7.509133e-04;2.718333e-04;2.002837e-05;8.403673e-05;3.115621e-05;2.692416e-06;1.112313e-05;7.695629e-07,2;2;2;1;2;2;1;2;1,,,,,,,E1
500,1,40,0.08016032064128256,random,decoupled,1.0,7.73,delta,0.005,1,,0.0,0.9700000000000001,0.02528847274572829,7,55.525,0.6416530571848671,0.08300815746246663,2190.211701824645,10.203328998169393,0.07017543859647069,0.8613840936142589,0.16370695975891034,0.8641927393320502,False,0.0,60,11607,193.45,26.75939999971888,2471.2768999997934,2502.131900000677,2471.2768999997934,9.35598793320244,11607,19.17459553916821,0.46714322600034375,20.15202985839901,5447.316126689366,59.5934937636424,40858.82575540029,,0.9987547646787007,7369679.5222266745,0.15508856878670338,4.996941e-03;3.444376e-02;7.127411e-01;1.239867e+01;7.758335e+00;7.916763e+00;7.715865e+00;8.770322e+00;9.039914e+00;9.689060e+00;9.672726e+00;9.778630e+00;1.005964e+01;1.111907e+01;1.203285e+01;1.345191e+01;1.425222e+01;1.481395e+01;1.482920e+01;1.517444e+01;1.373001e+01;1.382997e+01;1.412777e+01;1.442289e+01;1.454991e+01;1.407048e+01;1.388383e+01;1.447256e+01;1.937909e+01;1.966091e+01;1.930856e+01;1.874281e+01;1.870268e+01;1.886860e+01;1.908072e+01;1.915501e+01;1.866577e+01;1.865881e+01;1.912045e+01;1.961124e+01;1.978053e+01;1.907416e+01;1.878342e+01;1.886562e+01;1.908294e+01;1.927170e+01;1.916687e+01;1.861364e+01;1.893187e+01;1.946350e+01;1.983633e+01;1.967140e+01;1.899655e+01;1.891913e+01;1.905113e+01;1.923317e+01;1.931766e+01;1.891328e+01;1.876202e+01;1.917460e+01,2;5;200;200;200;200;200;200;200;200;200;200;200;200;200;200;200;200;200;200;200;200;200;200;200;200;200;200;200;200;200;200;200;200;200;200;200;200;200;200;200;200;200;200;200;200;200;200;200;200;200;200;200;200;200;200;200;200;200;200,,,,,,,E1
500,2,40,0.08016032064128256,random,coupled,1.0,7.73,delta,0.005,1,,0.0,0.9700000000000011,0.025160514285827912,7,53.75,0.6416530571848671,0.08300815746246663,1593.9131486793067,8.649476464981346,0.0833333333333228,0.8621571437283027,0.16706277091660235,0.8365665869265051,True,1.0,9,15,1.6666666666666667,25.51120000134688,4.383699999380042,33.699600000545615,4.383699999380042,6.816187240054235,15,7.566756337062941e-07,0.9750460584704056,1.0044226755892265,0.1639649153374977,2.602787255438797e-05,0.3053058298533562,,,0.22169846693444187,0.15531490839419917,4.997736e-03;7.501442e-04;2.693230e-04;1.948537e-05;8.386639e-05;3.082259e-05;2.623104e-06;1.108945e-05;7.566756e-07,2;2;2;1;2;2;1;2;1,,,,,,,E1
500,2,40,0.08016032064128256,random,decoupled,1.0,7.73,delta,0.005,1,,0.0,0.9700000000000011,0.025160514285827912,7,53.75,0.6416530571848671,0.08300815746246663,1593.9131486793067,8.649476464981346,0.0833333333333228,0.8621571437283027,0.16706277091660235,0.8365665869265051,False,0.0,60,11607,193.45,20.286500001020613,2464.2499000001408,2488.312899999073,2464.2499000001408,9.382667259517259,11607,30.981520898686078,0.2913161521901923,31.95986186295631,14227.17427485606,454.39802573514737,117344.36115837171,,0.9982399979394665,17015582.404985413,0.15531490839419917,4.997736e-03;2.160848e-02;7.961750e-01;7.490419e-01;1.277844e+00;1.165705e+00;4.456599e+00;6.401404e+00;8.557549e+00;1.138129e+01;1.769377e+01;2.267113e+01;2.316595e+01;2.307973e+01;2.187552e+01;2.179535e+01;2.215684e+01;2.260956e+01;2.285220e+01;2.210456e+01;2.327572e+01;2.422500e+01;2.453606e+01;2.336044e+01;2.355649e+01;2.356138e+01;2.328991e+01;2.298314e+01;2.346348e+01;2.416953e+01;2.352457e+01;2.310759e+01;2.490514e+01;2.514337e+01;2.559220e+01;2.382625e+01;2.403906e+01;2.434990e+01;2.496348e+01;2.525755e+01;2.468393e+01;2.411649e+01;2.567150e+01;2.576491e+01;2.442077e+01;2.459709e+01;3.037909e+01;3.046111e+01;3.074611e+01;3.102709e+01;3.105707e+01;3.044020e+01;3.069805e+01;3.115091e+01;3.146687e+01;3.134920e+01;3.069739e+01;3.061984e+01;3.078329e+01;3.098152e+01,2;5;200;200;200;200;200;200;200;200;200;200;200;200;200;200;200;200;200;200;200;200;200;200;200;200;200;200;200;200;200;200;200;200;200;200;200;200;200;200;200;200;200;200;200;200;200;200;200;200;200;200;200;200;200;200;200;200;200;200,,,,,,,E1
500,3,40,0.08016032064128256,random,coupled,1.0,7.73,delta,0.005,1,,0.0,0.9700000000000005,0.025347748473390996,7,48.025,0.6416530571848671,0.08300815746246663,1684.742428159675,6.881058652217558,0.09999999999998678,0.8654154705242428,0.15698973199451158,0.7474625179003733,True,1.0,9,15,1.6666666666666667,24.7122999990097,5.218099999183323,33.96509999947739,5.218099999183323,5.726245185925239,15,7.503272497766389e-07,0.9749993975065984,1.003624956422786,0.07851544199400982,2.5362581962728024e-05,0.2162716955436131,,,0.21774853231683036,0.15537263962719539,4.995017e-03;7.409111e-04;2.650031e-04;2.089161e-05;8.178038e-05;2.998685e-05;2.708630e-06;1.067460e-05;7.503272e-07,2;2;2;1;2;2;1;2;1,,,,,,,E1
500,3,40,0.08016032064128256,random,decoupled,1.0,7.73,delta,0.005,1,,0.0,0.9700000000000005,0.025347748473390996,7,48.025,0.6416530571848671,0.08300815746246663,1684.742428159675,6.881058652217558,0.09999999999998678,0.8654154705242428,0.15698973199451158,0.7474625179003733,False,0.0,60,11412,190.2,30.98189999946044,2642.6015999986703,2678.1159000001935,2642.6015999986703,8.602430005344521,11412,8.423220857487028,0.47994086939601804,9.398249796741183,1710.2647306485358,45.92095678813014,16330.341687256048,,1.0018175521539978,3250509.111642979,0.15537263962719539,4.995017e-03;1.031423e-02;5.498687e-02;1.832626e+00;4.413889e+00;6.200146e+00;8.083512e+00;8.482804e+00;8.815801e+00;9.032213e+00;8.490463e+00;8.246427e+00;8.210609e+00;8.273536e+00;8.412812e+00;8.526381e+00;8.024926e+00;8.302349e+00;8.749938e+00;9.128782e+00;9.253480e+00;8.527417e+00;8.459415e+00;8.499810e+00;8.559879e+00;8.603972e+00;8.514566e+00;8.306687e+00;8.658762e+00;8.978205e+00;9.154914e+00;9.017824e+00;8.662153e+00;8.560896e+00;8.494790e+00;8.496693e+00;8.585377e+00;8.254046e+00;8.347970e+00;8.674632e+00;9.055797e+00;9.296115e+00;8.687706e+00;8.515763e+00;8.517379e+00;8.599917e+00;8.687690e+00;8.674800e+00;8.245985e+00;8.632566e+00;9.025212e+00;9.264934e+00;9.197074e+00;8.740434e+00;8.673421e+00;8.615332e+00;8.578081e+00;8.601809e+00;8.385276e+00;8.423221e+00,2;5;5;200;200;200;200;200;200;200;200;200;200;200;200;200;200;200;200;200;200;200;200;200;200;200;200;200;200;200;200;200;200;200;200;200;200;200;200;200;200;200;200;200;200;200;200;200;200;200;200;200;200;200;200;200;200;200;200;200,,,,,,,E1
500,4,40,0.08016032064128256,random,coupled,1.0,7.73,delta,0.005,1,,0.0,0.9700000000000009,0.02531445994884545,7,40.8,0.6416530571848671,0.08300815746246663,1356.8878585898854,8.206637164004555,0.08045977011493272,0.8424625050323961,0.14375118367659906,0.6350124045878955,True,1.0,9,15,1.6666666666666667,26.876999998421525,4.132000000026892,35.99290000056499,4.132000000026892,7.231393998016829,15,9.060072927447038e-07,0.974999141085155,1.0044635328691527,0.39391700171753163,2.681485491140423e-05,0.7912391312140035,,,0.2230487395136275,0.1553757734267393,4.998242e-03;7.593713e-04;2.814274e-04;2.437231e-05;8.465387e-05;3.210555e-05;3.250438e-06;1.126748e-05;9.060073e-07,2;2;2;1;2;2;1;2;1,,,,,,,E1
500,4,40,0.08016032064128256,random,decoupled,1.0,7.73,delta,0.005,1,,0.0,0.9700000000000009,0.02531445994884545,7,40.8,0.6416530571848671,0.08300815746246663,1356.8878585898854,8.206637164004555,0.08045977011493272,0.8424625050323961,0.14375118367659906,0.6350124045878955,False,0.0,60,11607,193.45,24.125600000843406,2515.8586999987165,2543.872799999008,2515.8586999987165,9.190196912096772,11607,9.098007851785301,0.33740916761830014,10.073658910179944,1537.7807400596844,284.8228912995591,22193.706684513218,,0.9935826605823759,2256739.183480896,0.1553757734267393,4.998242e-03;1.718200e-02;1.628774e-01;2.041690e+00;1.390856e+01;7.678451e+00;3.852417e+00;3.633903e+00;3.649865e+00;3.808747e+00;4.008538e+00;4.211661e+00;4.421249e+00;4.653045e+00;4.900287e+00;5.118105e+00;5.223908e+00;5.132677e+00;4.823021e+00;4.468674e+00;4.328620e+00;4.402063e+00;4.591191e+00;4.785210e+00;4.866639e+00;4.754856e+00;4.566370e+00;4.684753e+00;6.162453e+00;7.313613e+00;8.068626e+00;8.587868e+00;8.737195e+00;8.381229e+00;8.053996e+00;8.100478e+00;8.348168e+00;8.604581e+00;8.664900e+00;8.320031e+00;8.389704e+00;8.836567e+00;9.255968e+00;9.344043e+00;8.761907e+00;8.490006e+00;8.570918e+00;8.797406e+00;8.990505e+00;8.930418e+00;8.455407e+00;8.729120e+00;9.207440e+00;9.537429e+00;9.433786e+00;8.803110e+00;8.713413e+00;8.842725e+00;9.018291e+00;9.098008e+00,2;5;200;200;200;200;200;200;200;200;200;200;200;200;200;200;200;200;200;200;200;200;200;200;200;200;200;200;200;200;200;200;200;200;200;200;200;200;200;200;200;200;200;200;200;200;200;200;200;200;200;200;200;200;200;200;200;200;200;200,,,,,,,E1
500,0,50,0.10020040080160321,random,coupled,1.0,7.73,delta,0.005,1,,0.0,0.9700000000000011,0.025171278163522704,7,51.9,0.6416530571848671,0.08300815746246663,2335.3212475509345,10.923801459898796,0.05882352941176842,0.8893159913972697,0.16198819316268515,0.8077731323066308,True,1.0,9,15,1.6666666666666667,27.837699999508914,5.140199999004835,36.97920000013255,5.140199999004835,5.81302673160284,15,8.420184584023716e-07,0.9749999055227534,1.00446341362562,0.3939237761544549,2.3388724212736937e-05,0.5119297538689995,,,0.22272190814468407,0.1553653344587114,4.996510e-03;7.610035e-04;2.782396e-04;2.224875e-05;8.466681e-05;3.197231e-05;2.985441e-06;1.126838e-05;8.420185e-07,2;2;2;1;2;2;1;2;1,True,8.0,60.75840000085009,8.424685170593804e-07,0.002904972555499566,0.0004229078812695297,E1
500,0,50,0.10020040080160321,random,decoupled,1.0,7.73,delta,0.005,1,,0.0,0.9700000000000011,0.025171278163522704,7,51.9,0.6416530571848671,0.08300815746246663,2335.3212475509345,10.923801459898796,0.05882352941176842,0.8893159913972697,0.16198819316268515,0.8077731323066308,False,0.0,60,11607,193.45,25.382100000570063,2525.067599999602,2554.2926999987685,2525.067599999602,9.156680342341586,11607,39.75494608962539,0.08416511677849838,40.73216550254207,33770.84171048232,1461.6650068726667,476540.04039974685,,1.004720599272472,88673538.18060814,0.1553653344587114,4.996510e-03;3.705586e-02;1.264135e+00;3.034278e+00;9.724984e+00;1.655284e+01;2.180092e+01;2.120632e+01;2.362044e+01;2.606759e+01;2.854939e+01;3.401641e+01;3.141836e+01;3.356424e+01;4.093513e+01;4.151733e+01;4.237189e+01;4.252069e+01;4.108645e+01;4.118824e+01;4.160585e+01;4.177525e+01;4.130586e+01;4.111707e+01;4.207260e+01;4.195046e+01;4.075171e+01;4.118183e+01;4.169625e+01;4.110462e+01;3.996599e+01;4.053220e+01;4.114092e+01;4.112274e+01;3.990129e+01;4.180507e+01;4.135385e+01;4.287570e+01;4.205492e+01;4.035968e+01;4.178461e+01;4.117895e+01;3.886264e+01;4.167300e+01;4.084303e+01;3.978933e+01;4.235235e+01;4.177147e+01;4.328446e+01;4.159177e+01;4.048433e+01;4.210613e+01;4.138151e+01;4.008813e+01;4.225028e+01;4.142919e+01;4.028770e+01;4.278233e+01;4.197336e+01;3.975495e+01,2;5;200;200;200;200;200;200;200;200;200;200;200;200;200;200;200;200;200;200;200;200;200;200;200;200;200;200;200;200;200;200;200;200;200;200;200;200;200;200;200;200;200;200;200;200;200;200;200;200;200;200;200;200;200;200;200;200;200;200,,,,,,,E1
500,1,50,0.10020040080160321,random,coupled,1.0,7.73,delta,0.005,1,,0.0,0.9700000000000001,0.02528847274572829,7,54.94,0.6416530571848671,0.08300815746246663,1449.3764636406577,9.587928685984918,0.06666666666665806,0.886973571060977,0.15203891577625053,0.8550877820603676,True,1.0,9,15,1.6666666666666667,31.107800001336727,4.28979999924195,39.13769999962824,4.28979999924195,6.9653876649914,15,7.207879124671024e-07,0.9749998524451737,1.0034596982277224,0.07124174806341789,2.4837951834111135e-05,0.24516936494265282,,,0.2166248405574728,0.15537061792374107,4.992053e-03;7.418742e-04;2.674387e-04;1.910254e-05;8.138561e-05;3.020462e-05;2.536424e-06;1.060064e-05;7.207879e-07,2;2;2;1;2;2;1;2;1,,,,,,,E1
500,1,50,0.10020040080160321,random,decoupled,1.0,7.73,delta,0.005,1,,0.0,0.9700000000000001,0.02528847274572829,7,54.94,0.6416530571848671,0.08300815746246663,1449.3764636406577,9.587928685984918,0.06666666666665806,0.886973571060977,0.15203891577625053,0.8550877820603676,False,0.0,60,11607,193.45,25.84269999897515,2545.5430000001797,2575.530999998591,2545.5430000001797,9.083027415368104,11607,20.552355615853795,0.04476545916701689,21.531111872293106,9730.570192483801,1843.6813344148986,177513.71198304926,,0.999013756812283,19840054.284051593,0.15537061792374107,4.992053e-03;2.726333e-02;3.859764e-01;8.526475e-01;1.251466e+00;7.548477e-01;7.607936e+00;9.540146e+00;1.351610e+01;1.628680e+01;1.728986e+01;1.774037e+01;1.807759e+01;1.841966e+01;1.872554e+01;1.895048e+01;1.915008e+01;1.942352e+01;1.973979e+01;1.994280e+01;1.993072e+01;1.978603e+01;1.969165e+01;1.972392e+01;1.981776e+01;1.987513e+01;1.988788e+01;1.997119e+01;2.018896e+01;2.041846e+01;2.048378e+01;2.035073e+01;2.017434e+01;2.010820e+01;2.015060e+01;2.020321e+01;2.019627e+01;2.019172e+01;2.031875e+01;2.055253e+01;2.071378e+01;2.066885e+01;2.048076e+01;2.033649e+01;2.031970e+01;2.036820e+01;2.038172e+01;2.034582e+01;2.038171e+01;2.056948e+01;2.079034e+01;2.085812e+01;2.072166e+01;2.052930e+01;2.044115e+01;2.046234e+01;2.049758e+01;2.047319e+01;2.044591e+01;2.055236e+01,2;5;200;200;200;200;200;200;200;200;200;200;200;200;200;200;200;200;200;200;200;200;200;200;200;200;200;200;200;200;200;200;200;200;200;200;200;200;200;200;200;200;200;200;200;200;200;200;200;200;200;200;200;200;200;200;200;200;200;200,,,,,,,E1
500,2,50,0.10020040080160321,random,coupled,1.0,7.73,delta,0.005,1,,0.0,0.9700000000000011,0.025160514285827912,7,45.54,0.6416530571848671,0.08300815746246663,1367.2173424809832,8.749448926685496,0.07142857142856567,0.8868810460991761,0.15539925420281214,0.708785904532691,True,1.0,10,16,1.6,29.22709999984363,4.41809999938414,37.37159999946016,4.41809999938414,7.213989725095134,16,8.651754718203009e-07,0.9750007402359115,1.0038844580656678,0.19653691608898083,2.2374439601020973e-05,0.35516569517091073,,,0.22024065683021055,0.15532728667432985,4.995745e-03;7.542160e-04;2.771033e-04;2.321657e-05;8.309789e-05;6.295073e-06;3.003599e-05;2.363783e-06;1.092087e-05;8.651755e-07,2;2;2;1;2;1;2;1;2;1,,,,,,,E1
500,2,50,0.10020040080160321,random,decoupled,1.0,7.73,delta,0.005,1,,0.0,0.9700000000000011,0.025160514285827912,7,45.54,0.6416530571848671,0.08300815746246663,1367.2173424809832,8.749448926685496,0.07142857142856567,0.8868810460991761,0.15539925420281214,0.708785904532691,False,0.0,60,11607,193.45,26.435799998580478,2481.9834000008996,2512.5704999991285,2481.9834000008996,9.315629127894901,11607,10.7653396363997,0.4662608112911266,11.744289527254626,3063.159765674473,421.63968108873553,44104.988454931634,,1.0030720384765535,4759755.980198657,0.15532728667432985,4.995745e-03;2.750626e-02;8.752059e-01;6.526372e+00;7.912428e+00;9.119044e+00;9.486421e+00;9.550130e+00;9.534116e+00;9.537769e+00;9.574818e+00;9.630320e+00;9.720215e+00;9.899161e+00;1.015982e+01;1.038993e+01;1.047072e+01;1.038397e+01;1.022769e+01;1.010255e+01;1.003479e+01;1.000362e+01;9.995948e+00;1.005563e+01;1.023571e+01;1.047762e+01;1.064175e+01;1.063432e+01;1.049103e+01;1.032922e+01;1.021861e+01;1.015798e+01;1.012231e+01;1.012111e+01;1.022071e+01;1.043641e+01;1.065800e+01;1.074855e+01;1.066562e+01;1.049717e+01;1.035145e+01;1.026200e+01;1.021007e+01;1.017900e+01;1.020912e+01;1.036430e+01;1.059969e+01;1.077457e+01;1.078191e+01;1.064295e+01;1.047418e+01;1.035264e+01;1.028161e+01;1.023608e+01;1.022094e+01;1.030248e+01;1.050761e+01;1.073320e+01;1.083734e+01;1.076534e+01,2;5;200;200;200;200;200;200;200;200;200;200;200;200;200;200;200;200;200;200;200;200;200;200;200;200;200;200;200;200;200;200;200;200;200;200;200;200;200;200;200;200;200;200;200;200;200;200;200;200;200;200;200;200;200;200;200;200;200;200,,,,,,,E1
500,3,50,0.10020040080160321,random,coupled,1.0,7.73,delta,0.005,1,,0.0,0.9700000000000005,0.025347748473390996,7,46.98,0.6416530571848671,0.08300815746246663,1294.5387917206388,9.542859282506676,0.07142857142856328,0.8881153079041628,0.15697242733376554,0.7311981070475576,True,1.0,10,16,1.6,28.407800000422867,5.760500000178581,38.81360000013956,5.760500000178581,5.5328752710722915,16,8.795323912513808e-07,0.9749991920225591,1.0040456090897036,0.19665265678523117,2.0411198120914183e-05,0.44659944188204936,,,0.2207919431882837,0.15537501168735113,4.995436e-03;7.582679e-04;2.781177e-04;2.364649e-05;8.354028e-05;6.382687e-06;3.022811e-05;2.401783e-06;1.100541e-05;8.795324e-07,2;2;2;1;2;1;2;1;2;1,,,,,,,E1
500,3,50,0.10020040080160321,random,decoupled,1.0,7.73,delta,0.005,1,,0.0,0.9700000000000005,0.025347748473390996,7,46.98,0.6416530571848671,0.08300815746246663,1294.5387917206388,9.542859282506676,0.07142857142856328,0.8881153079041628,0.15697242733376554,0.7311981070475576,False,0.0,60,11607,193.45,25.121800001215888,2491.48360000072,2520.5161000012595,2491.48360000072,9.280107987061733,11607,12.46436711276937,0.6244820988916294,13.439381128050366,1582.4774799866295,787.7918219251221,38179.29233681178,,0.9940491937518616,2563767.119839171,0.15537501168735113,4.995436e-03;3.496131e-02;6.662182e-01;7.648777e+00;2.898964e+00;6.884151e+00;7.231019e+00;7.134948e+00;7.047099e+00;6.995066e+00;6.973483e+00;6.993067e+00;7.119764e+00;7.368167e+00;7.624627e+00;7.752908e+00;7.690987e+00;7.514968e+00;7.337639e+00;7.201482e+00;7.112029e+00;7.062140e+00;7.076904e+00;7.230278e+00;7.491769e+00;7.719301e+00;7.785464e+00;7.671122e+00;7.485935e+00;7.319022e+00;7.195803e+00;7.116835e+00;7.080075e+00;7.138202e+00;7.345124e+00;7.611224e+00;7.785813e+00;7.773310e+00;8.362531e+00;1.152372e+01;1.158564e+01;1.047925e+01;1.010376e+01;1.038082e+01;1.092062e+01;1.148745e+01;1.184184e+01;1.073409e+01;1.040984e+01;1.155641e+01;1.271187e+01;1.303354e+01;1.112800e+01;1.074242e+01;1.132276e+01;1.221784e+01;1.272640e+01;1.302922e+01;1.197996e+01;1.246437e+01,2;5;200;200;200;200;200;200;200;200;200;200;200;200;200;200;200;200;200;200;200;200;200;200;200;200;200;200;200;200;200;200;200;200;200;200;200;200;200;200;200;200;200;200;200;200;200;200;200;200;200;200;200;200;200;200;200;200;200;200,,,,,,,E1
500,4,50,0.10020040080160321,random,coupled,1.0,7.73,delta,0.005,1,,0.0,0.9700000000000009,0.02531445994884545,7,45.88,0.6416530571848671,0.08300815746246663,2584.0045596228447,9.748546089470775,0.07142857142856997,0.8816389923135141,0.1467368454290768,0.7140776745708857,True,1.0,9,15,1.6666666666666667,34.55320000102802,5.978999999570078,44.67560000011872,5.978999999570078,4.997511289872644,15,9.068294164471524e-07,0.9749991096963765,1.004463532819473,0.39391799428898716,2.461609416619154e-05,0.5857134351759564,,,0.22300916431542278,0.1553767248998945,4.997998e-03;7.614328e-04;2.813705e-04;2.435133e-05;8.465559e-05;3.215387e-05;3.252287e-06;1.126789e-05;9.068294e-07,2;2;2;1;2;2;1;2;1,,,,,,,E1
500,4,50,0.10020040080160321,random,decoupled,1.0,7.73,delta,0.005,1,,0.0,0.9700000000000009,0.02531445994884545,7,45.88,0.6416530571848671,0.08300815746246663,2584.0045596228447,9.748546089470775,0.07142857142856997,0.8816389923135141,0.1467368454290768,0.7140776745708857,False,0.0,60,11607,193.45,26.377999998658197,2485.365399999864,2516.1841999997705,2485.365399999864,9.302952739263718,11607,25.594943738836417,0.49574687607774065,26.569946975196594,9673.713759329088,153.0923782854255,95608.74041800621,,0.9961742063882345,13482165.977753801,0.1553767248998945,4.997998e-03;3.305549e-02;7.418999e-01;2.451869e+00;7.577868e+00;1.123880e+01;1.206287e+01;1.140604e+01;1.112751e+01;1.141575e+01;1.216905e+01;1.309700e+01;1.454077e+01;1.557501e+01;1.749150e+01;1.818129e+01;1.926826e+01;2.029545e+01;2.078796e+01;1.841687e+01;1.813008e+01;1.891491e+01;1.999355e+01;2.094021e+01;2.090093e+01;1.811976e+01;2.042099e+01;1.905664e+01;2.295678e+01;2.288022e+01;2.118082e+01;2.151037e+01;2.198267e+01;2.226052e+01;2.230948e+01;2.189389e+01;2.375605e+01;2.422106e+01;2.445336e+01;2.446539e+01;2.416021e+01;2.359944e+01;2.352507e+01;2.362040e+01;2.409070e+01;2.503747e+01;2.334481e+01;2.307687e+01;2.384600e+01;2.526562e+01;2.597114e+01;2.341955e+01;2.327798e+01;2.438200e+01;2.519692e+01;2.560388e+01;2.536800e+01;2.425875e+01;2.506757e+01;2.559494e+01,2;5;200;200;200;200;200;200;200;200;200;200;200;200;200;200;200;200;200;200;200;200;200;200;200;200;200;200;200;200;200;200;200;200;200;200;200;200;200;200;200;200;200;200;200;200;200;200;200;200;200;200;200;200;200;200;200;200;200;200,,,,,,,E1
500,0,125,0.250501002004008,random,coupled,1.0,7.73,delta,0.005,1,,0.0,0.9700000000000011,0.025171278163522704,7,53.408,0.6416530571848671,0.08300815746246663,5213.291104106555,21.720009030526718,0.030303030303030602,0.9543638649387582,0.15698241033217128,0.8312436888291886,True,1.0,9,15,1.6666666666666667,27.968000000328175,5.489599998327321,38.04820000004838,5.489599998327321,5.443041389009119,15,9.052927002484168e-07,0.9749991094128341,1.0044634136230284,0.39391761368849665,1.613337809218721e-05,1.1829638285964053,,,0.22231346864314736,0.15537678156146034,4.994305e-03;7.705882e-04;2.810795e-04;2.433346e-05;8.467898e-05;3.216839e-05;3.252651e-06;1.126996e-05;9.052927e-07,2;2;2;1;2;2;1;2;1,True,8.0,61.64370000078634,9.053556532245821e-07,0.002905379570765688,0.00042310988275023886,E1
500,0,125,0.250501002004008,random,decoupled,1.0,7.73,delta,0.005,1,,0.0,0.9700000000000011,0.025171278163522704,7,53.408,0.6416530571848671,0.08300815746246663,5213.291104106555,21.720009030526718,0.030303030303030602,0.9543638649387582,0.15698241033217128,0.8312436888291886,False,0.0,60,11802,196.7,25.93909999995958,2580.630200000087,2611.039700001129,2580.630200000087,9.11005320173313,11802,56.32663897524243,0.5401679155550956,57.30164185509143,67111.04058542282,4931.913987419167,2106683.6123653147,,1.0000992977458982,334968112.34762233,0.15537678156146034,4.994305e-03;3.399718e+00;1.524632e+01;2.950982e+01;3.488415e+01;5.517289e+01;5.548245e+01;5.574959e+01;5.594815e+01;5.597319e+01;5.602435e+01;5.628448e+01;5.652917e+01;5.665655e+01;5.647458e+01;5.621891e+01;5.612263e+01;5.612987e+01;5.620070e+01;5.626154e+01;5.607783e+01;5.623363e+01;5.650993e+01;5.673755e+01;5.677044e+01;5.641682e+01;5.628378e+01;5.625876e+01;5.628055e+01;5.630823e+01;5.625208e+01;5.621311e+01;5.643232e+01;5.666481e+01;5.679433e+01;5.664258e+01;5.640249e+01;5.629477e+01;5.627476e+01;5.631745e+01;5.636183e+01;5.617011e+01;5.630158e+01;5.656931e+01;5.680085e+01;5.684876e+01;5.650647e+01;5.637072e+01;5.633951e+01;5.635456e+01;5.637537e+01;5.631975e+01;5.626043e+01;5.647618e+01;5.671003e+01;5.684208e+01;5.670618e+01;5.646793e+01;5.635676e+01;5.632664e+01,2;200;200;200;200;200;200;200;200;200;200;200;200;200;200;200;200;200;200;200;200;200;200;200;200;200;200;200;200;200;200;200;200;200;200;200;200;200;200;200;200;200;200;200;200;200;200;200;200;200;200;200;200;200;200;200;200;200;200;200,,,,,,,E1
500,1,125,0.250501002004008,random,coupled,1.0,7.73,delta,0.005,1,,0.0,0.9700000000000001,0.02528847274572829,7,52.952,0.6416530571848671,0.08300815746246663,4932.759782714874,24.729570714865368,0.027027027027022688,0.9547660543735117,0.16112237081586284,0.8241464913662313,True,1.0,9,15,1.6666666666666667,28.752500000337022,4.479900000660564,38.14310000052501,4.479900000660564,6.669818521751414,15,8.366846376839376e-07,0.9749992144970749,1.003970019838132,0.13079185430157275,1.6755416782811508e-05,0.43204866722768337,,,0.21828530708558858,0.1553756464308312,4.989809e-03;7.594061e-04;2.741374e-04;2.283779e-05;8.272550e-05;3.084450e-05;3.014623e-06;1.086232e-05;8.366846e-07,2;2;2;1;2;2;1;2;1,,,,,,,E1
500,1,125,0.250501002004008,random,decoupled,1.0,7.73,delta,0.005,1,,0.0,0.9700000000000001,0.02528847274572829,7,52.952,0.6416530571848671,0.08300815746246663,4932.759782714874,24.729570714865368,0.027027027027022688,0.9547660543735117,0.16112237081586284,0.8241464913662313,False,0.0,60,11802,196.7,25.251699998989352,2639.9151000005077,2669.0058000003773,2639.9151000005077,8.905467609922562,11802,12.17139354933748,0.08955922695303495,13.146403570672055,4095.2503186034396,773.42798449797,169843.53076545813,,0.9978763274433745,20634946.63905279,0.1553756464308312,4.989809e-03;9.218901e-01;1.081990e+01;1.154123e+01;1.104344e+01;1.109954e+01;1.139942e+01;1.172762e+01;1.192015e+01;1.154329e+01;1.152358e+01;1.188061e+01;1.236339e+01;1.265528e+01;1.190864e+01;1.159445e+01;1.169794e+01;1.197439e+01;1.223654e+01;1.226315e+01;1.154994e+01;1.199448e+01;1.253486e+01;1.288279e+01;1.271401e+01;1.204974e+01;1.206230e+01;1.213748e+01;1.213211e+01;1.214734e+01;1.198353e+01;1.194081e+01;1.205225e+01;1.242421e+01;1.278802e+01;1.229686e+01;1.183613e+01;1.185486e+01;1.211463e+01;1.295391e+01;1.249003e+01;1.163440e+01;1.208153e+01;1.261212e+01;1.304195e+01;1.296082e+01;1.219892e+01;1.222742e+01;1.234411e+01;1.231640e+01;1.219633e+01;1.210286e+01;1.213295e+01;1.225277e+01;1.246046e+01;1.282778e+01;1.252403e+01;1.203232e+01;1.192980e+01;1.217139e+01,2;200;200;200;200;200;200;200;200;200;200;200;200;200;200;200;200;200;200;200;200;200;200;200;200;200;200;200;200;200;200;200;200;200;200;200;200;200;200;200;200;200;200;200;200;200;200;200;200;200;200;200;200;200;200;200;200;200;200;200,,,,,,,E1
500,2,125,0.250501002004008,random,coupled,1.0,7.73,delta,0.005,1,,0.0,0.9700000000000011,0.025160514285827912,7,50.512,0.6416530571848671,0.08300815746246663,6139.1364965536095,24.14953489673306,0.02941176470588112,0.9534577485103449,0.16089741665339385,0.7861702593270841,True,1.0,9,15,1.6666666666666667,20.19300000029034,4.206600000543403,28.233499999259948,4.206600000543403,7.103152188499055,15,8.09302312165805e-07,0.974999429427025,1.0044267873230173,0.39386229433398795,1.6754979012730682e-05,0.5673139135461407,,,0.22200510220891415,0.15537473365303764,4.993607e-03;7.605128e-04;2.765186e-04;2.122240e-05;8.457621e-05;3.183633e-05;2.853336e-06;1.124903e-05;8.093023e-07,2;2;2;1;2;2;1;2;1,,,,,,,E1
500,2,125,0.250501002004008,random,decoupled,1.0,7.73,delta,0.005,1,,0.0,0.9700000000000011,0.025160514285827912,7,50.512,0.6416530571848671,0.08300815746246663,6139.1364965536095,24.14953489673306,0.02941176470588112,0.9534577485103449,0.16089741665339385,0.7861702593270841,False,0.0,60,11802,196.7,35.32859999904758,2594.071999999869,2633.6468999998033,2594.071999999869,9.062847297993729,11802,27.103330940885726,0.0475534914579757,28.081584641445556,17165.724448241053,1153.4116616098133,440532.58507702634,,0.9976337272538117,49896662.4807303,0.15537473365303764,4.993607e-03;5.002295e-01;6.367371e+00;1.128122e+01;1.490633e+01;1.616215e+01;1.444846e+01;1.511213e+01;1.748453e+01;1.843178e+01;1.921653e+01;2.061385e+01;1.999724e+01;2.194775e+01;2.513983e+01;2.568012e+01;2.626285e+01;2.630275e+01;2.589210e+01;2.540666e+01;2.540206e+01;2.551417e+01;2.571610e+01;2.603013e+01;2.565873e+01;2.526002e+01;2.550803e+01;2.634164e+01;2.656794e+01;2.553555e+01;2.514906e+01;2.553357e+01;2.598465e+01;2.645159e+01;2.644714e+01;2.554614e+01;2.585273e+01;2.668582e+01;2.688425e+01;2.632467e+01;2.578412e+01;2.596711e+01;2.602766e+01;2.591649e+01;2.613119e+01;2.608351e+01;2.575164e+01;2.564023e+01;2.636501e+01;2.672113e+01;2.588630e+01;2.525380e+01;2.567833e+01;2.611151e+01;2.653517e+01;2.676272e+01;2.570422e+01;2.595844e+01;2.669261e+01;2.710333e+01,2;200;200;200;200;200;200;200;200;200;200;200;200;200;200;200;200;200;200;200;200;200;200;200;200;200;200;200;200;200;200;200;200;200;200;200;200;200;200;200;200;200;200;200;200;200;200;200;200;200;200;200;200;200;200;200;200;200;200;200,,,,,,,E1
500,3,125,0.250501002004008,random,coupled,1.0,7.73,delta,0.005,1,,0.0,0.9700000000000005,0.025347748473390996,7,52.696,0.6416530571848671,0.08300815746246663,5595.469431555518,25.227134416285118,0.02812499999999712,0.9537126214146836,0.15883330733668657,0.8201620998079716,True,1.0,9,15,1.6666666666666667,28.84760000051756,4.904599998553749,38.502400000652415,4.904599998553749,6.092264406640897,15,8.611332874552957e-07,0.9749991388667131,1.0045142689809303,0.39398875608830003,1.5249383766357779e-05,0.9591881188140104,,,0.22259520123879178,0.1553772393162389,4.994804e-03;7.609043e-04;2.754401e-04;2.296135e-05;8.481315e-05;3.185901e-05;3.067201e-06;1.129667e-05;8.611333e-07,2;2;2;1;2;2;1;2;1,,,,,,,E1
500,3,125,0.250501002004008,random,decoupled,1.0,7.73,delta,0.005,1,,0.0,0.9700000000000005,0.025347748473390996,7,52.696,0.6416530571848671,0.08300815746246663,5595.469431555518,25.227134416285118,0.02812499999999712,0.9537126214146836,0.15883330733668657,0.8201620998079716,False,0.0,60,11802,196.7,19.947799999499694,2526.639099998647,2550.4492000000027,2526.639099998647,9.304723581619786,11802,51.04839449199708,0.261382892763374,52.02339449199708,48047.865236960475,574.9643157947572,1515838.7032560706,,1.000955790264569,198185554.17032772,0.1553772393162389,4.994804e-03;1.104149e+00;7.824231e+00;1.194817e+01;1.006961e+01;1.126686e+01;1.888219e+01;2.615205e+01;3.220999e+01;3.517672e+01;4.960416e+01;4.991555e+01;4.977945e+01;4.984152e+01;5.020350e+01;5.059498e+01;5.071236e+01;5.008079e+01;4.987525e+01;4.995698e+01;5.013865e+01;5.030827e+01;5.021831e+01;4.989741e+01;5.022045e+01;5.063349e+01;5.077394e+01;5.056724e+01;5.022927e+01;5.014854e+01;5.010105e+01;5.014310e+01;5.026950e+01;5.001399e+01;4.994886e+01;5.024303e+01;5.067548e+01;5.084765e+01;5.025735e+01;5.003043e+01;5.010967e+01;5.025970e+01;5.043500e+01;5.037333e+01;4.995552e+01;5.025341e+01;5.069501e+01;5.088139e+01;5.068059e+01;5.038966e+01;5.191666e+01;5.324662e+01;5.325856e+01;5.338633e+01;5.246849e+01;5.208227e+01;5.240595e+01;5.275762e+01;5.247354e+01;5.104839e+01,2;200;200;200;200;200;200;200;200;200;200;200;200;200;200;200;200;200;200;200;200;200;200;200;200;200;200;200;200;200;200;200;200;200;200;200;200;200;200;200;200;200;200;200;200;200;200;200;200;200;200;200;200;200;200;200;200;200;200;200,,,,,,,E1
500,4,125,0.250501002004008,random,coupled,1.0,7.73,delta,0.005,1,,0.0,0.9700000000000009,0.02531445994884545,7,49.616,0.6416530571848671,0.08300815746246663,4958.310300663647,19.990514619242415,0.031249999999999202,0.953475662063861,0.1530336509555632,0.7722248888733502,True,1.0,9,15,1.6666666666666667,25.887900001180242,4.4084000001021195,34.37389999999141,4.4084000001021195,6.77799655188001,15,9.052631225747731e-07,0.9749993544598441,1.0044635327668563,0.3939228367010234,1.643280531951107e-05,0.6472955640581726,,,0.22227558205332715,0.15536915529397788,4.994018e-03;7.702439e-04;2.810510e-04;2.428052e-05;8.467708e-05;3.219182e-05;3.249022e-06;1.127087e-05;9.052631e-07,2;2;2;1;2;2;1;2;1,,,,,,,E1
500,4,125,0.250501002004008,random,decoupled,1.0,7.73,delta,0.005,1,,0.0,0.9700000000000009,0.02531445994884545,7,49.616,0.6416530571848671,0.08300815746246663,4958.310300663647,19.990514619242415,0.031249999999999202,0.953475662063861,0.1530336509555632,0.7722248888733502,False,0.0,60,11802,196.7,27.212400000280468,2581.365400001232,2612.658399999418,2581.365400001232,9.10745856281671,11802,14.672272854708462,0.14894450274147705,15.647813885069842,4609.410085761069,21.874045195295572,116466.41615066957,,0.9978199968453282,22841131.659235246,0.15536915529397788,4.994018e-03;5.687001e-01;6.144591e+00;7.778198e+00;1.054083e+01;1.205198e+01;1.375447e+01;1.414577e+01;1.325455e+01;1.261872e+01;1.263022e+01;1.339333e+01;1.483275e+01;1.463252e+01;1.474215e+01;1.471541e+01;1.460206e+01;1.455783e+01;1.480666e+01;1.456852e+01;1.497359e+01;1.506977e+01;1.514676e+01;1.477287e+01;1.450403e+01;1.457644e+01;1.473757e+01;1.467737e+01;1.427924e+01;1.464974e+01;1.501299e+01;1.524480e+01;1.545218e+01;1.493471e+01;1.474413e+01;1.478164e+01;1.490320e+01;1.479200e+01;1.456817e+01;1.471757e+01;1.499366e+01;1.515251e+01;1.515982e+01;1.521564e+01;1.493487e+01;1.467977e+01;1.462968e+01;1.483973e+01;1.478486e+01;1.445786e+01;1.463463e+01;1.508977e+01;1.526630e+01;1.548000e+01;1.493982e+01;1.482499e+01;1.478634e+01;1.496208e+01;1.488647e+01;1.467227e+01,2;200;200;200;200;200;200;200;200;200;200;200;200;200;200;200;200;200;200;200;200;200;200;200;200;200;200;200;200;200;200;200;200;200;200;200;200;200;200;200;200;200;200;200;200;200;200;200;200;200;200;200;200;200;200;200;200;200;200;200,,,,,,,E1
500,0,250,0.501002004008016,random,coupled,1.0,7.73,delta,0.005,1,,0.0,0.9700000000000011,0.025171278163522704,7,53.628,0.6416530571848671,0.08300815746246663,12843.729961504554,44.6702335932516,0.014925373134329198,0.9773231908809596,0.1613309735052939,0.8346677753245083,True,1.0,9,15,1.6666666666666667,27.21220000057656,5.603900001005968,37.35170000072685,5.603900001005968,5.332022340626377,15,8.648752400919335e-07,0.974999135124761,1.0044942898235312,0.39396286614293785,1.3731430297379506e-05,1.1572019603728583,,,0.22142040097663862,0.15537723931624048,4.988956e-03;7.740908e-04;2.786107e-04;2.317384e-05;8.478413e-05;3.206787e-05;3.090657e-06;1.129030e-05;8.648752e-07,2;2;2;1;2;2;1;2;1,True,8.0,59.72250000013446,8.648752404250004e-07,0.002912145066837247,0.00042399725921671294,E1
500,0,250,0.501002004008016,random,decoupled,1.0,7.73,delta,0.005,1,,0.0,0.9700000000000011,0.025171278163522704,7,53.628,0.6416530571848671,0.08300815746246663,12843.729961504554,44.6702335932516,0.014925373134329198,0.9773231908809596,0.1613309735052939,0.8346677753245083,False,0.0,60,11802,196.7,27.933899998970446,2561.383399999613,2593.7142000002495,2561.383399999613,9.178508151494833,11802,51.01217635307943,0.3205257751968264,51.987176353079434,36012.758287449964,27245.01690461641,5617161.095807654,,0.9989537785772096,350893360.3186224,0.15537723931624048,4.988956e-03;4.871627e+00;1.713683e+01;2.742960e+01;3.354134e+01;3.443770e+01;3.445823e+01;3.643702e+01;3.889427e+01;4.022751e+01;4.105155e+01;4.183650e+01;4.150799e+01;4.064154e+01;4.071475e+01;4.082555e+01;4.103241e+01;4.150462e+01;4.074826e+01;4.071080e+01;4.166534e+01;4.248024e+01;4.229524e+01;4.140318e+01;4.146276e+01;4.144929e+01;4.146312e+01;4.126862e+01;4.162809e+01;4.036784e+01;4.156732e+01;4.194629e+01;4.261478e+01;4.202560e+01;4.073084e+01;4.130598e+01;4.180134e+01;4.170714e+01;4.211103e+01;4.232725e+01;4.337773e+01;4.445748e+01;4.556471e+01;4.671862e+01;4.791586e+01;4.921173e+01;5.038492e+01;5.069832e+01;5.102099e+01;5.095311e+01;5.107212e+01;5.159174e+01;5.158353e+01;5.173827e+01;5.113612e+01;5.091674e+01;5.105771e+01;5.064909e+01;5.058818e+01;5.101218e+01,2;200;200;200;200;200;200;200;200;200;200;200;200;200;200;200;200;200;200;200;200;200;200;200;200;200;200;200;200;200;200;200;200;200;200;200;200;200;200;200;200;200;200;200;200;200;200;200;200;200;200;200;200;200;200;200;200;200;200;200,,,,,,,E1
500,1,250,0.501002004008016,random,coupled,1.0,7.73,delta,0.005,1,,0.0,0.9700000000000001,0.02528847274572829,7,51.976,0.6416530571848671,0.08300815746246663,12540.911842049447,45.03596674081541,0.015267175572514686,0.9770499019835193,0.15823507622694047,0.8089559985506027,True,1.0,9,15,1.6666666666666667,28.75820000008389,5.889900001420756,39.36229999999341,5.889900001420756,5.073111596596266,15,8.373208064682558e-07,0.9749991769371982,1.0044783031095592,0.3939064677149038,1.3636850228409164e-05,0.9211999741379461,,,0.22109615624385917,0.15537679556986014,4.988197e-03;7.684688e-04;2.758212e-04;2.284010e-05;8.468233e-05;3.182910e-05;3.017255e-06;1.126828e-05;8.373208e-07,2;2;2;1;2;2;1;2;1,,,,,,,E1
500,1,250,0.501002004008016,random,decoupled,1.0,7.73,delta,0.005,1,,0.0,0.9700000000000001,0.02528847274572829,7,51.976,0.6416530571848671,0.08300815746246663,12540.911842049447,45.03596674081541,0.015267175572514686,0.9770499019835193,0.15823507622694047,0.8089559985506027,False,0.0,60,11802,196.7,22.57640000061656,2565.601599999354,2592.2364000016387,2565.601599999354,9.163417428491595,11802,42.83215885253582,1.164716527694668,43.81062848491459,38762.38003638388,13219.727928244938,4475657.9897096045,,1.0010549651598444,369831330.43264717,0.15537679556986014,4.988197e-03;4.705431e-01;1.166831e+01;2.172774e+01;2.729012e+01;2.973414e+01;2.944209e+01;2.864583e+01;2.872873e+01;3.280169e+01;3.621950e+01;3.849279e+01;4.030394e+01;4.144593e+01;4.255399e+01;4.349533e+01;4.307256e+01;4.191319e+01;4.151530e+01;4.219196e+01;4.240849e+01;4.227738e+01;4.242657e+01;4.286716e+01;4.314008e+01;4.355031e+01;4.304460e+01;4.255305e+01;4.277419e+01;4.244826e+01;4.253023e+01;4.244460e+01;4.265071e+01;4.304870e+01;4.319825e+01;4.323082e+01;4.351252e+01;4.296619e+01;4.252152e+01;4.273674e+01;4.251223e+01;4.279790e+01;4.279979e+01;4.280732e+01;4.328991e+01;4.340662e+01;4.328696e+01;4.337566e+01;4.281065e+01;4.254133e+01;4.282663e+01;4.268814e+01;4.296002e+01;4.287261e+01;4.305773e+01;4.357766e+01;4.348214e+01;4.311777e+01;4.319573e+01;4.283216e+01,2;200;200;200;200;200;200;200;200;200;200;200;200;200;200;200;200;200;200;200;200;200;200;200;200;200;200;200;200;200;200;200;200;200;200;200;200;200;200;200;200;200;200;200;200;200;200;200;200;200;200;200;200;200;200;200;200;200;200;200,,,,,,,E1
500,2,250,0.501002004008016,random,coupled,1.0,7.73,delta,0.005,1,,0.0,0.9700000000000011,0.025160514285827912,7,50.364,0.6416530571848671,0.08300815746246663,10738.461327971945,44.285569303623944,0.015151515151513495,0.976548616738718,0.15733523206487265,0.783866782957503,True,1.0,9,15,1.6666666666666667,28.54010000010021,4.513100000622217,37.352999999711756,4.513100000622217,6.620752918366635,15,8.936986319874052e-07,0.9749991631866268,1.0044762311814746,0.393939674455884,1.4277579833474863e-05,1.198103369425233,,,0.22134320842794028,0.15537723931624048,4.989103e-03;7.780274e-04;2.802964e-04;2.393836e-05;8.473691e-05;3.212799e-05;3.204008e-06;1.128028e-05;8.936986e-07,2;2;2;1;2;2;1;2;1,,,,,,,E1
500,2,250,0.501002004008016,random,decoupled,1.0,7.73,delta,0.005,1,,0.0,0.9700000000000011,0.025160514285827912,7,50.364,0.6416530571848671,0.08300815746246663,10738.461327971945,44.285569303623944,0.015151515151513495,0.976548616738718,0.15733523206487265,0.783866782957503,False,0.0,60,11802,196.7,19.719599999007187,2565.3155999989394,2589.0130999996472,2565.3155999989394,9.164439032768412,11802,43.10214699107448,0.835370979256803,44.07753928618636,32852.16599930531,18189.832967552444,4212983.992280655,,0.9984939691602361,309771210.5232416,0.15537723931624048,4.989103e-03;9.364806e-01;2.198317e+01;2.918510e+01;3.131378e+01;3.256605e+01;3.309476e+01;3.236379e+01;3.311144e+01;3.412165e+01;3.495597e+01;3.499871e+01;3.312903e+01;3.356712e+01;3.481725e+01;3.474483e+01;3.429909e+01;3.609084e+01;3.588408e+01;3.560212e+01;3.797313e+01;3.779107e+01;3.542067e+01;3.722987e+01;3.681808e+01;3.915616e+01;3.870382e+01;3.749936e+01;3.967950e+01;3.906929e+01;3.779732e+01;4.038356e+01;3.946917e+01;3.735825e+01;3.951414e+01;3.831614e+01;4.082276e+01;3.982457e+01;3.866548e+01;4.121474e+01;4.052520e+01;3.905009e+01;4.132477e+01;4.018973e+01;3.879021e+01;4.139815e+01;4.242982e+01;4.300918e+01;4.312911e+01;4.291770e+01;4.307209e+01;4.310096e+01;4.290944e+01;4.296949e+01;4.255133e+01;4.195779e+01;4.287530e+01;4.303733e+01;4.282180e+01;4.310215e+01,2;200;200;200;200;200;200;200;200;200;200;200;200;200;200;200;200;200;200;200;200;200;200;200;200;200;200;200;200;200;200;200;200;200;200;200;200;200;200;200;200;200;200;200;200;200;200;200;200;200;200;200;200;200;200;200;200;200;200;200,,,,,,,E1
500,3,250,0.501002004008016,random,coupled,1.0,7.73,delta,0.005,1,,0.0,0.9700000000000005,0.025347748473390996,7,54.84,0.6416530571848671,0.08300815746246663,13884.903994793198,46.89400132043814,0.014705882352939157,0.9775969276188181,0.16434875775690722,0.8535313791078777,True,1.0,9,15,1.6666666666666667,27.106800000183284,4.464799998459057,36.27289999894856,4.464799998459057,6.692375920603962,15,8.116772327593225e-07,0.9749992112545809,1.0045199993629972,0.3939960614811648,1.231260037879693e-05,1.0856293899293639,,,0.22158749872166777,0.15537652566822405,4.989487e-03;7.683529e-04;2.752993e-04;2.226186e-05;8.485471e-05;3.186653e-05;2.927168e-06;1.130325e-05;8.116772e-07,2;2;2;1;2;2;1;2;1,,,,,,,E1
500,3,250,0.501002004008016,random,decoupled,1.0,7.73,delta,0.005,1,,0.0,0.9700000000000005,0.025347748473390996,7,54.84,0.6416530571848671,0.08300815746246663,13884.903994793198,46.89400132043814,0.014705882352939157,0.9775969276188181,0.16434875775690722,0.8535313791078777,False,0.0,60,11802,196.7,29.95069999997213,2613.679600000978,2648.0893999996624,2613.679600000978,8.994858595518442,11802,47.29136710857763,0.5365937065757624,48.271202616935994,34604.4948241415,5436.554084205467,2603859.168109925,,0.9998511632962163,371212136.001801,0.15537652566822405,4.989487e-03;1.068994e+00;3.889107e+00;2.523653e+00;1.088365e+00;6.971478e-01;5.181020e-01;1.092739e+01;1.033538e+01;1.156840e+01;1.345730e+01;1.709216e+01;1.706509e+01;1.756976e+01;1.560166e+01;1.852632e+01;3.510905e+01;3.132557e+01;3.191059e+01;3.468144e+01;3.933906e+01;4.443360e+01;4.541126e+01;4.580177e+01;4.679713e+01;4.696668e+01;4.745148e+01;4.806621e+01;4.775247e+01;4.652522e+01;4.596908e+01;4.677279e+01;4.658583e+01;4.601416e+01;4.624204e+01;4.660067e+01;4.701346e+01;4.764908e+01;4.730985e+01;4.739869e+01;4.676813e+01;4.703676e+01;4.675558e+01;4.699269e+01;4.513143e+01;4.729320e+01;4.761588e+01;4.812445e+01;4.780486e+01;4.794635e+01;4.760777e+01;4.781435e+01;4.758007e+01;4.774249e+01;4.716510e+01;4.730820e+01;4.761091e+01;4.810494e+01;4.786483e+01;4.729137e+01,2;200;200;200;200;200;200;200;200;200;200;200;200;200;200;200;200;200;200;200;200;200;200;200;200;200;200;200;200;200;200;200;200;200;200;200;200;200;200;200;200;200;200;200;200;200;200;200;200;200;200;200;200;200;200;200;200;200;200;200,,,,,,,E1
500,4,250,0.501002004008016,random,coupled,1.0,7.73,delta,0.005,1,,0.0,0.9700000000000009,0.02531445994884545,7,48.172,0.6416530571848671,0.08300815746246663,12933.63111976458,39.99910053207956,0.015873015873015806,0.9762048658491216,0.15203272694826614,0.7497504302403866,True,1.0,9,15,1.6666666666666667,30.562100000679493,4.8569999999017455,39.81059999932768,4.8569999999017455,6.151970352193629,15,9.06666750122298e-07,0.9749990933332507,1.0044635327605111,0.393923977637633,1.3978752255982941e-05,0.9606508361645989,,,0.2212217505375881,0.15537723931624056,4.988490e-03;7.763257e-04;2.809910e-04;2.432418e-05;8.469755e-05;3.219918e-05;3.255960e-06;1.127354e-05;9.066668e-07,2;2;2;1;2;2;1;2;1,,,,,,,E1
500,4,250,0.501002004008016,random,decoupled,1.0,7.73,delta,0.005,1,,0.0,0.9700000000000009,0.02531445994884545,7,48.172,0.6416530571848671,0.08300815746246663,12933.63111976458,39.99910053207956,0.015873015873015806,0.9762048658491216,0.15203272694826614,0.7497504302403866,False,0.0,60,11802,196.7,27.99120000054245,2779.0499000002455,2810.8690999997634,2779.0499000002455,8.459610032910142,11802,35.82921307788714,0.514823782051762,36.805951940156646,31613.825996938587,9727.47372722724,3246563.084870091,,0.999090631912249,245749252.39938718,0.15537723931624056,4.988490e-03;1.782233e+00;1.584556e+01;2.163314e+01;2.534211e+01;3.008367e+01;3.126895e+01;3.344147e+01;3.540862e+01;3.542204e+01;3.617503e+01;3.661110e+01;3.616395e+01;3.551116e+01;3.556655e+01;3.569052e+01;3.568390e+01;3.597124e+01;3.537257e+01;3.574595e+01;3.625653e+01;3.682380e+01;3.657740e+01;3.578196e+01;3.594185e+01;3.606871e+01;3.592518e+01;3.559502e+01;3.581068e+01;3.568428e+01;3.612081e+01;3.629014e+01;3.674422e+01;3.609679e+01;3.573637e+01;3.591268e+01;3.617268e+01;3.591231e+01;3.613682e+01;3.572520e+01;3.611987e+01;3.633227e+01;3.683749e+01;3.632984e+01;3.570103e+01;3.613896e+01;3.638053e+01;3.603871e+01;3.534409e+01;3.567156e+01;3.615388e+01;3.625194e+01;3.612471e+01;3.648999e+01;3.553150e+01;3.618899e+01;3.600598e+01;3.622522e+01;3.562895e+01;3.582921e+01,2;200;200;200;200;200;200;200;200;200;200;200;200;200;200;200;200;200;200;200;200;200;200;200;200;200;200;200;200;200;200;200;200;200;200;200;200;200;200;200;200;200;200;200;200;200;200;200;200;200;200;200;200;200;200;200;200;200;200;200,,,,,,,E1
500,0,374,0.749498997995992,random,coupled,1.0,7.73,delta,0.005,1,,0.0,0.9700000000000011,0.025171278163522704,7,52.780748663101605,0.6416530571848671,0.08300815746246663,29693.923543623365,64.12015714054692,0.010526315789471354,0.9845210114816242,0.1576590801830189,0.8214811305025977,True,1.0,10,16,1.6,36.98930000064138,6.691000000500935,48.65380000046571,6.691000000500935,4.763432670395132,16,9.640068669991564e-07,0.9749990359931341,1.0044942900356582,0.39394132719709196,1.2834735191495782e-05,1.5803210193193526,,,0.22031697285907073,0.15537723931624048,4.983502e-03;7.843696e-04;8.169092e-05;2.533094e-04;9.316164e-05;9.318098e-06;3.251610e-05;2.584621e-06;1.188384e-05;9.640069e-07,2;2;1;2;2;1;2;1;2;1,True,8.0,56.59119999836548,9.640068671101787e-07,0.003063732776912488,0.0004460130422208053,E1
500,0,374,0.749498997995992,random,decoupled,1.0,7.73,delta,0.005,1,,0.0,0.9700000000000011,0.025171278163522704,7,52.780748663101605,0.6416530571848671,0.08300815746246663,29693.923543623365,64.12015714054692,0.010526315789471354,0.9845210114816242,0.1576590801830189,0.8214811305025977,False,0.0,60,11802,196.7,23.377600000458187,2612.683000001198,2640.5673999997816,2612.683000001198,8.998289657026598,11802,46.968990092762155,0.47410611864054797,47.94399009276216,39411.1521774315,26826.987911508157,7882695.03799206,,0.9993009389237822,554252290.5869422,0.15537723931624048,4.983502e-03;1.858552e+00;2.746073e+00;1.228486e+01;3.077879e+01;3.269639e+01;3.645037e+01;3.879611e+01;4.030640e+01;4.069451e+01;4.099419e+01;4.023871e+01;3.917662e+01;4.014938e+01;4.096727e+01;4.119136e+01;4.117725e+01;4.195618e+01;4.237919e+01;4.311872e+01;4.576327e+01;4.672696e+01;4.700021e+01;4.758526e+01;4.759437e+01;4.699265e+01;4.694502e+01;4.559042e+01;4.623577e+01;4.672645e+01;4.634423e+01;4.651506e+01;4.660463e+01;4.717535e+01;4.777861e+01;4.740272e+01;4.577421e+01;4.650084e+01;4.703373e+01;4.677122e+01;4.602516e+01;4.593315e+01;4.653207e+01;4.691649e+01;4.690416e+01;4.731913e+01;4.557188e+01;4.462070e+01;4.655383e+01;4.673136e+01;4.707649e+01;4.655462e+01;4.663071e+01;4.642874e+01;4.718460e+01;4.736254e+01;4.777756e+01;4.685132e+01;4.665244e+01;4.696899e+01,2;200;200;200;200;200;200;200;200;200;200;200;200;200;200;200;200;200;200;200;200;200;200;200;200;200;200;200;200;200;200;200;200;200;200;200;200;200;200;200;200;200;200;200;200;200;200;200;200;200;200;200;200;200;200;200;200;200;200;200,,,,,,,E1
500,1,374,0.749498997995992,random,coupled,1.0,7.73,delta,0.005,1,,0.0,0.9700000000000001,0.02528847274572829,7,51.22727272727273,0.6416530571848671,0.08300815746246663,22104.130986764278,63.148767483537384,0.010416666666665084,0.9843709122955815,0.15572985543595771,0.7973027851722824,True,1.0,10,16,1.6,42.6339999994525,7.170599999881233,54.88530000002356,7.170599999881233,4.44483418410285,16,9.279151838015309e-07,0.9749990720848163,1.004476367120231,0.39391394401339025,1.2791047899323112e-05,1.2513849445461402,,,0.22006149131593175,0.15537723931623904,4.984747e-03;7.791525e-04;7.961747e-05;2.531864e-04;9.257775e-05;9.023655e-06;3.248819e-05;2.500374e-06;1.187125e-05;9.279152e-07,2;2;1;2;2;1;2;1;2;1,,,,,,,E1
500,1,374,0.749498997995992,random,decoupled,1.0,7.73,delta,0.005,1,,0.0,0.9700000000000001,0.02528847274572829,7,51.22727272727273,0.6416530571848671,0.08300815746246663,22104.130986764278,63.148767483537384,0.010416666666665084,0.9843709122955815,0.15572985543595771,0.7973027851722824,False,0.0,60,11802,196.7,32.688500001313514,2635.900799999945,2673.04890000014,2635.900799999945,8.919030039370409,11802,118.35391921772953,1.3873617272048393,119.3312769103074,282357.16705987306,23599.63385101217,25387866.587629907,,1.0003141681652714,3939456951.1783037,0.15537723931623904,4.984747e-03;1.908564e+00;2.849020e+00;5.887605e+00;1.328155e+01;1.855731e+01;1.432605e+02;1.254164e+02;1.226337e+02;1.213803e+02;1.206811e+02;1.202548e+02;1.199972e+02;1.198891e+02;1.198786e+02;1.198618e+02;1.197455e+02;1.195109e+02;1.192435e+02;1.190239e+02;1.188740e+02;1.187808e+02;1.187303e+02;1.187452e+02;1.188501e+02;1.189813e+02;1.190373e+02;1.189545e+02;1.187727e+02;1.185919e+02;1.184624e+02;1.183863e+02;1.183473e+02;1.183477e+02;1.184299e+02;1.185814e+02;1.187107e+02;1.187243e+02;1.186027e+02;1.184313e+02;1.182909e+02;1.182040e+02;1.181594e+02;1.181449e+02;1.181865e+02;1.183172e+02;1.184790e+02;1.185694e+02;1.185212e+02;1.183707e+02;1.182167e+02;1.181098e+02;1.180519e+02;1.180264e+02;1.180355e+02;1.181239e+02;1.182848e+02;1.184283e+02;1.184590e+02;1.183539e+02,2;200;200;200;200;200;200;200;200;200;200;200;200;200;200;200;200;200;200;200;200;200;200;200;200;200;200;200;200;200;200;200;200;200;200;200;200;200;200;200;200;200;200;200;200;200;200;200;200;200;200;200;200;200;200;200;200;200;200;200,,,,,,,E1
500,2,374,0.749498997995992,random,coupled,1.0,7.73,delta,0.005,1,,0.0,0.9700000000000011,0.025160514285827912,7,50.18716577540107,0.6416530571848671,0.08300815746246663,21229.712440761115,62.23761857661166,0.010416666666666118,0.9843101548807139,0.1546170983386955,0.7811145298649533,True,1.0,10,16,1.6,37.115799999810406,6.164200000057463,48.87030000099912,6.164200000057463,5.170521397700089,16,9.628050381405018e-07,0.974999037194963,1.0044762313719384,0.3939199571168237,1.3454529601238705e-05,1.5803675287808754,,,0.22012552101962138,0.15537723931624048,4.982943e-03;7.845286e-04;8.163462e-05;2.532031e-04;9.311404e-05;9.308845e-06;3.249215e-05;2.581731e-06;1.187306e-05;9.628050e-07,2;2;1;2;2;1;2;1;2;1,,,,,,,E1
500,2,374,0.749498997995992,random,decoupled,1.0,7.73,delta,0.005,1,,0.0,0.9700000000000011,0.025160514285827912,7,50.18716577540107,0.6416530571848671,0.08300815746246663,21229.712440761115,62.23761857661166,0.010416666666666118,0.9843101548807139,0.1546170983386955,0.7811145298649533,False,0.0,60,11802,196.7,34.92759999971895,2619.525199999771,2658.6690000003728,2619.525199999771,8.974786123837273,11802,58.9931744146406,0.8205815993885972,59.968573127108414,77640.37198819805,640.4087197517075,7318813.697026705,,0.9995446659179084,990581731.2412449,0.15537723931624048,4.982943e-03;1.851528e+00;4.541595e+01;5.352635e+01;5.556243e+01;5.654029e+01;5.719095e+01;5.764481e+01;5.788096e+01;5.787456e+01;5.778699e+01;5.776788e+01;5.782540e+01;5.791673e+01;5.799294e+01;5.803884e+01;5.822448e+01;5.847110e+01;5.865035e+01;5.865584e+01;5.848389e+01;5.835948e+01;5.831468e+01;5.832690e+01;5.835398e+01;5.835362e+01;5.841932e+01;5.861795e+01;5.882564e+01;5.891803e+01;5.880590e+01;5.863442e+01;5.853362e+01;5.850653e+01;5.851922e+01;5.852924e+01;5.850547e+01;5.864307e+01;5.886016e+01;5.902427e+01;5.902274e+01;5.883691e+01;5.869734e+01;5.863108e+01;5.861884e+01;5.862325e+01;5.860403e+01;5.864634e+01;5.883095e+01;5.903195e+01;5.912429e+01;5.901454e+01;5.883808e+01;5.872769e+01;5.868795e+01;5.868884e+01;5.869034e+01;5.865438e+01;5.878089e+01;5.899317e+01,2;200;200;200;200;200;200;200;200;200;200;200;200;200;200;200;200;200;200;200;200;200;200;200;200;200;200;200;200;200;200;200;200;200;200;200;200;200;200;200;200;200;200;200;200;200;200;200;200;200;200;200;200;200;200;200;200;200;200;200,,,,,,,E1
500,3,374,0.749498997995992,random,coupled,1.0,7.73,delta,0.005,1,,0.0,0.9700000000000005,0.025347748473390996,7,52.93850267379679,0.6416530571848671,0.08300815746246663,23869.24128356712,68.17733827150272,0.010256410256408853,0.9848052445525171,0.16159352966360627,0.8239364185826401,True,1.0,10,16,1.6,35.34839999883843,6.575199999133474,47.355200000311015,6.575199999133474,4.8473244926694745,16,9.462929742021231e-07,0.9749990766216766,1.004540339378849,0.3940069404048392,1.1583186144529906e-05,1.448623172670765,,,0.2209947264049435,0.15537652566822405,4.986330e-03;7.827982e-04;8.052681e-05;2.535289e-04;9.248024e-05;9.158368e-06;3.256335e-05;2.543937e-06;1.190445e-05;9.462930e-07,2;2;1;2;2;1;2;1;2;1,,,,,,,E1
500,3,374,0.749498997995992,random,decoupled,1.0,7.73,delta,0.005,1,,0.0,0.9700000000000005,0.025347748473390996,7,52.93850267379679,0.6416530571848671,0.08300815746246663,23869.24128356712,68.17733827150272,0.010256410256408853,0.9848052445525171,0.16159352966360627,0.8239364185826401,False,0.0,60,11802,196.7,26.3771000009001,2591.6375999986485,2622.3117999998067,2591.6375999986485,9.071360292045563,11802,43.45720315583849,0.47980708351783063,44.432207645582885,23833.493508190102,1049.949393686688,3115368.6889010486,,1.000064920042921,292472084.4548713,0.15537652566822405,4.986330e-03;6.316961e-01;8.045461e+00;1.015107e+01;1.194804e+01;9.974765e+00;1.059051e+01;1.201118e+01;1.143132e+01;1.331295e+01;1.662601e+01;1.806240e+01;1.964568e+01;2.220566e+01;2.327548e+01;2.357771e+01;2.364202e+01;2.390477e+01;2.443509e+01;2.472308e+01;2.469160e+01;2.485087e+01;2.534475e+01;2.577884e+01;2.614170e+01;2.638567e+01;2.660698e+01;2.687638e+01;2.716906e+01;2.745567e+01;2.762245e+01;2.867598e+01;3.021509e+01;3.159448e+01;3.266664e+01;3.360138e+01;3.457593e+01;3.562259e+01;3.676187e+01;3.812679e+01;3.997393e+01;4.191376e+01;4.270072e+01;4.297176e+01;4.329066e+01;4.283765e+01;4.306660e+01;4.380246e+01;4.380231e+01;4.306771e+01;4.273814e+01;4.246392e+01;4.268947e+01;4.311482e+01;4.283006e+01;4.258379e+01;4.328067e+01;4.357574e+01;4.402801e+01;4.345720e+01,2;200;200;200;200;200;200;200;200;200;200;200;200;200;200;200;200;200;200;200;200;200;200;200;200;200;200;200;200;200;200;200;200;200;200;200;200;200;200;200;200;200;200;200;200;200;200;200;200;200;200;200;200;200;200;200;200;200;200;200,,,,,,,E1
500,4,374,0.749498997995992,random,coupled,1.0,7.73,delta,0.005,1,,0.0,0.9700000000000009,0.02531445994884545,7,52.473262032085564,0.6416530571848671,0.08300815746246663,23545.79936366835,68.70390698431247,0.009803921568627413,0.9846931452087492,0.16075600406229762,0.8166953994991413,True,1.0,10,16,1.6,32.647300000462565,5.23099999918486,42.83519999989949,5.23099999918486,6.092932136296424,16,9.652358601286437e-07,0.9749990347641407,1.0044729528769452,0.39390968290300743,1.2595910646680392e-05,1.2513906183370391,,,0.22039485928546212,0.15537723931624056,4.984536e-03;7.863081e-04;8.181123e-05;2.531631e-04;9.323713e-05;9.324587e-06;3.248277e-05;2.587895e-06;1.186868e-05;9.652359e-07,2;2;1;2;2;1;2;1;2;1,,,,,,,E1
500,4,374,0.749498997995992,random,decoupled,1.0,7.73,delta,0.005,1,,0.0,0.9700000000000009,0.02531445994884545,7,52.473262032085564,0.6416530571848671,0.08300815746246663,23545.79936366835,68.70390698431247,0.009803921568627413,0.9846931452087492,0.16075600406229762,0.8166953994991413,False,0.0,60,11802,196.7,33.29130000020086,2604.7371000004205,2642.5914999999804,2604.7371000004205,9.025739456007367,11802,38.35582667097177,1.0475246724163971,39.33504673678805,30806.19750427548,10025.02874251929,4822571.348411499,,1.0007182688241396,350704926.8369319,0.15537723931624056,4.984536e-03;1.975891e+00;1.613723e+00;2.207417e+00;1.085262e+01;2.247224e+01;2.672871e+01;2.859534e+01;2.988454e+01;3.063472e+01;3.058844e+01;3.002410e+01;3.231631e+01;3.385818e+01;3.447057e+01;3.482825e+01;3.534152e+01;3.621396e+01;3.745974e+01;3.844731e+01;3.773146e+01;3.782658e+01;3.817773e+01;3.852585e+01;3.847087e+01;3.883869e+01;3.893778e+01;3.935138e+01;3.889500e+01;3.766460e+01;3.748171e+01;3.813264e+01;3.811491e+01;3.837709e+01;3.808043e+01;3.841492e+01;3.900880e+01;3.897612e+01;3.911590e+01;3.797224e+01;3.821166e+01;3.859918e+01;3.839968e+01;3.765336e+01;3.753450e+01;3.844402e+01;3.872421e+01;3.915932e+01;3.859225e+01;3.827179e+01;3.867485e+01;3.866830e+01;3.877179e+01;3.793317e+01;3.782766e+01;3.845680e+01;3.902880e+01;3.902799e+01;3.827879e+01;3.835583e+01,2;200;200;200;200;200;200;200;200;200;200;200;200;200;200;200;200;200;200;200;200;200;200;200;200;200;200;200;200;200;200;200;200;200;200;200;200;200;200;200;200;200;200;200;200;200;200;200;200;200;200;200;200;200;200;200;200;200;200;200,,,,,,,E1
500,0,494,0.9899799599198397,random,coupled,1.0,7.73,delta,0.005,1,,0.0,0.9700000000000011,0.025171278163522704,7,53.66599190283401,0.6416530571848671,0.08300815746246663,39294.14588551033,84.43227360668492,0.008130081300811186,0.9883767971277617,0.15917444958917681,0.8352590824219016,True,1.0,10,16,1.6,44.1752999995515,7.433999999193475,56.86070000047039,7.433999999193475,4.287345709370171,16,9.640452935943955e-07,0.9749990359547075,1.0044942900349434,0.39394131212333855,1.2367002132577096e-05,1.5816399677533781,,,0.21935235095043118,0.15537723931624048,4.978607e-03;7.865771e-04;8.189240e-05;2.533185e-04;9.317511e-05;9.318938e-06;3.251724e-05;2.584711e-06;1.188426e-05;9.640453e-07,2;2;1;2;2;1;2;1;2;1,True,5.0,56.25220000001718,9.640452938164401e-07,0.0030638388707887026,0.00044602811597421743,E1
500,0,494,0.9899799599198397,random,decoupled,1.0,7.73,delta,0.005,1,,0.0,0.9700000000000011,0.025171278163522704,7,53.66599190283401,0.6416530571848671,0.08300815746246663,39294.14588551033,84.43227360668492,0.008130081300811186,0.9883767971277617,0.15917444958917681,0.8352590824219016,False,0.0,60,11802,196.7,39.174800000182586,2639.6179999992455,2684.0632000003097,2639.6179999992455,8.906469957397896,11802,45.66609831920589,0.16802773206010907,46.64109831920589,42715.97233011297,32677.015434553152,14749129.46701927,,0.9992571601604984,789073922.8990085,0.15537723931624048,4.978607e-03;7.334071e-01;9.967343e+00;2.394181e+01;3.185982e+01;3.646119e+01;3.868754e+01;3.982304e+01;4.034057e+01;4.085923e+01;4.160058e+01;4.282426e+01;4.408226e+01;4.425066e+01;4.444684e+01;4.414642e+01;4.325910e+01;4.398655e+01;4.459575e+01;4.497067e+01;4.599590e+01;4.662476e+01;4.657969e+01;4.622865e+01;4.633136e+01;4.597865e+01;4.616248e+01;4.631010e+01;4.661827e+01;4.622530e+01;4.594582e+01;4.665758e+01;4.692015e+01;4.648949e+01;4.581645e+01;4.602211e+01;4.629097e+01;4.647205e+01;4.610621e+01;4.630689e+01;4.590823e+01;4.674200e+01;4.714523e+01;4.674018e+01;4.604964e+01;4.615794e+01;4.636021e+01;4.646975e+01;4.623293e+01;4.639054e+01;4.584215e+01;4.661712e+01;4.687332e+01;4.702001e+01;4.631486e+01;4.577606e+01;4.620261e+01;4.656879e+01;4.642605e+01;4.566610e+01,2;200;200;200;200;200;200;200;200;200;200;200;200;200;200;200;200;200;200;200;200;200;200;200;200;200;200;200;200;200;200;200;200;200;200;200;200;200;200;200;200;200;200;200;200;200;200;200;200;200;200;200;200;200;200;200;200;200;200;200,,,,,,,E1
500,1,494,0.9899799599198397,random,coupled,1.0,7.73,delta,0.005,1,,0.0,0.9700000000000001,0.02528847274572829,7,52.34615384615385,0.6416530571848671,0.08300815746246663,38686.17285361168,82.5358195130366,0.008130081300810681,0.9882925202095278,0.15734698613352519,0.8147170839406406,True,1.0,10,16,1.6,40.6304000007367,5.421899999419111,50.69010000079288,5.421899999419111,5.878405725560173,16,9.651980157343587e-07,0.9749990348019844,1.0044803780889908,0.393916823260128,1.2530224432887799e-05,1.581629790644806,,,0.2192097689534532,0.15537723931623904,4.978305e-03;7.871502e-04;8.194070e-05;2.532243e-04;9.323517e-05;9.325679e-06;3.249560e-05;2.587495e-06;1.187440e-05;9.651980e-07,2;2;1;2;2;1;2;1;2;1,,,,,,,E1
500,1,494,0.9899799599198397,random,decoupled,1.0,7.73,delta,0.005,1,,0.0,0.9700000000000001,0.02528847274572829,7,52.34615384615385,0.6416530571848671,0.08300815746246663,38686.17285361168,82.5358195130366,0.008130081300810681,0.9882925202095278,0.15734698613352519,0.8147170839406406,False,0.0,60,11802,196.7,40.851599998859456,2645.3679999995074,2690.9255999999004,2645.3679999995074,8.887110759638878,11802,45.23871399816732,0.029348016692741535,46.21371399816732,40890.12973180937,32307.611571506837,14593860.229656842,,0.9994335506317759,772079554.7336917,0.15537723931623904,4.978305e-03;8.054315e-01;1.112724e+01;2.515106e+01;3.444336e+01;3.835395e+01;3.944920e+01;3.924760e+01;4.023369e+01;4.127652e+01;4.315451e+01;4.325009e+01;4.349689e+01;4.401475e+01;4.433413e+01;4.405181e+01;4.409579e+01;4.354301e+01;4.449385e+01;4.520038e+01;4.541032e+01;4.504643e+01;4.497039e+01;4.456689e+01;4.450704e+01;4.477650e+01;4.432070e+01;4.477200e+01;4.496509e+01;4.514314e+01;4.562931e+01;4.544600e+01;4.512453e+01;4.525353e+01;4.479278e+01;4.445538e+01;4.490623e+01;4.494560e+01;4.480348e+01;4.523453e+01;4.538615e+01;4.584111e+01;4.551221e+01;4.499591e+01;4.518306e+01;4.495925e+01;4.476850e+01;4.510499e+01;4.504108e+01;4.504867e+01;4.556417e+01;4.556036e+01;4.583392e+01;4.538095e+01;4.499313e+01;4.524884e+01;4.506445e+01;4.490829e+01;4.523576e+01;4.523871e+01,2;200;200;200;200;200;200;200;200;200;200;200;200;200;200;200;200;200;200;200;200;200;200;200;200;200;200;200;200;200;200;200;200;200;200;200;200;200;200;200;200;200;200;200;200;200;200;200;200;200;200;200;200;200;200;200;200;200;200;200,,,,,,,E1
500,2,494,0.9899799599198397,random,coupled,1.0,7.73,delta,0.005,1,,0.0,0.9700000000000011,0.025160514285827912,7,51.16194331983806,0.6416530571848671,0.08300815746246663,28359.290256172135,83.90504067320522,0.008064516129031364,0.9882268628567362,0.15735643399240162,0.7962859963461105,True,1.0,10,16,1.6,41.14499999923282,8.26240000060352,54.97530000138795,8.26240000060352,3.857490317301502,16,9.628391761662414e-07,0.9749990371608249,1.0044762313712603,0.393920916062442,1.2963997181791663e-05,1.5817432249072625,,,0.21918143213771707,0.15537723931624048,4.978156e-03;7.863352e-04;8.183087e-05;2.532115e-04;9.312576e-05;9.309628e-06;3.249318e-05;2.581808e-06;1.187344e-05;9.628392e-07,2;2;1;2;2;1;2;1;2;1,,,,,,,E1
500,2,494,0.9899799599198397,random,decoupled,1.0,7.73,delta,0.005,1,,0.0,0.9700000000000011,0.025160514285827912,7,51.16194331983806,0.6416530571848671,0.08300815746246663,28359.290256172135,83.90504067320522,0.008064516129031364,0.9882268628567362,0.15735643399240162,0.7962859963461105,False,0.0,60,11802,196.7,37.68080000008922,2648.97480000036,2691.354100001263,2648.97480000036,8.875010217536538,11802,43.602510932714516,0.2746145117234776,44.5779032278264,37801.65921970616,14293.250082354753,7091259.264174054,,0.9993715819101027,685406847.9856942,0.15537723931624048,4.978156e-03;2.329603e+00;9.079353e+00;2.145402e+01;2.923392e+01;3.180503e+01;3.545288e+01;3.766480e+01;3.889694e+01;3.967340e+01;4.054263e+01;4.150740e+01;4.200853e+01;4.210992e+01;4.159423e+01;4.071068e+01;4.147661e+01;4.207499e+01;4.220159e+01;4.210118e+01;4.245953e+01;4.268483e+01;4.296594e+01;4.232532e+01;4.110134e+01;4.208434e+01;4.221922e+01;4.200119e+01;4.219140e+01;4.239399e+01;4.262581e+01;4.306094e+01;4.263377e+01;4.227139e+01;4.247644e+01;4.219217e+01;4.239888e+01;4.220115e+01;4.231891e+01;4.271699e+01;4.275481e+01;4.272381e+01;4.307779e+01;4.270382e+01;4.223495e+01;4.242177e+01;4.222242e+01;4.262682e+01;4.255788e+01;4.242211e+01;4.289416e+01;4.300556e+01;4.292120e+01;4.304693e+01;4.248940e+01;4.362882e+01;4.413359e+01;4.449208e+01;4.438469e+01;4.360251e+01,2;200;200;200;200;200;200;200;200;200;200;200;200;200;200;200;200;200;200;200;200;200;200;200;200;200;200;200;200;200;200;200;200;200;200;200;200;200;200;200;200;200;200;200;200;200;200;200;200;200;200;200;200;200;200;200;200;200;200;200,,,,,,,E1
500,3,494,0.9899799599198397,random,coupled,1.0,7.73,delta,0.005,1,,0.0,0.9700000000000005,0.025347748473390996,7,53.03846153846154,0.6416530571848671,0.08300815746246663,29668.950501636402,83.62933304751368,0.008130081300811925,0.9883921428788529,0.15992476235262457,0.8254921813034856,True,1.0,10,16,1.6,42.131600001084735,6.319400001302711,53.04969999997411,6.319400001302711,5.04353704361644,16,9.67092316783713e-07,0.9749990329076837,1.0045403393780457,0.3940069248364161,1.1159159174880629e-05,1.581358150473648,,,0.21992385802113001,0.1553772393162389,4.980901e-03;7.876863e-04;8.203541e-05;2.535384e-04;9.331859e-05;9.339114e-06;3.256453e-05;2.592138e-06;1.190488e-05;9.670923e-07,2;2;1;2;2;1;2;1;2;1,,,,,,,E1
500,3,494,0.9899799599198397,random,decoupled,1.0,7.73,delta,0.005,1,,0.0,0.9700000000000005,0.025347748473390996,7,53.03846153846154,0.6416530571848671,0.08300815746246663,29668.950501636402,83.62933304751368,0.008130081300811925,0.9883921428788529,0.15992476235262457,0.8254921813034856,False,0.0,60,11802,196.7,40.28979999930016,2770.266800000172,2815.1626999988366,2770.266800000172,8.486431132192227,11802,45.91639628703148,0.4141591452569957,46.89139628703148,41113.57010837569,34191.82976466198,15108887.116467223,,0.9998304316584798,758235868.2622938,0.1553772393162389,4.980901e-03;3.611613e+00;1.778104e+01;2.592853e+01;3.367613e+01;3.639149e+01;3.825198e+01;3.974242e+01;4.102916e+01;4.189441e+01;4.247834e+01;4.298329e+01;4.285897e+01;4.357206e+01;4.450122e+01;4.426590e+01;4.320278e+01;4.311732e+01;4.319464e+01;4.382412e+01;4.455967e+01;4.439606e+01;4.435596e+01;4.530289e+01;4.552468e+01;4.528167e+01;4.549433e+01;4.385137e+01;4.383877e+01;4.489360e+01;4.551553e+01;4.526508e+01;4.463775e+01;4.545813e+01;4.595448e+01;4.587820e+01;4.608385e+01;4.471663e+01;4.351802e+01;4.506601e+01;4.573771e+01;4.567591e+01;4.493850e+01;4.500706e+01;4.605411e+01;4.679122e+01;4.657563e+01;4.570292e+01;4.560842e+01;4.577586e+01;4.600224e+01;4.579841e+01;4.600383e+01;4.404682e+01;4.603122e+01;4.660353e+01;4.704172e+01;4.645336e+01;4.542121e+01;4.591640e+01,2;200;200;200;200;200;200;200;200;200;200;200;200;200;200;200;200;200;200;200;200;200;200;200;200;200;200;200;200;200;200;200;200;200;200;200;200;200;200;200;200;200;200;200;200;200;200;200;200;200;200;200;200;200;200;200;200;200;200;200,,,,,,,E1
500,4,494,0.9899799599198397,random,coupled,1.0,7.73,delta,0.005,1,,0.0,0.9700000000000009,0.02531445994884545,7,52.28947368421053,0.6416530571848671,0.08300815746246663,28846.77401328644,83.12845005920191,0.008064516129032487,0.9883578702724093,0.15935882570260668,0.8138349122266073,True,1.0,10,16,1.6,46.435700000074576,5.9987999993609264,57.616500000222004,5.9987999993609264,5.313083950689379,16,9.65249696616155e-07,0.9749990347503042,1.0044729528759988,0.3939096644948436,1.2428239722586095e-05,1.5816676876812399,,,0.2191011963442311,0.15537723931624056,4.977978e-03;7.872685e-04;8.192762e-05;2.531744e-04;9.324302e-05;9.324965e-06;3.248417e-05;2.587925e-06;1.186919e-05;9.652497e-07,2;2;1;2;2;1;2;1;2;1,,,,,,,E1
500,4,494,0.9899799599198397,random,decoupled,1.0,7.73,delta,0.005,1,,0.0,0.9700000000000009,0.02531445994884545,7,52.28947368421053,0.6416530571848671,0.08300815746246663,28846.77401328644,83.12845005920191,0.008064516129032487,0.9883578702724093,0.15935882570260668,0.8138349122266073,False,0.0,60,11802,196.7,39.91490000043996,2674.9771000013425,2719.762400000036,2674.9771000013425,8.788740066592794,11802,44.04756308342564,0.3486785970107226,45.022563083425645,39566.55543837615,27077.56123216339,10455444.851535894,,0.9994174736207528,727825033.2759961,0.15537723931624056,4.977978e-03;4.852389e+00;8.923811e+00;2.334118e+01;3.136220e+01;3.661899e+01;3.892329e+01;4.046286e+01;4.099091e+01;4.152849e+01;4.229017e+01;4.341511e+01;4.288889e+01;4.282363e+01;4.137602e+01;4.258705e+01;4.300410e+01;4.341216e+01;4.350717e+01;4.365582e+01;4.411051e+01;4.383016e+01;4.327574e+01;4.332891e+01;4.302031e+01;4.339927e+01;4.340407e+01;4.336826e+01;4.377719e+01;4.396513e+01;4.400242e+01;4.427120e+01;4.369977e+01;4.336759e+01;4.362965e+01;4.336225e+01;4.366977e+01;4.367573e+01;4.367221e+01;4.414634e+01;4.419452e+01;4.408097e+01;4.422386e+01;4.368946e+01;4.334977e+01;4.370872e+01;4.362656e+01;4.393701e+01;4.376442e+01;4.389073e+01;4.444777e+01;4.436125e+01;4.394208e+01;4.403733e+01;4.372735e+01;4.350043e+01;4.382104e+01;4.370892e+01;4.360000e+01;4.404756e+01,2;200;200;200;200;200;200;200;200;200;200;200;200;200;200;200;200;200;200;200;200;200;200;200;200;200;200;200;200;200;200;200;200;200;200;200;200;200;200;200;200;200;200;200;200;200;200;200;200;200;200;200;200;200;200;200;200;200;200;200,,,,,,,E1
500,0,499,1.0,random,coupled,1.0,7.73,delta,0.005,1,,0.0,0.9700000000000011,0.025171278163522704,7,53.76953907815631,0.6416530571848671,0.08300815746246663,39832.74013634263,84.43227360668475,0.008064516129032003,0.9885143856720303,0.1595362021683471,0.8368706937157662,True,1.0,10,16,1.6,41.66880000047968,6.53980000060983,53.20940000092378,6.53980000060983,4.873563105450924,16,9.640450733261474e-07,0.9749990359549278,1.0044942900349434,0.39394131212333927,1.2321378029280652e-05,1.5817013311885844,,,0.2193523509504369,0.15537723931624048,4.978607e-03;7.865776e-04;8.190267e-05;2.533185e-04;9.317512e-05;9.318936e-06;3.251724e-05;2.584710e-06;1.188426e-05;9.640451e-07,2;2;1;2;2;1;2;1;2;1,True,4.0,53.88609999863547,9.640450737702366e-07,0.003063838505470987,0.0004460281159734958,E1
500,0,499,1.0,random,decoupled,1.0,7.73,delta,0.005,1,,0.0,0.9700000000000011,0.025171278163522704,7,53.76953907815631,0.6416530571848671,0.08300815746246663,39832.74013634263,84.43227360668475,0.008064516129032003,0.9885143856720303,0.1595362021683471,0.8368706937157662,False,0.0,60,11802,196.7,46.07889999897452,2828.7709999985964,2880.5148000010377,2828.7709999985964,8.31091608900532,11802,46.61786057344088,0.24504100782824176,47.59286057344088,42715.97233011297,33645.7034035974,15247259.095554838,,0.9992571601604984,789073922.8990084,0.15537723931624048,4.978607e-03;7.369726e-01;9.967343e+00;2.394181e+01;3.185982e+01;3.646119e+01;3.868754e+01;3.982304e+01;4.034057e+01;4.085923e+01;4.160058e+01;4.282426e+01;4.408226e+01;4.425066e+01;4.444684e+01;4.414642e+01;4.325910e+01;4.398655e+01;4.459575e+01;4.545983e+01;4.646287e+01;4.702407e+01;4.670315e+01;4.604014e+01;4.610339e+01;4.617131e+01;4.640823e+01;4.630795e+01;4.650318e+01;4.510011e+01;4.700242e+01;4.744316e+01;4.759570e+01;4.720899e+01;4.673445e+01;4.691261e+01;4.705245e+01;4.717097e+01;4.682844e+01;4.707063e+01;4.700277e+01;4.753833e+01;4.781431e+01;4.743253e+01;4.694534e+01;4.706949e+01;4.713529e+01;4.715860e+01;4.696697e+01;4.714662e+01;4.697690e+01;4.736916e+01;4.758442e+01;4.769178e+01;4.715101e+01;4.676744e+01;4.700276e+01;4.725525e+01;4.714964e+01;4.661786e+01,2;200;200;200;200;200;200;200;200;200;200;200;200;200;200;200;200;200;200;200;200;200;200;200;200;200;200;200;200;200;200;200;200;200;200;200;200;200;200;200;200;200;200;200;200;200;200;200;200;200;200;200;200;200;200;200;200;200;200;200,,,,,,,E1
500,1,499,1.0,random,coupled,1.0,7.73,delta,0.005,1,,0.0,0.9700000000000001,0.02528847274572829,7,52.33867735470942,0.6416530571848671,0.08300815746246663,39555.90536081868,84.08401715571735,0.008064516129029945,0.9884139438004768,0.1575226580005448,0.8146007196070624,True,1.0,10,16,1.6,43.66980000122567,6.433099999412661,55.23639999955776,6.433099999412661,4.954396481153706,16,9.65197635593995e-07,0.9749990348023645,1.004480378088995,0.3939168234067053,1.2526389427416397e-05,1.5816900649398065,,,0.21916930765677411,0.15537723931623904,4.978101e-03;7.871500e-04;8.195248e-05;2.532242e-04;9.323517e-05;9.325677e-06;3.249559e-05;2.587494e-06;1.187440e-05;9.651976e-07,2;2;1;2;2;1;2;1;2;1,,,,,,,E1
500,1,499,1.0,random,decoupled,1.0,7.73,delta,0.005,1,,0.0,0.9700000000000001,0.02528847274572829,7,52.33867735470942,0.6416530571848671,0.08300815746246663,39555.90536081868,84.08401715571735,0.008064516129029945,0.9884139438004768,0.1575226580005448,0.8146007196070624,False,0.0,60,11802,196.7,41.43790000125591,2648.8945000000967,2695.5433999992238,2648.8945000000967,8.875279259328426,11802,45.463313613587566,0.5173481903874659,46.43831361358757,42478.638848638264,31813.932888067815,14496307.853190064,,1.000557072558502,820345429.0931536,0.15537723931623904,4.978101e-03;8.136424e-01;1.126609e+01;2.398110e+01;3.295782e+01;4.057282e+01;4.182535e+01;4.297025e+01;4.380485e+01;4.500085e+01;4.394886e+01;4.490639e+01;4.513605e+01;4.482875e+01;4.490344e+01;4.385933e+01;4.473968e+01;4.512938e+01;4.555480e+01;4.556277e+01;4.533048e+01;4.578694e+01;4.547143e+01;4.476888e+01;4.477515e+01;4.486983e+01;4.537978e+01;4.533524e+01;4.516381e+01;4.568693e+01;4.590831e+01;4.575358e+01;4.580905e+01;4.518785e+01;4.509478e+01;4.541105e+01;4.516489e+01;4.545160e+01;4.543390e+01;4.561331e+01;4.611911e+01;4.596950e+01;4.563710e+01;4.577028e+01;4.538569e+01;4.507326e+01;4.543352e+01;4.540960e+01;4.527521e+01;4.570155e+01;4.582233e+01;4.626873e+01;4.597644e+01;4.552517e+01;4.568710e+01;4.543130e+01;4.524821e+01;4.557678e+01;4.548490e+01;4.546331e+01,2;200;200;200;200;200;200;200;200;200;200;200;200;200;200;200;200;200;200;200;200;200;200;200;200;200;200;200;200;200;200;200;200;200;200;200;200;200;200;200;200;200;200;200;200;200;200;200;200;200;200;200;200;200;200;200;200;200;200;200,,,,,,,E1
500,2,499,1.0,random,coupled,1.0,7.73,delta,0.005,1,,0.0,0.9700000000000011,0.025160514285827912,7,51.326653306613224,0.6416530571848671,0.08300815746246663,28359.494298299243,83.90504067320524,0.008064516129031252,0.9883609321285262,0.15753279318156524,0.7988495474432123,True,1.0,10,16,1.6,44.77200000110315,6.706599999233731,56.6939000000275,6.706599999233731,4.75235260842179,16,9.628388326632376e-07,0.9749990371611684,1.0044762313712652,0.39392091622733083,1.2948429074464358e-05,1.581795955948635,,,0.219126535023023,0.15537723931624048,4.977880e-03;7.863330e-04;8.183770e-05;2.532114e-04;9.312574e-05;9.309625e-06;3.249317e-05;2.581806e-06;1.187344e-05;9.628388e-07,2;2;1;2;2;1;2;1;2;1,,,,,,,E1
500,2,499,1.0,random,decoupled,1.0,7.73,delta,0.005,1,,0.0,0.9700000000000011,0.025160514285827912,7,51.326653306613224,0.6416530571848671,0.08300815746246663,28359.494298299243,83.90504067320524,0.008064516129031252,0.9883609321285262,0.15753279318156524,0.7988495474432123,False,0.0,60,11802,196.7,42.00180000043474,2957.704999998896,3004.8791999997775,2957.704999998896,7.948621791560949,11802,43.602510932714516,0.6992568928154222,44.5779032278264,38565.85418780291,14306.56591835369,7242584.405754985,,0.9993819040898355,706689018.3654495,0.15537723931624048,4.977880e-03;2.343614e+00;9.170898e+00;2.162018e+01;2.945869e+01;3.330339e+01;3.706623e+01;4.024774e+01;4.108146e+01;4.171840e+01;4.237997e+01;4.255210e+01;4.251651e+01;4.143099e+01;4.146136e+01;4.185249e+01;4.225455e+01;4.203325e+01;4.174771e+01;4.254193e+01;4.290934e+01;4.327518e+01;4.263147e+01;4.218469e+01;4.256194e+01;4.235046e+01;4.177211e+01;4.213255e+01;4.252745e+01;4.260406e+01;4.305805e+01;4.295705e+01;4.323637e+01;4.281879e+01;4.233606e+01;4.254865e+01;4.244612e+01;4.243177e+01;4.274995e+01;4.273278e+01;4.282877e+01;4.331218e+01;4.309760e+01;4.268513e+01;4.276135e+01;4.246066e+01;4.277800e+01;4.268235e+01;4.256867e+01;4.293721e+01;4.303099e+01;4.307698e+01;4.340106e+01;4.295462e+01;4.257137e+01;4.362882e+01;4.413359e+01;4.449208e+01;4.438469e+01;4.360251e+01,2;200;200;200;200;200;200;200;200;200;200;200;200;200;200;200;200;200;200;200;200;200;200;200;200;200;200;200;200;200;200;200;200;200;200;200;200;200;200;200;200;200;200;200;200;200;200;200;200;200;200;200;200;200;200;200;200;200;200;200,,,,,,,E1
500,3,499,1.0,random,coupled,1.0,7.73,delta,0.005,1,,0.0,0.9700000000000005,0.025347748473390996,7,53.28256513026052,0.6416530571848671,0.08300815746246663,30579.529472778344,84.68029391868774,0.008064516129031144,0.988529177773217,0.16026768354208523,0.829291416813212,True,1.0,10,16,1.6,40.53190000013274,7.407400000374764,53.46009999993839,7.407400000374764,4.302741582523893,16,9.670920718685139e-07,0.9749990329079287,1.004540339378049,0.39400692496506484,1.113042595222629e-05,1.581402032593116,,,0.2198870797022866,0.1553772393162389,4.980716e-03;7.876860e-04;8.204586e-05;2.535384e-04;9.331859e-05;9.339112e-06;3.256453e-05;2.592137e-06;1.190488e-05;9.670921e-07,2;2;1;2;2;1;2;1;2;1,,,,,,,E1
500,3,499,1.0,random,decoupled,1.0,7.73,delta,0.005,1,,0.0,0.9700000000000005,0.025347748473390996,7,53.28256513026052,0.6416530571848671,0.08300815746246663,30579.529472778344,84.68029391868774,0.008064516129031144,0.988529177773217,0.16026768354208523,0.829291416813212,False,0.0,60,11802,196.7,35.342799999853014,2694.6078000000853,2734.5416999996814,2694.6078000000853,8.724712522541965,11802,46.74540794397421,0.03810978261532621,47.72040794397421,45453.26405705649,35295.47401980238,15940311.021674333,,0.9995426260435143,894869435.0176975,0.1553772393162389,4.980716e-03;3.111051e+00;2.100885e+01;3.323939e+01;3.794657e+01;3.966287e+01;4.517345e+01;4.514102e+01;4.446964e+01;4.549120e+01;4.659719e+01;4.702630e+01;4.678002e+01;4.685295e+01;4.598764e+01;4.607708e+01;4.619470e+01;4.657016e+01;4.590832e+01;4.682098e+01;4.719407e+01;4.771950e+01;4.744356e+01;4.753726e+01;4.710555e+01;4.731729e+01;4.715205e+01;4.734792e+01;4.671737e+01;4.687122e+01;4.725287e+01;4.777661e+01;4.757058e+01;4.665364e+01;4.725070e+01;4.757018e+01;4.732642e+01;4.674513e+01;4.683573e+01;4.688538e+01;4.718695e+01;4.722126e+01;4.763133e+01;4.670501e+01;4.731451e+01;4.740358e+01;4.755525e+01;4.701009e+01;4.704750e+01;4.690301e+01;4.728817e+01;4.729430e+01;4.769048e+01;4.685745e+01;4.715177e+01;4.757454e+01;4.778131e+01;4.721031e+01;4.604628e+01;4.674541e+01,2;200;200;200;200;200;200;200;200;200;200;200;200;200;200;200;200;200;200;200;200;200;200;200;200;200;200;200;200;200;200;200;200;200;200;200;200;200;200;200;200;200;200;200;200;200;200;200;200;200;200;200;200;200;200;200;200;200;200;200,,,,,,,E1
500,4,499,1.0,random,coupled,1.0,7.73,delta,0.005,1,,0.0,0.9700000000000009,0.02531445994884545,7,52.523046092184366,0.6416530571848671,0.08300815746246663,34329.35610389128,83.91111374675829,0.008064516129030919,0.9884764019087898,0.15940740448030932,0.8174702400803538,True,1.0,10,16,1.6,42.70189999988361,7.4593999997887295,55.52040000111447,7.4593999997887295,4.272746869842441,16,9.652496442136282e-07,0.9749990347503567,1.0044729528760004,0.39390966459817867,1.2413806820109101e-05,1.581730870800868,,,0.21907201296960765,0.15537723931624056,4.977831e-03;7.872825e-04;8.194426e-05;2.531744e-04;9.324311e-05;9.324967e-06;3.248417e-05;2.587925e-06;1.186919e-05;9.652496e-07,2;2;1;2;2;1;2;1;2;1,,,,,,,E1
500,4,499,1.0,random,decoupled,1.0,7.73,delta,0.005,1,,0.0,0.9700000000000009,0.02531445994884545,7,52.523046092184366,0.6416530571848671,0.08300815746246663,34329.35610389128,83.91111374675829,0.008064516129030919,0.9884764019087898,0.15940740448030932,0.8174702400803538,False,0.0,60,11802,196.7,40.63480000149866,2951.58149999952,2996.9187999995484,2951.58149999952,7.965112403639819,11802,44.49063556804824,0.7198181113338701,45.466176598409625,40981.36135248002,29900.41482267645,14078392.926212031,,0.9993748478534682,772853784.1094999,0.15537723931624056,4.977831e-03;7.946510e-01;1.039303e+01;2.332311e+01;3.189033e+01;3.659525e+01;3.901959e+01;4.022140e+01;4.076840e+01;4.132611e+01;4.210509e+01;4.325394e+01;4.393645e+01;4.393069e+01;4.395350e+01;4.362799e+01;4.312688e+01;4.391119e+01;4.442140e+01;4.470239e+01;4.454438e+01;4.480146e+01;4.457700e+01;4.426953e+01;4.433542e+01;4.355152e+01;4.413919e+01;4.443581e+01;4.435148e+01;4.472124e+01;4.481510e+01;4.491329e+01;4.515898e+01;4.450719e+01;4.405606e+01;4.447116e+01;4.437118e+01;4.456292e+01;4.439429e+01;4.463295e+01;4.518356e+01;4.510067e+01;4.480757e+01;4.469115e+01;4.465649e+01;4.424259e+01;4.447075e+01;4.445501e+01;4.440148e+01;4.475868e+01;4.482332e+01;4.526209e+01;4.521177e+01;4.478280e+01;4.468143e+01;4.457832e+01;4.439500e+01;4.470289e+01;4.456421e+01;4.449064e+01,2;200;200;200;200;200;200;200;200;200;200;200;200;200;200;200;200;200;200;200;200;200;200;200;200;200;200;200;200;200;200;200;200;200;200;200;200;200;200;200;200;200;200;200;200;200;200;200;200;200;200;200;200;200;200;200;200;200;200;200,,,,,,,E1
1000,0,1,0.001001001001001001,random,coupled,1.0,7.73,delta,0.005,1,,0.0,0.9644118402013384,0.030100217822774097,7,106.0,0.6416530571848671,0.08300815746246663,1.0,0.0,inf,0.0,0.0,1.6497871295669955,True,1.0,7,14,2.0,169.7201999995741,18.443000000843313,193.98550000005343,18.443000000843313,6.060625277606084,14,8.777093104539446e-07,0.9665583689602474,0.9997182004356173,0.0033532426858959292,0.0033532426858959292,0.0033532426858959292,,,0.13240563808777125,0.1546559145031826,4.972474e-03;5.079715e-04;1.297869e-04;3.656696e-05;1.050593e-05;3.034357e-06;8.777093e-07,2;2;2;2;2;2;2,True,6.0,66.33499999952619,8.777093107870115e-07,0.000549313072541252,6.782852102894636e-07,E1
1000,0,1,0.001001001001001001,random,decoupled,1.0,7.73,delta,0.005,1,,0.0,0.9644118402013384,0.030100217822774097,7,106.0,0.6416530571848671,0.08300815746246663,1.0,0.0,inf,0.0,0.0,1.6497871295669955,True,1.0,7,14,2.0,262.25269999849843,28.20369999972172,297.4534000004496,28.20369999972172,3.9631719242901773,14,8.777093104539446e-07,0.9665583689602474,0.9997182004356173,0.0033532426858959028,0.0033532426858959028,0.0033532426858959028,,,0.1324056380877624,0.1546559145031826,4.972474e-03;5.079715e-04;1.297869e-04;3.656696e-05;1.050593e-05;3.034357e-06;8.777093e-07,2;2;2;2;2;2;2,,,,,,,E1
1000,1,1,0.001001001001001001,random,coupled,1.0,7.73,delta,0.005,1,,0.0,0.9654475774238963,0.0291236421307704,7,25.0,0.6416530571848671,0.08300815746246663,1.0,0.0,inf,0.0,0.0,0.389100738105403,True,1.0,8,16,2.0,208.23449999988952,24.036700000579003,238.21610000049986,24.036700000579003,5.314545174542381,16,8.828902362534308e-07,0.9654475774232751,0.9998285763124469,0.015275049548774622,0.015275049548774622,0.015275049548774622,,,0.19474334902750257,0.1518893078749301,4.993435e-03;6.769637e-04;2.021042e-04;6.641881e-05;2.238143e-05;7.602920e-06;2.589672e-06;8.828902e-07,2;2;2;2;2;2;2;2,,,,,,,E1
1000,1,1,0.001001001001001001,random,decoupled,1.0,7.73,delta,0.005,1,,0.0,0.9654475774238963,0.0291236421307704,7,25.0,0.6416530571848671,0.08300815746246663,1.0,0.0,inf,0.0,0.0,0.389100738105403,True,1.0,8,16,2.0,181.10370000067633,21.188700000493554,208.81749999898602,21.188700000493554,6.028879921704703,16,8.828902362534308e-07,0.9654475774232751,0.9998285763124469,0.015275049548774563,0.015275049548774563,0.015275049548774563,,,0.19474334902749788,0.1518893078749301,4.993435e-03;6.769637e-04;2.021042e-04;6.641881e-05;2.238143e-05;7.602920e-06;2.589672e-06;8.828902e-07,2;2;2;2;2;2;2;2,,,,,,,E1
1000,2,1,0.001001001001001001,random,coupled,1.0,7.73,delta,0.005,1,,0.0,0.9652867177121642,0.0294462860921462,7,153.0,0.6416530571848671,0.08300815746246663,1.0,0.0,inf,0.0,0.0,2.3812965172043223,True,1.0,7,14,2.0,181.75399999927322,20.777600000656093,209.3793000003643,20.777600000656093,5.3796450021403075,14,8.571026486325906e-07,0.9652867177114874,0.999721210561555,0.002309081130402291,0.002309081130402291,0.002309081130402291,,,0.12997699324999112,0.15526215342659241,4.970413e-03;5.008617e-04;1.277367e-04;3.592476e-05;1.030111e-05;2.969180e-06;8.571026e-07,2;2;2;2;2;2;2,,,,,,,E1
1000,2,1,0.001001001001001001,random,decoupled,1.0,7.73,delta,0.005,1,,0.0,0.9652867177121642,0.0294462860921462,7,153.0,0.6416530571848671,0.08300815746246663,1.0,0.0,inf,0.0,0.0,2.3812965172043223,True,1.0,7,14,2.0,212.08070000102452,20.168200000625802,238.76209999980347,20.168200000625802,5.542195733706116,14,8.571026486325906e-07,0.9652867177114874,0.999721210561555,0.0023090811304023093,0.0023090811304023093,0.0023090811304023093,,,0.12997699325000003,0.15526215342659241,4.970413e-03;5.008617e-04;1.277367e-04;3.592476e-05;1.030111e-05;2.969180e-06;8.571026e-07,2;2;2;2;2;2;2,,,,,,,E1
1000,3,1,0.001001001001001001,random,coupled,1.0,7.73,delta,0.005,1,,0.0,0.9624319979237107,0.031677636907714316,7,60.0,0.6416530571848671,0.08300815746246663,1.0,0.0,inf,0.0,0.0,0.9338417714529124,True,1.0,8,16,2.0,193.28119999954652,23.608600000443403,223.0608999998367,23.608600000443403,5.410915005447201,16,4.7135092973160653e-07,0.9624319979224896,0.9997458003256111,0.006132206193203461,0.006132206193203461,0.006132206193203461,,,0.161391629294829,0.15323800200129828,4.984624e-03;5.871775e-04;1.622689e-04;4.933035e-05;1.533038e-05;4.795255e-06;1.502941e-06;4.713509e-07,2;2;2;2;2;2;2;2,,,,,,,E1
1000,3,1,0.001001001001001001,random,decoupled,1.0,7.73,delta,0.005,1,,0.0,0.9624319979237107,0.031677636907714316,7,60.0,0.6416530571848671,0.08300815746246663,1.0,0.0,inf,0.0,0.0,0.9338417714529124,True,1.0,8,16,2.0,177.9473999995389,22.780600000260165,208.06910000101198,22.780600000260165,5.60758399684561,16,4.7135092973160653e-07,0.9624319979224896,0.9997458003256111,0.006132206193203474,0.006132206193203474,0.006132206193203474,,,0.16139162929483145,0.15323800200129828,4.984624e-03;5.871775e-04;1.622689e-04;4.933035e-05;1.533038e-05;4.795255e-06;1.502941e-06;4.713509e-07,2;2;2;2;2;2;2;2,,,,,,,E1
1000,4,1,0.001001001001001001,random,coupled,1.0,7.73,delta,0.005,1,,0.0,0.9649348627287344,0.029759155503896566,7,1.0,0.6416530571848671,0.08300815746246663,1.0,0.0,inf,0.0,0.0,0.015564029524212535,True,1.0,9,18,2.0,161.7394000004424,27.42010000110895,194.73560000005818,27.42010000110895,5.241123992771283,18,5.292811839918699e-07,0.9649348627279982,1.00467986509793,0.39450311923402626,0.39450311923402626,0.39450311923402626,,,0.22533991476782644,0.15079851673783465,4.999741e-03;7.549854e-04;2.393475e-04;8.369425e-05;3.009118e-05;1.092253e-05;3.978215e-06;1.450740e-06;5.292812e-07,2;2;2;2;2;2;2;2;2,,,,,,,E1
1000,4,1,0.001001001001001001,random,decoupled,1.0,7.73,delta,0.005,1,,0.0,0.9649348627287344,0.029759155503896566,7,1.0,0.6416530571848671,0.08300815746246663,1.0,0.0,inf,0.0,0.0,0.015564029524212535,True,1.0,9,18,2.0,486.24019999988377,44.275100000959355,539.4037999994907,44.275100000959355,3.2458908957153354,18,5.292811835477806e-07,0.9649348627279982,1.0046798650979305,0.3945031192340668,0.3945031192340668,0.3945031192340668,,,0.2253399147679523,0.15079851673783465,4.999741e-03;7.549854e-04;2.393475e-04;8.369425e-05;3.009118e-05;1.092253e-05;3.978215e-06;1.450740e-06;5.292812e-07,2;2;2;2;2;2;2;2;2,,,,,,,E1
1000,0,2,0.002002002002002002,random,coupled,1.0,7.73,delta,0.005,1,,0.0,0.9644118402013384,0.030100217822774097,7,56.5,0.6416530571848671,0.08300815746246663,7.692307692308827,0.0,202332383814780.22,0.0,0.0,0.879367668118198,True,1.0,9,18,2.0,212.6747999991494,29.452800001308788,248.35349999921164,29.452800001308788,4.879405149717986,18,4.0133466061575973e-07,0.9644118402005292,1.0011423223450446,0.029860112879548723,0.016727552301811166,0.03345510460362233,,,0.20997583552918947,0.15426271497611083,4.996919e-03;7.159059e-04;2.204003e-04;7.475706e-05;2.603541e-05;9.147186e-06;3.223523e-06;1.137201e-06;4.013347e-07,2;2;2;2;2;2;2;2;2,True,6.0,74.82019999952172,4.017927309751812e-07,0.0002756439111102815,3.187479091937978e-06,E1
1000,0,2,0.002002002002002002,random,decoupled,1.0,7.73,delta,0.005,1,,0.0,0.9644118402013384,0.030100217822774097,7,56.5,0.6416530571848671,0.08300815746246663,7.692307692308827,0.0,202332383814780.22,0.0,0.0,0.879367668118198,True,1.0,9,18,2.0,173.8483000008273,23.966099999597645,203.47229999970295,23.966099999597645,5.996476022482286,18,4.0133466061575973e-07,0.9644118402005292,1.0011423223450446,0.02986011287954898,0.0167275523018113,0.0334551046036226,,,0.2099758355291999,0.15426271497611083,4.996919e-03;7.159059e-04;2.204003e-04;7.475706e-05;2.603541e-05;9.147186e-06;3.223523e-06;1.137201e-06;4.013347e-07,2;2;2;2;2;2;2;2;2,,,,,,,E1
1000,1,2,0.002002002002002002,random,coupled,1.0,7.73,delta,0.005,1,,0.0,0.9654475774238963,0.0291236421307704,7,16.0,0.6416530571848671,0.08300815746246663,3.5714285714294003,0.0,108948206669487.55,0.0,0.0,0.2490244723874453,True,1.0,9,18,2.0,228.421799998614,29.900999999881606,264.95000000068103,29.900999999881606,4.806265476090065,18,4.818050982624555e-07,0.9654475774232751,1.003109275036171,0.05601869848016739,0.03564800564435907,0.07129601128871814,,,0.21988351555546873,0.1518893078749301,4.998557e-03;7.412584e-04;2.326697e-04;8.052588e-05;2.864209e-05;1.028256e-05;3.703590e-06;1.335535e-06;4.818051e-07,2;2;2;2;2;2;2;2;2,,,,,,,E1
1000,1,2,0.002002002002002002,random,decoupled,1.0,7.73,delta,0.005,1,,0.0,0.9654475774238963,0.0291236421307704,7,16.0,0.6416530571848671,0.08300815746246663,3.5714285714294003,0.0,108948206669487.55,0.0,0.0,0.2490244723874453,True,1.0,9,18,2.0,179.80009999882895,27.147200000399607,212.67400000033376,27.147200000399607,5.293810927015845,18,4.818050980404109e-07,0.9654475774232751,1.0031092750361712,0.05601869848016869,0.03564800564435969,0.07129601128871937,,,0.219883515555497,0.1518893078749301,4.998557e-03;7.412584e-04;2.326697e-04;8.052588e-05;2.864209e-05;1.028256e-05;3.703590e-06;1.335535e-06;4.818051e-07,2;2;2;2;2;2;2;2;2,,,,,,,E1
1000,2,2,0.002002002002002002,random,coupled,1.0,7.73,delta,0.005,1,,0.0,0.9652867177121642,0.0294462860921462,7,124.5,0.6416530571848671,0.08300815746246663,1.706521739131382,0.0,1431890716227454.0,0.0,0.0,1.9377216757650046,True,1.0,8,16,2.0,191.9069000014133,20.37699999891629,218.86279999853286,20.37699999891629,6.269035088913669,16,3.2358632573448176e-07,0.9652867177114874,0.9997125792179256,0.003911598137264151,0.0030769317414815305,0.006153863482963061,,,0.1430151424252852,0.15543474752174494,4.978059e-03;5.358981e-04;1.413987e-04;4.106424e-05;1.217086e-05;3.627881e-06;1.083211e-06;3.235863e-07,2;2;2;2;2;2;2;2,,,,,,,E1
1000,2,2,0.002002002002002002,random,decoupled,1.0,7.73,delta,0.005,1,,0.0,0.9652867177121642,0.0294462860921462,7,124.5,0.6416530571848671,0.08300815746246663,1.706521739131382,0.0,1431890716227454.0,0.0,0.0,1.9377216757650046,True,1.0,8,16,2.0,157.94409999944037,23.26309999989462,187.0625999999902,23.26309999989462,5.491277086913552,16,3.2358632562345946e-07,0.9652867177114874,0.9997125792179256,0.003911598137264238,0.0030769317414815647,0.006153863482963129,,,0.1430151424253107,0.15543474752174494,4.978059e-03;5.358981e-04;1.413987e-04;4.106424e-05;1.217086e-05;3.627881e-06;1.083211e-06;3.235863e-07,2;2;2;2;2;2;2;2,,,,,,,E1
1000,3,2,0.002002002002002002,random,coupled,1.0,7.73,delta,0.005,1,,0.0,0.9624319979237107,0.031677636907714316,7,75.0,0.6416530571848671,0.08300815746246663,1.4590163934427554,0.0,949405800977090.2,0.0,0.0,1.1673022143161575,True,1.0,8,16,2.0,186.62469999981113,22.77440000034403,215.86990000105288,22.77440000034403,5.609110580215956,16,4.190643199120103e-07,0.9666042374908395,0.999728138069417,0.005991218061840616,0.005015185760764672,0.010030371521529344,,,0.15536862893390715,0.15417815501560284,4.979582e-03;5.727828e-04;1.558630e-04;4.668149e-05;1.428616e-05;4.399485e-06;1.357420e-06;4.190643e-07,2;2;2;2;2;2;2;2,,,,,,,E1
1000,3,2,0.002002002002002002,random,decoupled,1.0,7.73,delta,0.005,1,,0.0,0.9624319979237107,0.031677636907714316,7,75.0,0.6416530571848671,0.08300815746246663,1.4590163934427554,0.0,949405800977090.2,0.0,0.0,1.1673022143161575,True,1.0,8,16,2.0,198.70310000078462,22.00059999995574,226.79729999981646,22.00059999995574,5.806392916568503,16,4.19064319800988e-07,0.9666042374908395,0.999728138069417,0.005991218061840673,0.0050151857607647074,0.010030371521529415,,,0.1553686289339179,0.15417815501560284,4.979582e-03;5.727828e-04;1.558630e-04;4.668149e-05;1.428616e-05;4.399485e-06;1.357420e-06;4.190643e-07,2;2;2;2;2;2;2;2,,,,,,,E1
1000,4,2,0.002002002002002002,random,coupled,1.0,7.73,delta,0.005,1,,0.0,0.9649348627287344,0.029759155503896566,7,10.0,0.6416530571848671,0.08300815746246663,19.00000000000148,0.0,15564029524212.533,0.0,0.0,0.15564029524213688,True,1.0,9,18,2.0,178.14689999977418,24.34499999981199,208.43989999957557,24.34499999981199,5.903148244038195,18,5.292811839918699e-07,0.9649348627279982,1.00467986509793,0.39450311923402626,0.2073974246508929,0.4147948493017858,,,0.22533991476782644,0.15156442954390487,4.999741e-03;7.549854e-04;2.393475e-04;8.369425e-05;3.009118e-05;1.092253e-05;3.978215e-06;1.450740e-06;5.292812e-07,2;2;2;2;2;2;2;2;2,,,,,,,E1
1000,4,2,0.002002002002002002,random,decoupled,1.0,7.73,delta,0.005,1,,0.0,0.9649348627287344,0.029759155503896566,7,10.0,0.6416530571848671,0.08300815746246663,19.00000000000148,0.0,15564029524212.533,0.0,0.0,0.15564029524213688,True,1.0,9,18,2.0,222.63159999965865,26.690599999710685,255.8060999999725,26.690599999710685,5.3843729253579085,18,5.292811835477806e-07,0.9649348627279982,1.0046798650979305,0.3945031192340668,0.20739742465091332,0.41479484930182664,,,0.2253399147679523,0.15156442954390487,4.999741e-03;7.549854e-04;2.393475e-04;8.369425e-05;3.009118e-05;1.092253e-05;3.978215e-06;1.450740e-06;5.292812e-07,2;2;2;2;2;2;2;2;2,,,,,,,E1
1000,0,3,0.003003003003003003,random,coupled,1.0,7.73,delta,0.005,1,,0.0,0.9644118402013384,0.030100217822774097,7,73.33333333333333,0.6416530571848671,0.08300815746246663,8.230769230770743,1.1102230246251565e-16,202332383814780.22,0.0,0.0,1.1413621651091952,True,1.0,9,18,2.0,174.0016999992804,26.613100000759005,206.28899999974237,26.613100000759005,5.400052755819552,18,4.0133466061575973e-07,0.9644118402005292,1.0011423223450446,0.029860112879548723,0.0035949917240736076,0.036790057267326155,,,0.20997583552918947,0.15459551939071894,4.996919e-03;7.159059e-04;2.204003e-04;7.475706e-05;2.603541e-05;9.147186e-06;3.223523e-06;1.137201e-06;4.013347e-07,2;2;2;2;2;2;2;2;2,True,6.0,62.95209999916551,4.017927669464072e-07,0.0002756439062977047,3.187479091937978e-06,E1
1000,0,3,0.003003003003003003,random,decoupled,1.0,7.73,delta,0.005,1,,0.0,0.9644118402013384,0.030100217822774097,7,73.33333333333333,0.6416530571848671,0.08300815746246663,8.230769230770743,1.1102230246251565e-16,202332383814780.22,0.0,0.0,1.1413621651091952,True,1.0,9,18,2.0,216.59859999999753,26.876199999605888,249.84429999858548,26.876199999605888,5.34718985578718,18,4.0133466061575973e-07,0.9644118402005292,1.0011423223450446,0.02986011287954898,0.00359499172407362,0.03679005726732653,,,0.2099758355291999,0.15459551939071894,4.996919e-03;7.159059e-04;2.204003e-04;7.475706e-05;2.603541e-05;9.147186e-06;3.223523e-06;1.137201e-06;4.013347e-07,2;2;2;2;2;2;2;2;2,,,,,,,E1
1000,1,3,0.003003003003003003,random,coupled,1.0,7.73,delta,0.005,1,,0.0,0.9654475774238963,0.0291236421307704,7,53.0,0.6416530571848671,0.08300815746246663,18.997772566685782,0.20123354127168055,1.1666666666664955,0.16888374783112903,0.06707784709056021,0.82489356478336,True,1.0,8,14,1.75,186.1321999986103,21.73389999916253,213.84949999992386,21.73389999916253,5.1429385432116215,14,8.216650079218013e-07,0.9654475774232751,1.0031098327143881,0.05559042838828181,0.015268023866352684,0.07121972185966388,,,0.21730061176116003,0.15504807967995543,4.998301e-03;7.375967e-04;2.568151e-04;1.681096e-05;8.101418e-05;2.926827e-05;1.089284e-05;8.216650e-07,2;2;2;1;2;2;2;1,,,,,,,E1
1000,1,3,0.003003003003003003,random,decoupled,1.0,7.73,delta,0.005,1,,0.0,0.9654475774238963,0.0291236421307704,7,53.0,0.6416530571848671,0.08300815746246663,18.997772566685782,0.20123354127168055,1.1666666666664955,0.16888374783112903,0.06707784709056021,0.82489356478336,True,1.0,13,21,1.6153846153846154,188.7561999992613,32.09699999933946,226.95790000034322,32.09699999933946,5.223670997396967,21,6.44623211920603e-07,0.9654475774232751,1.0031091122180573,0.05563461934249936,0.015277232946705648,0.07127363969041697,,,0.21827259492446777,0.15504807967995543,4.998301e-03;3.112307e-03;8.339684e-04;2.240113e-04;9.283969e-05;7.546457e-05;3.589829e-05;1.864265e-05;9.829656e-06;4.787473e-06;2.477785e-06;1.319228e-06;6.446232e-07,2;2;1;1;2;1;2;2;1;2;2;1;2,,,,,,,E1
1000,2,3,0.003003003003003003,random,coupled,1.0,7.73,delta,0.005,1,,0.0,0.9652867177121642,0.0294462860921462,7,119.33333333333333,0.6416530571848671,0.08300815746246663,100.50000000000101,1.1102230246251565e-16,31128059048424.934,0.0,0.0,1.8573075232228684,True,1.0,9,18,2.0,191.40640000114217,25.527200001306483,223.0333999996219,25.527200001306483,5.629765269698393,18,5.376709351079256e-07,0.9671002705230551,1.0046914220152783,0.19738867140893196,0.0022547706071255895,0.20140826490910793,,,0.22617751214670587,0.1557642316062056,4.999777e-03;7.571113e-04;2.404213e-04;8.421753e-05;3.033516e-05;1.103191e-05;4.025745e-06;1.470899e-06;5.376709e-07,2;2;2;2;2;2;2;2;2,,,,,,,E1
1000,2,3,0.003003003003003003,random,decoupled,1.0,7.73,delta,0.005,1,,0.0,0.9652867177121642,0.0294462860921462,7,119.33333333333333,0.6416530571848671,0.08300815746246663,100.50000000000101,1.1102230246251565e-16,31128059048424.934,0.0,0.0,1.8573075232228684,True,1.0,9,18,2.0,198.13279999834776,25.61520000017481,230.32950000015262,25.61520000017481,5.610424435453139,18,5.376709351079256e-07,0.9671002705230551,1.0046914220152783,0.1973886714089354,0.0022547706071255505,0.2014082649091113,,,0.22617751214672732,0.1557642316062056,4.999777e-03;7.571113e-04;2.404213e-04;8.421753e-05;3.033516e-05;1.103191e-05;4.025745e-06;1.470899e-06;5.376709e-07,2;2;2;2;2;2;2;2;2,,,,,,,E1
1000,3,3,0.003003003003003003,random,coupled,1.0,7.73,delta,0.005,1,,0.0,0.9624319979237107,0.031677636907714316,7,71.66666666666667,0.6416530571848671,0.08300815746246663,10.530171396133477,0.818736630626555,0.9999999999999027,0.3004385964912348,0.27291221020885176,1.1154221159021882,True,1.0,8,13,1.625,178.00469999929192,20.048899999892456,204.45920000020124,20.048899999892456,5.176947563235727,13,3.2746292855101444e-07,0.9656416837763081,0.9997453003664847,0.006059549894371807,0.005827863668245602,0.011961261024490983,,,0.15930296198418623,0.15450183284618707,4.984080e-03;5.850436e-04;1.665310e-04;2.233122e-06;5.008096e-05;1.011402e-06;1.574995e-05;3.274629e-07,2;2;2;1;2;1;2;1,,,,,,,E1
1000,3,3,0.003003003003003003,random,decoupled,1.0,7.73,delta,0.005,1,,0.0,0.9624319979237107,0.031677636907714316,7,71.66666666666667,0.6416530571848671,0.08300815746246663,10.530171396133477,0.818736630626555,0.9999999999999027,0.3004385964912348,0.27291221020885176,1.1154221159021882,True,1.0,38,57,1.5,173.21570000058273,80.34979999865755,259.1757999998663,80.34979999865755,5.66384055725843,57,8.107108189214784e-07,0.9656416837763081,0.9997452663857515,0.006063672237521016,0.005835237367397807,0.011970394390052498,,,0.1607697689917882,0.15450183284618707,4.984080e-03;2.948277e-03;5.651319e-04;5.826505e-04;4.252076e-04;4.356358e-04;3.273082e-04;2.284156e-04;1.511562e-04;1.698778e-04;1.422982e-04;1.215945e-04;8.134422e-05;9.488051e-05;6.629468e-05;6.571624e-05;5.198087e-05;3.494955e-05;2.350656e-05;2.564455e-05;2.215118e-05;1.838323e-05;1.240024e-05;1.419647e-05;1.011199e-05;9.972016e-06;7.949439e-06;5.328785e-06;3.593041e-06;3.891345e-06;3.371702e-06;2.782773e-06;1.879575e-06;2.135876e-06;1.532009e-06;1.509630e-06;1.205352e-06;8.107108e-07,2;3;2;1;2;1;2;2;1;1;1;2;1;1;2;1;2;2;1;1;1;2;1;1;2;1;2;2;1;1;1;2;1;1;2;1;2;2,,,,,,,E1
1000,4,3,0.003003003003003003,random,coupled,1.0,7.73,delta,0.005,1,,0.0,0.9649348627287344,0.029759155503896566,7,55.666666666666664,0.6416530571848671,0.08300815746246663,149.7607669219055,0.3595159254891231,0.9999999999999062,0.20481927710844583,0.11983864182970766,0.8663976435145399,True,1.0,10,19,1.9,194.61630000114383,25.446999999985565,227.42730000027223,25.446999999985565,5.961258773139705,19,5.482702134518291e-07,0.9649348627279982,1.0046798461089006,0.3945011892602639,0.02035653933960665,0.41491711800685993,,,0.2253339202046147,0.15503417372295047,4.999741e-03;7.549854e-04;2.466034e-04;1.568052e-05;8.526496e-05;3.117093e-05;1.131553e-05;4.121084e-06;1.502803e-06;5.482702e-07,2;2;2;1;2;2;2;2;2;2,,,,,,,E1
1000,4,3,0.003003003003003003,random,decoupled,1.0,7.73,delta,0.005,1,,0.0,0.9649348627287344,0.029759155503896566,7,55.666666666666664,0.6416530571848671,0.08300815746246663,149.7607669219055,0.3595159254891231,0.9999999999999062,0.20481927710844583,0.11983864182970766,0.8663976435145399,True,1.0,14,23,1.6428571428571428,177.65390000022308,31.96629999911238,215.23630000046978,31.96629999911238,5.744555485154647,23,5.012165839035632e-07,0.9649348627279982,1.0046801917117392,0.3945361875440658,0.02035565362072188,0.41495106785606994,,,0.22544262604748383,0.15503417372295047,4.999741e-03;3.697194e-03;7.974256e-04;4.780396e-04;1.567729e-04;1.063285e-04;4.682903e-05;2.266052e-05;1.520859e-05;6.865594e-06;3.373875e-06;2.263093e-06;1.017315e-06;5.012166e-07,2;2;1;1;2;2;1;2;2;1;2;2;1;2,,,,,,,E1
1000,0,4,0.004004004004004004,random,coupled,1.0,7.73,delta,0.005,1,,0.0,0.9644118402013384,0.030100217822774097,7,66.0,0.6416530571848671,0.08300815746246663,24.191906101585527,1.2014423568862453,0.4999999999998589,0.42716450216452206,0.2905789182090785,1.0272259485983115,True,1.0,10,16,1.6,176.13749999873107,24.384100001043407,206.78140000018175,24.384100001043407,5.2388289087780056,16,4.588489591617062e-07,0.9644118402005292,1.0011426967533366,0.029925118303122902,0.0018623976181886043,0.03366639661422311,,,0.20918187318355583,0.154372987792018,4.995449e-03;7.192653e-04;2.448782e-04;1.094239e-05;7.601985e-05;3.495160e-06;2.686119e-05;1.276464e-06;9.537447e-06;4.588490e-07,2;2;2;1;2;1;2;1;2;1,True,5.0,57.86160000207019,7.347631136855881e-07,0.002342294766207636,2.6277720495786194e-05,E1
1000,0,4,0.004004004004004004,random,decoupled,1.0,7.73,delta,0.005,1,,0.0,0.9644118402013384,0.030100217822774097,7,66.0,0.6416530571848671,0.08300815746246663,24.191906101585527,1.2014423568862453,0.4999999999998589,0.42716450216452206,0.2905789182090785,1.0272259485983115,False,0.0,60,121,2.0166666666666666,179.6442000013485,181.20099999941885,472.8370000011637,181.20099999941885,5.331454947837475,121,0.0017412426439602502,0.9644118402005292,1.0014367374935353,0.02938565010574041,0.002198140038303645,0.03446464563894749,,,0.13711830566269564,0.154372987792018,4.995449e-03;6.442996e-03;2.882220e-03;2.977395e-03;2.756572e-03;2.714345e-03;2.660674e-03;2.597255e-03;2.576877e-03;2.514985e-03;2.502197e-03;2.445789e-03;2.435096e-03;2.384302e-03;2.374436e-03;2.328678e-03;2.319305e-03;2.277947e-03;2.268958e-03;2.231433e-03;2.222785e-03;2.188603e-03;2.180276e-03;2.149021e-03;2.141006e-03;2.112321e-03;2.104614e-03;2.078195e-03;2.070794e-03;2.046376e-03;2.039281e-03;2.016639e-03;2.009848e-03;1.988786e-03;1.982297e-03;1.962645e-03;1.956454e-03;1.938065e-03;1.932169e-03;1.914913e-03;1.909306e-03;1.893072e-03;1.887748e-03;1.872435e-03;1.867387e-03;1.852911e-03;1.848131e-03;1.834413e-03;1.829894e-03;1.816868e-03;1.812601e-03;1.800207e-03;1.796182e-03;1.784367e-03;1.780576e-03;1.769293e-03;1.765728e-03;1.754934e-03;1.751585e-03;1.741243e-03,2;3;2;2;2;2;2;2;2;2;2;2;2;2;2;2;2;2;2;2;2;2;2;2;2;2;2;2;2;2;2;2;2;2;2;2;2;2;2;2;2;2;2;2;2;2;2;2;2;2;2;2;2;2;2;2;2;2;2;2,,,,,,,E1
1000,1,4,0.004004004004004004,random,coupled,1.0,7.73,delta,0.005,1,,0.0,0.9654475774238963,0.0291236421307704,7,93.25,0.6416530571848671,0.08300815746246663,7.559490404510048,0.5407380704360037,0.9999999999996778,0.1815610859728775,0.09012301173933372,1.4513457531332308,True,1.0,8,16,2.0,165.0219000002835,22.540800000570016,193.24549999873852,22.540800000570016,5.667240204285987,16,8.828902362534308e-07,0.9654475774232751,0.9998285763124469,0.015275049548774622,0.005132117192605772,0.025592488123336515,,,0.19474334902750257,0.15580997473033037,4.993435e-03;6.769637e-04;2.021042e-04;6.641881e-05;2.238143e-05;7.602920e-06;2.589672e-06;8.828902e-07,2;2;2;2;2;2;2;2,,,,,,,E1
1000,1,4,0.004004004004004004,random,decoupled,1.0,7.73,delta,0.005,1,,0.0,0.9654475774238963,0.0291236421307704,7,93.25,0.6416530571848671,0.08300815746246663,7.559490404510048,0.5407380704360037,0.9999999999996778,0.1815610859728775,0.09012301173933372,1.4513457531332308,True,1.0,17,25,1.4705882352941178,165.93900000225403,36.7645000005723,208.38730000104988,36.7645000005723,5.429155843188209,25,6.628601546543322e-07,0.9654475774232751,0.9998285941298551,0.015278432427440414,0.0051317803669066004,0.02559461208384512,,,0.195007942066865,0.15580997473033037,4.993435e-03;3.538344e-03;7.767168e-04;1.009641e-03;1.838980e-04;1.800458e-04;9.865319e-05;6.742283e-05;2.317258e-05;1.505294e-05;9.288685e-06;6.786543e-06;4.747195e-06;3.887748e-06;2.592065e-06;1.766856e-06;6.628602e-07,2;2;1;2;2;1;2;2;1;1;1;1;1;1;2;2;1,,,,,,,E1
1000,2,4,0.004004004004004004,random,coupled,1.0,7.73,delta,0.005,1,,0.0,0.9652867177121642,0.0294462860921462,7,97.25,0.6416530571848671,0.08300815746246663,103.75549512816589,0.049147318718297604,2.0000000000001457,0.08453525641025236,0.008191219786382967,1.5136018712295678,True,1.0,9,18,2.0,190.36449999839533,28.28869999939343,224.51790000195615,28.28869999939343,5.080196120821441,18,5.302273857754614e-07,0.9652867177114874,1.0046914294588276,0.19685291396933718,0.007319827764879359,0.21233401542629488,,,0.22546291851486155,0.15567183093037346,4.999706e-03;7.553991e-04;2.394719e-04;8.375636e-05;3.011955e-05;1.093509e-05;3.983630e-06;1.453024e-06;5.302274e-07,2;2;2;2;2;2;2;2;2,,,,,,,E1
1000,2,4,0.004004004004004004,random,decoupled,1.0,7.73,delta,0.005,1,,0.0,0.9652867177121642,0.0294462860921462,7,97.25,0.6416530571848671,0.08300815746246663,103.75549512816589,0.049147318718297604,2.0000000000001457,0.08453525641025236,0.008191219786382967,1.5136018712295678,True,1.0,12,20,1.6666666666666667,200.9405999997398,31.38359999866225,238.5608999975375,31.38359999866225,5.088012847691358,20,5.53328245889162e-07,0.9652867177114874,1.0046914063579675,0.19685156679205626,0.0073198092299281555,0.21233296971320312,,,0.22545560134193907,0.15567183093037346,4.999706e-03;1.470986e-03;4.484761e-04;2.585047e-04;1.340693e-04;3.936882e-05;3.033576e-05;1.420874e-05;1.114722e-05;4.115042e-06;1.506681e-06;5.533282e-07,2;2;1;1;2;1;2;1;2;2;2;2,,,,,,,E1
1000,3,4,0.004004004004004004,random,coupled,1.0,7.73,delta,0.005,1,,0.0,0.9624319979237107,0.031677636907714316,7,60.75,0.6416530571848671,0.08300815746246663,10.530171396133476,0.818736630626555,0.9999999999999027,0.22532894736842607,0.13645610510442588,0.9455147935961422,True,1.0,8,16,2.0,179.92969999977504,22.81290000246372,208.5562000029313,22.81290000246372,5.599644411109681,16,8.344400247439765e-07,0.9666042374908395,0.9998211623613869,0.013591786935603105,0.005950288735638267,0.025566204765855943,,,0.1915783494185022,0.15450183284618707,4.992736e-03;6.686375e-04;1.982357e-04;6.468868e-05;2.163869e-05;7.295642e-06;2.466251e-06;8.344400e-07,2;2;2;2;2;2;2;2,,,,,,,E1
1000,3,4,0.004004004004004004,random,decoupled,1.0,7.73,delta,0.005,1,,0.0,0.9624319979237107,0.031677636907714316,7,60.75,0.6416530571848671,0.08300815746246663,10.530171396133476,0.818736630626555,0.9999999999999027,0.22532894736842607,0.13645610510442588,0.9455147935961422,True,1.0,38,57,1.5,178.6456999980146,91.11850000044797,275.9034000009706,91.11850000044797,4.994468258342297,57,8.107108189214784e-07,0.9666042374908395,0.9998211772601681,0.013594671711367329,0.005949454802459411,0.02556506610141983,,,0.19183125482085006,0.15450183284618707,4.992736e-03;2.948277e-03;5.651319e-04;5.826505e-04;4.252076e-04;4.356358e-04;3.273082e-04;2.284156e-04;1.511562e-04;1.698778e-04;1.422982e-04;1.215945e-04;8.134422e-05;9.488051e-05;6.629468e-05;6.571624e-05;5.198087e-05;3.494955e-05;2.350656e-05;2.564455e-05;2.215118e-05;1.838323e-05;1.240024e-05;1.419647e-05;1.011199e-05;9.972016e-06;7.949439e-06;5.328785e-06;3.593041e-06;3.891345e-06;3.371702e-06;2.782773e-06;1.879575e-06;2.135876e-06;1.532009e-06;1.509630e-06;1.205352e-06;8.107108e-07,2;3;2;1;2;1;2;2;1;1;1;2;1;1;2;1;2;2;1;1;1;2;1;1;2;1;2;2;1;1;1;2;1;1;2;1;2;2,,,,,,,E1
1000,4,4,0.004004004004004004,random,coupled,1.0,7.73,delta,0.005,1,,0.0,0.9649348627287344,0.029759155503896566,7,68.25,0.6416530571848671,0.08300815746246663,152.0000000000242,0.4337266557190404,0.999999999999872,0.16458333333334324,0.07228777595317344,1.0622450150276632,True,1.0,9,18,2.0,180.8867999970971,26.849800000491086,213.6940999989747,26.849800000491086,5.352447466922341,18,5.292811839918699e-07,0.9649348627279982,1.00467986509793,0.39450311923402626,0.011336232469707271,0.41724543137671444,,,0.22533991476782644,0.15551344099793732,4.999741e-03;7.549854e-04;2.393475e-04;8.369425e-05;3.009118e-05;1.092253e-05;3.978215e-06;1.450740e-06;5.292812e-07,2;2;2;2;2;2;2;2;2,,,,,,,E1
1000,4,4,0.004004004004004004,random,decoupled,1.0,7.73,delta,0.005,1,,0.0,0.9649348627287344,0.029759155503896566,7,68.25,0.6416530571848671,0.08300815746246663,152.0000000000242,0.4337266557190404,0.999999999999872,0.16458333333334324,0.07228777595317344,1.0622450150276632,True,1.0,15,21,1.4,177.75210000036168,30.689899998833425,214.21449999979814,30.689899998833425,5.463170880529855,21,7.218424477040131e-07,0.9649348627279982,1.004680189042411,0.39453616880323855,0.011334525061011357,0.4172744217489352,,,0.22544256783784616,0.15551344099793732,4.999741e-03;3.554678e-03;6.267561e-04;7.784248e-04;2.210363e-04;1.466171e-04;5.676053e-05;2.300169e-05;1.450813e-05;1.028186e-05;7.441501e-06;5.412129e-06;3.559214e-06;1.642415e-06;7.218424e-07,2;2;1;1;2;2;1;1;1;1;1;2;2;1;1,,,,,,,E1
1000,0,6,0.006006006006006006,random,coupled,1.0,7.73,delta,0.005,1,,0.0,0.9644118402013384,0.030100217822774097,7,103.5,0.6416530571848671,0.08300815746246663,34.42683735032423,1.8129837629300667,0.33333333333323734,0.5975700954867926,0.2854159016240656,1.610877055756306,True,1.0,10,16,1.6,179.20480000248062,24.854300001607044,209.83950000299956,24.854300001607044,5.1397194043582095,16,7.606531643444825e-07,0.9665583689602474,1.001142693983163,0.02991957699996419,4.487758799840486e-05,0.03440930831883053,,,0.2092210707311358,0.15567999187798237,4.994829e-03;7.274824e-04;2.621273e-04;2.131314e-05;7.594020e-05;5.835419e-06;2.687667e-05;2.126730e-06;9.545905e-06;7.606532e-07,2;2;2;1;2;1;2;1;2;1,True,7.0,69.51180000032764,7.845856815347219e-07,0.002348988313976111,2.6335396335161465e-05,E1
1000,0,6,0.006006006006006006,random,decoupled,1.0,7.73,delta,0.005,1,,0.0,0.9644118402013384,0.030100217822774097,7,103.5,0.6416530571848671,0.08300815746246663,34.42683735032423,1.8129837629300667,0.33333333333323734,0.5975700954867926,0.2854159016240656,1.610877055756306,False,0.0,60,9469,157.81666666666666,170.45449999932316,12261.763700000301,12437.603500002297,12261.763700000301,6.165554450539456,9469,1.5003033023138337,0.6838428587623088,2.473496850206742,1.8330916500734231,0.45899356422408794,3.9584048933450604,,1.0010039626557068,764.3421215612132,0.15567999187798237,4.994829e-03;9.542559e-03;1.588107e-03;1.486047e-02;1.267991e-02;5.005725e-03;2.010659e-02;1.183964e-02;9.505755e-04;9.693183e-03;6.407398e-03;5.333045e-02;9.905585e-02;4.796282e+00;3.893707e-01;2.222985e-01;4.317472e-01;5.251458e-01;5.104838e-01;5.075258e-01;5.057996e-01;5.042184e-01;5.028036e-01;5.015494e-01;5.004462e-01;4.994831e-01;4.986472e-01;4.979253e-01;4.973035e-01;4.967677e-01;4.963044e-01;4.959001e-01;4.955420e-01;4.952176e-01;4.949151e-01;4.946227e-01;4.943286e-01;4.940209e-01;4.936864e-01;4.933107e-01;4.928765e-01;4.923625e-01;4.917409e-01;4.909748e-01;4.900123e-01;4.887782e-01;4.871601e-01;4.849833e-01;4.819644e-01;4.776215e-01;4.710886e-01;4.607092e-01;4.431041e-01;4.111180e-01;3.519396e-01;2.771642e-01;2.883493e-01;2.375527e-01;4.390417e-01;1.500303e+00,2;3;1;2;3;1;3;3;1;3;1;3;43;200;200;200;200;200;200;200;200;200;200;200;200;200;200;200;200;200;200;200;200;200;200;200;200;200;200;200;200;200;200;200;200;200;200;200;200;200;200;200;200;200;200;200;200;200;200;200,,,,,,,E1
1000,1,6,0.006006006006006006,random,coupled,1.0,7.73,delta,0.005,1,,0.0,0.9654475774238963,0.0291236421307704,7,91.0,0.6416530571848671,0.08300815746246663,73.02316594006376,1.5788637619762984,0.3333333333331726,0.42295354346256603,0.2101584321306011,1.4163266867039315,True,1.0,10,16,1.6,193.71859999955632,23.424000002705725,223.13579999899957,23.424000002705725,5.453557376419235,16,7.140643568659399e-07,0.9654475774232751,1.000023485784118,0.024226381435776306,0.001099050671883412,0.03391164976055309,,,0.20466764124632267,0.15576979213050143,4.992481e-03;7.179626e-04;2.558916e-04;2.029584e-05;7.330961e-05;5.595035e-06;2.573240e-05;2.013714e-06;9.056312e-06;7.140644e-07,2;2;2;1;2;1;2;1;2;1,,,,,,,E1
1000,1,6,0.006006006006006006,random,decoupled,1.0,7.73,delta,0.005,1,,0.0,0.9654475774238963,0.0291236421307704,7,91.0,0.6416530571848671,0.08300815746246663,73.02316594006376,1.5788637619762984,0.3333333333331726,0.42295354346256603,0.2101584321306011,1.4163266867039315,False,0.0,60,163,2.716666666666667,173.49830000239308,232.30939999848488,411.1966999989818,232.30939999848488,5.601982976188168,163,0.00976258296746546,0.9654475774232751,1.0013655235386487,0.02408198365402471,0.002087806832667468,0.038833542589769864,,,1.3961085383918146,0.15576979213050143,4.992481e-03;1.007182e-02;1.899142e-03;8.812502e-03;7.503779e-03;9.488684e-03;9.581579e-03;9.934610e-03;9.870174e-03;1.723528e-03;6.537474e-03;5.324594e-03;7.280984e-03;7.825440e-03;9.012892e-03;9.275093e-03;9.658610e-03;9.657652e-03;9.704936e-03;9.642383e-03;9.708577e-03;9.639158e-03;9.712907e-03;9.637055e-03;9.716402e-03;9.635567e-03;9.719192e-03;9.634543e-03;9.789805e-03;9.737407e-03;9.853288e-03;9.768736e-03;9.855098e-03;9.764189e-03;9.856632e-03;9.764041e-03;9.857699e-03;9.763520e-03;9.858576e-03;9.763223e-03;9.859267e-03;9.763014e-03;9.859808e-03;9.762872e-03;9.860228e-03;9.762776e-03;9.860552e-03;9.762710e-03;9.860800e-03;9.762666e-03;9.860989e-03;9.762635e-03;9.861132e-03;9.762614e-03;9.861241e-03;9.762600e-03;9.861323e-03;9.762590e-03;9.861384e-03;9.762583e-03,2;3;1;2;2;3;3;3;3;1;2;2;2;3;2;3;2;3;2;3;2;3;2;3;2;3;2;3;3;3;3;3;3;3;3;3;3;3;3;3;3;3;3;3;3;3;3;3;3;3;3;3;3;3;3;3;3;3;3;3,,,,,,,E1
1000,2,6,0.006006006006006006,random,coupled,1.0,7.73,delta,0.005,1,,0.0,0.9652867177121642,0.0294462860921462,7,119.33333333333333,0.6416530571848671,0.08300815746246663,21.972316526256012,1.3642258425472291,0.499999999999943,0.4098703752115383,0.16783343032441442,1.857307523222989,True,1.0,10,16,1.6,176.59089999870048,23.79339999970398,206.51159999761148,23.79339999970398,5.368889187824746,16,4.014301885346683e-07,0.9675092416088418,0.9998449344138125,0.015356281203165529,0.0011979541119414643,0.024090702306837256,,,0.19533909261097984,0.1561203571611485,4.992980e-03;6.832142e-04;2.282991e-04;1.039757e-05;6.773438e-05;3.276147e-06;2.326593e-05;1.152009e-06;8.015827e-06;4.014302e-07,2;2;2;1;2;1;2;1;2;1,,,,,,,E1
1000,2,6,0.006006006006006006,random,decoupled,1.0,7.73,delta,0.005,1,,0.0,0.9652867177121642,0.0294462860921462,7,119.33333333333333,0.6416530571848671,0.08300815746246663,21.972316526256012,1.3642258425472291,0.499999999999943,0.4098703752115383,0.16783343032441442,1.857307523222989,False,0.0,60,121,2.0166666666666666,184.4191000018327,179.18099999951664,369.87070000031963,179.18099999951664,5.3915591943487655,121,0.0038228535784566864,0.9675092416088418,0.9998448797355696,0.015367205662424069,0.0014606782244461266,0.024881138638906435,,,0.5690862342806963,0.1561203571611485,4.992980e-03;6.364768e-03;2.904008e-03;3.212782e-03;3.028609e-03;3.107272e-03;3.161329e-03;3.178532e-03;3.282396e-03;3.283368e-03;3.388698e-03;3.385014e-03;3.479245e-03;3.473563e-03;3.554561e-03;3.547344e-03;3.616044e-03;3.607355e-03;3.665490e-03;3.655410e-03;3.704777e-03;3.693457e-03;3.735688e-03;3.723321e-03;3.759814e-03;3.746603e-03;3.778523e-03;3.764654e-03;3.792952e-03;3.778588e-03;3.804029e-03;3.789304e-03;3.812501e-03;3.797520e-03;3.818958e-03;3.803802e-03;3.823863e-03;3.808594e-03;3.827578e-03;3.812241e-03;3.830384e-03;3.815012e-03;3.832498e-03;3.817111e-03;3.834084e-03;3.818699e-03;3.835271e-03;3.819898e-03;3.836157e-03;3.820800e-03;3.836814e-03;3.821477e-03;3.837300e-03;3.821985e-03;3.837658e-03;3.822363e-03;3.837919e-03;3.822645e-03;3.838109e-03;3.822854e-03,2;3;2;2;2;2;2;2;2;2;2;2;2;2;2;2;2;2;2;2;2;2;2;2;2;2;2;2;2;2;2;2;2;2;2;2;2;2;2;2;2;2;2;2;2;2;2;2;2;2;2;2;2;2;2;2;2;2;2;2,,,,,,,E1
1000,3,6,0.006006006006006006,random,coupled,1.0,7.73,delta,0.005,1,,0.0,0.9624319979237107,0.031677636907714316,7,84.16666666666667,0.6416530571848671,0.08300815746246663,70.70363193356262,2.4547677069521705,0.33333333333327625,0.5810427599991654,0.3546436027742707,1.3099724849551093,True,1.0,10,16,1.6,213.68380000058096,32.16270000120858,252.17479999992065,32.16270000120858,3.9718098292494024,16,5.445568700412906e-07,0.9624319979224896,0.9998211666756814,0.013651468809732259,5.583628607303972e-05,0.020726543337109393,,,0.1917534730788756,0.1557309829967091,4.991451e-03;6.808216e-04;2.345115e-04;1.583485e-05;6.551231e-05;4.562146e-06;2.237225e-05;1.578681e-06;7.646732e-06;5.445569e-07,2;2;2;1;2;1;2;1;2;1,,,,,,,E1
1000,3,6,0.006006006006006006,random,decoupled,1.0,7.73,delta,0.005,1,,0.0,0.9624319979237107,0.031677636907714316,7,84.16666666666667,0.6416530571848671,0.08300815746246663,70.70363193356262,2.4547677069521705,0.33333333333327625,0.5810427599991654,0.3546436027742707,1.3099724849551093,False,0.0,60,150,2.5,198.547600000893,230.97229999984847,435.17960000099265,230.97229999984847,5.185042535406998,150,0.007306108488793761,0.9624319979224896,0.9998211209821561,0.013660666112201469,0.0015519044007815505,0.027106024715429316,,,0.49877587359369246,0.1557309829967091,4.991451e-03;7.040940e-03;4.279468e-03;5.437043e-03;7.342978e-03;7.194030e-03;4.248142e-03;4.557487e-03;7.633380e-03;7.204626e-03;4.248211e-03;4.477410e-03;7.673559e-03;7.235637e-03;4.241678e-03;4.492843e-03;7.701191e-03;7.266829e-03;4.170794e-03;4.435150e-03;7.653665e-03;7.269914e-03;4.261724e-03;4.563562e-03;7.754265e-03;7.306368e-03;4.018398e-03;4.279557e-03;7.509306e-03;7.242853e-03;4.567411e-03;4.934350e-03;7.990040e-03;7.366538e-03;3.463619e-03;3.565322e-03;6.715723e-03;6.932394e-03;6.170123e-03;6.428661e-03;7.397664e-03;7.088368e-03;5.264103e-03;5.566626e-03;8.152452e-03;7.361551e-03;3.269000e-03;3.251973e-03;6.335350e-03;6.724397e-03;6.811269e-03;6.852590e-03;6.349995e-03;6.491885e-03;7.264750e-03;7.003326e-03;5.645925e-03;5.897395e-03;8.021023e-03;7.306108e-03,2;3;2;3;2;3;2;3;2;3;2;3;2;3;2;3;2;3;2;3;2;3;2;3;2;3;2;3;2;3;2;3;2;3;2;3;2;3;2;3;2;3;2;3;2;3;2;3;2;3;2;3;2;3;2;3;2;3;2;3,,,,,,,E1
1000,4,6,0.006006006006006006,random,coupled,1.0,7.73,delta,0.005,1,,0.0,0.9649348627287344,0.029759155503896566,7,39.333333333333336,0.6416530571848671,0.08300815746246663,146.02092944441333,0.3746343246326918,0.9999999999999688,0.18012705975779683,0.030511986965762673,0.6121851612856765,True,1.0,9,15,1.6666666666666667,187.89119999928516,19.75539999693865,214.48579999923822,19.75539999693865,6.062146047083751,15,9.447285863606325e-07,0.9700624784626672,1.0046803706647722,0.3942061740038191,0.01189942434879146,0.486017992937918,,,0.22443654279335615,0.15528563101101905,4.999708e-03;7.652761e-04;2.820188e-04;2.354836e-05;8.524337e-05;3.279545e-05;3.205801e-06;1.138609e-05;9.447286e-07,2;2;2;1;2;2;1;2;1,,,,,,,E1
1000,4,6,0.006006006006006006,random,decoupled,1.0,7.73,delta,0.005,1,,0.0,0.9649348627287344,0.029759155503896566,7,39.333333333333336,0.6416530571848671,0.08300815746246663,146.02092944441333,0.3746343246326918,0.9999999999999688,0.18012705975779683,0.030511986965762673,0.6121851612856765,True,1.0,13,22,1.6923076923076923,207.94719999685185,32.24409999893396,246.82449999818346,32.24409999893396,5.447451658002772,22,7.922819694750061e-07,0.9700626327439122,1.0046797979431719,0.3945740428505978,0.011906183955848176,0.4864584677920558,,,0.22558057283378588,0.15528563101101905,4.999708e-03;3.882336e-03;1.220226e-03;4.915699e-04;1.849561e-04;8.365773e-05;4.333969e-05;2.434586e-05;1.099088e-05;5.844964e-06;3.279144e-06;1.486402e-06;7.922820e-07,2;2;1;2;2;1;2;2;1;2;2;1;2,,,,,,,E1
1000,0,8,0.008008008008008008,random,coupled,1.0,7.73,delta,0.005,1,,0.0,0.9644118402013384,0.030100217822774097,7,82.75,0.6416530571848671,0.08300815746246663,99.33927089629415,1.5377472691594192,0.49999999999985284,0.5240849856796764,0.15769280251369652,1.2879234431289257,True,1.0,10,16,1.6,176.1681000025419,23.129799999878742,205.4156000012881,23.129799999878742,5.522924020124242,16,6.01159302227039e-07,0.966882173198363,1.0030679856171254,0.06531203329312178,7.732576840730147e-05,0.0979304235675509,,,0.21728109317710392,0.15555638375243866,4.998251e-03;7.374917e-04;2.507474e-04;1.563863e-05;8.099216e-05;4.665821e-06;2.904684e-05;1.683139e-06;1.048234e-05;6.011593e-07,2;2;2;1;2;1;2;1;2;1,True,7.0,68.45629999952507,8.410104231915128e-07,0.002643407702826429,6.423073790241818e-05,E1
1000,0,8,0.008008008008008008,random,decoupled,1.0,7.73,delta,0.005,1,,0.0,0.9644118402013384,0.030100217822774097,7,82.75,0.6416530571848671,0.08300815746246663,99.33927089629415,1.5377472691594192,0.49999999999985284,0.5240849856796764,0.15769280251369652,1.2879234431289257,False,0.0,60,121,2.0166666666666666,207.1801999991294,186.71589999939897,399.8707999999169,186.71589999939897,5.173983404750799,121,0.00507868619819396,0.966882173198363,1.0030680083097556,0.06537624634217164,0.001303662924599894,0.10058133084732271,,,0.6684496753732421,0.15555638375243866,4.998251e-03;6.626441e-03;3.721959e-03;3.959356e-03;3.976801e-03;4.102083e-03;4.246458e-03;4.334299e-03;4.477267e-03;4.540167e-03;4.658564e-03;4.700779e-03;4.793293e-03;4.818713e-03;4.889576e-03;4.902066e-03;4.956534e-03;4.959483e-03;5.002268e-03;4.998369e-03;5.033175e-03;5.024428e-03;5.053961e-03;5.041792e-03;5.067943e-03;5.053339e-03;5.077391e-03;5.061029e-03;5.083833e-03;5.066173e-03;5.088287e-03;5.069641e-03;5.091426e-03;5.072006e-03;5.093690e-03;5.073646e-03;5.095371e-03;5.074805e-03;5.096658e-03;5.075647e-03;5.097678e-03;5.076276e-03;5.098512e-03;5.076761e-03;5.099214e-03;5.077148e-03;5.099821e-03;5.077466e-03;5.100356e-03;5.077736e-03;5.100836e-03;5.077969e-03;5.101272e-03;5.078176e-03;5.101671e-03;5.078362e-03;5.102039e-03;5.078531e-03;5.102380e-03;5.078686e-03,2;3;2;2;2;2;2;2;2;2;2;2;2;2;2;2;2;2;2;2;2;2;2;2;2;2;2;2;2;2;2;2;2;2;2;2;2;2;2;2;2;2;2;2;2;2;2;2;2;2;2;2;2;2;2;2;2;2;2;2,,,,,,,E1
1000,1,8,0.008008008008008008,random,coupled,1.0,7.73,delta,0.005,1,,0.0,0.9654475774238963,0.0291236421307704,7,95.125,0.6416530571848671,0.08300815746246663,30.00679984492507,0.9791220069047131,0.49999999999976064,0.39561971995067874,0.10115756322670452,1.4805283084910994,True,1.0,10,16,1.6,240.06220000228495,26.52459999808343,273.19989999887184,26.52459999808343,4.816062372636357,16,6.845201309113591e-07,0.9705072624776768,1.0000234861203423,0.024221194762337826,0.0014132299530886015,0.0433839103109177,,,0.20482020837676357,0.15580370041899516,4.993422e-03;7.165025e-04;2.540975e-04;1.919507e-05;7.331579e-05;5.369889e-06;2.572851e-05;1.929019e-06;9.054814e-06;6.845201e-07,2;2;2;1;2;1;2;1;2;1,,,,,,,E1
1000,1,8,0.008008008008008008,random,decoupled,1.0,7.73,delta,0.005,1,,0.0,0.9654475774238963,0.0291236421307704,7,95.125,0.6416530571848671,0.08300815746246663,30.00679984492507,0.9791220069047131,0.49999999999976064,0.39561971995067874,0.10115756322670452,1.4805283084910994,True,1.0,35,63,1.8,182.05850000231294,97.60439999809023,285.4399999996531,97.60439999809023,5.153379396931304,63,9.59045494131061e-07,0.9705077841008983,1.000023221944806,0.024240534933747518,0.0014135048548468692,0.04340874299766793,,,0.2057716663790514,0.15580370041899516,4.993422e-03;7.289023e-03;2.309245e-03;1.236366e-03;1.114544e-03;5.232429e-04;5.206935e-04;2.396627e-04;2.400179e-04;1.099392e-04;1.102970e-04;7.007107e-05;5.787149e-05;4.785693e-05;4.329985e-05;3.307221e-05;2.831880e-05;2.259833e-05;1.862463e-05;1.545654e-05;1.279160e-05;1.168122e-05;9.024115e-06;7.276670e-06;6.065517e-06;5.010568e-06;4.157959e-06;3.800521e-06;2.943216e-06;2.365183e-06;1.973064e-06;1.629780e-06;1.352811e-06;1.237305e-06;9.590455e-07,2;3;2;2;2;2;2;2;2;2;2;2;2;2;1;1;2;2;2;2;2;1;1;2;2;2;2;1;1;2;2;2;2;1;1,,,,,,,E1
1000,2,8,0.008008008008008008,random,coupled,1.0,7.73,delta,0.005,1,,0.0,0.9652867177121642,0.0294462860921462,7,96.0,0.6416530571848671,0.08300815746246663,115.72915460803887,1.2254795242918153,0.49999999999986483,0.43439549376199676,0.12646747534346933,1.4941468343245945,True,1.0,10,16,1.6,192.09980000232463,27.43170000030659,225.55410000131815,27.43170000030659,4.6568068329185675,16,4.613938120456851e-07,0.9703332643200488,0.9998449301922147,0.01537001043263548,0.0015510189643987043,0.029279652882662918,,,0.1951313930702868,0.15566953477174314,4.991547e-03;6.848278e-04;2.323703e-04;1.261901e-05;6.770313e-05;3.775062e-06;2.327251e-05;1.325272e-06;8.019663e-06;4.613938e-07,2;2;2;1;2;1;2;1;2;1,,,,,,,E1
1000,2,8,0.008008008008008008,random,decoupled,1.0,7.73,delta,0.005,1,,0.0,0.9652867177121642,0.0294462860921462,7,96.0,0.6416530571848671,0.08300815746246663,115.72915460803887,1.2254795242918153,0.49999999999986483,0.43439549376199676,0.12646747534346933,1.4941468343245945,False,0.0,60,105,1.75,191.67580000066664,158.92660000099568,356.51599999982864,158.92660000099568,5.274893189653262,105,1.714607549441194e-05,0.9703506630152436,0.999844928702667,0.015377008252109182,0.0016983072525040017,0.0291612498215477,,,0.19537944674063826,0.15566953477174314,4.991547e-03;6.608715e-03;1.841088e-03;1.268430e-03;9.146065e-04;5.511369e-04;4.575315e-04;3.085611e-04;2.316978e-04;1.793964e-04;1.197909e-04;1.078405e-04;6.383452e-05;6.673541e-05;5.078413e-05;5.179111e-05;4.833960e-05;4.720906e-05;4.583311e-05;4.494844e-05;4.392436e-05;4.257155e-05;4.181131e-05;4.085491e-05;3.956039e-05;3.888869e-05;3.800610e-05;3.676053e-05;3.617347e-05;3.535461e-05;3.416398e-05;3.364788e-05;3.288946e-05;3.189707e-05;3.109345e-05;3.051259e-05;2.971902e-05;2.926022e-05;2.813631e-05;2.778629e-05;2.708671e-05;2.617184e-05;2.579532e-05;2.525017e-05;2.432289e-05;2.401695e-05;2.347180e-05;2.273289e-05;2.213694e-05;2.177020e-05;2.118684e-05;2.091156e-05;2.018347e-05;1.984176e-05;1.932986e-05;1.866906e-05;1.840956e-05;1.803154e-05;1.742557e-05;1.714608e-05,2;3;2;2;2;2;2;2;2;2;2;2;2;2;1;2;2;1;2;2;1;2;2;1;2;2;1;2;2;1;2;2;1;1;2;2;2;1;2;2;1;2;2;1;2;2;1;1;2;2;2;1;2;2;1;2;2;1;2;2,,,,,,,E1
1000,3,8,0.008008008008008008,random,coupled,1.0,7.73,delta,0.005,1,,0.0,0.9624319979237107,0.031677636907714316,7,77.375,0.6416530571848671,0.08300815746246663,43.51546027043428,2.374619248128404,0.3333333333333006,0.4460681573098923,0.18997374815622697,1.2042667844362707,True,1.0,8,13,1.625,217.41349999865633,20.471700001507998,245.91530000179773,20.471700001507998,5.0700285756607615,13,8.567968462491748e-07,0.9675765724353309,0.9997910472026691,0.012171411633815176,0.002799132318298336,0.032926798379077804,,,0.18320179470448814,0.15552124241073556,4.990110e-03;6.522467e-04;1.954820e-04;8.633281e-06;6.250297e-05;2.617005e-06;2.084140e-05;8.567968e-07,2;2;2;1;2;1;2;1,,,,,,,E1
1000,3,8,0.008008008008008008,random,decoupled,1.0,7.73,delta,0.005,1,,0.0,0.9624319979237107,0.031677636907714316,7,77.375,0.6416530571848671,0.08300815746246663,43.51546027043428,2.374619248128404,0.3333333333333006,0.4460681573098923,0.18997374815622697,1.2042667844362707,False,0.0,60,151,2.5166666666666666,176.53689999860944,214.24039999692468,396.17770000040764,214.24039999692468,5.627254280786003,151,0.008327936485599374,0.9675780691290311,0.9997909394092671,0.012193215493595038,0.0036449222205020807,0.04024542033126243,,,0.43353198604132887,0.15552124241073556,4.990110e-03;7.425533e-03;5.048465e-03;6.337506e-03;8.615993e-03;8.184929e-03;3.959564e-03;4.113185e-03;8.154135e-03;8.047540e-03;5.671670e-03;6.123878e-03;9.776969e-03;8.382711e-03;1.627402e-03;1.201618e-03;2.157324e-03;2.516537e-03;4.921337e-03;6.253673e-03;9.172131e-03;8.438501e-03;2.305137e-03;1.884339e-03;4.370536e-03;5.459482e-03;9.030756e-03;8.418567e-03;2.740907e-03;2.503362e-03;5.526380e-03;6.572701e-03;9.386045e-03;8.426152e-03;2.154019e-03;1.673918e-03;3.864597e-03;4.867967e-03;8.446317e-03;8.308049e-03;4.273798e-03;4.741376e-03;8.820656e-03;8.323399e-03;3.818073e-03;4.017403e-03;8.013446e-03;8.077753e-03;5.939375e-03;6.477015e-03;9.726727e-03;8.403361e-03;1.744934e-03;1.363345e-03;2.562068e-03;3.128989e-03;5.897468e-03;7.073385e-03;8.808240e-03;8.327936e-03,2;3;2;3;2;3;2;3;3;3;2;3;3;3;2;2;2;2;2;3;3;3;2;2;2;3;3;3;2;2;2;3;3;3;2;2;2;3;2;3;2;3;3;3;2;3;3;3;2;3;3;3;2;2;2;2;2;3;2;3,,,,,,,E1
1000,4,8,0.008008008008008008,random,coupled,1.0,7.73,delta,0.005,1,,0.0,0.9649348627287344,0.029759155503896566,7,70.125,0.6416530571848671,0.08300815746246663,157.05809353440057,0.5068968775250066,0.9999999999995786,0.31062108370887254,0.04982483589215,1.0914275703856202,True,1.0,9,15,1.6666666666666667,186.01570000100764,20.728899999085115,213.26290000070003,20.728899999085115,5.777446946306157,15,7.805628661206043e-07,0.9699581279635675,1.0046803707733478,0.3942150443601681,0.005159793945117879,0.44784958788322793,,,0.22420543798225076,0.15545277918605596,4.999655e-03;7.613834e-04;2.744584e-04;1.879348e-05;8.524595e-05;3.230180e-05;2.596180e-06;1.138605e-05;7.805629e-07,2;2;2;1;2;2;1;2;1,,,,,,,E1
1000,4,8,0.008008008008008008,random,decoupled,1.0,7.73,delta,0.005,1,,0.0,0.9649348627287344,0.029759155503896566,7,70.125,0.6416530571848671,0.08300815746246663,157.05809353440057,0.5068968775250066,0.9999999999995786,0.31062108370887254,0.04982483589215,1.0914275703856202,True,1.0,14,23,1.6428571428571428,163.64690000045812,32.56669999973383,201.94730000002892,32.56669999973383,5.638648803885591,23,8.792513086497422e-07,0.9699588839693689,1.004679773661857,0.3945804201061179,0.00516126509692921,0.44824330595542167,,,0.22534027364350445,0.15545277918605596,4.999655e-03;3.824174e-03;1.210137e-03;8.768094e-04;2.463586e-04;1.801622e-04;8.791568e-05;3.365387e-05;2.366410e-05;1.153880e-05;5.727428e-06;3.506466e-06;1.561474e-06;8.792513e-07,2;2;1;2;1;2;1;2;2;1;2;2;1;2,,,,,,,E1
1000,0,10,0.01001001001001001,random,coupled,1.0,7.73,delta,0.005,1,,0.0,0.9644118402013384,0.030100217822774097,7,76.7,0.6416530571848671,0.08300815746246663,42.21867918149841,1.4736149512831291,0.33333333333324444,0.490654839549184,0.11955365511116452,1.1937610645073289,True,1.0,10,16,1.6,174.9165000001085,22.15480000086245,203.1782000012754,22.15480000086245,5.765979742314403,16,7.83314650143474e-07,0.9694646471356673,1.0030679820030228,0.0653151959895123,6.692883531553882e-05,0.10450155803354294,,,0.21730456050997768,0.15567094836225387,4.997435e-03;7.462926e-04;2.695598e-04;2.069360e-05;8.090917e-05;5.801064e-06;2.906282e-05;2.152266e-06;1.049406e-05;7.833147e-07,2;2;2;1;2;1;2;1;2;1,True,7.0,68.98480000018026,8.938072511011086e-07,0.0026526395930347186,6.41674830402228e-05,E1
1000,0,10,0.01001001001001001,random,decoupled,1.0,7.73,delta,0.005,1,,0.0,0.9644118402013384,0.030100217822774097,7,76.7,0.6416530571848671,0.08300815746246663,42.21867918149841,1.4736149512831291,0.33333333333324444,0.490654839549184,0.11955365511116452,1.1937610645073289,False,0.0,60,2174,36.233333333333334,177.8798999985156,2917.8541000001132,3101.1911000023247,2917.8541000001132,5.948629642585394,2174,0.8944119374300397,0.0833250804262772,1.1596918342978757,45.10701797061769,0.018334722435518327,117.8611274374024,,0.9790128569414934,30501.29856222542,0.15567094836225387,4.997435e-03;1.053772e-02;2.556155e-03;1.237254e-02;1.169926e-02;4.646607e-03;2.040042e-02;1.583881e-02;7.053346e-03;2.599396e-02;1.662647e-02;5.401853e-03;9.034408e-03;7.274503e-03;1.086850e-02;1.120172e-02;2.419351e-03;1.541285e-02;1.373730e-02;5.831359e-03;2.903812e-02;1.679296e-02;3.864635e-03;7.016616e-03;1.725444e-02;1.438855e-02;6.951821e-03;3.318706e-02;1.688004e-02;5.250748e-03;1.064735e-02;2.230924e-02;1.603934e-02;8.810591e-03;3.626110e-02;1.693057e-02;7.805584e-03;1.035098e-02;6.281997e-03;4.011228e-02;1.642474e-02;1.035757e-02;9.285740e-03;1.635384e-02;1.252853e-02;8.051051e-03;4.825768e-02;2.331327e-02;3.564234e-02;5.967418e-01;1.273370e+00;3.728742e+00;5.062155e+00;9.143803e+00;1.208693e+00;7.254901e-01;9.438425e-01;8.947338e-01;8.363087e-01;8.944119e-01,2;3;1;3;3;1;2;3;1;3;3;1;3;3;3;3;1;2;3;1;3;3;1;2;3;3;1;3;3;1;3;3;3;1;3;3;1;3;1;3;3;1;3;3;2;1;3;3;3;200;200;60;200;200;200;200;200;200;200;200,,,,,,,E1
1000,1,10,0.01001001001001001,random,coupled,1.0,7.73,delta,0.005,1,,0.0,0.9654475774238963,0.0291236421307704,7,111.9,0.6416530571848671,0.08300815746246663,92.2311217916354,2.470716601903897,0.24999999999985295,0.5377642056813294,0.17273313794337905,1.7416149037598239,True,1.0,10,16,1.6,161.83170000294922,23.457500003132736,191.28040000214241,23.457500003132736,5.445769070998181,16,7.089471679710968e-07,0.9704559286959012,1.0000234856345507,0.024221365792750887,3.1043663459306774e-05,0.04347820972562145,,,0.20471294596859788,0.15582745683709442,4.992665e-03;7.177523e-04;2.557777e-04;2.029040e-05;7.330705e-05;5.546723e-06;2.573321e-05;1.999408e-06;9.056913e-06;7.089472e-07,2;2;2;1;2;1;2;1;2;1,,,,,,,E1
1000,1,10,0.01001001001001001,random,decoupled,1.0,7.73,delta,0.005,1,,0.0,0.9654475774238963,0.0291236421307704,7,111.9,0.6416530571848671,0.08300815746246663,92.2311217916354,2.470716601903897,0.24999999999985295,0.5377642056813294,0.17273313794337905,1.7416149037598239,False,0.0,60,11019,183.65,214.77280000181054,14855.395899998257,15076.202000000194,14855.395899998257,5.922143357486038,11019,12.95884252707583,0.9647003729542717,13.931450439955762,1924.1850153012133,317.7242569422015,7546.933782586229,,0.9970832107941462,2903611.97245371,0.15582745683709442,4.992665e-03;1.166099e-02;1.152370e-02;1.260776e-01;9.610947e-01;3.919820e+00;1.325878e+01;1.272719e+01;1.235459e+01;1.212687e+01;1.210150e+01;1.218910e+01;1.225585e+01;1.221177e+01;1.216557e+01;1.235308e+01;1.269933e+01;1.293040e+01;1.284696e+01;1.254426e+01;1.234202e+01;1.232629e+01;1.239311e+01;1.240418e+01;1.229399e+01;1.225304e+01;1.249048e+01;1.283309e+01;1.299096e+01;1.282014e+01;1.252492e+01;1.239001e+01;1.241380e+01;1.247057e+01;1.242891e+01;1.229619e+01;1.234392e+01;1.265150e+01;1.295732e+01;1.299630e+01;1.273881e+01;1.248901e+01;1.242658e+01;1.247796e+01;1.250602e+01;1.240724e+01;1.230468e+01;1.247157e+01;1.281551e+01;1.303844e+01;1.293968e+01;1.264392e+01;1.247006e+01;1.246903e+01;1.252646e+01;1.250507e+01;1.236743e+01;1.235699e+01;1.263047e+01;1.295884e+01,2;3;1;3;200;10;200;200;200;200;200;200;200;200;200;200;200;200;200;200;200;200;200;200;200;200;200;200;200;200;200;200;200;200;200;200;200;200;200;200;200;200;200;200;200;200;200;200;200;200;200;200;200;200;200;200;200;200;200;200,,,,,,,E1
1000,2,10,0.01001001001001001,random,coupled,1.0,7.73,delta,0.005,1,,0.0,0.9652867177121642,0.0294462860921462,7,105.6,0.6416530571848671,0.08300815746246663,69.15949704223354,2.309936430327587,0.33333333333335613,0.6128151474565144,0.17916775114376668,1.6435615177571385,True,1.0,10,16,1.6,163.3987999994133,20.93330000207061,190.79440000132308,20.93330000207061,6.102436213466785,16,5.984018360827292e-07,0.9680851316070996,0.9998449288580238,0.015340993078316089,4.2684708794065954e-05,0.03330322446137962,,,0.19517631477405037,0.15585135667044483,4.991520e-03;6.890176e-04;2.413133e-04;1.756957e-05;6.768617e-05;4.914645e-06;2.327811e-05;1.722841e-06;8.020759e-06;5.984018e-07,2;2;2;1;2;1;2;1;2;1,,,,,,,E1
1000,2,10,0.01001001001001001,random,decoupled,1.0,7.73,delta,0.005,1,,0.0,0.9652867177121642,0.0294462860921462,7,105.6,0.6416530571848671,0.08300815746246663,69.15949704223354,2.309936430327587,0.33333333333335613,0.6128151474565144,0.17916775114376668,1.6435615177571385,False,0.0,60,151,2.5166666666666666,170.26130000158446,218.46300000106567,394.1826000009314,218.46300000106567,5.518486919954954,151,0.0037151238244746976,0.9680851316070996,0.999852767948731,0.014976911902829328,0.0009415080715713545,0.03737661792953564,,,0.7637793796718796,0.15585135667044483,4.991520e-03;7.710940e-03;5.545898e-03;6.846640e-03;9.375822e-03;8.834838e-03;4.003870e-03;3.908936e-03;8.172648e-03;8.479793e-03;7.528634e-03;7.853159e-03;9.723522e-03;8.899288e-03;4.600177e-03;4.689082e-03;9.543788e-03;9.006999e-03;4.234437e-03;4.351605e-03;8.743429e-03;8.802242e-03;6.223281e-03;6.807822e-03;1.086142e-02;9.149681e-03;3.795610e-03;3.762427e-03;3.756937e-03;3.724473e-03;4.657430e-03;8.300637e-03;8.817041e-03;6.147315e-03;6.901511e-03;1.070632e-02;9.145929e-03;3.743344e-03;3.745504e-03;3.714923e-03;3.715463e-03;3.688017e-03;4.721868e-03;6.380813e-03;9.812531e-03;9.159693e-03;3.737840e-03;3.712887e-03;3.770110e-03;4.873144e-03;8.787465e-03;8.940760e-03;5.109078e-03;5.706728e-03;1.033873e-02;9.143736e-03;3.780680e-03;3.752816e-03;3.743128e-03;3.715124e-03,2;3;2;3;3;3;2;2;3;3;2;3;3;3;2;3;3;3;2;2;3;3;2;3;3;3;2;2;2;2;3;2;3;2;3;3;3;2;2;2;2;2;2;3;3;3;2;2;2;3;3;3;2;3;3;3;2;2;2;2,,,,,,,E1
1000,3,10,0.01001001001001001,random,coupled,1.0,7.73,delta,0.005,1,,0.0,0.9624319979237107,0.031677636907714316,7,89.3,0.6416530571848671,0.08300815746246663,68.38853580655704,2.1694363912896164,0.3333333333333034,0.6279851754663672,0.19145733616489433,1.3898678365125003,True,1.0,8,13,1.625,173.2360999994853,16.613699997833464,196.58279999930528,16.613699997833464,6.2473804157734385,13,9.889734939871886e-07,0.9669231836983944,0.9997909976476591,0.012263512020538608,4.211452388296832e-05,0.026111926398191914,,,0.1834487079288528,0.15582329224829844,4.986461e-03;6.608911e-04;2.147349e-04;1.022195e-05;6.209152e-05;2.957719e-06;2.088194e-05;9.889735e-07,2;2;2;1;2;1;2;1,,,,,,,E1
1000,3,10,0.01001001001001001,random,decoupled,1.0,7.73,delta,0.005,1,,0.0,0.9624319979237107,0.031677636907714316,7,89.3,0.6416530571848671,0.08300815746246663,68.38853580655704,2.1694363912896164,0.3333333333333034,0.6279851754663672,0.19145733616489433,1.3898678365125003,False,0.0,60,150,2.5,159.7872999991523,207.99709999846527,373.494400002528,207.99709999846527,5.757778353682992,150,0.007349923026920058,0.9669231836983944,0.9997922322712166,0.012205891764526978,0.001790195896373737,0.0327014343628792,,,1.3952197294939552,0.15582329224829844,4.986461e-03;8.323202e-03;5.879709e-03;6.405402e-03;8.036255e-03;8.156837e-03;7.485822e-03;7.358982e-03;8.374959e-03;8.234292e-03;7.617982e-03;7.496792e-03;8.406538e-03;8.296446e-03;7.621114e-03;7.539234e-03;8.423155e-03;8.336210e-03;7.604962e-03;7.541709e-03;8.442376e-03;8.364590e-03;7.582576e-03;7.526350e-03;8.462293e-03;8.387267e-03;7.557410e-03;7.503302e-03;8.481184e-03;8.406593e-03;7.531555e-03;7.477684e-03;8.498242e-03;8.423448e-03;7.506526e-03;7.452255e-03;8.513161e-03;8.438136e-03;7.483355e-03;7.428531e-03;8.525892e-03;8.450783e-03;7.462655e-03;7.407300e-03;8.536537e-03;8.461497e-03;7.444698e-03;7.388889e-03;8.545284e-03;8.470422e-03;7.429499e-03;7.373320e-03;8.552364e-03;8.477741e-03;7.416894e-03;7.360425e-03;8.558024e-03;8.483661e-03;7.406619e-03;7.349923e-03,2;3;2;3;2;3;2;3;2;3;2;3;2;3;2;3;2;3;2;3;2;3;2;3;2;3;2;3;2;3;2;3;2;3;2;3;2;3;2;3;2;3;2;3;2;3;2;3;2;3;2;3;2;3;2;3;2;3;2;3,,,,,,,E1
1000,4,10,0.01001001001001001,random,coupled,1.0,7.73,delta,0.005,1,,0.0,0.9649348627287344,0.029759155503896566,7,66.1,0.6416530571848671,0.08300815746246663,294.62810201349106,1.3367734226834915,0.4999999999999491,0.4679008908738303,0.10012976422420401,1.0287823515506256,True,1.0,9,15,1.6666666666666667,165.29090000040014,18.767000001389533,189.6344999986468,18.767000001389533,6.381420578202846,15,6.90483135556974e-07,0.9699831458582112,1.0046803708583303,0.39423577839629115,7.392865448826472e-05,0.43210674394067117,,,0.22419914532242194,0.15491880476666317,4.999638e-03;7.590537e-04;2.705270e-04;1.641382e-05;8.524738e-05;3.201681e-05;2.288429e-06;1.138593e-05;6.904831e-07,2;2;2;1;2;2;1;2;1,,,,,,,E1
1000,4,10,0.01001001001001001,random,decoupled,1.0,7.73,delta,0.005,1,,0.0,0.9649348627287344,0.029759155503896566,7,66.1,0.6416530571848671,0.08300815746246663,294.62810201349106,1.3367734226834915,0.4999999999999491,0.4679008908738303,0.10012976422420401,1.0287823515506256,False,0.0,60,121,2.0166666666666666,160.57889999865438,171.72390000268933,337.7884000001359,171.72390000268933,5.625687327069038,121,0.004689658313227096,0.9699832276141002,1.004680394379114,0.39466445860531046,0.0009947960354533725,0.4340789409904228,,,0.6583496285143335,0.15491880476666317,4.999638e-03;7.803263e-03;3.137420e-03;3.449286e-03;3.395553e-03;3.551359e-03;3.669702e-03;3.776558e-03;3.918226e-03;3.998256e-03;4.126205e-03;4.184603e-03;4.290137e-03;4.329898e-03;4.413556e-03;4.437910e-03;4.503345e-03;4.515613e-03;4.567083e-03;4.570263e-03;4.611575e-03;4.608121e-03;4.642293e-03;4.634088e-03;4.663363e-03;4.651788e-03;4.677767e-03;4.663810e-03;4.687608e-03;4.671962e-03;4.694342e-03;4.677488e-03;4.698970e-03;4.681239e-03;4.702170e-03;4.683792e-03;4.704404e-03;4.685537e-03;4.705984e-03;4.686736e-03;4.707119e-03;4.687568e-03;4.707952e-03;4.688151e-03;4.708577e-03;4.688566e-03;4.709059e-03;4.688867e-03;4.709442e-03;4.689089e-03;4.709755e-03;4.689258e-03;4.710017e-03;4.689390e-03;4.710242e-03;4.689496e-03;4.710440e-03;4.689584e-03;4.710617e-03;4.689658e-03,2;3;2;2;2;2;2;2;2;2;2;2;2;2;2;2;2;2;2;2;2;2;2;2;2;2;2;2;2;2;2;2;2;2;2;2;2;2;2;2;2;2;2;2;2;2;2;2;2;2;2;2;2;2;2;2;2;2;2;2,,,,,,,E1
1000,0,12,0.012012012012012012,random,coupled,1.0,7.73,delta,0.005,1,,0.0,0.9644118402013384,0.030100217822774097,7,83.75,0.6416530571848671,0.08300815746246663,66.29188516583943,1.8540268501279755,0.33333333333323995,0.5503391003816543,0.11794153168091165,1.303487472653097,True,1.0,10,16,1.6,175.17080000106944,24.413099999947008,206.19340000121156,24.413099999947008,5.232605773141358,16,8.077800621730802e-07,0.9694186961007075,1.0030679824392081,0.06531251443530998,5.761946529734086e-05,0.11156174026075398,,,0.2173062099749282,0.15603143574072884,4.997559e-03;7.436155e-04;2.644284e-04;2.224176e-05;8.092155e-05;6.312646e-06;2.906037e-05;2.266183e-06;1.049282e-05;8.077801e-07,2;2;2;1;2;1;2;1;2;1,True,8.0,74.74890000230516,8.777787924296732e-07,0.002651600488826183,6.446485145152059e-05,E1
1000,0,12,0.012012012012012012,random,decoupled,1.0,7.73,delta,0.005,1,,0.0,0.9644118402013384,0.030100217822774097,7,83.75,0.6416530571848671,0.08300815746246663,66.29188516583943,1.8540268501279755,0.33333333333323995,0.5503391003816543,0.11794153168091165,1.303487472653097,False,0.0,60,9434,157.23333333333332,165.72359999918262,11984.980799999903,12157.125599998835,11984.980799999903,6.2846267948965435,9434,9.160959770604503,0.9694195320117437,10.141055631000574,1287.5804340875122,0.010128728521083074,3808.994527397494,,0.9981755754794022,833041.1659034096,0.15603143574072884,4.997559e-03;9.976876e-03;1.130663e-02;1.206540e-02;4.652098e-03;2.896305e-02;1.309618e-02;5.736462e-03;1.109320e-02;8.712094e-03;4.931867e-02;2.788865e-02;1.643001e-01;1.533664e+00;4.477274e+00;6.351951e+00;7.011832e+00;7.343009e+00;7.629277e+00;7.853475e+00;7.866199e+00;7.472067e+00;7.721169e+00;8.224806e+00;8.708195e+00;9.003110e+00;8.608939e+00;7.815830e+00;7.791169e+00;7.977367e+00;8.240699e+00;8.456830e+00;8.310346e+00;7.623907e+00;8.008981e+00;8.584942e+00;9.060043e+00;9.082126e+00;8.142720e+00;7.979069e+00;8.120934e+00;8.364509e+00;8.597679e+00;8.517310e+00;7.757339e+00;8.091434e+00;8.674221e+00;9.160947e+00;9.180911e+00;8.240431e+00;8.104486e+00;8.254450e+00;8.498778e+00;8.718731e+00;8.557456e+00;7.836501e+00;8.251936e+00;8.844501e+00;9.292311e+00;9.160960e+00,2;3;3;3;1;3;3;1;3;1;3;3;5;200;200;200;200;200;200;200;200;200;200;200;200;200;200;200;200;200;200;200;200;200;200;200;200;200;200;200;200;200;200;200;200;200;200;200;200;200;200;200;200;200;200;200;200;200;200;200,,,,,,,E1
1000,1,12,0.012012012012012012,random,coupled,1.0,7.73,delta,0.005,1,,0.0,0.9654475774238963,0.0291236421307704,7,109.58333333333333,0.6416530571848671,0.08300815746246663,256.0094361989848,2.769050051540444,0.2500000000000332,0.611049389101631,0.15683212427179513,1.7055582353619154,True,1.0,10,16,1.6,157.84999999959837,25.347999999212334,189.5375000021886,25.347999999212334,5.039613697489724,16,6.775879506371041e-07,0.9704727110058624,1.0000234861061503,0.024206225756518852,4.135595636549034e-05,0.04279278531356488,,,0.20496684207704102,0.15567264545713955,4.994178e-03;7.164598e-04;2.535535e-04;1.881910e-05;7.331182e-05;5.316061e-06;2.572785e-05;1.909521e-06;9.054486e-06;6.775880e-07,2;2;2;1;2;1;2;1;2;1,,,,,,,E1
1000,1,12,0.012012012012012012,random,decoupled,1.0,7.73,delta,0.005,1,,0.0,0.9654475774238963,0.0291236421307704,7,109.58333333333333,0.6416530571848671,0.08300815746246663,256.0094361989848,2.769050051540444,0.2500000000000332,0.611049389101631,0.15683212427179513,1.7055582353619154,False,0.0,60,11188,186.46666666666667,172.34319999988656,14687.756600000284,14865.989199999603,14687.756600000284,6.081601427409157,11188,0.28452416956701976,0.9699067289140981,1.2599376649778344,19.189144352727986,0.013713765657877162,30.332765874004632,,1.078220041484505,4285.629494506967,0.15567264545713955,4.994178e-03;1.037385e-02;5.760608e-03;4.669649e-02;1.018207e-01;1.062009e-01;1.848860e-01;5.848399e-01;4.297258e-01;4.517431e-01;4.353927e-01;2.338696e-01;4.339653e-01;2.936265e-01;1.629429e-01;2.391024e-01;1.940484e-01;6.913077e-01;1.100994e-01;8.053490e-02;2.493926e-02;8.296873e-02;2.692005e-01;9.733896e-01;2.820477e-02;4.948774e-01;8.275786e-02;6.368428e-01;1.827043e-01;8.273738e-01;1.587456e-01;1.923040e-01;7.616712e-01;3.046706e-01;3.093410e-01;6.665611e-01;3.228674e-01;2.159147e-01;8.533321e-01;2.485060e-01;6.076167e-02;7.951112e-01;2.250055e-01;2.841766e-01;3.276159e-01;8.101527e-01;2.124584e-01;1.457044e-01;5.275853e-01;6.135064e-01;2.742323e-01;1.273045e-01;5.481889e-01;6.283810e-01;2.521690e-01;1.680966e-01;4.231463e-01;8.087644e-01;1.347889e-01;2.845242e-01,2;3;1;3;179;200;200;200;200;200;200;200;200;200;200;200;200;200;200;200;200;200;200;200;200;200;200;200;200;200;200;200;200;200;200;200;200;200;200;200;200;200;200;200;200;200;200;200;200;200;200;200;200;200;200;200;200;200;200;200,,,,,,,E1
1000,2,12,0.012012012012012012,random,coupled,1.0,7.73,delta,0.005,1,,0.0,0.9652867177121642,0.0294462860921462,7,95.08333333333333,0.6416530571848671,0.08300815746246663,1035.669281473178,3.3950856173061714,0.2500000000000018,0.6132469356924991,0.20492363512388467,1.479879807260616,True,1.0,10,16,1.6,188.19819999771426,21.401999998488463,215.51139999792213,21.401999998488463,5.96879394491272,16,4.2249932630245013e-07,0.9704120623492761,0.9998449328995254,0.015355016832877138,3.8995305895778754e-05,0.038656629912621684,,,0.19544531014431354,0.1557596877911528,4.993436e-03;6.837029e-04;2.296710e-04;1.112160e-05;6.771823e-05;3.453499e-06;2.326663e-05;1.212838e-06;8.016630e-06;4.224993e-07,2;2;2;1;2;1;2;1;2;1,,,,,,,E1
1000,2,12,0.012012012012012012,random,decoupled,1.0,7.73,delta,0.005,1,,0.0,0.9652867177121642,0.0294462860921462,7,95.08333333333333,0.6416530571848671,0.08300815746246663,1035.669281473178,3.3950856173061714,0.2500000000000018,0.6132469356924991,0.20492363512388467,1.479879807260616,False,0.0,60,10223,170.38333333333333,177.11339999732445,13558.161999997537,13740.988300000026,13558.161999997537,6.02002792000972,10223,0.8201590306415182,0.1444398980201084,1.2082351304642898,9.757269032185501,2.505396304898968,43.25128597974354,,1.0158136161896176,7569.228608879694,0.1557596877911528,4.993436e-03;7.695085e-03;7.642541e-03;8.871081e-03;4.467789e-03;1.433636e-02;1.299345e-02;9.011820e-03;5.267820e-02;3.959196e-02;9.167526e-01;6.601973e-01;1.755169e-01;7.430734e-01;1.625419e-01;8.465434e-01;2.045508e-01;4.870081e-01;2.511132e-01;1.783883e-01;6.851455e-01;2.369835e-01;2.039726e-01;4.020197e-01;5.936821e-01;6.251097e-01;1.861384e-01;6.542596e-01;4.601991e-01;5.097514e-01;3.150207e-01;5.146530e-01;6.720484e-01;1.766872e-01;2.019984e-01;1.863862e-01;7.911816e-01;4.641215e-01;5.532640e-01;9.653954e-01;1.691730e-01;7.635021e-01;5.634001e-01;1.568900e-01;6.028572e-01;1.310968e-01;5.119158e-01;8.366514e-01;2.677712e-01;9.584912e-01;2.319300e-01;3.063808e-01;6.488287e-01;7.418162e-01;3.556964e-01;6.275709e-01;3.132182e-01;2.337562e-01;8.473278e-01;8.201590e-01,2;3;2;3;1;3;3;3;3;200;200;200;200;200;200;200;200;200;200;200;200;200;200;200;200;200;200;200;200;200;200;200;200;200;200;200;200;200;200;200;200;200;200;200;200;200;200;200;200;200;200;200;200;200;200;200;200;200;200;200,,,,,,,E1
1000,3,12,0.012012012012012012,random,coupled,1.0,7.73,delta,0.005,1,,0.0,0.9624319979237107,0.031677636907714316,7,105.25,0.6416530571848671,0.08300815746246663,125.7391963520696,3.4456357074059483,0.19999999999996043,0.6208456806039938,0.20299175524453292,1.638114107423785,True,1.0,10,16,1.6,174.1065999995044,21.720400000049267,202.43480000135605,21.720400000049267,5.881297213665966,16,5.630889549079754e-07,0.9674322015996997,0.9997909082780752,0.012279197251870752,3.678011762028611e-05,0.031191657620396294,,,0.1840281950717953,0.15656555896774793,4.984633e-03;6.736959e-04;2.321088e-04;1.845086e-05;6.193837e-05;4.807621e-06;2.092408e-05;1.658795e-06;7.053809e-06;5.630890e-07,2;2;2;1;2;1;2;1;2;1,,,,,,,E1
1000,3,12,0.012012012012012012,random,decoupled,1.0,7.73,delta,0.005,1,,0.0,0.9624319979237107,0.031677636907714316,7,105.25,0.6416530571848671,0.08300815746246663,125.7391963520696,3.4456357074059483,0.19999999999996043,0.6208456806039938,0.20299175524453292,1.638114107423785,False,0.0,60,11406,190.1,182.6599999985774,14581.857199998922,14770.024400000693,14581.857199998922,6.2451300955002305,11406,3.882096838610802,0.04181366877504719,4.849677608715326,207.23618721470586,41.79900759909546,1027.6826580926106,,0.9939660958428443,456282.8119507019,0.15656555896774793,4.984633e-03;1.202413e-02;1.941233e-02;7.849757e-01;2.540845e-01;1.538948e-01;6.453796e-01;2.728326e+00;3.592096e+00;3.581549e+00;3.507411e+00;3.482396e+00;3.516623e+00;3.586323e+00;3.639986e+00;3.600273e+00;3.494828e+00;3.655644e+00;4.005965e+00;4.321277e+00;4.431007e+00;4.198714e+00;3.899965e+00;3.792224e+00;3.784151e+00;3.818819e+00;3.812948e+00;3.658704e+00;3.641840e+00;3.965232e+00;4.323815e+00;4.507163e+00;4.335347e+00;4.009054e+00;3.882135e+00;3.859075e+00;3.883056e+00;3.871908e+00;3.705650e+00;3.696818e+00;4.030963e+00;4.387183e+00;4.549915e+00;4.340093e+00;4.033841e+00;3.922622e+00;3.903560e+00;3.923850e+00;3.891361e+00;3.702931e+00;3.775979e+00;4.135899e+00;4.470588e+00;4.569321e+00;4.286849e+00;4.030350e+00;3.944079e+00;3.935491e+00;3.951853e+00;3.882097e+00,2;3;1;200;200;200;200;200;200;200;200;200;200;200;200;200;200;200;200;200;200;200;200;200;200;200;200;200;200;200;200;200;200;200;200;200;200;200;200;200;200;200;200;200;200;200;200;200;200;200;200;200;200;200;200;200;200;200;200;200,,,,,,,E1
1000,4,12,0.012012012012012012,random,coupled,1.0,7.73,delta,0.005,1,,0.0,0.9649348627287344,0.029759155503896566,7,60.75,0.6416530571848671,0.08300815746246663,381.31949233174913,2.3487795974012347,0.24999999999996286,0.559596701412204,0.13378454878660373,0.9455147935960965,True,1.0,9,15,1.6666666666666667,162.99790000266512,22.829599998658523,192.05650000003516,22.829599998658523,5.245826471205678,15,6.495767577163747e-07,0.9699985454191267,1.004680371042257,0.3942360927427902,5.3835405440722894e-05,0.4327722738790951,,,0.22418804743465262,0.15539726424900305,4.999614e-03;7.566393e-04;2.646812e-04;1.807748e-05;8.525059e-05;3.171494e-05;2.315276e-06;1.138558e-05;6.495768e-07,2;2;2;1;2;2;1;2;1,,,,,,,E1
1000,4,12,0.012012012012012012,random,decoupled,1.0,7.73,delta,0.005,1,,0.0,0.9649348627287344,0.029759155503896566,7,60.75,0.6416530571848671,0.08300815746246663,381.31949233174913,2.3487795974012347,0.24999999999996286,0.559596701412204,0.13378454878660373,0.9455147935960965,False,0.0,60,11209,186.81666666666666,179.14910000035889,14459.740999998758,14644.395400002395,14459.740999998758,6.1890974168906405,11209,0.10505424422198217,0.8901853803329821,1.0043453822619701,40.385529038015164,0.2225911075641872,82.68309460198375,,0.981660356833547,6577.83956783603,0.15539726424900305,4.999614e-03;1.168274e-02;8.996908e-03;7.892732e-02;5.467620e-01;2.886732e-01;3.745755e-01;8.073452e-01;6.120795e-01;1.823924e-01;4.688184e-01;1.670358e-01;2.569534e-01;1.795089e-01;3.854562e-01;1.005021e-01;8.770338e-01;2.459010e-01;3.724234e-01;4.502391e-01;2.247117e-01;5.074109e-01;4.168314e-01;2.420424e-01;3.513144e-01;6.679208e-01;2.185083e-01;4.456325e-02;8.147253e-01;2.821609e-01;2.441068e-01;2.071865e-01;9.190934e-01;1.964198e-01;2.352481e-01;1.932782e-01;8.934344e-01;2.976308e-01;2.474886e-01;4.289276e-02;6.462830e-01;5.919933e-01;1.508765e-01;1.863992e-01;2.507094e-01;8.804977e-01;3.847671e-01;2.177522e-01;1.507939e-01;3.282992e-01;9.084258e-01;3.632624e-01;2.148703e-01;1.655919e-01;2.634037e-01;8.379388e-01;4.910030e-01;1.515749e-01;2.197148e-01;1.050542e-01,2;3;1;3;200;200;200;200;200;200;200;200;200;200;200;200;200;200;200;200;200;200;200;200;200;200;200;200;200;200;200;200;200;200;200;200;200;200;200;200;200;200;200;200;200;200;200;200;200;200;200;200;200;200;200;200;200;200;200;200,,,,,,,E1
1000,0,16,0.016016016016016016,random,coupled,1.0,7.73,delta,0.005,1,,0.0,0.9644118402013384,0.030100217822774097,7,93.6875,0.6416530571848671,0.08300815746246663,119.6155803349234,2.699169775452832,0.19999999999995277,0.6702331433290551,0.14003270233250104,1.458155016049996,True,1.0,10,16,1.6,195.1656000019284,24.360200000955956,226.35079999963637,24.360200000955956,5.243968768523533,16,8.542538318945248e-07,0.969419039038818,1.0030679817919308,0.06531886325561545,3.2466721491410145e-05,0.10740494244993379,,,0.217286898052018,0.15602148725874113,4.997285e-03;7.484248e-04;2.733263e-04;2.314463e-05;8.090300e-05;6.325756e-06;2.906423e-05;2.349754e-06;1.049463e-05;8.542538e-07,2;2;2;1;2;1;2;1;2;1,True,7.0,73.59859999996843,9.068277572188421e-07,0.0026531294558972767,6.431491420269553e-05,E1
1000,0,16,0.016016016016016016,random,decoupled,1.0,7.73,delta,0.005,1,,0.0,0.9644118402013384,0.030100217822774097,7,93.6875,0.6416530571848671,0.08300815746246663,119.6155803349234,2.699169775452832,0.19999999999995277,0.6702331433290551,0.14003270233250104,1.458155016049996,False,0.0,60,11406,190.1,188.40060000002268,14888.82139999987,15082.684699998936,14888.82139999987,6.116373674010274,11406,7.442514432908591,0.8698297249866915,8.416511387894094,907.3342848336082,521.4003460260951,6529.4469518296955,,1.0066528402419392,944201.5728659839,0.15602148725874113,4.997285e-03;1.520916e-02;2.994059e-02;4.896809e-01;2.583401e+00;1.720665e+00;3.161724e+00;3.703995e+00;3.652166e+00;3.683638e+00;3.913309e+00;4.813250e+00;4.981786e+00;5.147826e+00;8.508283e+00;8.034898e+00;8.051940e+00;7.874937e+00;7.232116e+00;6.968801e+00;6.693986e+00;6.944057e+00;7.291836e+00;7.577912e+00;7.548294e+00;6.943813e+00;7.107511e+00;7.616376e+00;8.077062e+00;8.225351e+00;7.539429e+00;7.057897e+00;7.149631e+00;7.443368e+00;7.757334e+00;7.874071e+00;7.299680e+00;7.180879e+00;7.660716e+00;8.143045e+00;8.360601e+00;7.756963e+00;7.231148e+00;7.310313e+00;7.586191e+00;7.882554e+00;7.981559e+00;7.328886e+00;7.303825e+00;7.788723e+00;8.256608e+00;8.426654e+00;7.684533e+00;7.317983e+00;7.437407e+00;7.718290e+00;8.000697e+00;8.022725e+00;7.249570e+00;7.442514e+00,2;3;1;200;200;200;200;200;200;200;200;200;200;200;200;200;200;200;200;200;200;200;200;200;200;200;200;200;200;200;200;200;200;200;200;200;200;200;200;200;200;200;200;200;200;200;200;200;200;200;200;200;200;200;200;200;200;200;200;200,,,,,,,E1
1000,1,16,0.016016016016016016,random,coupled,1.0,7.73,delta,0.005,1,,0.0,0.9654475774238963,0.0291236421307704,7,97.4375,0.6416530571848671,0.08300815746246663,768.3425498534007,3.3239467912596123,0.20000000000002988,0.6629825791949784,0.13534280176795915,1.5165201267657675,True,1.0,10,19,1.9,172.01189999832422,26.441999998496613,203.91740000195568,26.441999998496613,5.7369394148939135,19,5.403266611914148e-07,0.970468174586214,1.004673815211529,0.19478227725168784,3.719572439021643e-05,0.24388327582628208,,,0.22471885313447804,0.15580370041899516,4.999567e-03;7.538798e-04;2.560811e-04;1.907770e-05;8.484885e-05;3.096869e-05;1.122079e-05;4.078240e-06;1.484101e-06;5.403267e-07,2;2;2;1;2;2;2;2;2;2,,,,,,,E1
1000,1,16,0.016016016016016016,random,decoupled,1.0,7.73,delta,0.005,1,,0.0,0.9654475774238963,0.0291236421307704,7,97.4375,0.6416530571848671,0.08300815746246663,768.3425498534007,3.3239467912596123,0.20000000000002988,0.6629825791949784,0.13534280176795915,1.5165201267657675,False,0.0,60,11088,184.8,156.62460000021383,14367.433799998253,14529.48269999979,14367.433799998253,6.161620922451076,11088,0.3995191119812832,0.5748857523091284,1.0267210714854178,2.9891037945511187,0.012666870799974894,9.196886069603767,,1.0000000000000002,2264.866155666052,0.15580370041899516,4.999567e-03;1.228452e-02;1.703643e-02;2.519328e-01;2.256605e+00;1.887684e+00;2.323129e+00;3.768392e+00;2.179916e-01;9.237493e-01;8.294483e-01;8.846111e-01;4.960088e-02;8.505074e-01;6.139327e-01;9.556998e-02;5.400366e-01;9.034075e-02;7.001083e-01;1.935229e-01;5.697589e-01;5.160968e-01;5.220700e-01;5.202513e-01;5.178089e-01;5.153583e-01;5.128673e-01;5.103541e-01;5.078307e-01;5.053061e-01;5.027883e-01;5.002841e-01;4.977994e-01;4.953392e-01;4.929068e-01;4.905039e-01;4.881301e-01;4.857825e-01;4.834557e-01;4.811411e-01;4.788271e-01;4.764985e-01;4.741366e-01;4.717193e-01;4.692206e-01;4.666109e-01;4.638572e-01;4.609228e-01;4.577681e-01;4.543512e-01;4.506285e-01;4.465569e-01;4.420956e-01;4.372105e-01;4.318790e-01;4.260972e-01;4.198882e-01;4.133115e-01;4.064713e-01;3.995191e-01,2;3;1;5;77;200;200;200;200;200;200;200;200;200;200;200;200;200;200;200;200;200;200;200;200;200;200;200;200;200;200;200;200;200;200;200;200;200;200;200;200;200;200;200;200;200;200;200;200;200;200;200;200;200;200;200;200;200;200;200,,,,,,,E1
1000,2,16,0.016016016016016016,random,coupled,1.0,7.73,delta,0.005,1,,0.0,0.9652867177121642,0.0294462860921462,7,97.5625,0.6416530571848671,0.08300815746246663,978.1964454797404,2.81009445114765,0.249999999999957,0.6724347402747757,0.13376450363862133,1.518465630456097,True,1.0,10,16,1.6,187.3937999989721,23.121099999116268,216.57069999855594,23.121099999116268,5.525002184363314,16,7.831396333646268e-07,0.9702950528016262,1.0018000025002896,0.03398576700137368,3.321018389471139e-05,0.08107262483636167,,,0.2110210570975625,0.15585135667044483,4.995597e-03;7.253458e-04;2.638923e-04;2.191298e-05;7.726927e-05;5.980767e-06;2.742141e-05;2.180289e-06;9.778432e-06;7.831396e-07,2;2;2;1;2;1;2;1;2;1,,,,,,,E1
1000,2,16,0.016016016016016016,random,decoupled,1.0,7.73,delta,0.005,1,,0.0,0.9652867177121642,0.0294462860921462,7,97.5625,0.6416530571848671,0.08300815746246663,978.1964454797404,2.81009445114765,0.249999999999957,0.6724347402747757,0.13376450363862133,1.518465630456097,False,0.0,60,11209,186.81666666666666,174.43899999852874,14488.17290000079,14668.382299998484,14488.17290000079,6.176951799905364,11209,4.9850879528719645,0.8339174826826504,5.9577042484155225,314.161226434171,1.2763020634729416,1212.4713182930543,,1.0192854940644178,455798.8532976126,0.15585135667044483,4.995597e-03;1.219703e-02;1.101251e-02;1.038828e-01;2.196437e-01;1.862641e+00;2.789544e+00;4.068682e+00;4.347594e+00;4.396992e+00;4.460967e+00;4.454933e+00;4.280768e+00;3.825443e+00;3.334774e+00;3.319060e+00;3.431596e+00;3.652344e+00;3.951753e+00;4.253187e+00;4.425895e+00;4.252910e+00;3.355920e+00;3.748056e+00;4.409405e+00;5.035965e+00;5.380908e+00;5.204923e+00;3.891846e+00;3.891249e+00;4.106385e+00;4.448565e+00;4.797967e+00;4.998974e+00;4.547413e+00;4.018267e+00;4.477862e+00;5.106480e+00;5.588685e+00;5.747916e+00;4.781011e+00;4.584443e+00;4.699995e+00;4.981590e+00;5.265207e+00;5.499803e+00;5.163611e+00;4.319469e+00;4.929043e+00;5.737555e+00;6.237927e+00;6.360822e+00;4.944920e+00;4.874948e+00;5.042329e+00;5.362008e+00;5.798891e+00;5.863600e+00;4.653866e+00;4.985088e+00,2;3;1;3;200;200;200;200;200;200;200;200;200;200;200;200;200;200;200;200;200;200;200;200;200;200;200;200;200;200;200;200;200;200;200;200;200;200;200;200;200;200;200;200;200;200;200;200;200;200;200;200;200;200;200;200;200;200;200;200,,,,,,,E1
1000,3,16,0.016016016016016016,random,coupled,1.0,7.73,delta,0.005,1,,0.0,0.9624319979237107,0.031677636907714316,7,105.0,0.6416530571848671,0.08300815746246663,169.8784175228408,2.635357704630753,0.3333333333332182,0.6956273798580085,0.15001196399063396,1.6342231000428011,True,1.0,10,16,1.6,168.71130000072299,23.100500002328772,197.95350000276812,23.100500002328772,5.529929135175518,16,4.28179559697206e-07,0.967432494916235,0.9998143816405848,0.012735957080019318,2.9877324608522068e-05,0.033137288505901044,,,0.18898302057070035,0.15656218750229178,4.986839e-03;6.706358e-04;2.255799e-04;1.320828e-05;6.453569e-05;3.590144e-06;2.193250e-05;1.245512e-06;7.465375e-06;4.281796e-07,2;2;2;1;2;1;2;1;2;1,,,,,,,E1
1000,3,16,0.016016016016016016,random,decoupled,1.0,7.73,delta,0.005,1,,0.0,0.9624319979237107,0.031677636907714316,7,105.0,0.6416530571848671,0.08300815746246663,169.8784175228408,2.635357704630753,0.3333333333332182,0.6956273798580085,0.15001196399063396,1.6342231000428011,False,0.0,60,7282,121.36666666666666,191.26390000019455,9572.170999999798,9769.158500002959,9572.170999999798,6.0738098239157265,7282,0.23269180244810428,0.9611170586172816,1.2049607041773789,6.8970733826177355,0.002675210730852415,10.330534060985492,,1.0868713422206908,2913.735418376794,0.15656218750229178,4.986839e-03;9.115656e-03;8.842575e-03;9.486544e-03;3.851983e-03;1.415998e-02;8.090621e-03;1.091873e-02;1.090193e-02;9.032884e-03;8.709886e-03;1.326953e-02;1.429246e-02;8.960950e-03;7.317682e-03;1.151197e-02;1.122093e-02;7.337261e-03;7.901588e-03;1.701152e-02;1.123722e-02;9.569157e-03;2.024718e-02;1.236777e-01;6.894701e-01;1.535395e-01;4.676093e-01;8.271047e-01;2.645052e-01;3.732972e-01;3.618747e-01;7.182779e-01;7.163324e-01;2.232902e-01;3.890173e-01;2.768862e-01;4.629059e-01;4.700005e-01;2.833000e-01;8.693683e-01;5.873438e-02;4.781997e-01;3.827163e-02;7.490523e-01;2.211179e-01;7.305293e-01;6.730428e-02;1.338251e-01;8.478907e-01;2.537335e-01;2.644981e-01;7.296616e-01;2.805481e-01;1.996636e-01;8.638124e-01;2.124719e-01;3.345572e-02;8.059264e-01;1.942493e-01;2.326918e-01,2;3;2;3;1;3;3;3;3;3;3;3;3;3;3;3;3;3;3;3;3;3;3;17;200;200;200;200;200;200;200;200;200;200;200;200;200;200;200;200;200;200;200;200;200;200;200;200;200;200;200;200;200;200;200;200;200;200;200;200,,,,,,,E1
1000,4,16,0.016016016016016016,random,coupled,1.0,7.73,delta,0.005,1,,0.0,0.9649348627287344,0.029759155503896566,7,74.625,0.6416530571848671,0.08300815746246663,492.05711289822347,2.7278541167683845,0.21428571428561155,0.6428477198635673,0.11950033530313817,1.1614657032446722,True,1.0,9,15,1.6666666666666667,183.70800000047893,20.061100000020815,209.93100000123377,20.061100000020815,5.969768357661132,15,8.941268012652159e-07,0.969936555767792,1.0046803707631442,0.3942361019298124,3.84645066089916e-05,0.4637390684443827,,,0.22419169391681742,0.1561057089637352,4.999585e-03;7.607602e-04;2.741857e-04;2.525975e-05;8.524574e-05;3.222157e-05;3.271695e-06;1.138609e-05;8.941268e-07,2;2;2;1;2;2;1;2;1,,,,,,,E1
1000,4,16,0.016016016016016016,random,decoupled,1.0,7.73,delta,0.005,1,,0.0,0.9649348627287344,0.029759155503896566,7,74.625,0.6416530571848671,0.08300815746246663,492.05711289822347,2.7278541167683845,0.21428571428561155,0.6428477198635673,0.11950033530313817,1.1614657032446722,False,0.0,60,11239,187.31666666666666,186.15169999975478,14596.02839999934,14787.617599999066,14596.02839999934,6.147717958126476,11239,10.970970602889945,0.83855283637438,11.941409044052495,1637.4916139554314,0.016474601761307623,6977.039941105825,,1.0034376812125854,2435100.6011326653,0.1561057089637352,4.999585e-03;1.426109e-02;4.360688e-02;7.493617e-01;2.428640e+00;1.048711e+01;1.152994e+01;1.126651e+01;1.077425e+01;1.031966e+01;1.022688e+01;1.042202e+01;1.071931e+01;1.090651e+01;1.078581e+01;1.049747e+01;1.069424e+01;1.122566e+01;1.162789e+01;1.152472e+01;1.092305e+01;1.062004e+01;1.074846e+01;1.104373e+01;1.124855e+01;1.109846e+01;1.068509e+01;1.082986e+01;1.136999e+01;1.177951e+01;1.165003e+01;1.102445e+01;1.077780e+01;1.094392e+01;1.124145e+01;1.140188e+01;1.115239e+01;1.075381e+01;1.101838e+01;1.157430e+01;1.190298e+01;1.162002e+01;1.100759e+01;1.089338e+01;1.111739e+01;1.140450e+01;1.147383e+01;1.108961e+01;1.083191e+01;1.124278e+01;1.178152e+01;1.196224e+01;1.148423e+01;1.098762e+01;1.101360e+01;1.128388e+01;1.153286e+01;1.146390e+01;1.098160e+01;1.097097e+01,2;3;3;200;200;31;200;200;200;200;200;200;200;200;200;200;200;200;200;200;200;200;200;200;200;200;200;200;200;200;200;200;200;200;200;200;200;200;200;200;200;200;200;200;200;200;200;200;200;200;200;200;200;200;200;200;200;200;200;200,,,,,,,E1
1000,0,24,0.024024024024024024,random,coupled,1.0,7.73,delta,0.005,1,,0.0,0.9644118402013384,0.030100217822774097,7,101.20833333333333,0.6416530571848671,0.08300815746246663,1674.821947589618,4.803799900055111,0.14285714285709084,0.7795043299585979,0.15848586746726537,1.5752094880967373,True,1.0,12,19,1.5833333333333333,182.89440000080504,31.01240000250982,219.79189999910886,31.01240000250982,4.891467670600253,19,3.7101558458818573e-07,0.9694209321759611,1.0043492121675905,0.19699792434037394,1.678588326950558e-05,0.30959003277506214,,,0.22351408159770522,0.15597910396635717,4.998599e-03;7.668105e-04;2.852642e-04;2.738722e-05;8.433992e-05;7.292518e-06;3.059882e-05;2.755270e-06;1.116975e-05;1.010468e-06;4.087647e-06;3.710156e-07,2;2;2;1;2;1;2;1;2;1;2;1,True,8.0,71.22270000036224,3.7102998451388203e-07,0.0010535174940289771,7.682223510901975e-05,E1
1000,0,24,0.024024024024024024,random,decoupled,1.0,7.73,delta,0.005,1,,0.0,0.9644118402013384,0.030100217822774097,7,101.20833333333333,0.6416530571848671,0.08300815746246663,1674.821947589618,4.803799900055111,0.14285714285709084,0.7795043299585979,0.15848586746726537,1.5752094880967373,False,0.0,60,11408,190.13333333333333,163.60529999656137,15190.188900000066,15359.600799998589,15190.188900000066,5.996078380829062,11408,54.777797034576885,0.972916418521077,55.749357148564094,24627.32755645171,958.4428324214852,174200.06512918338,,0.9989618236162913,68858808.48740038,0.15597910396635717,4.998599e-03;1.562628e-02;6.624866e-02;5.506851e-01;2.058551e+00;2.265761e+00;3.108500e+01;3.188567e+01;3.118028e+01;3.144844e+01;3.180622e+01;3.183830e+01;3.825055e+01;4.445820e+01;4.268381e+01;4.814597e+01;4.873946e+01;5.214622e+01;5.205290e+01;5.028319e+01;5.064938e+01;5.103441e+01;5.094573e+01;5.017543e+01;5.045517e+01;5.191984e+01;5.206831e+01;5.098039e+01;5.271607e+01;5.242554e+01;5.120726e+01;5.086476e+01;5.169483e+01;5.205727e+01;5.280100e+01;5.010199e+01;5.260834e+01;5.281408e+01;5.453671e+01;5.449754e+01;5.258135e+01;5.275071e+01;5.353503e+01;5.331387e+01;5.204228e+01;5.216288e+01;5.363916e+01;5.354819e+01;5.230233e+01;5.350168e+01;5.346556e+01;5.240887e+01;5.158139e+01;5.263643e+01;5.282156e+01;5.321719e+01;5.073780e+01;5.326461e+01;5.339412e+01;5.477780e+01,2;3;3;200;200;200;200;200;200;200;200;200;200;200;200;200;200;200;200;200;200;200;200;200;200;200;200;200;200;200;200;200;200;200;200;200;200;200;200;200;200;200;200;200;200;200;200;200;200;200;200;200;200;200;200;200;200;200;200;200,,,,,,,E1
1000,1,24,0.024024024024024024,random,coupled,1.0,7.73,delta,0.005,1,,0.0,0.9654475774238963,0.0291236421307704,7,112.20833333333333,0.6416530571848671,0.08300815746246663,1672.0780989193593,4.956331100585713,0.14201183431947997,0.7861907743032295,0.1618770913451223,1.7464138128632645,True,1.0,10,17,1.7,199.69180000043707,23.52429999882588,230.5053999989468,23.52429999882588,5.769699247449416,17,3.3836452772995074e-07,0.9704627592122864,1.0046743478053435,0.19302950337743413,1.8160231199636844e-05,0.23930740610729648,,,0.22428218314603934,0.1560497179425368,4.999260e-03;7.537787e-04;2.706987e-04;2.430206e-05;8.478547e-05;3.093797e-05;1.159984e-05;1.187498e-06;4.095900e-06;3.383645e-07,2;2;2;1;2;2;2;1;2;1,,,,,,,E1
1000,1,24,0.024024024024024024,random,decoupled,1.0,7.73,delta,0.005,1,,0.0,0.9654475774238963,0.0291236421307704,7,112.20833333333333,0.6416530571848671,0.08300815746246663,1672.0780989193593,4.956331100585713,0.14201183431947997,0.7861907743032295,0.1618770913451223,1.7464138128632645,False,0.0,60,11408,190.13333333333333,195.09990000005928,14893.366100001003,15094.297900002857,14893.366100001003,6.115579423243606,11408,5.624426247760772,0.6400698442674304,6.597865667217742,557.8993117011735,83.85993596167282,3397.014466120127,,1.010628266030292,662355.4289796512,0.1560497179425368,4.999260e-03;1.678235e-02;9.218475e-02;8.418744e-01;5.052521e-01;1.047202e+00;1.877217e+00;3.765806e+00;1.362097e+01;1.470151e+01;5.370509e+00;5.112890e+00;4.960383e+00;4.973642e+00;5.089801e+00;5.234247e+00;5.298244e+00;5.152427e+00;4.981791e+00;5.266371e+00;5.711453e+00;6.038100e+00;5.996590e+00;5.526520e+00;5.291194e+00;5.302341e+00;5.404924e+00;5.504144e+00;5.421030e+00;5.105529e+00;5.277092e+00;5.727022e+00;6.100031e+00;6.127462e+00;5.655127e+00;5.408256e+00;5.407811e+00;5.493538e+00;5.580821e+00;5.475934e+00;5.151514e+00;5.381316e+00;5.836312e+00;6.184501e+00;6.143177e+00;5.643533e+00;5.465822e+00;5.479701e+00;5.563940e+00;5.629678e+00;8.574178e+00;5.193442e+00;5.525483e+00;5.977254e+00;6.262624e+00;6.079253e+00;5.607538e+00;5.507023e+00;5.539711e+00;5.624426e+00,2;3;3;200;200;200;200;200;200;200;200;200;200;200;200;200;200;200;200;200;200;200;200;200;200;200;200;200;200;200;200;200;200;200;200;200;200;200;200;200;200;200;200;200;200;200;200;200;200;200;200;200;200;200;200;200;200;200;200;200,,,,,,,E1
1000,2,24,0.024024024024024024,random,coupled,1.0,7.73,delta,0.005,1,,0.0,0.9652867177121642,0.0294462860921462,7,115.66666666666667,0.6416530571848671,0.08300815746246663,1398.0698942028155,4.608487548176209,0.14285714285714177,0.7829288117220866,0.15708040663403144,1.800239414967443,True,1.0,10,16,1.6,180.35260000033304,23.76189999995404,209.9211999993713,23.76189999995404,5.376006464139951,16,6.681515376527614e-07,0.9702862699238417,0.9998901878743522,0.021482123745521445,1.796355936875925e-05,0.05259026096375137,,,0.2013971624244084,0.15612847603665908,4.987693e-03;7.089263e-04;2.520003e-04;1.965245e-05;7.189852e-05;5.267881e-06;2.510717e-05;1.895139e-06;8.790312e-06;6.681515e-07,2;2;2;1;2;1;2;1;2;1,,,,,,,E1
1000,2,24,0.024024024024024024,random,decoupled,1.0,7.73,delta,0.005,1,,0.0,0.9652867177121642,0.0294462860921462,7,115.66666666666667,0.6416530571848671,0.08300815746246663,1398.0698942028155,4.608487548176209,0.14285714285714177,0.7829288117220866,0.15708040663403144,1.800239414967443,False,0.0,60,11408,190.13333333333333,171.68540000056964,14789.880600001197,14967.1294999971,14789.880600001197,6.158370424166415,11408,4.68753720410494,0.9417506769197935,5.66019030507896,305.6090393125454,49.98238041831026,2411.911691738449,,0.9969503526908184,757696.2776988113,0.15612847603665908,4.987693e-03;1.432335e-02;4.674172e-02;2.403847e-01;2.178282e+00;5.166273e+00;5.045086e+00;4.850898e+00;4.389593e+00;4.203824e+00;4.200740e+00;4.287557e+00;4.406371e+00;4.462937e+00;4.250717e+00;4.260640e+00;4.603868e+00;4.948402e+00;5.138910e+00;4.918801e+00;4.514265e+00;4.432708e+00;4.460005e+00;4.536728e+00;4.588658e+00;4.386301e+00;4.325742e+00;4.661629e+00;5.008587e+00;5.196605e+00;4.950343e+00;4.591266e+00;4.517102e+00;4.537547e+00;4.602816e+00;4.633047e+00;4.361663e+00;4.417538e+00;4.767879e+00;5.099092e+00;5.235138e+00;4.860372e+00;4.607523e+00;4.557608e+00;4.590071e+00;4.658411e+00;4.648462e+00;4.325396e+00;4.530710e+00;4.904315e+00;5.205773e+00;5.237269e+00;4.768835e+00;4.617160e+00;4.603399e+00;4.652312e+00;4.708047e+00;4.598534e+00;4.381805e+00;4.687537e+00,2;3;3;200;200;200;200;200;200;200;200;200;200;200;200;200;200;200;200;200;200;200;200;200;200;200;200;200;200;200;200;200;200;200;200;200;200;200;200;200;200;200;200;200;200;200;200;200;200;200;200;200;200;200;200;200;200;200;200;200,,,,,,,E1
1000,3,24,0.024024024024024024,random,coupled,1.0,7.73,delta,0.005,1,,0.0,0.9624319979237107,0.031677636907714316,7,107.20833333333333,0.6416530571848671,0.08300815746246663,955.5818030128844,6.076920575270613,0.1249999999999796,0.7923938952305619,0.1833690648027405,1.6685936652420645,True,1.0,10,16,1.6,209.42119999745046,26.205900001514237,242.17429999771412,26.205900001514237,4.874632353501259,16,5.010881238831644e-07,0.9674471614694606,0.999814227084182,0.013181920875889283,2.096635071420074e-05,0.039009323360911306,,,0.1876627332111117,0.15610197129464792,4.981242e-03;6.753266e-04;2.309601e-04;1.529589e-05;6.451429e-05;4.201493e-06;2.195035e-05;1.459368e-06;7.472597e-06;5.010881e-07,2;2;2;1;2;1;2;1;2;1,,,,,,,E1
1000,3,24,0.024024024024024024,random,decoupled,1.0,7.73,delta,0.005,1,,0.0,0.9624319979237107,0.031677636907714316,7,107.20833333333333,0.6416530571848671,0.08300815746246663,955.5818030128844,6.076920575270613,0.1249999999999796,0.7923938952305619,0.1833690648027405,1.6685936652420645,False,0.0,60,11213,186.88333333333333,198.01469999947585,14978.750700000091,15182.594800000516,14978.750700000091,5.9767789381793675,11213,151.7480862816093,0.34337299640811825,152.71854800552072,250108.89693875992,146.46289894093792,1282465.1680283968,,1.000254589348034,474822077.71350235,0.15610197129464792,4.981242e-03;1.101351e-02;2.370814e-02;8.620022e-02;4.340524e-01;1.740426e+00;3.226020e+00;3.282035e+00;1.697379e+02;1.567930e+02;1.547827e+02;1.539632e+02;1.536032e+02;1.534613e+02;1.533914e+02;1.532908e+02;1.531065e+02;1.528395e+02;1.525329e+02;1.522485e+02;1.520441e+02;1.519571e+02;1.519937e+02;1.521231e+02;1.522818e+02;1.523940e+02;1.524023e+02;1.522912e+02;1.520907e+02;1.518602e+02;1.516656e+02;1.515599e+02;1.515701e+02;1.516878e+02;1.518674e+02;1.520375e+02;1.521280e+02;1.520999e+02;1.519601e+02;1.517550e+02;1.515496e+02;1.514055e+02;1.513650e+02;1.514395e+02;1.516029e+02;1.517953e+02;1.519422e+02;1.519856e+02;1.519077e+02;1.517364e+02;1.515297e+02;1.513531e+02;1.512604e+02;1.512804e+02;1.514070e+02;1.515968e+02;1.517796e+02;1.518853e+02;1.518731e+02;1.517481e+02,2;3;3;5;200;200;200;200;200;200;200;200;200;200;200;200;200;200;200;200;200;200;200;200;200;200;200;200;200;200;200;200;200;200;200;200;200;200;200;200;200;200;200;200;200;200;200;200;200;200;200;200;200;200;200;200;200;200;200;200,,,,,,,E1
1000,4,24,0.024024024024024024,random,coupled,1.0,7.73,delta,0.005,1,,0.0,0.9649348627287344,0.029759155503896566,7,73.54166666666667,0.6416530571848671,0.08300815746246663,2090.8788899190904,6.835226270413797,0.08333333333332857,0.7690647913963096,0.19365424962044128,1.144604671259829,True,1.0,9,15,1.6666666666666667,197.6907000025676,24.378099999012193,229.56390000035753,24.378099999012193,4.912610909170637,15,9.991091002303776e-07,0.9699893460057769,1.0046803705050964,0.39423645569607657,1.6822570633143178e-05,0.4973723914686672,,,0.22410953606506406,0.1557986508656346,4.999090e-03;7.687547e-04;2.863826e-04;2.716511e-05;8.524441e-05;3.275052e-05;3.628611e-06;1.138692e-05;9.991091e-07,2;2;2;1;2;2;1;2;1,,,,,,,E1
1000,4,24,0.024024024024024024,random,decoupled,1.0,7.73,delta,0.005,1,,0.0,0.9649348627287344,0.029759155503896566,7,73.54166666666667,0.6416530571848671,0.08300815746246663,2090.8788899190904,6.835226270413797,0.08333333333332857,0.7690647913963096,0.19365424962044128,1.144604671259829,False,0.0,60,11410,190.16666666666666,181.806399999914,17258.391600000323,17446.302000000287,17258.391600000323,5.278448501539291,11410,0.9109953009387963,0.9702853661170864,1.8833512936672134,77.24348121762941,33.464168193551345,679.0772370394294,,1.0224908089357811,119053.17240251799,0.1557986508656346,4.999090e-03;1.310757e-02;2.688539e-02;1.092269e-01;5.425675e-01;6.522088e+00;5.825631e-01;5.935104e-01;6.044194e-01;6.152577e-01;6.259924e-01;6.365918e-01;7.115743e-01;6.572677e-01;6.672949e-01;6.770889e-01;6.866363e-01;6.959276e-01;7.049574e-01;7.137232e-01;7.222254e-01;7.304663e-01;8.535682e-01;7.461810e-01;7.536657e-01;8.671956e-01;7.679222e-01;7.747079e-01;7.812748e-01;7.876301e-01;7.937810e-01;7.997347e-01;8.054982e-01;8.110785e-01;8.164823e-01;8.217161e-01;8.267866e-01;8.316999e-01;8.364621e-01;8.410794e-01;8.455574e-01;9.148562e-01;8.541181e-01;8.582118e-01;8.621879e-01;8.660517e-01;9.615915e-01;8.734621e-01;8.770183e-01;8.804814e-01;8.838562e-01;8.871471e-01;8.903586e-01;8.934953e-01;8.965616e-01;8.995619e-01;9.025009e-01;9.222367e-01;9.082129e-01;9.109953e-01,2;5;3;200;200;200;200;200;200;200;200;200;200;200;200;200;200;200;200;200;200;200;200;200;200;200;200;200;200;200;200;200;200;200;200;200;200;200;200;200;200;200;200;200;200;200;200;200;200;200;200;200;200;200;200;200;200;200;200;200,,,,,,,E1
1000,0,40,0.04004004004004004,random,coupled,1.0,7.73,delta,0.005,1,,0.0,0.9644118402013384,0.030100217822774097,7,110.025,0.6416530571848671,0.08300815746246663,2869.002027020307,8.142333054223391,0.08583690987122086,0.8621418491640114,0.16273212174787827,1.7124323484018553,True,1.0,12,19,1.5833333333333333,182.0822000008775,28.803199998947093,217.30120000211173,28.803199998947093,5.266642317712799,19,3.692716579184463e-07,0.9694115686426263,1.0043492121588369,0.19701349165711085,1.247037886751675e-05,0.3394811877740907,,,0.22346419702093204,0.15626998988420518,4.998333e-03;7.669525e-04;2.852044e-04;2.742963e-05;8.434035e-05;7.250227e-06;3.059921e-05;2.742314e-06;1.116995e-05;1.005673e-06;4.087740e-06;3.692717e-07,2;2;2;1;2;1;2;1;2;1;2;1,True,8.0,85.29780000026221,3.694182345581609e-07,0.0010535201835091964,7.651370743461117e-05,E1
1000,0,40,0.04004004004004004,random,decoupled,1.0,7.73,delta,0.005,1,,0.0,0.9644118402013384,0.030100217822774097,7,110.025,0.6416530571848671,0.08300815746246663,2869.002027020307,8.142333054223391,0.08583690987122086,0.8621418491640114,0.16273212174787827,1.7124323484018553,False,0.0,60,11607,193.45,182.01240000053076,15587.809000000561,15775.951600000553,15587.809000000561,5.9450549372266925,11607,475.5249407366387,0.2453430408926181,476.4968436742838,1912508.2107426345,65143.23829000306,18301311.533975556,,0.9999697388529708,7458314985.873246,0.15626998988420518,4.998333e-03;1.613741e-02;5.652464e-01;2.657280e+00;9.033332e+01;8.462857e+01;8.373400e+01;8.338721e+01;8.327917e+01;8.331436e+01;8.339901e+01;8.342591e+01;8.333035e+01;8.313156e+01;4.909939e+02;4.810700e+02;4.790842e+02;4.782033e+02;4.777550e+02;4.775443e+02;4.774671e+02;4.774301e+02;4.773494e+02;4.771813e+02;4.769396e+02;4.766774e+02;4.764490e+02;4.762889e+02;4.762134e+02;4.762278e+02;4.763202e+02;4.764468e+02;4.765386e+02;4.765361e+02;4.764271e+02;4.762501e+02;4.760640e+02;4.759163e+02;4.758339e+02;4.758311e+02;4.759103e+02;4.760489e+02;4.761897e+02;4.762633e+02;4.762293e+02;4.761013e+02;4.759314e+02;4.757749e+02;4.756688e+02;4.756330e+02;4.756781e+02;4.757978e+02;4.759532e+02;4.760770e+02;4.761087e+02;4.760329e+02;4.758854e+02;4.757235e+02;4.755942e+02;4.755249e+02,2;5;200;200;200;200;200;200;200;200;200;200;200;200;200;200;200;200;200;200;200;200;200;200;200;200;200;200;200;200;200;200;200;200;200;200;200;200;200;200;200;200;200;200;200;200;200;200;200;200;200;200;200;200;200;200;200;200;200;200,,,,,,,E1
1000,1,40,0.04004004004004004,random,coupled,1.0,7.73,delta,0.005,1,,0.0,0.9654475774238963,0.0291236421307704,7,104.55,0.6416530571848671,0.08300815746246663,2655.8985048878585,9.058683350447213,0.07142857142856351,0.86989717124024,0.18558700346818188,1.6272192867568982,True,1.0,9,15,1.6666666666666667,188.61549999928684,23.942400002852082,218.41700000004494,23.942400002852082,5.002009822980731,15,9.229094913854041e-07,0.9704791075328901,1.0046743369545352,0.1892043925939311,1.0674455050321863e-05,0.26032741591078273,,,0.2233589190803714,0.1560440400877247,4.999000e-03;7.537239e-04;2.755759e-04;2.449923e-05;8.475236e-05;3.149015e-05;3.269503e-06;1.127333e-05;9.229095e-07,2;2;2;1;2;2;1;2;1,,,,,,,E1
1000,1,40,0.04004004004004004,random,decoupled,1.0,7.73,delta,0.005,1,,0.0,0.9654475774238963,0.0291236421307704,7,104.55,0.6416530571848671,0.08300815746246663,2655.8985048878585,9.058683350447213,0.07142857142856351,0.86989717124024,0.18558700346818188,1.6272192867568982,False,0.0,60,11607,193.45,159.16790000119363,15432.661099999677,15597.389500002464,15432.661099999677,6.004821868083525,11607,5.024082734821334,0.01897566785771018,5.996807241754692,807.5356574485448,23.481888340980596,9064.295475688714,,0.9951128437553315,2731299.6381790456,0.1560440400877247,4.999000e-03;2.545509e-02;1.304818e+00;1.913372e+00;9.437559e-01;2.166811e+00;2.017593e+01;1.764889e+01;1.239251e+01;8.585384e+00;6.149570e+00;5.898039e+00;6.393381e+00;1.251103e+01;1.050243e+01;9.010517e+00;7.501915e+00;5.929720e+00;6.145369e+00;5.360134e+00;4.634839e+00;6.314734e+00;5.632205e+00;5.992997e+00;7.893026e-01;2.651317e+00;4.277559e+00;5.149178e+00;3.601919e+00;5.711121e+00;5.974363e+00;5.319920e+00;5.353760e+00;5.632581e+00;5.233639e+00;4.705890e+00;5.453176e+00;4.675882e+00;4.685491e+00;5.724527e+00;6.009902e+00;5.549590e+00;8.427788e+00;6.226851e+00;4.041855e+00;4.761896e+00;4.920210e+00;4.958707e+00;4.376190e+00;3.046514e+00;5.271803e+00;4.687858e+00;5.069650e+00;5.805251e+00;5.460810e+00;6.010300e+00;4.395446e+00;4.881653e+00;5.169855e+00;5.024083e+00,2;5;200;200;200;200;200;200;200;200;200;200;200;200;200;200;200;200;200;200;200;200;200;200;200;200;200;200;200;200;200;200;200;200;200;200;200;200;200;200;200;200;200;200;200;200;200;200;200;200;200;200;200;200;200;200;200;200;200;200,,,,,,,E1
1000,2,40,0.04004004004004004,random,coupled,1.0,7.73,delta,0.005,1,,0.0,0.9652867177121642,0.0294462860921462,7,101.85,0.6416530571848671,0.08300815746246663,3116.3285205951415,8.692616892117513,0.08611111111109924,0.8561414574390149,0.15449414344018586,1.5851964070412525,True,1.0,10,17,1.7,212.72449999742093,24.44160000231932,243.92239999724552,24.44160000231932,5.553160840007219,17,3.1024774149734924e-07,0.9702867328938893,1.0046919519501039,0.19265132843605612,1.542952841142505e-05,0.27608477998177317,,,0.22436135599484858,0.1561239814939168,4.999249e-03;7.539709e-04;2.684195e-04;2.187946e-05;8.484263e-05;3.096303e-05;1.159151e-05;1.074293e-06;4.100747e-06;3.102477e-07,2;2;2;1;2;2;2;1;2;1,,,,,,,E1
1000,2,40,0.04004004004004004,random,decoupled,1.0,7.73,delta,0.005,1,,0.0,0.9652867177121642,0.0294462860921462,7,101.85,0.6416530571848671,0.08300815746246663,3116.3285205951415,8.692616892117513,0.08611111111109924,0.8561414574390149,0.15449414344018586,1.5851964070412525,False,0.0,60,11607,193.45,205.89660000041476,17257.545600001322,17470.528699999704,17257.545600001322,5.369847080455804,11607,4.139607960950295,0.22323598017159804,5.112098804710182,296.62856536607836,63.51255969277716,3102.344764584473,,1.0133734408295167,588441.6481194916,0.1561239814939168,4.999249e-03;2.429877e-02;3.582540e-01;8.929960e-01;1.397926e+00;4.358010e+00;3.585494e+00;3.596733e+00;4.171629e+00;4.709648e+00;4.916878e+00;4.963252e+00;4.485840e+00;4.036762e+00;4.015903e+00;4.033682e+00;4.254655e+00;4.453725e+00;4.459008e+00;3.728945e+00;3.984223e+00;4.438776e+00;4.847434e+00;5.046470e+00;4.470475e+00;4.128773e+00;4.148265e+00;4.285952e+00;4.463235e+00;6.276355e+00;4.079259e+00;4.067995e+00;4.462898e+00;4.951126e+00;5.131136e+00;4.781801e+00;4.294817e+00;4.273220e+00;4.358116e+00;4.512434e+00;4.538087e+00;4.076039e+00;4.094114e+00;4.564435e+00;5.856487e+00;5.033320e+00;4.567003e+00;4.280712e+00;4.252681e+00;4.317383e+00;4.380787e+00;4.623070e+00;3.868563e+00;4.133697e+00;4.432114e+00;4.933235e+00;5.339554e+00;4.430244e+00;4.198977e+00;4.139608e+00,2;5;200;200;200;200;200;200;200;200;200;200;200;200;200;200;200;200;200;200;200;200;200;200;200;200;200;200;200;200;200;200;200;200;200;200;200;200;200;200;200;200;200;200;200;200;200;200;200;200;200;200;200;200;200;200;200;200;200;200,,,,,,,E1
1000,3,40,0.04004004004004004,random,coupled,1.0,7.73,delta,0.005,1,,0.0,0.9624319979237107,0.031677636907714316,7,93.45,0.6416530571848671,0.08300815746246663,3508.353470218825,8.802076717630525,0.08333333333331613,0.8645434210028877,0.16823910017304272,1.454458559038064,True,1.0,10,16,1.6,171.51340000054915,23.33800000269548,201.66800000151852,23.33800000269548,5.473653611502522,16,8.559550402909011e-07,0.967431423635846,1.0018627200134291,0.03901857265773914,1.163103052395014e-05,0.1007160466074726,,,0.2118966616103542,0.15658856914703898,4.993237e-03;7.408580e-04;2.698196e-04;2.437333e-05;7.781254e-05;6.456684e-06;2.770885e-05;2.381524e-06;9.904707e-06;8.559550e-07,2;2;2;1;2;1;2;1;2;1,,,,,,,E1
1000,3,40,0.04004004004004004,random,decoupled,1.0,7.73,delta,0.005,1,,0.0,0.9624319979237107,0.031677636907714316,7,93.45,0.6416530571848671,0.08300815746246663,3508.353470218825,8.802076717630525,0.08333333333331613,0.8645434210028877,0.16823910017304272,1.454458559038064,False,0.0,60,11607,193.45,187.94160000106785,16752.084100000502,16945.51750000028,16752.084100000502,5.531871754153695,11607,7.369675478297596,0.5523842568250253,8.343046528994913,830.525641943968,6.380273473756073,9454.90634572924,,1.0020165101760967,2911091.575360741,0.15658856914703898,4.993237e-03;2.616692e-02;7.327065e-01;6.285642e+00;6.957773e+00;7.229887e+00;6.749476e+00;6.474290e+00;6.438105e+00;6.442009e+00;6.501531e+00;6.719076e+00;6.267088e+00;6.376901e+00;6.703112e+00;7.245081e+00;7.661412e+00;6.762698e+00;6.554561e+00;6.631861e+00;6.846331e+00;6.973572e+00;6.974842e+00;6.294772e+00;6.968239e+00;7.405114e+00;7.660863e+00;7.578786e+00;7.103659e+00;7.109081e+00;6.999967e+00;6.814178e+00;6.650443e+00;6.696358e+00;6.859131e+00;6.898114e+00;6.958873e+00;7.262443e+00;7.235582e+00;6.881219e+00;6.569359e+00;6.596338e+00;6.955219e+00;7.121063e+00;6.207365e+00;6.653085e+00;7.329137e+00;7.711831e+00;7.843599e+00;6.949592e+00;7.135805e+00;7.139092e+00;7.064710e+00;6.831451e+00;6.693534e+00;6.890890e+00;7.214927e+00;7.227090e+00;7.297287e+00;7.369675e+00,2;5;200;200;200;200;200;200;200;200;200;200;200;200;200;200;200;200;200;200;200;200;200;200;200;200;200;200;200;200;200;200;200;200;200;200;200;200;200;200;200;200;200;200;200;200;200;200;200;200;200;200;200;200;200;200;200;200;200;200,,,,,,,E1
1000,4,40,0.04004004004004004,random,coupled,1.0,7.73,delta,0.005,1,,0.0,0.9649348627287344,0.029759155503896566,7,82.225,0.6416530571848671,0.08300815746246663,2648.6141737841112,7.109967523548679,0.09574468085102916,0.8570278930490766,0.14766163423846465,1.2797523276286356,True,1.0,9,15,1.6666666666666667,188.11120000100345,21.264399998472072,216.12939999977243,21.264399998472072,5.631953876366379,15,8.931020352154206e-07,0.9699347307043644,1.0046803706121077,0.39423654137018405,1.1314998192758368e-05,0.5203993230185221,,,0.2241471755051119,0.1561627504609422,4.999310e-03;7.643340e-04;2.792215e-04;2.543880e-05;8.524520e-05;3.244580e-05;3.288113e-06;1.138663e-05;8.931020e-07,2;2;2;1;2;2;1;2;1,,,,,,,E1
1000,4,40,0.04004004004004004,random,decoupled,1.0,7.73,delta,0.005,1,,0.0,0.9649348627287344,0.029759155503896566,7,82.225,0.6416530571848671,0.08300815746246663,2648.6141737841112,7.109967523548679,0.09574468085102916,0.8570278930490766,0.14766163423846465,1.2797523276286356,False,0.0,60,11414,190.23333333333332,182.73620000036317,15916.74260000218,16105.496300002415,15916.74260000218,5.72538424488862,11414,64.59251063780198,1.0014346366968843,65.56983246440493,50950.53963858904,500.1012298054597,349508.39722611586,,1.0007202758372618,92902667.76857424,0.1561627504609422,4.999310e-03;1.217969e-02;1.301309e-01;2.559780e+00;3.770530e+00;5.743190e+00;4.817125e+00;5.438973e+00;8.009590e+00;9.002871e+00;9.988987e+00;1.277744e+01;1.460576e+01;1.599135e+01;1.905448e+01;2.553810e+01;2.580483e+01;2.640533e+01;2.622187e+01;2.807749e+01;3.463925e+01;3.857564e+01;6.392034e+01;6.463090e+01;6.506600e+01;6.439638e+01;6.369588e+01;6.377951e+01;6.408367e+01;6.448239e+01;6.479139e+01;6.368682e+01;6.385911e+01;6.459598e+01;6.533940e+01;6.574760e+01;6.411321e+01;6.415884e+01;6.450961e+01;6.487400e+01;6.506114e+01;6.474016e+01;6.416888e+01;6.483896e+01;6.518605e+01;6.517603e+01;6.495240e+01;6.458265e+01;6.442762e+01;6.428274e+01;6.452511e+01;6.498342e+01;6.393112e+01;6.381539e+01;6.455935e+01;6.532714e+01;6.586381e+01;6.408957e+01;6.423213e+01;6.459251e+01,2;5;7;200;200;200;200;200;200;200;200;200;200;200;200;200;200;200;200;200;200;200;200;200;200;200;200;200;200;200;200;200;200;200;200;200;200;200;200;200;200;200;200;200;200;200;200;200;200;200;200;200;200;200;200;200;200;200;200;200,,,,,,,E1
1000,0,50,0.05005005005005005,random,coupled,1.0,7.73,delta,0.005,1,,0.0,0.9644118402013384,0.030100217822774097,7,110.14,0.6416530571848671,0.08300815746246663,3082.11428211436,9.205770731647922,0.07692307692305456,0.8881307837306125,0.149101877907583,1.7142222117971755,True,1.0,10,16,1.6,190.11280000268016,23.87490000182879,219.84469999733847,23.87490000182879,5.350561802990376,16,9.93305972252223e-07,0.9694115562309177,1.0043668896739877,0.1968821010665724,1.0382222007921642e-05,0.41193327328111773,,,0.22254847926381496,0.15626270275387993,4.998134e-03;7.683797e-04;2.844928e-04;2.697162e-05;8.434410e-05;7.165163e-06;3.060064e-05;2.707752e-06;1.117048e-05;9.933060e-07,2;2;2;1;2;1;2;1;2;1,True,9.0,74.5840000017779,1.0037476086965924e-06,0.0028749772463015316,0.00020921560015813023,E1
1000,0,50,0.05005005005005005,random,decoupled,1.0,7.73,delta,0.005,1,,0.0,0.9644118402013384,0.030100217822774097,7,110.14,0.6416530571848671,0.08300815746246663,3082.11428211436,9.205770731647922,0.07692307692305456,0.8881307837306125,0.149101877907583,1.7142222117971755,False,0.0,60,11607,193.45,169.33589999825926,14992.774199999985,15167.649499999243,14992.774199999985,6.181002903118496,11607,39.4979913866493,0.29304865709722944,40.470014113082925,14789.117202823181,32.646926120305956,150329.11693889415,,0.9995139807253779,60832828.16294138,0.15626270275387993,4.998134e-03;2.820096e-02;2.998535e-01;8.905704e-01;9.067928e+00;8.911900e+00;1.420418e+01;1.449968e+01;1.629035e+01;1.766043e+01;2.593271e+01;2.586888e+01;3.571945e+01;3.630184e+01;3.971612e+01;3.988508e+01;3.948976e+01;3.934602e+01;3.908401e+01;3.895884e+01;3.888697e+01;3.918147e+01;3.971478e+01;3.891192e+01;3.838540e+01;3.943502e+01;3.997291e+01;4.029161e+01;3.858324e+01;3.880634e+01;3.920100e+01;3.972683e+01;4.024885e+01;3.985129e+01;3.886549e+01;3.985263e+01;4.017058e+01;4.001276e+01;3.907187e+01;3.956365e+01;3.956945e+01;3.881128e+01;3.856597e+01;3.969062e+01;3.927062e+01;3.705188e+01;3.723748e+01;4.015580e+01;4.029500e+01;3.875232e+01;3.924508e+01;3.948472e+01;3.989656e+01;4.071671e+01;4.037361e+01;3.918844e+01;4.015575e+01;4.037070e+01;4.053984e+01;3.949799e+01,2;5;200;200;200;200;200;200;200;200;200;200;200;200;200;200;200;200;200;200;200;200;200;200;200;200;200;200;200;200;200;200;200;200;200;200;200;200;200;200;200;200;200;200;200;200;200;200;200;200;200;200;200;200;200;200;200;200;200;200,,,,,,,E1
1000,1,50,0.05005005005005005,random,coupled,1.0,7.73,delta,0.005,1,,0.0,0.9654475774238963,0.0291236421307704,7,107.92,0.6416530571848671,0.08300815746246663,3397.3960406428155,10.23705983042242,0.06666666666662889,0.8912832584413697,0.17186263619227846,1.6796700662534778,True,1.0,10,16,1.6,189.82619999951567,21.42919999823789,217.4836000012874,21.42919999823789,5.961217778102044,16,8.805265103717375e-07,0.970447276068394,1.0024299389927367,0.048878709235689155,1.0017083218473554e-05,0.13164873127085075,,,0.21386666036424581,0.1561023551250543,4.993357e-03;7.482198e-04;2.728974e-04;2.478447e-05;7.932519e-05;6.571736e-06;2.837048e-05;2.438053e-06;1.019119e-05;8.805265e-07,2;2;2;1;2;1;2;1;2;1,,,,,,,E1
1000,1,50,0.05005005005005005,random,decoupled,1.0,7.73,delta,0.005,1,,0.0,0.9654475774238963,0.0291236421307704,7,107.92,0.6416530571848671,0.08300815746246663,3397.3960406428155,10.23705983042242,0.06666666666662889,0.8912832584413697,0.17186263619227846,1.6796700662534778,False,0.0,60,11607,193.45,163.4505000001809,15213.67359999931,15383.331399996678,15213.67359999931,6.09125601695597,11607,13.814460146500867,0.13854542572074677,14.785830806536442,164.04826786704388,4.563339021864058,2928.341555819008,,0.9869824586012029,703793.2942893407,0.1561023551250543,4.993357e-03;3.866524e-02;7.736155e-01;1.641697e+00;7.158878e-01;3.448668e+00;2.280220e+00;6.190625e-01;7.236578e-01;4.867030e-01;4.835871e-01;9.868446e-01;3.978521e+00;7.593242e-01;8.869887e-01;8.937743e-01;9.292375e-01;6.844645e-01;5.136558e-01;7.409780e-01;7.645378e-01;5.042466e-01;5.013778e-01;4.985778e-01;5.046637e-01;4.932259e-01;4.906881e-01;7.220863e-01;1.629989e+00;7.894508e-01;8.813095e-01;9.338209e-01;9.626716e-01;9.789867e-01;9.886616e-01;9.939747e-01;9.913494e-01;3.171694e+00;4.614021e+00;5.019735e+00;5.236113e+00;5.203222e+00;4.677000e+00;4.108395e+00;4.083527e+00;4.280743e+00;4.562225e+00;4.821320e+00;4.924017e+00;4.238979e+00;4.426269e+00;4.914624e+00;5.377969e+00;5.616150e+00;5.391157e+00;4.635624e+00;8.406885e+00;1.371734e+01;1.379524e+01;1.381446e+01,2;5;200;200;200;200;200;200;200;200;200;200;200;200;200;200;200;200;200;200;200;200;200;200;200;200;200;200;200;200;200;200;200;200;200;200;200;200;200;200;200;200;200;200;200;200;200;200;200;200;200;200;200;200;200;200;200;200;200;200,,,,,,,E1
1000,2,50,0.05005005005005005,random,coupled,1.0,7.73,delta,0.005,1,,0.0,0.9652867177121642,0.0294462860921462,7,90.68,0.6416530571848671,0.08300815746246663,3623.1795167931323,9.86093005410528,0.06916426512967531,0.8860885941039087,0.15787299206856456,1.4113461972557086,True,1.0,9,15,1.6666666666666667,179.5337000003201,20.929600003000814,207.53760000297916,20.929600003000814,5.7220453321052105,15,9.260482130013514e-07,0.9702913590273926,1.0046912328571642,0.1838539059920499,1.0870438278794204e-05,0.38293115734674826,,,0.2234138853385428,0.15596038784623653,4.998819e-03;7.588183e-04;2.791873e-04;2.474576e-05;8.481968e-05;3.181589e-05;3.308092e-06;1.128723e-05;9.260482e-07,2;2;2;1;2;2;1;2;1,,,,,,,E1
1000,2,50,0.05005005005005005,random,decoupled,1.0,7.73,delta,0.005,1,,0.0,0.9652867177121642,0.0294462860921462,7,90.68,0.6416530571848671,0.08300815746246663,3623.1795167931323,9.86093005410528,0.06916426512967531,0.8860885941039087,0.15787299206856456,1.4113461972557086,False,0.0,60,11607,193.45,183.48690000129864,15320.50519999757,15511.3543999978,15320.50519999757,6.048781005995462,11607,5.614384049804528,0.63956992891304,6.585729115833248,271.7147084088809,8.815659506680634,3751.0819782938306,,0.9950915373432873,952410.5173446034,0.15596038784623653,4.998819e-03;3.504507e-02;1.917123e+00;2.846762e+00;1.141283e+00;1.650011e+00;1.884925e+00;5.408523e+00;8.845368e-01;4.536462e-01;9.736734e-01;9.716692e-01;8.549581e-01;8.376277e-01;8.729167e-01;4.913647e-01;5.256444e-01;7.172811e-01;9.512628e-01;1.060331e+00;6.930186e-01;1.211780e+00;6.331537e-01;8.166392e-01;8.510920e-01;4.995207e-01;6.937766e-01;1.259890e+00;8.861012e-01;1.307137e+00;3.785458e+00;3.793550e+00;3.807305e+00;3.899143e+00;4.051089e+00;5.224062e+00;5.234598e+00;5.453895e+00;5.717390e+00;5.918551e+00;5.945711e+00;5.560190e+00;5.385844e+00;5.342438e+00;5.373956e+00;5.419911e+00;5.402503e+00;5.265265e+00;5.505455e+00;5.805126e+00;5.992725e+00;5.938403e+00;5.595234e+00;5.472089e+00;5.438509e+00;5.448733e+00;5.458460e+00;5.361139e+00;5.368263e+00;5.614384e+00,2;5;200;200;200;200;200;200;200;200;200;200;200;200;200;200;200;200;200;200;200;200;200;200;200;200;200;200;200;200;200;200;200;200;200;200;200;200;200;200;200;200;200;200;200;200;200;200;200;200;200;200;200;200;200;200;200;200;200;200,,,,,,,E1
1000,3,50,0.05005005005005005,random,coupled,1.0,7.73,delta,0.005,1,,0.0,0.9624319979237107,0.031677636907714316,7,100.88,0.6416530571848671,0.08300815746246663,4151.104614389209,9.172679654172919,0.07692307692306564,0.8907355210405877,0.15577468939249847,1.570099298402931,True,1.0,12,19,1.5833333333333333,189.50210000184597,27.839799997309456,223.49540000141133,27.839799997309456,5.448895179371278,19,4.2547533174452923e-07,0.9674315871254385,1.0039868564272514,0.13115572160209404,1.0672357491812256e-05,0.2691289180782114,,,0.22173651320932256,0.1565891121024885,4.996894e-03;7.772499e-04;1.056369e-04;2.502921e-04;9.403788e-05;1.169807e-05;3.189010e-05;3.125199e-06;1.161163e-05;1.166543e-06;4.235913e-06;4.254753e-07,2;2;1;2;2;1;2;1;2;1;2;1,,,,,,,E1
1000,3,50,0.05005005005005005,random,decoupled,1.0,7.73,delta,0.005,1,,0.0,0.9624319979237107,0.031677636907714316,7,100.88,0.6416530571848671,0.08300815746246663,4151.104614389209,9.172679654172919,0.07692307692306564,0.8907355210405877,0.15577468939249847,1.570099298402931,False,0.0,60,11607,193.45,170.56210000009742,15070.339899997634,15246.627200001967,15070.339899997634,6.149189830550176,11607,9.91279705546349,0.25061597499754845,10.891915692980856,857.2180196653215,50.01705468964441,9723.6476868793,,0.92103356190805,1892948.2760864433,0.1565891121024885,4.996894e-03;2.681557e-02;3.551135e-01;1.884669e+00;2.062452e+00;3.807265e+00;3.686824e+00;4.168224e+00;4.453818e+00;6.135419e+00;2.657916e+00;1.807124e+00;1.910336e+00;2.033061e+00;1.634707e+00;1.161030e+00;1.159648e+00;1.239843e+00;1.443010e+00;1.544735e+00;2.528888e+00;2.537569e+00;1.994142e+00;1.777264e+00;1.777456e+00;2.596771e+00;1.960298e+00;2.510113e+00;1.595999e+00;1.689160e+00;5.652429e+00;7.109507e+00;7.805232e+00;8.268763e+00;8.328367e+00;7.689015e+00;7.076763e+00;7.204492e+00;7.633046e+00;8.120360e+00;8.404357e+00;8.055845e+00;7.263122e+00;7.934820e+00;8.757787e+00;9.308734e+00;9.121645e+00;7.485323e+00;7.670388e+00;8.140511e+00;8.627773e+00;8.908480e+00;8.567025e+00;7.707753e+00;8.305868e+00;1.095221e+01;1.117708e+01;9.977599e+00;9.671291e+00;9.912797e+00,2;5;200;200;200;200;200;200;200;200;200;200;200;200;200;200;200;200;200;200;200;200;200;200;200;200;200;200;200;200;200;200;200;200;200;200;200;200;200;200;200;200;200;200;200;200;200;200;200;200;200;200;200;200;200;200;200;200;200;200,,,,,,,E1
1000,4,50,0.05005005005005005,random,coupled,1.0,7.73,delta,0.005,1,,0.0,0.9649348627287344,0.029759155503896566,7,91.6,0.6416530571848671,0.08300815746246663,3302.9855487420014,9.628924434522274,0.06666666666665916,0.8855587780876263,0.16827857531584745,1.4256651044180095,True,1.0,9,15,1.6666666666666667,179.47360000107437,21.40010000221082,207.9794999990554,21.40010000221082,5.596241138481957,15,9.98990436817948e-07,0.969936184857299,1.00468037050812,0.39423644481573067,9.49327101119043e-06,0.49587002071516373,,,0.22408000386207033,0.15613441992776816,4.998923e-03;7.693014e-04;2.864693e-04;2.726332e-05;8.524588e-05;3.272456e-05;3.638068e-06;1.138710e-05;9.989904e-07,2;2;2;1;2;2;1;2;1,,,,,,,E1
1000,4,50,0.05005005005005005,random,decoupled,1.0,7.73,delta,0.005,1,,0.0,0.9649348627287344,0.029759155503896566,7,91.6,0.6416530571848671,0.08300815746246663,3302.9855487420014,9.628924434522274,0.06666666666665916,0.8855587780876263,0.16827857531584745,1.4256651044180095,False,0.0,60,11607,193.45,172.40080000192393,14911.459300001297,15090.305500001705,14911.459300001297,6.214709036290763,11607,74.75406534764159,0.3136825148218376,75.72635166318202,66497.6011981245,315.3734816320381,776497.2982540131,,0.9992921830492087,231951403.9872401,0.15613441992776816,4.998923e-03;2.998486e-02;7.462770e-01;3.567829e+00;3.959001e+00;4.081992e+00;4.076608e+00;8.768392e+00;1.364006e+01;2.299514e+01;4.094909e+01;5.191207e+01;5.690340e+01;5.764927e+01;5.810619e+01;6.037562e+01;6.091733e+01;6.505087e+01;6.798137e+01;6.850006e+01;7.230710e+01;7.487023e+01;7.429076e+01;7.500948e+01;7.479662e+01;7.410079e+01;7.383694e+01;7.463690e+01;7.469512e+01;7.334457e+01;7.368323e+01;7.545701e+01;7.482175e+01;7.634904e+01;7.438431e+01;7.467423e+01;7.458286e+01;7.561682e+01;7.502488e+01;7.408143e+01;7.454256e+01;7.616478e+01;7.525736e+01;7.371249e+01;7.518596e+01;7.530111e+01;7.442277e+01;7.337403e+01;7.484539e+01;7.448030e+01;7.382662e+01;7.350896e+01;7.564763e+01;7.410225e+01;7.605279e+01;7.382676e+01;7.493896e+01;7.410046e+01;7.564051e+01;7.475407e+01,2;5;200;200;200;200;200;200;200;200;200;200;200;200;200;200;200;200;200;200;200;200;200;200;200;200;200;200;200;200;200;200;200;200;200;200;200;200;200;200;200;200;200;200;200;200;200;200;200;200;200;200;200;200;200;200;200;200;200;200,,,,,,,E1
1000,0,100,0.1001001001001001,random,coupled,1.0,7.73,delta,0.005,1,,0.0,0.9644118402013384,0.030100217822774097,7,108.7,0.6416530571848671,0.08300815746246663,6296.266521516724,18.843674672419464,0.034482758620681855,0.9455523495541286,0.16525009741127888,1.6918100092823118,True,1.0,11,18,1.6363636363636365,177.95230000047013,26.574300001811935,210.40240000002086,26.574300001811935,5.407937141907827,18,3.7636653349437665e-07,0.9694115147655078,1.004695253668915,0.3945324186891631,6.6688432376155164e-06,0.6967709096624367,,,0.22491877920888825,0.1562693277989415,4.998537e-03;7.731584e-04;2.867842e-04;2.803862e-05;8.528922e-05;3.279584e-05;3.674838e-06;1.139587e-05;1.007910e-06;4.183111e-06;3.763665e-07,2;2;2;1;2;2;1;2;1;2;1,True,9.0,79.08429999952205,3.7765046179139006e-07,0.0010833297727289638,0.00015790063992376924,E1
1000,0,100,0.1001001001001001,random,decoupled,1.0,7.73,delta,0.005,1,,0.0,0.9644118402013384,0.030100217822774097,7,108.7,0.6416530571848671,0.08300815746246663,6296.266521516724,18.843674672419464,0.034482758620681855,0.9455523495541286,0.16525009741127888,1.6918100092823118,False,0.0,60,11802,196.7,166.82599999694503,16145.508499997959,16317.870000002586,16145.508499997959,5.836128506947422,11802,690.5147059730557,0.9173779621759155,691.4876055327367,5750320.957727885,51995.74511148308,133349375.22555502,,0.9999445108651743,43201746778.54035,0.1562693277989415,4.998537e-03;1.561589e+00;1.420480e+01;8.132617e+02;7.286802e+02;7.154910e+02;7.095820e+02;7.061638e+02;7.039098e+02;7.022612e+02;7.009292e+02;6.997708e+02;6.987402e+02;6.978433e+02;6.970951e+02;6.964987e+02;6.960447e+02;6.957154e+02;6.954793e+02;6.952834e+02;6.950647e+02;6.947804e+02;6.944320e+02;6.940601e+02;6.937148e+02;6.934319e+02;6.932273e+02;6.931043e+02;6.930537e+02;6.930443e+02;6.930226e+02;6.929353e+02;6.927617e+02;6.925260e+02;6.922777e+02;6.920623e+02;6.919064e+02;6.918207e+02;6.918054e+02;6.918444e+02;6.918966e+02;6.919053e+02;6.918301e+02;6.916723e+02;6.914717e+02;6.912787e+02;6.911296e+02;6.910425e+02;6.910234e+02;6.910671e+02;6.911468e+02;6.912117e+02;6.912088e+02;6.911162e+02;6.909560e+02;6.907767e+02;6.906233e+02;6.905224e+02;6.904856e+02;6.905147e+02,2;200;200;200;200;200;200;200;200;200;200;200;200;200;200;200;200;200;200;200;200;200;200;200;200;200;200;200;200;200;200;200;200;200;200;200;200;200;200;200;200;200;200;200;200;200;200;200;200;200;200;200;200;200;200;200;200;200;200;200,,,,,,,E1
1000,1,100,0.1001001001001001,random,coupled,1.0,7.73,delta,0.005,1,,0.0,0.9654475774238963,0.0291236421307704,7,111.65,0.6416530571848671,0.08300815746246663,8181.586885034255,19.57349544216575,0.0344827586206728,0.9457087888701333,0.16575167328733273,1.7377238963787207,True,1.0,10,16,1.6,190.09300000107032,23.86090000072727,219.8367999990296,23.86090000072727,5.353701159474555,16,9.681270249917162e-07,0.9704474546676973,1.0034057322005476,0.07848237589520145,7.092829983152948e-06,0.22030861965682663,,,0.21768333949499277,0.15609210271049118,4.991565e-03;7.647104e-04;2.802149e-04;2.700772e-05;8.184963e-05;7.092991e-06;2.948912e-05;2.661563e-06;1.067968e-05;9.681270e-07,2;2;2;1;2;1;2;1;2;1,,,,,,,E1
1000,1,100,0.1001001001001001,random,decoupled,1.0,7.73,delta,0.005,1,,0.0,0.9654475774238963,0.0291236421307704,7,111.65,0.6416530571848671,0.08300815746246663,8181.586885034255,19.57349544216575,0.0344827586206728,0.9457087888701333,0.16575167328733273,1.7377238963787207,False,0.0,60,11802,196.7,168.768600000476,15264.050900001166,15438.400800001546,15264.050900001166,6.17314912229445,11802,19.584136563047082,0.5062501876433625,20.55465979461481,4485.507745831807,450.23772071727973,111618.63955374723,,1.0065926459111612,39637507.07433108,0.15609210271049118,4.991565e-03;1.170301e+00;1.557612e+01;1.641622e+01;1.605867e+01;1.566486e+01;1.524421e+01;1.557403e+01;1.651180e+01;1.746716e+01;1.797316e+01;1.910968e+01;1.823220e+01;1.919071e+01;2.010587e+01;1.980437e+01;1.907158e+01;1.896906e+01;1.938047e+01;1.948669e+01;1.989436e+01;1.885246e+01;1.969293e+01;1.993465e+01;2.094108e+01;2.081830e+01;1.989870e+01;1.979282e+01;2.020069e+01;2.003968e+01;1.944101e+01;1.959362e+01;2.007361e+01;2.015917e+01;1.999576e+01;2.071549e+01;2.044001e+01;1.972689e+01;1.939716e+01;2.002050e+01;1.992675e+01;2.018697e+01;1.841078e+01;2.016676e+01;2.032077e+01;2.119306e+01;2.106022e+01;2.016834e+01;1.994940e+01;2.053321e+01;2.034464e+01;1.963833e+01;1.949053e+01;2.035477e+01;2.038921e+01;2.014422e+01;2.074844e+01;2.048988e+01;2.012547e+01;1.958414e+01,2;200;200;200;200;200;200;200;200;200;200;200;200;200;200;200;200;200;200;200;200;200;200;200;200;200;200;200;200;200;200;200;200;200;200;200;200;200;200;200;200;200;200;200;200;200;200;200;200;200;200;200;200;200;200;200;200;200;200;200,,,,,,,E1
1000,2,100,0.1001001001001001,random,coupled,1.0,7.73,delta,0.005,1,,0.0,0.9652867177121642,0.0294462860921462,7,99.46,0.6416530571848671,0.08300815746246663,8260.851187548391,19.81797458420614,0.03571428571428667,0.9437212490942223,0.16200393371749203,1.5479983764783714,True,1.0,10,16,1.6,200.26510000025155,25.76069999850006,232.27000000042608,25.76069999850006,4.95887642833611,16,9.477818333492039e-07,0.9702992847956208,1.004012805486093,0.13109377323931412,6.6234676021312336e-06,0.30742575022438906,,,0.2207149224609777,0.15583797270284866,4.995156e-03;7.665530e-04;2.808055e-04;2.548684e-05;8.344237e-05;6.890345e-06;3.019852e-05;2.588841e-06;1.099254e-05;9.477818e-07,2;2;2;1;2;1;2;1;2;1,,,,,,,E1
1000,2,100,0.1001001001001001,random,decoupled,1.0,7.73,delta,0.005,1,,0.0,0.9652867177121642,0.0294462860921462,7,99.46,0.6416530571848671,0.08300815746246663,8260.851187548391,19.81797458420614,0.03571428571428667,0.9437212490942223,0.16200393371749203,1.5479983764783714,False,0.0,60,11802,196.7,176.17429999882006,15656.565999997838,15838.681400000496,15656.565999997838,6.018386306167841,11802,10.93797127585203,0.4520079751493458,11.910081268925993,1355.8602141944393,184.89958619969627,37347.89011359788,,0.9966348662661181,9941704.001056287,0.15583797270284866,4.995156e-03;9.356549e-01;1.748068e+01;1.378926e+01;8.758890e+00;7.065426e+00;9.371576e+00;9.745213e+00;9.476826e+00;1.040327e+01;1.075645e+01;1.080869e+01;1.121961e+01;1.042954e+01;1.040990e+01;1.051816e+01;1.066664e+01;1.063656e+01;1.028495e+01;1.039703e+01;1.093090e+01;1.109528e+01;1.082860e+01;1.087900e+01;1.083843e+01;1.057174e+01;1.027774e+01;1.045821e+01;1.066646e+01;1.031289e+01;1.025100e+01;1.084512e+01;1.111044e+01;1.127370e+01;1.050455e+01;1.054532e+01;1.059810e+01;1.077317e+01;1.091276e+01;1.070461e+01;1.047311e+01;1.093029e+01;1.119426e+01;1.103974e+01;1.085328e+01;1.091273e+01;1.078215e+01;1.039428e+01;1.040570e+01;1.069654e+01;1.052967e+01;1.015667e+01;1.053598e+01;1.109240e+01;1.120932e+01;1.046573e+01;1.042468e+01;1.057645e+01;1.068695e+01;1.093797e+01,2;200;200;200;200;200;200;200;200;200;200;200;200;200;200;200;200;200;200;200;200;200;200;200;200;200;200;200;200;200;200;200;200;200;200;200;200;200;200;200;200;200;200;200;200;200;200;200;200;200;200;200;200;200;200;200;200;200;200;200,,,,,,,E1
1000,3,100,0.1001001001001001,random,coupled,1.0,7.73,delta,0.005,1,,0.0,0.9624319979237107,0.031677636907714316,7,104.15,0.6416530571848671,0.08300815746246663,7379.747316571515,18.482170296674497,0.03448275862068368,0.9452918977118806,0.1663354587394998,1.620993674947191,True,1.0,12,19,1.5833333333333333,181.62459999803104,27.28509999724338,217.2695000008389,27.28509999724338,5.559670003603649,19,4.2341557038305666e-07,0.9674319793230136,1.0043470953542424,0.13116690902607495,6.439960808028843e-06,0.2733743407798144,,,0.22178829981180492,0.1565769075311942,4.996654e-03;7.798130e-04;1.055113e-04;2.509748e-04;9.395502e-05;1.168920e-05;3.191004e-05;3.107802e-06;1.161357e-05;1.160990e-06;4.236639e-06;4.234156e-07,2;2;1;2;2;1;2;1;2;1;2;1,,,,,,,E1
1000,3,100,0.1001001001001001,random,decoupled,1.0,7.73,delta,0.005,1,,0.0,0.9624319979237107,0.031677636907714316,7,104.15,0.6416530571848671,0.08300815746246663,7379.747316571515,18.482170296674497,0.03448275862068368,0.9452918977118806,0.1663354587394998,1.620993674947191,False,0.0,60,11802,196.7,196.42620000013267,16142.881699997815,16347.265800002788,16142.881699997815,5.8370781727287735,11802,36.424351110192106,0.5441310940822,37.39596454661533,18174.979776436023,15.579146005710903,343362.563471067,,1.0011055566400182,101778913.6343236,0.1565769075311942,4.996654e-03;6.048697e-01;5.787586e+00;2.377200e+01;3.062915e+01;3.306307e+01;3.393202e+01;3.429303e+01;3.445772e+01;3.456681e+01;3.469108e+01;3.486684e+01;3.510615e+01;3.538739e+01;3.565095e+01;3.582530e+01;3.587072e+01;3.580290e+01;3.567734e+01;3.555489e+01;3.548051e+01;3.548259e+01;3.557636e+01;3.575441e+01;3.597125e+01;3.615125e+01;3.622795e+01;3.618350e+01;3.605356e+01;3.589822e+01;3.577096e+01;3.570812e+01;3.573261e+01;3.585179e+01;3.604166e+01;3.623881e+01;3.636547e+01;3.637443e+01;3.627478e+01;3.611790e+01;3.596310e+01;3.585561e+01;3.582506e+01;3.588861e+01;3.604124e+01;3.623932e+01;3.640724e+01;3.647633e+01;3.642544e+01;3.628756e+01;3.612176e+01;3.598177e+01;3.590479e+01;3.591486e+01;3.602088e+01;3.620069e+01;3.639212e+01;3.651680e+01;3.652534e+01;3.642435e+01,2;200;200;200;200;200;200;200;200;200;200;200;200;200;200;200;200;200;200;200;200;200;200;200;200;200;200;200;200;200;200;200;200;200;200;200;200;200;200;200;200;200;200;200;200;200;200;200;200;200;200;200;200;200;200;200;200;200;200;200,,,,,,,E1
1000,4,100,0.1001001001001001,random,coupled,1.0,7.73,delta,0.005,1,,0.0,0.9649348627287344,0.029759155503896566,7,95.47,0.6416530571848671,0.08300815746246663,6807.4274598869815,16.349820849215888,0.03846153846153581,0.9404861603598376,0.14755224525039426,1.4858978986767588,True,1.0,9,15,1.6666666666666667,177.11559999952442,23.83719999852474,207.02689999961876,23.83719999852474,5.024085043856318,15,9.895827580708172e-07,0.9699339745308853,1.004680370499431,0.39423900730670985,6.799875175109956e-06,0.5701743863602595,,,0.22394166415198352,0.15618442923188236,4.998173e-03;7.722805e-04;2.857905e-04;2.695867e-05;8.524983e-05;3.273489e-05;3.591046e-06;1.138764e-05;9.895828e-07,2;2;2;1;2;2;1;2;1,,,,,,,E1
1000,4,100,0.1001001001001001,random,decoupled,1.0,7.73,delta,0.005,1,,0.0,0.9649348627287344,0.029759155503896566,7,95.47,0.6416530571848671,0.08300815746246663,6807.4274598869815,16.349820849215888,0.03846153846153581,0.9404861603598376,0.14755224525039426,1.4858978986767588,False,0.0,60,11802,196.7,180.557100000442,15545.160800000303,15732.317000001785,15545.160800000303,6.061517383338882,11802,14.66269800629399,0.44879937707108497,15.632646039446552,2152.9463144114393,53.858383352216805,37329.574544619405,,1.0072404959098824,13237503.434484167,0.15618442923188236,4.998173e-03;5.662779e-01;6.973831e+00;5.805975e+00;4.504395e+00;1.201242e+01;1.165402e+01;1.176058e+01;1.212642e+01;1.252672e+01;1.291438e+01;1.271161e+01;1.454241e+01;1.514256e+01;1.531741e+01;1.504116e+01;1.431641e+01;1.429333e+01;1.448698e+01;1.469890e+01;1.481753e+01;1.452531e+01;1.443009e+01;1.455500e+01;1.491603e+01;1.524441e+01;1.465994e+01;1.419539e+01;1.423179e+01;1.457991e+01;1.497010e+01;1.510316e+01;1.410121e+01;1.451477e+01;1.514183e+01;1.558733e+01;1.555003e+01;1.458326e+01;1.459631e+01;1.482646e+01;1.502511e+01;1.504339e+01;1.478114e+01;1.464849e+01;1.489776e+01;1.511623e+01;1.533164e+01;1.500330e+01;1.455282e+01;1.445139e+01;1.468350e+01;1.506015e+01;1.526425e+01;1.425159e+01;1.451017e+01;1.514109e+01;1.565526e+01;1.573851e+01;1.466788e+01;1.466270e+01,2;200;200;200;200;200;200;200;200;200;200;200;200;200;200;200;200;200;200;200;200;200;200;200;200;200;200;200;200;200;200;200;200;200;200;200;200;200;200;200;200;200;200;200;200;200;200;200;200;200;200;200;200;200;200;200;200;200;200;200,,,,,,,E1
1000,0,250,0.2502502502502503,random,coupled,1.0,7.73,delta,0.005,1,,0.0,0.9644118402013384,0.030100217822774097,7,104.676,0.6416530571848671,0.08300815746246663,21011.471038287884,48.016288929036754,0.014223194748356052,0.977314948439126,0.161575497497371,1.6291803544768624,True,1.0,12,19,1.5833333333333333,171.07639999812818,27.118900001369184,205.2244000005885,27.118900001369184,5.593742813769774,19,3.9651661376538527e-07,0.9694115480023165,1.0046952531740898,0.39452716531703685,4.682567359826923e-06,0.772571498460295,,,0.22451767114845858,0.1562693277989415,4.996475e-03;7.836870e-04;9.318722e-05;2.543800e-04;9.463996e-05;1.056439e-05;3.275967e-05;2.881191e-06;1.199328e-05;1.079523e-06;4.401380e-06;3.965166e-07,2;2;1;2;2;1;2;1;2;1;2;1,True,10.0,83.05620000101044,3.9656432515577933e-07,0.001139861233175226,0.00016601503499924508,E1
1000,0,250,0.2502502502502503,random,decoupled,1.0,7.73,delta,0.005,1,,0.0,0.9644118402013384,0.030100217822774097,7,104.676,0.6416530571848671,0.08300815746246663,21011.471038287884,48.016288929036754,0.014223194748356052,0.977314948439126,0.161575497497371,1.6291803544768624,False,0.0,60,11802,196.7,192.2571999966749,15182.205799999792,15380.98760000139,15182.205799999792,6.206427686285302,11802,43.01653936289922,1.013175239028604,43.98954815197693,18101.78843470294,1010.3911736079294,1781419.117778036,,1.001235822362074,351178100.95703137,0.1562693277989415,4.996475e-03;1.173438e+00;9.449450e+00;1.644680e+01;2.584355e+01;3.084842e+01;2.968447e+01;3.038823e+01;3.069425e+01;3.191105e+01;3.277615e+01;3.411486e+01;3.456879e+01;3.566675e+01;3.652919e+01;3.661853e+01;3.615709e+01;3.623647e+01;3.406129e+01;3.584455e+01;3.634276e+01;3.687110e+01;3.669518e+01;3.663386e+01;3.746733e+01;3.771179e+01;3.805913e+01;3.734259e+01;3.510832e+01;3.754111e+01;3.659462e+01;3.511481e+01;3.606845e+01;3.684654e+01;4.305538e+01;4.325170e+01;4.323056e+01;4.297378e+01;4.286496e+01;4.282673e+01;4.279121e+01;4.277248e+01;4.276959e+01;4.284265e+01;4.301250e+01;4.319687e+01;4.331860e+01;4.318787e+01;4.297636e+01;4.286081e+01;4.285817e+01;4.287885e+01;4.291910e+01;4.278242e+01;4.296698e+01;4.320332e+01;4.340382e+01;4.339865e+01;4.313751e+01;4.301654e+01,2;200;200;200;200;200;200;200;200;200;200;200;200;200;200;200;200;200;200;200;200;200;200;200;200;200;200;200;200;200;200;200;200;200;200;200;200;200;200;200;200;200;200;200;200;200;200;200;200;200;200;200;200;200;200;200;200;200;200;200,,,,,,,E1
1000,1,250,0.2502502502502503,random,coupled,1.0,7.73,delta,0.005,1,,0.0,0.9654475774238963,0.0291236421307704,7,111.416,0.6416530571848671,0.08300815746246663,28435.2333125541,42.11315048027373,0.015564202334621096,0.977348395104357,0.15802042799440322,1.7340819134700083,True,1.0,12,19,1.5833333333333333,176.73279999871738,29.473499998857733,212.48869999908493,29.473499998857733,5.146865896682753,19,4.106229360978375e-07,0.9704472394975536,1.0046811709097048,0.39450673076510256,4.871419611620998e-06,0.9144029902249144,,,0.22438946110406285,0.15610313813957616,4.996497e-03;7.892085e-04;9.772303e-05;2.543036e-04;9.501858e-05;1.101083e-05;3.274299e-05;2.982766e-06;1.198594e-05;1.118473e-06;4.398154e-06;4.106229e-07,2;2;1;2;2;1;2;1;2;1;2;1,,,,,,,E1
1000,1,250,0.2502502502502503,random,decoupled,1.0,7.73,delta,0.005,1,,0.0,0.9654475774238963,0.0291236421307704,7,111.416,0.6416530571848671,0.08300815746246663,28435.2333125541,42.11315048027373,0.015564202334621096,0.977348395104357,0.15802042799440322,1.7340819134700083,False,0.0,60,11802,196.7,163.51120000035735,15347.39400000035,15517.079099998227,15347.39400000035,6.139626207289514,11802,37.31094357610121,0.16788113508946817,38.281758734126285,4843.251328210079,2631.036527992832,607437.8167150286,,0.9963938837468841,97489673.50638242,0.15610313813957616,4.996497e-03;1.373499e+00;1.961390e+01;1.579620e+01;1.164048e+01;7.477391e+00;1.040800e+01;2.268555e+01;1.839475e+01;1.590990e+01;1.737799e+01;2.243989e+01;2.201430e+01;2.191150e+01;2.154428e+01;2.112630e+01;2.097154e+01;2.098534e+01;2.106645e+01;2.108625e+01;2.084991e+01;2.098121e+01;2.130760e+01;2.158229e+01;2.160635e+01;2.118957e+01;2.101257e+01;2.099478e+01;2.104425e+01;2.106219e+01;2.095490e+01;2.088293e+01;2.112750e+01;2.352815e+01;2.332960e+01;2.433577e+01;2.693434e+01;2.865455e+01;2.923848e+01;2.907345e+01;2.878974e+01;2.859199e+01;2.850707e+01;2.847776e+01;2.873183e+01;2.948160e+01;3.050447e+01;3.148265e+01;3.214047e+01;3.239284e+01;3.259295e+01;3.287107e+01;3.316995e+01;3.341117e+01;3.362670e+01;3.414468e+01;3.497612e+01;3.592372e+01;3.675447e+01;3.731094e+01,2;200;200;200;200;200;200;200;200;200;200;200;200;200;200;200;200;200;200;200;200;200;200;200;200;200;200;200;200;200;200;200;200;200;200;200;200;200;200;200;200;200;200;200;200;200;200;200;200;200;200;200;200;200;200;200;200;200;200;200,,,,,,,E1
1000,2,250,0.2502502502502503,random,coupled,1.0,7.73,delta,0.005,1,,0.0,0.9652867177121642,0.0294462860921462,7,99.912,0.6416530571848671,0.08300815746246663,20559.15939921627,47.45309723773412,0.014492753623187991,0.9773901107985302,0.16150867459839907,1.5550333178233269,True,1.0,9,15,1.6666666666666667,181.84969999856548,21.616899997752625,209.63649999976042,21.616899997752625,5.540115373270483,15,9.855756591958809e-07,0.9702858439539866,1.0046925703437513,0.39426080525764706,4.913959138658521e-06,0.7558620706562212,,,0.223759074593334,0.15612655682177284,4.996913e-03;7.797125e-04;2.852416e-04;2.760262e-05;8.529182e-05;3.267068e-05;3.638584e-06;1.139535e-05;9.855757e-07,2;2;2;1;2;2;1;2;1,,,,,,,E1
1000,2,250,0.2502502502502503,random,decoupled,1.0,7.73,delta,0.005,1,,0.0,0.9652867177121642,0.0294462860921462,7,99.912,0.6416530571848671,0.08300815746246663,20559.15939921627,47.45309723773412,0.014492753623187991,0.9773901107985302,0.16150867459839907,1.5550333178233269,False,0.0,60,11802,196.7,172.0844000010402,15792.721300000267,15970.13639999932,15792.721300000267,5.966499416158151,11802,83.99857675871627,0.12701373047531672,84.9716618903237,81372.29856304031,1633.6768392389645,4566612.828820769,,0.9995120325265514,1208729187.3108017,0.15612655682177284,4.996913e-03;5.891570e-01;1.743324e+01;3.034134e+01;4.251416e+01;5.408464e+01;6.313420e+01;7.234500e+01;7.491296e+01;8.020524e+01;8.194227e+01;8.245682e+01;8.301005e+01;8.168957e+01;8.066301e+01;8.153063e+01;8.232127e+01;8.208719e+01;8.086538e+01;8.257342e+01;8.361140e+01;8.363176e+01;8.410389e+01;8.201233e+01;8.127034e+01;8.263907e+01;8.348024e+01;8.319387e+01;8.351016e+01;7.830790e+01;8.305852e+01;8.318944e+01;8.431522e+01;8.406829e+01;8.427742e+01;8.220897e+01;8.205500e+01;8.324895e+01;8.411809e+01;8.363104e+01;8.232968e+01;8.384916e+01;8.451359e+01;8.514851e+01;8.392824e+01;7.818681e+01;8.221729e+01;8.556503e+01;8.480552e+01;8.389519e+01;8.484955e+01;8.574934e+01;8.577695e+01;8.491771e+01;8.494872e+01;8.504327e+01;8.521127e+01;8.486532e+01;8.510282e+01;8.399858e+01,2;200;200;200;200;200;200;200;200;200;200;200;200;200;200;200;200;200;200;200;200;200;200;200;200;200;200;200;200;200;200;200;200;200;200;200;200;200;200;200;200;200;200;200;200;200;200;200;200;200;200;200;200;200;200;200;200;200;200;200,,,,,,,E1
1000,3,250,0.2502502502502503,random,coupled,1.0,7.73,delta,0.005,1,,0.0,0.9624319979237107,0.031677636907714316,7,105.736,0.6416530571848671,0.08300815746246663,22226.03994462174,47.946144950983985,0.014880952380949853,0.9772710796938923,0.16327868014773098,1.6456782257725888,True,1.0,11,18,1.6363636363636365,180.3768999998283,27.18970000205445,214.19109999987995,27.18970000205445,5.285536213681693,18,3.9851493405240745e-07,0.9674317255280845,1.004673508539039,0.1970215500524682,4.870895261888961e-06,0.7511377946094507,,,0.2239961998036236,0.15658562568161352,4.996858e-03;7.795509e-04;2.856043e-04;2.972429e-05;8.492765e-05;3.256860e-05;3.954965e-06;1.131441e-05;1.072988e-06;4.147277e-06;3.985149e-07,2;2;2;1;2;2;1;2;1;2;1,,,,,,,E1
1000,3,250,0.2502502502502503,random,decoupled,1.0,7.73,delta,0.005,1,,0.0,0.9624319979237107,0.031677636907714316,7,105.736,0.6416530571848671,0.08300815746246663,22226.03994462174,47.946144950983985,0.014880952380949853,0.9772710796938923,0.16327868014773098,1.6456782257725888,False,0.0,60,11802,196.7,182.15950000012526,15534.317499997996,15722.18040000007,15534.317499997996,6.065748457633375,11802,90.33103407112526,1.000280679001315,91.30263830861658,69876.6656868602,1926.1578191195986,3412738.377676757,,1.0006471393058614,1179520226.8384411,0.15658562568161352,4.996858e-03;2.051614e+00;5.383545e+00;1.170380e+01;2.823550e+01;3.724355e+01;4.382699e+01;5.032895e+01;5.585854e+01;5.984372e+01;6.220427e+01;6.351809e+01;6.450412e+01;6.550376e+01;6.671294e+01;6.818039e+01;7.012486e+01;7.264096e+01;7.543481e+01;7.808139e+01;8.043767e+01;8.249292e+01;8.419980e+01;8.584853e+01;8.785913e+01;9.088959e+01;9.006054e+01;8.976762e+01;8.999198e+01;9.027748e+01;9.008117e+01;8.936720e+01;8.970539e+01;9.039269e+01;9.087754e+01;9.062525e+01;9.048371e+01;8.997458e+01;9.004515e+01;9.013275e+01;9.036438e+01;8.977997e+01;8.956993e+01;9.015956e+01;9.081995e+01;9.081611e+01;9.081847e+01;9.005439e+01;9.016817e+01;9.031095e+01;9.055601e+01;9.002976e+01;8.966156e+01;9.013909e+01;9.075453e+01;9.087174e+01;9.021628e+01;9.021247e+01;9.026111e+01;9.033103e+01,2;200;200;200;200;200;200;200;200;200;200;200;200;200;200;200;200;200;200;200;200;200;200;200;200;200;200;200;200;200;200;200;200;200;200;200;200;200;200;200;200;200;200;200;200;200;200;200;200;200;200;200;200;200;200;200;200;200;200;200,,,,,,,E1
1000,4,250,0.2502502502502503,random,coupled,1.0,7.73,delta,0.005,1,,0.0,0.9649348627287344,0.029759155503896566,7,97.744,0.6416530571848671,0.08300815746246663,25635.801261730467,46.985725813332245,0.014423076923076029,0.9762930649023351,0.15418916927576878,1.5212905018148193,True,1.0,12,19,1.5833333333333333,182.12689999927534,27.90639999875566,215.73690000150236,27.90639999875566,5.435891121992234,19,4.176135406375181e-07,0.9699351084185396,1.0046848687540129,0.3945132853616524,4.725878202686823e-06,0.7723481215024529,,,0.22448168079819003,0.15616584770804876,4.996477e-03;7.886356e-04;9.962091e-05;2.543193e-04;9.527607e-05;1.121844e-05;3.274768e-05;3.032788e-06;1.198824e-05;1.137656e-06;4.399163e-06;4.176135e-07,2;2;1;2;2;1;2;1;2;1;2;1,,,,,,,E1
1000,4,250,0.2502502502502503,random,decoupled,1.0,7.73,delta,0.005,1,,0.0,0.9649348627287344,0.029759155503896566,7,97.744,0.6416530571848671,0.08300815746246663,25635.801261730467,46.985725813332245,0.014423076923076029,0.9762930649023351,0.15418916927576878,1.5212905018148193,False,0.0,60,11802,196.7,182.11190000147326,15559.161400000448,15747.444800002995,15559.161400000448,6.05606304823069,11802,67.59845251034531,0.022050973152488683,68.57066222724592,26820.0087195505,1483.6877260124938,1678221.929015149,,1.0006478061399267,538358508.7254916,0.15616584770804876,4.996477e-03;4.785393e+00;1.130774e+01;7.560230e+00;1.416630e+01;2.332513e+01;2.490140e+01;2.716371e+01;2.980014e+01;3.224835e+01;3.413412e+01;3.527712e+01;3.580413e+01;3.628554e+01;3.675452e+01;3.721347e+01;3.760965e+01;3.801703e+01;3.875189e+01;3.968248e+01;4.063381e+01;4.143935e+01;4.198428e+01;4.249091e+01;4.308498e+01;4.368395e+01;4.420402e+01;4.459452e+01;4.510013e+01;4.580899e+01;4.662534e+01;4.742300e+01;4.808919e+01;4.864327e+01;4.928984e+01;4.999443e+01;5.065463e+01;5.118934e+01;5.167295e+01;5.230099e+01;5.307099e+01;5.389387e+01;5.466632e+01;5.533727e+01;5.602445e+01;5.680422e+01;5.759297e+01;5.829000e+01;5.887818e+01;5.950118e+01;6.025851e+01;6.111241e+01;6.197680e+01;6.277767e+01;6.355747e+01;6.439627e+01;6.529259e+01;6.614763e+01;6.689289e+01;6.759845e+01,2;200;200;200;200;200;200;200;200;200;200;200;200;200;200;200;200;200;200;200;200;200;200;200;200;200;200;200;200;200;200;200;200;200;200;200;200;200;200;200;200;200;200;200;200;200;200;200;200;200;200;200;200;200;200;200;200;200;200;200,,,,,,,E1
1000,0,500,0.5005005005005005,random,coupled,1.0,7.73,delta,0.005,1,,0.0,0.9644118402013384,0.030100217822774097,7,104.608,0.6416530571848671,0.08300815746246663,49976.70093467548,85.57760247223369,0.007843137254900094,0.9885593193831682,0.15890914673874296,1.628122000469213,True,1.0,12,19,1.5833333333333333,197.73269999859622,30.96220000225003,235.95560000103433,30.96220000225003,4.899398362809368,19,4.2442100434136876e-07,0.9694114351039883,1.0046952531727378,0.39452714406702344,4.056227570181261e-06,1.2508831038620394,,,0.22390005692490672,0.15626998988420518,4.993189e-03;8.034522e-04;1.026819e-04;2.544147e-04;9.548482e-05;1.145287e-05;3.276413e-05;3.080820e-06;1.199491e-05;1.156565e-06;4.401978e-06;4.244210e-07,2;2;1;2;2;1;2;1;2;1;2;1,True,11.0,80.1636000032886,4.2445371217780803e-07,0.0011400162787820827,0.00016603628501266066,E1
1000,0,500,0.5005005005005005,random,decoupled,1.0,7.73,delta,0.005,1,,0.0,0.9644118402013384,0.030100217822774097,7,104.608,0.6416530571848671,0.08300815746246663,49976.70093467548,85.57760247223369,0.007843137254900094,0.9885593193831682,0.15890914673874296,1.628122000469213,False,0.0,60,11802,196.7,192.34730000243871,15547.636800001783,15746.58350000027,15547.636800001783,6.0605520715527135,11802,89.10416763213786,0.3159690189447436,90.07358322518591,74222.86128786067,4418.316842419731,9509738.0008555,,0.999912238962895,2763866268.967653,0.15626998988420518,4.993189e-03;6.588996e-01;1.149505e+01;1.983220e+01;3.152754e+01;4.237020e+01;5.332607e+01;6.333788e+01;7.154052e+01;7.681021e+01;8.031625e+01;8.250548e+01;8.439696e+01;8.557155e+01;8.559903e+01;8.584995e+01;8.483422e+01;8.489630e+01;8.569802e+01;8.590358e+01;8.674310e+01;8.693874e+01;8.747114e+01;8.816297e+01;8.801912e+01;8.751173e+01;8.771499e+01;8.718405e+01;8.702916e+01;8.762952e+01;8.771876e+01;8.773488e+01;8.840473e+01;8.859634e+01;8.905628e+01;8.861194e+01;8.819920e+01;8.843321e+01;8.801270e+01;8.795058e+01;8.849423e+01;8.849437e+01;8.848339e+01;8.912109e+01;8.910401e+01;8.940952e+01;8.885880e+01;8.850198e+01;8.882404e+01;8.856613e+01;8.847693e+01;8.897613e+01;8.900515e+01;8.899654e+01;8.954575e+01;8.931481e+01;8.893519e+01;8.906474e+01;8.868199e+01;8.910417e+01,2;200;200;200;200;200;200;200;200;200;200;200;200;200;200;200;200;200;200;200;200;200;200;200;200;200;200;200;200;200;200;200;200;200;200;200;200;200;200;200;200;200;200;200;200;200;200;200;200;200;200;200;200;200;200;200;200;200;200;200,,,,,,,E1
1000,1,500,0.5005005005005005,random,coupled,1.0,7.73,delta,0.005,1,,0.0,0.9654475774238963,0.0291236421307704,7,103.374,0.6416530571848671,0.08300815746246663,52108.78354490544,86.76032649051481,0.007518796992478172,0.9885127234235295,0.15941661583831912,1.6089159880363177,True,1.0,12,19,1.5833333333333333,198.81969999914872,30.337299998791423,236.27200000191806,30.337299998791423,5.000318156396359,19,4.1175484499778037e-07,0.9704472254894642,1.004674981909027,0.39449664779575727,4.236861163558911e-06,0.8826890032144019,,,0.2236211015711515,0.15610313813957616,4.992336e-03;8.012022e-04;9.877471e-05;2.543104e-04;9.512320e-05;1.105228e-05;3.274089e-05;2.990966e-06;1.198462e-05;1.121666e-06;4.397437e-06;4.117548e-07,2;2;1;2;2;1;2;1;2;1;2;1,,,,,,,E1
1000,1,500,0.5005005005005005,random,decoupled,1.0,7.73,delta,0.005,1,,0.0,0.9654475774238963,0.0291236421307704,7,103.374,0.6416530571848671,0.08300815746246663,52108.78354490544,86.76032649051481,0.007518796992478172,0.9885127234235295,0.15941661583831912,1.6089159880363177,False,0.0,60,11802,196.7,242.3843999968085,15727.831600001082,15976.709200000187,15727.831600001082,5.9911159282754225,11802,85.51582735595281,0.617885352394575,86.48634415840985,70626.99180297395,8460.519234370853,12013282.792239796,,1.001379921235417,2740719037.9457383,0.15610313813957616,4.992336e-03;1.138354e+00;1.405234e+01;2.844649e+01;3.578676e+01;4.206335e+01;4.224469e+01;4.443059e+01;5.552503e+01;6.595173e+01;7.350965e+01;7.888555e+01;8.180030e+01;8.379870e+01;8.555311e+01;8.624661e+01;8.538099e+01;8.530977e+01;8.406710e+01;8.474217e+01;8.511669e+01;8.574508e+01;8.492931e+01;8.557101e+01;8.666876e+01;8.658196e+01;8.684805e+01;8.460268e+01;8.468006e+01;8.591793e+01;8.588669e+01;8.499519e+01;8.515621e+01;8.624775e+01;8.637134e+01;8.697110e+01;8.589713e+01;8.555376e+01;8.613713e+01;8.553940e+01;8.586510e+01;8.556954e+01;8.592533e+01;8.669698e+01;8.654976e+01;8.625198e+01;8.688898e+01;8.622131e+01;8.542376e+01;8.592754e+01;8.558195e+01;8.636703e+01;8.626098e+01;8.606073e+01;8.686237e+01;8.680195e+01;8.645488e+01;8.684273e+01;8.594594e+01;8.551583e+01,2;200;200;200;200;200;200;200;200;200;200;200;200;200;200;200;200;200;200;200;200;200;200;200;200;200;200;200;200;200;200;200;200;200;200;200;200;200;200;200;200;200;200;200;200;200;200;200;200;200;200;200;200;200;200;200;200;200;200;200,,,,,,,E1
1000,2,500,0.5005005005005005,random,coupled,1.0,7.73,delta,0.005,1,,0.0,0.9652867177121642,0.0294462860921462,7,98.706,0.6416530571848671,0.08300815746246663,46341.51541796346,86.99036041463984,0.007633587786255735,0.9883523410382087,0.15633202106805646,1.5362630982171317,True,1.0,12,19,1.5833333333333333,222.8039000001445,28.77989999979036,259.13219999711146,28.77989999979036,5.270906153291185,19,4.040121800441554e-07,0.9702863232476561,1.00469258441831,0.3945241913176068,4.1000919304199175e-06,1.0533710056019916,,,0.22387965880946503,0.1561297550475254,4.993194e-03;7.948179e-04;9.801275e-05;2.543942e-04;9.434336e-05;1.092792e-05;3.275918e-05;2.952308e-06;1.199259e-05;1.103642e-06;4.400996e-06;4.040122e-07,2;2;1;2;2;1;2;1;2;1;2;1,,,,,,,E1
1000,2,500,0.5005005005005005,random,decoupled,1.0,7.73,delta,0.005,1,,0.0,0.9652867177121642,0.0294462860921462,7,98.706,0.6416530571848671,0.08300815746246663,46341.51541796346,86.99036041463984,0.007633587786255735,0.9883523410382087,0.15633202106805646,1.5362630982171317,False,0.0,60,11802,196.7,209.79629999783356,15382.43539999894,15598.536600002262,15382.43539999894,6.12564005411045,11802,53.89454625952144,0.450502863814945,54.86706330653502,18682.510478555672,13235.809409460115,5117123.0537346285,,1.000140052225268,615876185.7198355,0.1561297550475254,4.993194e-03;7.890767e-01;1.190062e+01;1.632784e+01;2.505422e+01;3.103513e+01;3.226907e+01;3.471008e+01;3.568387e+01;3.651610e+01;3.731853e+01;3.762849e+01;3.782471e+01;3.697191e+01;3.733251e+01;3.847818e+01;3.928280e+01;3.954704e+01;3.985331e+01;4.050980e+01;4.046596e+01;4.063602e+01;3.952541e+01;3.968685e+01;4.050271e+01;4.086425e+01;4.138063e+01;4.126865e+01;4.165214e+01;4.168773e+01;4.209701e+01;4.215262e+01;4.207119e+01;4.237294e+01;4.294542e+01;4.341489e+01;4.380698e+01;4.413279e+01;4.445894e+01;4.483316e+01;4.524582e+01;4.565204e+01;4.584466e+01;4.604078e+01;4.646450e+01;4.706139e+01;4.767031e+01;4.817420e+01;4.841261e+01;4.892073e+01;4.952433e+01;5.008722e+01;5.048441e+01;5.067904e+01;5.110520e+01;5.169142e+01;5.233858e+01;5.294318e+01;5.341525e+01;5.389455e+01,2;200;200;200;200;200;200;200;200;200;200;200;200;200;200;200;200;200;200;200;200;200;200;200;200;200;200;200;200;200;200;200;200;200;200;200;200;200;200;200;200;200;200;200;200;200;200;200;200;200;200;200;200;200;200;200;200;200;200;200,,,,,,,E1
1000,3,500,0.5005005005005005,random,coupled,1.0,7.73,delta,0.005,1,,0.0,0.9624319979237107,0.031677636907714316,7,106.692,0.6416530571848671,0.08300815746246663,50114.49114537713,88.43692162032349,0.00757575757575532,0.9886940445647056,0.1630740439496295,1.6605574379977492,True,1.0,12,19,1.5833333333333333,245.05710000084946,33.999800001765834,286.81890000007115,33.999800001765834,4.46167777434342,19,4.4601935489385625e-07,0.967431640648354,1.004659417150342,0.3944757169620979,4.236983476666446e-06,0.921753606633954,,,0.2236851254329935,0.15658679468953177,4.992630e-03;8.127646e-04;1.099229e-04;2.542301e-04;9.609240e-05;1.215984e-05;3.272508e-05;3.233892e-06;1.197802e-05;1.216475e-06;4.394491e-06;4.460194e-07,2;2;1;2;2;1;2;1;2;1;2;1,,,,,,,E1
1000,3,500,0.5005005005005005,random,decoupled,1.0,7.73,delta,0.005,1,,0.0,0.9624319979237107,0.031677636907714316,7,106.692,0.6416530571848671,0.08300815746246663,50114.49114537713,88.43692162032349,0.00757575757575532,0.9886940445647056,0.1630740439496295,1.6605574379977492,False,0.0,60,11802,196.7,213.39609999995446,15561.08790000144,15780.631099998573,15561.08790000144,6.055313293101524,11802,98.55756050814739,0.7142829634047216,99.52500970523676,99340.17431495826,17171.329909894863,14370377.201667765,,0.9996255530750572,3776792715.1933694,0.15658679468953177,4.992630e-03;2.473325e+00;3.612136e+01;5.723357e+01;7.318513e+01;8.279100e+01;8.898293e+01;9.319943e+01;9.588823e+01;9.825747e+01;9.941789e+01;9.898487e+01;9.709661e+01;9.636501e+01;9.684093e+01;9.654365e+01;9.711251e+01;9.739754e+01;9.780271e+01;9.882661e+01;9.908405e+01;9.962997e+01;9.854542e+01;9.790716e+01;9.838848e+01;9.759314e+01;9.727135e+01;9.820573e+01;9.838468e+01;9.841510e+01;9.923180e+01;9.910148e+01;9.953333e+01;9.854531e+01;9.801356e+01;9.854447e+01;9.810008e+01;9.789570e+01;9.867625e+01;9.878894e+01;9.874451e+01;9.943539e+01;9.900691e+01;9.843596e+01;9.871100e+01;9.805296e+01;9.861349e+01;9.846098e+01;9.829324e+01;9.902480e+01;9.908864e+01;9.894381e+01;9.949372e+01;9.883498e+01;9.826428e+01;9.868697e+01;9.820327e+01;9.881629e+01;9.870061e+01;9.855756e+01,2;200;200;200;200;200;200;200;200;200;200;200;200;200;200;200;200;200;200;200;200;200;200;200;200;200;200;200;200;200;200;200;200;200;200;200;200;200;200;200;200;200;200;200;200;200;200;200;200;200;200;200;200;200;200;200;200;200;200;200,,,,,,,E1
1000,4,500,0.5005005005005005,random,coupled,1.0,7.73,delta,0.005,1,,0.0,0.9649348627287344,0.029759155503896566,7,105.448,0.6416530571848671,0.08300815746246663,60415.367596299155,86.88265051053989,0.007407407407406333,0.9883873116302951,0.15659876429505484,1.6411957852693837,True,1.0,12,19,1.5833333333333333,192.7785000007134,30.355599999893457,230.27359999832697,30.355599999893457,4.9973036935699655,19,4.189441669133487e-07,0.9699344437845675,1.0046848687522134,0.39451392965001164,3.907240165428587e-06,1.119221283436779,,,0.22388322245823405,0.15618654451452857,4.993450e-03;8.015900e-04;1.007950e-04;2.543603e-04;9.537158e-05;1.127066e-05;3.275304e-05;3.041687e-06;1.199021e-05;1.141376e-06;4.399881e-06;4.189442e-07,2;2;1;2;2;1;2;1;2;1;2;1,,,,,,,E1
1000,4,500,0.5005005005005005,random,decoupled,1.0,7.73,delta,0.005,1,,0.0,0.9649348627287344,0.029759155503896566,7,105.448,0.6416530571848671,0.08300815746246663,60415.367596299155,86.88265051053989,0.007407407407406333,0.9883873116302951,0.15659876429505484,1.6411957852693837,False,0.0,60,11802,196.7,267.57849999921746,14732.671699999628,15006.911299999047,14732.671699999628,6.395802766446114,11802,84.4794753999292,0.534100100984881,85.44941026265793,68622.81908875649,13712.618332869797,12057999.50904032,,1.000672031285881,2220125395.7229705,0.15618654451452857,4.993450e-03;2.796677e+00;1.354871e+01;3.943156e+01;5.113212e+01;6.036438e+01;6.893466e+01;7.407459e+01;7.729825e+01;7.980150e+01;8.145922e+01;8.229394e+01;8.141997e+01;7.908670e+01;7.889167e+01;8.062286e+01;8.091471e+01;8.060956e+01;8.140259e+01;8.208302e+01;8.241123e+01;8.318728e+01;8.229174e+01;8.080378e+01;8.172339e+01;8.166551e+01;8.236015e+01;8.172817e+01;8.190321e+01;8.298203e+01;8.313815e+01;8.283027e+01;8.333115e+01;8.223546e+01;8.182990e+01;8.255537e+01;8.201383e+01;8.267832e+01;8.266355e+01;8.273048e+01;8.360610e+01;8.509033e+01;8.432239e+01;8.531702e+01;8.550059e+01;8.532862e+01;8.564399e+01;8.497452e+01;8.451336e+01;8.474238e+01;8.439449e+01;8.493063e+01;8.497304e+01;8.490321e+01;8.547602e+01;8.553082e+01;8.524887e+01;8.541135e+01;8.480338e+01;8.447948e+01,2;200;200;200;200;200;200;200;200;200;200;200;200;200;200;200;200;200;200;200;200;200;200;200;200;200;200;200;200;200;200;200;200;200;200;200;200;200;200;200;200;200;200;200;200;200;200;200;200;200;200;200;200;200;200;200;200;200;200;200,,,,,,,E1
1000,0,749,0.7497497497497497,random,coupled,1.0,7.73,delta,0.005,1,,0.0,0.9644118402013384,0.030100217822774097,7,106.93190921228305,0.6416530571848671,0.08300815746246663,120909.20417892486,132.28309884702745,0.005128205128203549,0.9923941982396116,0.16070170344178145,1.6642913920607851,True,1.0,12,19,1.5833333333333333,198.74610000260873,29.441300001053605,235.38429999825894,29.441300001053605,5.152495032303984,19,3.994268770179943e-07,0.9694114421334934,1.0046952531718458,0.39452712845921156,3.748829668940604e-06,1.2955614828692428,,,0.2232420687813725,0.15627059328191115,4.989849e-03;8.019845e-04;9.958822e-05;2.544389e-04;9.475045e-05;1.092543e-05;3.276726e-05;2.933954e-06;1.199606e-05;1.091987e-06;4.402396e-06;3.994269e-07,2;2;1;2;2;1;2;1;2;1;2;1,True,10.0,82.51000000018394,3.994422912434459e-07,0.0011401245047681747,0.00016605189282453692,E1
1000,0,749,0.7497497497497497,random,decoupled,1.0,7.73,delta,0.005,1,,0.0,0.9644118402013384,0.030100217822774097,7,106.93190921228305,0.6416530571848671,0.08300815746246663,120909.20417892486,132.28309884702745,0.005128205128203549,0.9923941982396116,0.16070170344178145,1.6642913920607851,False,0.0,60,11802,196.7,198.99679999798536,15667.13389999859,15874.014799999713,15667.13389999859,6.014326743962307,11802,88.0294362930079,0.8066075091041128,89.00131846620671,64274.36552833452,39390.429168337716,24046713.852823325,,0.9996430417272775,3360131279.648035,0.15627059328191115,4.989849e-03;5.571254e+00;1.041394e+01;3.135107e+01;4.511064e+01;5.332456e+01;5.780496e+01;6.001477e+01;6.107647e+01;6.183683e+01;6.271894e+01;6.390292e+01;6.554856e+01;6.770129e+01;7.024955e+01;7.306580e+01;7.550843e+01;7.783323e+01;7.904917e+01;8.006799e+01;8.089235e+01;8.068393e+01;7.940826e+01;7.999274e+01;7.960845e+01;7.898446e+01;7.971791e+01;8.004634e+01;8.008758e+01;8.174185e+01;8.435005e+01;8.570067e+01;8.607826e+01;8.624413e+01;8.703513e+01;8.725586e+01;8.713802e+01;8.726926e+01;8.669469e+01;8.648491e+01;8.675384e+01;8.678702e+01;8.726748e+01;8.733010e+01;8.760413e+01;8.806378e+01;8.807747e+01;8.773648e+01;8.780528e+01;8.739877e+01;8.723085e+01;8.754263e+01;8.755999e+01;8.758108e+01;8.808167e+01;8.820813e+01;8.853587e+01;8.836496e+01;8.793822e+01;8.802944e+01,2;200;200;200;200;200;200;200;200;200;200;200;200;200;200;200;200;200;200;200;200;200;200;200;200;200;200;200;200;200;200;200;200;200;200;200;200;200;200;200;200;200;200;200;200;200;200;200;200;200;200;200;200;200;200;200;200;200;200;200,,,,,,,E1
1000,1,749,0.7497497497497497,random,coupled,1.0,7.73,delta,0.005,1,,0.0,0.9654475774238963,0.0291236421307704,7,105.67823765020027,0.6416530571848671,0.08300815746246663,106994.91431976996,134.3768259566625,0.004999999999999434,0.9923302047485486,0.15912932496117468,1.6447792108547845,True,1.0,12,19,1.5833333333333333,201.05580000017653,30.106300000625197,239.10679999971762,30.106300000625197,5.038684660581002,19,4.117744774045917e-07,0.9704471848855653,1.0046749819084582,0.3944967801003661,3.927434508184432e-06,1.0542316134391594,,,0.22320189593427292,0.15610423990479852,4.989926e-03;8.057308e-04;9.907984e-05;2.543254e-04;9.515439e-05;1.105433e-05;3.274283e-05;2.991062e-06;1.198533e-05;1.121723e-06;4.397697e-06;4.117745e-07,2;2;1;2;2;1;2;1;2;1;2;1,,,,,,,E1
1000,1,749,0.7497497497497497,random,decoupled,1.0,7.73,delta,0.005,1,,0.0,0.9654475774238963,0.0291236421307704,7,105.67823765020027,0.6416530571848671,0.08300815746246663,106994.91431976996,134.3768259566625,0.004999999999999434,0.9923302047485486,0.15912932496117468,1.6447792108547845,False,0.0,60,11802,196.7,195.08589999895776,14307.341499999893,14510.290999998688,14307.341499999893,6.585937884826521,11802,84.65313063693812,0.18292962471373128,85.6236474393951,69593.76713286436,23347.335051638798,22529243.384619016,,0.9995503713375469,3603073246.54326,0.15610423990479852,4.989926e-03;2.751581e+00;1.043114e+01;2.613527e+01;3.657786e+01;4.388195e+01;5.636157e+01;6.269096e+01;6.908051e+01;7.453253e+01;7.790336e+01;7.991962e+01;8.132306e+01;8.131030e+01;8.020865e+01;7.989027e+01;7.966003e+01;8.089809e+01;8.165693e+01;8.198458e+01;8.296689e+01;8.341845e+01;8.338482e+01;8.384031e+01;8.269598e+01;8.229248e+01;8.301986e+01;8.270678e+01;8.332230e+01;8.345264e+01;8.359947e+01;8.440667e+01;8.439512e+01;8.401313e+01;8.433344e+01;8.354338e+01;8.316423e+01;8.380056e+01;8.362176e+01;8.428763e+01;8.415639e+01;8.433058e+01;8.509387e+01;8.480199e+01;8.419697e+01;8.454189e+01;8.402143e+01;8.364563e+01;8.426924e+01;8.420819e+01;8.405420e+01;8.475029e+01;8.478981e+01;8.541293e+01;8.490082e+01;8.431962e+01;8.472853e+01;8.430444e+01;8.401771e+01;8.465313e+01,2;200;200;200;200;200;200;200;200;200;200;200;200;200;200;200;200;200;200;200;200;200;200;200;200;200;200;200;200;200;200;200;200;200;200;200;200;200;200;200;200;200;200;200;200;200;200;200;200;200;200;200;200;200;200;200;200;200;200;200,,,,,,,E1
1000,2,749,0.7497497497497497,random,coupled,1.0,7.73,delta,0.005,1,,0.0,0.9652867177121642,0.0294462860921462,7,102.0547396528705,0.6416530571848671,0.08300815746246663,87718.71113798,128.90645375439436,0.005257623554152592,0.9923267675242802,0.15906654718689942,1.5883829810433245,True,1.0,12,19,1.5833333333333333,269.5678999989468,38.58800000307383,316.24050000027637,38.58800000307383,3.931174250749358,19,3.950162750232522e-07,0.9702863226958892,1.0046925844174661,0.3945244662498618,3.8069895696489313e-06,1.3313685730480607,,,0.2232406418748957,0.15613005291019288,4.989941e-03;7.996431e-04;9.693691e-05;2.544169e-04;9.463493e-05;1.072270e-05;3.276211e-05;2.901997e-06;1.199367e-05;1.081013e-06;4.401388e-06;3.950163e-07,2;2;1;2;2;1;2;1;2;1;2;1,,,,,,,E1
1000,2,749,0.7497497497497497,random,decoupled,1.0,7.73,delta,0.005,1,,0.0,0.9652867177121642,0.0294462860921462,7,102.0547396528705,0.6416530571848671,0.08300815746246663,87718.71113798,128.90645375439436,0.005257623554152592,0.9923267675242802,0.15906654718689942,1.5883829810433245,False,0.0,60,11802,196.7,231.15989999860176,17539.929700000357,17778.161499998532,17539.929700000357,5.372157359102647,11802,77.90672035220128,0.12372111705046282,78.87922959381049,61062.834329989324,2402.6888759703183,11437144.443588316,,0.9994751344308521,2914630666.1990805,0.15613005291019288,4.989941e-03;5.848368e+00;4.857809e+00;1.094548e+01;1.516503e+01;1.926830e+01;2.617202e+01;3.435327e+01;4.848702e+01;5.614576e+01;6.520529e+01;6.980341e+01;7.237017e+01;7.240253e+01;7.158546e+01;7.223920e+01;7.190805e+01;7.347587e+01;7.425127e+01;7.442356e+01;7.581793e+01;7.639788e+01;7.735230e+01;7.656084e+01;7.432289e+01;7.318164e+01;7.548874e+01;7.581634e+01;7.665187e+01;7.630279e+01;7.649772e+01;7.762319e+01;7.759144e+01;7.810354e+01;7.672543e+01;7.598192e+01;7.717194e+01;7.709953e+01;7.650124e+01;7.708239e+01;7.744723e+01;7.764864e+01;7.839422e+01;7.756077e+01;7.679253e+01;7.748852e+01;7.723837e+01;7.777522e+01;7.712835e+01;7.726343e+01;7.815824e+01;7.815842e+01;7.780656e+01;7.836118e+01;7.774064e+01;7.726308e+01;7.778210e+01;7.720530e+01;7.790652e+01;7.790672e+01,2;200;200;200;200;200;200;200;200;200;200;200;200;200;200;200;200;200;200;200;200;200;200;200;200;200;200;200;200;200;200;200;200;200;200;200;200;200;200;200;200;200;200;200;200;200;200;200;200;200;200;200;200;200;200;200;200;200;200;200,,,,,,,E1
1000,3,749,0.7497497497497497,random,coupled,1.0,7.73,delta,0.005,1,,0.0,0.9624319979237107,0.031677636907714316,7,104.52469959946596,0.6416530571848671,0.08300815746246663,86972.98634371287,135.48325460378248,0.0049751243781084135,0.9924211867315481,0.16258598030393995,1.6268255105759848,True,1.0,12,19,1.5833333333333333,229.61969999960274,32.724799999414245,270.59409999856143,32.724799999414245,4.635510438649443,19,4.462232812141309e-07,0.9674315517004295,1.0046790125620597,0.3945020207718444,3.967521057122136e-06,1.3833921044390896,,,0.2231072255441925,0.15658957130241236,4.989461e-03;8.197959e-04;1.105022e-04;2.543444e-04;9.614865e-05;1.216994e-05;3.274623e-05;3.235182e-06;1.198666e-05;1.217053e-06;4.398310e-06;4.462233e-07,2;2;1;2;2;1;2;1;2;1;2;1,,,,,,,E1
1000,3,749,0.7497497497497497,random,decoupled,1.0,7.73,delta,0.005,1,,0.0,0.9624319979237107,0.031677636907714316,7,104.52469959946596,0.6416530571848671,0.08300815746246663,86972.98634371287,135.48325460378248,0.0049751243781084135,0.9924211867315481,0.16258598030393995,1.6268255105759848,False,0.0,60,11802,196.7,229.68760000003385,20769.939299996622,21009.48739999876,20769.939299996622,4.536713422942711,11802,83.35112956772878,0.4311909769314208,84.3227338052201,67414.34565673968,27188.550518925138,22589454.248085484,,1.0005336677704426,3881884432.2825937,0.15658957130241236,4.989461e-03;2.727310e+00;8.418066e+00;3.730611e+01;4.142336e+01;4.260625e+01;4.955058e+01;5.446351e+01;6.185272e+01;6.316666e+01;6.651742e+01;6.914330e+01;7.204024e+01;7.403218e+01;7.545986e+01;7.702643e+01;7.739115e+01;7.691001e+01;7.724427e+01;7.707436e+01;7.838936e+01;7.886717e+01;7.906585e+01;8.003298e+01;8.054632e+01;8.066254e+01;8.123216e+01;8.055659e+01;8.011198e+01;8.069807e+01;8.055382e+01;8.126234e+01;8.138326e+01;8.141953e+01;8.220210e+01;8.234475e+01;8.211368e+01;8.241275e+01;8.182658e+01;8.151748e+01;8.203470e+01;8.192097e+01;8.251823e+01;8.242033e+01;8.260877e+01;8.330938e+01;8.314852e+01;8.272598e+01;8.298631e+01;8.253985e+01;8.226483e+01;8.278514e+01;8.273308e+01;8.260438e+01;8.322645e+01;8.334617e+01;8.388904e+01;8.350974e+01;8.306773e+01;8.335113e+01,2;200;200;200;200;200;200;200;200;200;200;200;200;200;200;200;200;200;200;200;200;200;200;200;200;200;200;200;200;200;200;200;200;200;200;200;200;200;200;200;200;200;200;200;200;200;200;200;200;200;200;200;200;200;200;200;200;200;200;200,,,,,,,E1
1000,4,749,0.7497497497497497,random,coupled,1.0,7.73,delta,0.005,1,,0.0,0.9649348627287344,0.029759155503896566,7,106.3644859813084,0.6416530571848671,0.08300815746246663,90500.59213674565,129.02679899542017,0.00515463917525741,0.9923981259609627,0.1607702623471302,1.655460000140997,True,1.0,12,19,1.5833333333333333,230.76320000109263,35.13070000190055,273.8844999985304,35.13070000190055,4.3180509352729475,19,4.1896647817729615e-07,0.9699344530910494,1.0046848687512349,0.39451395806407485,3.6256656094806047e-06,1.1200167877630978,,,0.22323152774833935,0.15618625336819286,4.989836e-03;8.097798e-04;1.013390e-04;2.543861e-04;9.543027e-05;1.127376e-05;3.275640e-05;3.041780e-06;1.199143e-05;1.141442e-06;4.400331e-06;4.189665e-07,2;2;1;2;2;1;2;1;2;1;2;1,,,,,,,E1
1000,4,749,0.7497497497497497,random,decoupled,1.0,7.73,delta,0.005,1,,0.0,0.9649348627287344,0.029759155503896566,7,106.3644859813084,0.6416530571848671,0.08300815746246663,90500.59213674565,129.02679899542017,0.00515463917525741,0.9923981259609627,0.1607702623471302,1.655460000140997,False,0.0,60,11802,196.7,273.27169999989565,20675.14149999988,20956.103199998324,20675.14149999988,4.557514753454071,11802,86.34123704999087,0.23546287470627542,87.31117372545722,39925.85367228871,3770.285829804806,7624290.353764278,,0.9996038268658678,2226760311.110858,0.15618625336819286,4.989836e-03;2.270038e+00;1.152516e+01;2.720466e+01;3.524041e+01;3.944542e+01;4.145878e+01;4.201756e+01;4.237470e+01;4.259204e+01;4.301132e+01;4.304104e+01;4.339746e+01;4.434149e+01;4.549750e+01;4.660522e+01;4.756352e+01;4.825195e+01;4.880576e+01;4.939711e+01;5.002150e+01;5.062733e+01;5.111349e+01;5.173889e+01;5.262516e+01;5.365662e+01;5.466825e+01;5.552378e+01;5.617828e+01;5.693795e+01;5.775393e+01;5.854024e+01;5.922588e+01;5.985894e+01;6.068537e+01;6.168241e+01;6.274443e+01;6.374880e+01;6.461894e+01;6.547104e+01;6.641160e+01;6.737085e+01;6.825917e+01;6.905278e+01;6.990541e+01;7.092315e+01;7.205344e+01;7.319551e+01;7.425489e+01;7.529152e+01;7.634032e+01;7.745280e+01;7.852954e+01;7.952488e+01;8.052859e+01;8.161101e+01;8.276727e+01;8.413470e+01;8.533909e+01;8.634124e+01,2;200;200;200;200;200;200;200;200;200;200;200;200;200;200;200;200;200;200;200;200;200;200;200;200;200;200;200;200;200;200;200;200;200;200;200;200;200;200;200;200;200;200;200;200;200;200;200;200;200;200;200;200;200;200;200;200;200;200;200,,,,,,,E1
1000,0,989,0.98998998998999,random,coupled,1.0,7.73,delta,0.005,1,,0.0,0.9644118402013384,0.030100217822774097,7,105.30333670374115,0.6416530571848671,0.08300815746246663,156041.4751450931,167.57158142514461,0.004048582995950171,0.9942049358251894,0.1595628120133385,1.6389442414555122,True,1.0,12,19,1.5833333333333333,246.46900000152527,36.138600000413135,292.5842000004195,36.138600000413135,4.197621158491636,19,4.245107692035788e-07,0.9694114156905692,1.004695253171673,0.3945271255454915,3.642832892674331e-06,1.5816254560118543,,,0.2227091707294411,0.15627059328191115,4.987050e-03;8.144981e-04;1.036198e-04;2.544435e-04;9.556519e-05;1.145941e-05;3.276785e-05;3.081344e-06;1.199627e-05;1.156821e-06;4.402476e-06;4.245108e-07,2;2;1;2;2;1;2;1;2;1;2;1,True,7.0,59.64729999686824,4.2451076909255647e-07,0.0011401450498895317,0.00016605480654457994,E1
1000,0,989,0.98998998998999,random,decoupled,1.0,7.73,delta,0.005,1,,0.0,0.9644118402013384,0.030100217822774097,7,105.30333670374115,0.6416530571848671,0.08300815746246663,156041.4751450931,167.57158142514461,0.004048582995950171,0.9942049358251894,0.1595628120133385,1.6389442414555122,False,0.0,60,11802,196.7,255.41750000047614,15782.56329999931,16046.277000001282,15782.56329999931,5.970339584572052,11802,84.76359704929844,0.25262603104243103,85.73547922249725,56313.922990707855,24810.74193164858,27486165.782370094,,0.9995777832008299,3942380070.890935,0.15627059328191115,4.987050e-03;2.364678e+00;9.037243e+00;2.473866e+01;3.488564e+01;4.150436e+01;4.556111e+01;4.766637e+01;4.856854e+01;4.913468e+01;4.965897e+01;5.027387e+01;5.099831e+01;5.195381e+01;5.334654e+01;5.498843e+01;5.662304e+01;5.801872e+01;5.907378e+01;6.001521e+01;6.098215e+01;6.195980e+01;6.291561e+01;6.388064e+01;6.505200e+01;6.647304e+01;6.801619e+01;6.950634e+01;7.082635e+01;7.204705e+01;7.325053e+01;7.448237e+01;7.572266e+01;7.693744e+01;7.815755e+01;7.948420e+01;8.151469e+01;8.364347e+01;8.413153e+01;8.454695e+01;8.468665e+01;8.394005e+01;8.369792e+01;8.440013e+01;8.467604e+01;8.433900e+01;8.414781e+01;8.344683e+01;8.405959e+01;8.455562e+01;8.466320e+01;8.398610e+01;8.220454e+01;8.346694e+01;8.418087e+01;8.433784e+01;8.434952e+01;8.275739e+01;8.415291e+01;8.476360e+01,2;200;200;200;200;200;200;200;200;200;200;200;200;200;200;200;200;200;200;200;200;200;200;200;200;200;200;200;200;200;200;200;200;200;200;200;200;200;200;200;200;200;200;200;200;200;200;200;200;200;200;200;200;200;200;200;200;200;200;200,,,,,,,E1
1000,1,989,0.98998998998999,random,coupled,1.0,7.73,delta,0.005,1,,0.0,0.9654475774238963,0.0291236421307704,7,105.37917087967644,0.6416530571848671,0.08300815746246663,118677.28755386583,165.66771620215317,0.004032258064513674,0.9941967274086467,0.15898266305007178,1.6401245268086493,True,1.0,12,19,1.5833333333333333,263.84929999767337,34.98300000137533,307.92680000013206,34.98300000137533,4.336281965355635,19,4.124802345240042e-07,0.9704471649436618,1.0046811709072037,0.39450763882359996,3.793255622159485e-06,1.5816641337807955,,,0.22257723781511635,0.15610423990479852,4.986625e-03;8.088979e-04;9.971042e-05;2.543684e-04;9.517647e-05;1.108045e-05;3.275137e-05;2.995845e-06;1.198901e-05;1.123654e-06;4.399275e-06;4.124802e-07,2;2;1;2;2;1;2;1;2;1;2;1,,,,,,,E1
1000,1,989,0.98998998998999,random,decoupled,1.0,7.73,delta,0.005,1,,0.0,0.9654475774238963,0.0291236421307704,7,105.37917087967644,0.6416530571848671,0.08300815746246663,118677.28755386583,165.66771620215317,0.004032258064513674,0.9941967274086467,0.15898266305007178,1.6401245268086493,False,0.0,60,11802,196.7,260.36199999725795,15387.955100002728,15656.862299998465,15387.955100002728,6.123442770897044,11802,86.57891178967,0.012461074514571398,87.54953420832668,69988.90869657825,34122.187816140926,37899356.165713206,,0.9997862443196195,5157915616.232434,0.15610423990479852,4.986625e-03;2.624055e+00;3.836943e+01;5.163660e+01;5.523878e+01;5.676547e+01;6.078794e+01;6.488399e+01;6.869287e+01;7.093746e+01;7.292206e+01;7.386434e+01;7.424690e+01;7.530297e+01;7.626331e+01;7.752483e+01;7.841064e+01;7.910041e+01;8.023251e+01;8.093826e+01;8.108197e+01;8.142087e+01;8.125226e+01;8.110620e+01;8.189020e+01;8.203180e+01;8.266946e+01;8.284946e+01;8.331964e+01;8.397610e+01;8.412609e+01;8.384670e+01;8.399973e+01;8.378560e+01;8.369144e+01;8.417501e+01;8.432388e+01;8.437821e+01;8.496745e+01;8.522933e+01;8.563752e+01;8.551373e+01;8.511799e+01;8.527592e+01;8.515152e+01;8.509929e+01;8.551394e+01;8.556902e+01;8.566522e+01;8.621710e+01;8.630468e+01;8.651437e+01;8.621983e+01;8.588391e+01;8.617637e+01;8.669834e+01;8.655942e+01;8.635786e+01;8.643363e+01;8.657891e+01,2;200;200;200;200;200;200;200;200;200;200;200;200;200;200;200;200;200;200;200;200;200;200;200;200;200;200;200;200;200;200;200;200;200;200;200;200;200;200;200;200;200;200;200;200;200;200;200;200;200;200;200;200;200;200;200;200;200;200;200,,,,,,,E1
1000,2,989,0.98998998998999,random,coupled,1.0,7.73,delta,0.005,1,,0.0,0.9652867177121642,0.0294462860921462,7,102.0788675429727,0.6416530571848671,0.08300815746246663,117894.13230606941,167.35917179364455,0.004032258064514005,0.9941836418175909,0.15891376422827672,1.5887585082372258,True,1.0,12,19,1.5833333333333333,242.96180000237655,35.671499997988576,288.40670000136015,35.671499997988576,4.2525868552921455,19,4.144205015821356e-07,0.9702863032916627,1.0046925844172614,0.3945246045787447,3.747408394302171e-06,1.581647072494723,,,0.2226790921081177,0.15613005291019288,4.987009e-03;8.105253e-04;1.003125e-04;2.544225e-04;9.527914e-05;1.113667e-05;3.276282e-05;3.010463e-06;1.199393e-05;1.129054e-06;4.401483e-06;4.144205e-07,2;2;1;2;2;1;2;1;2;1;2;1,,,,,,,E1
1000,2,989,0.98998998998999,random,decoupled,1.0,7.73,delta,0.005,1,,0.0,0.9652867177121642,0.0294462860921462,7,102.0788675429727,0.6416530571848671,0.08300815746246663,117894.13230606941,167.35917179364455,0.004032258064514005,0.9941836418175909,0.15891376422827672,1.5887585082372258,False,0.0,60,11802,196.7,247.57970000064233,18853.817700000945,19109.921100000065,18853.817700000945,4.997781558903865,11802,84.17188354991198,0.9796138836807788,85.14217026762415,67624.8709262647,12745.254042259518,22676663.53526695,,1.0001436118553764,4804328835.58941,0.15613005291019288,4.987009e-03;2.270006e+00;1.030502e+01;3.176276e+01;4.025944e+01;4.573914e+01;5.061030e+01;5.495588e+01;5.863369e+01;6.150788e+01;6.361293e+01;6.524296e+01;6.668328e+01;6.803208e+01;6.930604e+01;7.056490e+01;7.195630e+01;7.353142e+01;7.512721e+01;7.673721e+01;7.807946e+01;7.942955e+01;8.057727e+01;8.211985e+01;8.331832e+01;8.395187e+01;8.424072e+01;8.410808e+01;8.399066e+01;8.305525e+01;8.366298e+01;8.411474e+01;8.453775e+01;8.425701e+01;8.398406e+01;8.477791e+01;8.391510e+01;8.397061e+01;8.391058e+01;8.378466e+01;8.410622e+01;8.405374e+01;8.416387e+01;8.461023e+01;8.472010e+01;8.470899e+01;8.470998e+01;8.436099e+01;8.396579e+01;8.416723e+01;8.413046e+01;8.442038e+01;8.442313e+01;8.455509e+01;8.496657e+01;8.496760e+01;8.475921e+01;8.472104e+01;8.441329e+01;8.417188e+01,2;200;200;200;200;200;200;200;200;200;200;200;200;200;200;200;200;200;200;200;200;200;200;200;200;200;200;200;200;200;200;200;200;200;200;200;200;200;200;200;200;200;200;200;200;200;200;200;200;200;200;200;200;200;200;200;200;200;200;200,,,,,,,E1
1000,3,989,0.98998998998999,random,coupled,1.0,7.73,delta,0.005,1,,0.0,0.9624319979237107,0.031677636907714316,7,105.15672396359959,0.6416530571848671,0.08300815746246663,137835.22701891343,167.75987351229753,0.004048582995950194,0.9942329107454465,0.16112358698890003,1.6366623564393838,True,1.0,12,19,1.5833333333333333,318.6515999987023,42.61920000135433,369.96170000202255,42.61920000135433,3.5593383262750002,19,4.462428200291413e-07,0.9674315516808907,1.0046790125618357,0.39450201694397496,3.7740233481895916e-06,1.5816637000871263,,,0.22253190245453508,0.15658957130241236,4.986499e-03;8.242056e-04;1.110215e-04;2.543504e-04;9.618298e-05;1.217225e-05;3.274700e-05;3.235270e-06;1.198694e-05;1.217111e-06;4.398413e-06;4.462428e-07,2;2;1;2;2;1;2;1;2;1;2;1,,,,,,,E1
1000,3,989,0.98998998998999,random,decoupled,1.0,7.73,delta,0.005,1,,0.0,0.9624319979237107,0.031677636907714316,7,105.15672396359959,0.6416530571848671,0.08300815746246663,137835.22701891343,167.75987351229753,0.004048582995950194,0.9942329107454465,0.16112358698890003,1.6366623564393838,False,0.0,60,11802,196.7,271.9820999991498,20666.93210000085,20948.05500000075,20666.93210000085,4.559325107377506,11802,91.24059275351595,0.0811599262746055,92.20802475143967,80836.10397437138,50009.8020555769,45412087.587014,,0.9996210199348391,6130004331.913515,0.15658957130241236,4.986499e-03;2.076566e+00;1.283907e+01;2.630360e+01;3.851656e+01;5.574445e+01;6.850091e+01;7.536181e+01;8.047534e+01;8.411796e+01;8.651285e+01;8.829578e+01;8.904251e+01;8.947574e+01;8.841002e+01;8.804069e+01;8.873193e+01;8.874955e+01;8.887671e+01;8.973397e+01;9.018020e+01;9.037226e+01;9.092678e+01;9.063728e+01;9.016178e+01;9.028179e+01;8.983884e+01;9.032872e+01;9.034854e+01;9.034458e+01;9.097561e+01;9.117956e+01;9.112961e+01;9.149693e+01;9.103322e+01;9.057787e+01;9.080629e+01;9.053310e+01;9.100646e+01;9.099788e+01;9.097806e+01;9.158065e+01;9.164241e+01;9.144462e+01;9.166976e+01;9.117080e+01;9.081035e+01;9.111326e+01;9.095083e+01;9.139679e+01;9.131874e+01;9.144845e+01;9.197614e+01;9.186057e+01;9.154876e+01;9.169584e+01;9.125392e+01;9.099380e+01;9.134697e+01;9.124059e+01,2;200;200;200;200;200;200;200;200;200;200;200;200;200;200;200;200;200;200;200;200;200;200;200;200;200;200;200;200;200;200;200;200;200;200;200;200;200;200;200;200;200;200;200;200;200;200;200;200;200;200;200;200;200;200;200;200;200;200;200,,,,,,,E1
1000,4,989,0.98998998998999,random,coupled,1.0,7.73,delta,0.005,1,,0.0,0.9649348627287344,0.029759155503896566,7,105.77553083923155,0.6416530571848671,0.08300815746246663,135938.54838581302,166.70179835778393,0.004016064257027865,0.9942297629969488,0.1605192747887326,1.6462934849212794,True,1.0,12,19,1.5833333333333333,335.72949999870616,41.72459999972489,388.07400000223424,41.72459999972489,3.635652636598079,19,4.1899714042781255e-07,0.969934443731594,1.0046980893711124,0.39453071932822503,3.5559620364088677e-06,1.581591915634157,,,0.22275743888113697,0.15618654451452857,4.987351e-03;8.125355e-04;1.017073e-04;2.544471e-04;9.545008e-05;1.127568e-05;3.276799e-05;3.041968e-06;1.199614e-05;1.141529e-06;4.402476e-06;4.189971e-07,2;2;1;2;2;1;2;1;2;1;2;1,,,,,,,E1
1000,4,989,0.98998998998999,random,decoupled,1.0,7.73,delta,0.005,1,,0.0,0.9649348627287344,0.029759155503896566,7,105.77553083923155,0.6416530571848671,0.08300815746246663,135938.54838581302,166.70179835778393,0.004016064257027865,0.9942297629969488,0.1605192747887326,1.6462934849212794,False,0.0,60,11802,196.7,332.7782999986084,21560.196899998118,21901.600000001054,21560.196899998118,4.370426803291775,11802,80.35754631674409,0.26100648327035025,81.33163497008472,63742.12960795768,29190.416472572357,26245365.78682317,,0.9996491679091145,4404671110.275473,0.15618654451452857,4.987351e-03;1.486313e+00;2.495636e+01;3.502799e+01;4.147690e+01;4.923747e+01;5.623053e+01;6.005984e+01;6.340631e+01;6.717112e+01;7.106645e+01;7.004422e+01;7.107802e+01;7.171444e+01;7.241083e+01;7.267614e+01;7.360618e+01;7.433385e+01;7.490735e+01;7.586711e+01;7.639693e+01;7.646540e+01;7.668750e+01;7.643624e+01;7.625587e+01;7.672466e+01;7.698101e+01;7.751991e+01;7.767720e+01;7.805883e+01;7.861911e+01;7.873297e+01;7.844938e+01;7.854483e+01;7.828872e+01;7.819921e+01;7.861330e+01;7.871949e+01;7.876885e+01;7.929242e+01;7.951040e+01;7.986497e+01;7.973802e+01;7.934124e+01;7.946167e+01;7.932513e+01;7.927488e+01;7.964211e+01;7.967585e+01;7.976792e+01;8.026695e+01;8.033873e+01;8.051552e+01;8.022134e+01;7.988245e+01;8.007833e+01;8.001921e+01;7.996993e+01;8.029657e+01;8.035755e+01,2;200;200;200;200;200;200;200;200;200;200;200;200;200;200;200;200;200;200;200;200;200;200;200;200;200;200;200;200;200;200;200;200;200;200;200;200;200;200;200;200;200;200;200;200;200;200;200;200;200;200;200;200;200;200;200;200;200;200;200,,,,,,,E1
1000,0,999,1.0,random,coupled,1.0,7.73,delta,0.005,1,,0.0,0.9644118402013384,0.030100217822774097,7,105.46846846846847,0.6416530571848671,0.08300815746246663,158543.16150625906,168.2772791618727,0.004016064257026749,0.9942688474194225,0.15984119915004502,1.6415143571171145,True,1.0,12,19,1.5833333333333333,352.0685000003141,47.594300001946976,412.0552999993379,47.594300001946976,3.1872756190088825,19,4.2451065618287487e-07,0.9694114156906822,1.0046952531716735,0.3945271255586658,3.642832888927158e-06,1.5816560665733268,,,0.22270057752040434,0.15627059328191115,4.987007e-03;8.144899e-04;1.036369e-04;2.544435e-04;9.556515e-05;1.145941e-05;3.276785e-05;3.081343e-06;1.199627e-05;1.156821e-06;4.402475e-06;4.245107e-07,2;2;1;2;2;1;2;1;2;1;2;1,True,4.0,108.69180000008782,4.2451065607185257e-07,0.0011401445914837394,0.00016605479337028495,E1
1000,0,999,1.0,random,decoupled,1.0,7.73,delta,0.005,1,,0.0,0.9644118402013384,0.030100217822774097,7,105.46846846846847,0.6416530571848671,0.08300815746246663,158543.16150625906,168.2772791618727,0.004016064257026749,0.9942688474194225,0.15984119915004502,1.6415143571171145,False,0.0,60,11802,196.7,317.23500000225613,21674.976699996478,22001.766900000803,21674.976699996478,4.34728321604218,11802,83.62624222431347,0.01208081039754973,84.59912135180625,55963.80772112864,218.08669518977277,16245097.182608083,,0.999565800317316,3936812521.838865,0.15627059328191115,4.987007e-03;2.461455e+00;9.120793e+00;2.497632e+01;3.503216e+01;4.158892e+01;4.562185e+01;4.773004e+01;4.864530e+01;4.922424e+01;4.975870e+01;5.038045e+01;5.110840e+01;5.206097e+01;5.344456e+01;5.507510e+01;5.670015e+01;5.809108e+01;5.914727e+01;6.008937e+01;6.105626e+01;6.203315e+01;6.298754e+01;6.395020e+01;6.511378e+01;6.652321e+01;6.805441e+01;6.953461e+01;7.084806e+01;7.206669e+01;7.326636e+01;7.449239e+01;7.572676e+01;7.693506e+01;7.815241e+01;7.946461e+01;8.163898e+01;8.331023e+01;8.380406e+01;8.419717e+01;8.409212e+01;8.041943e+01;8.171448e+01;8.278378e+01;8.346192e+01;8.349471e+01;8.345532e+01;8.189950e+01;8.288426e+01;8.344100e+01;8.336333e+01;8.387424e+01;8.402586e+01;8.384366e+01;8.393941e+01;8.334375e+01;8.309515e+01;8.332224e+01;8.324927e+01;8.362624e+01,2;200;200;200;200;200;200;200;200;200;200;200;200;200;200;200;200;200;200;200;200;200;200;200;200;200;200;200;200;200;200;200;200;200;200;200;200;200;200;200;200;200;200;200;200;200;200;200;200;200;200;200;200;200;200;200;200;200;200;200,,,,,,,E1
1000,1,999,1.0,random,coupled,1.0,7.73,delta,0.005,1,,0.0,0.9654475774238963,0.0291236421307704,7,105.50050050050051,0.6416530571848671,0.08300815746246663,153515.56060362654,168.41101227140865,0.004016064257025672,0.9942577413156589,0.15907007371471585,1.6420129046093126,True,1.0,12,19,1.5833333333333333,374.3452000016987,44.14040000119712,429.79420000119717,44.14040000119712,3.4366737047214317,19,4.124801138427614e-07,0.9704471649437825,1.0046811709072068,0.394507638883194,3.7932555972066366e-06,1.5816990005296225,,,0.2225305900357781,0.15610423990479852,4.986391e-03;8.088944e-04;9.973182e-05;2.543683e-04;9.517645e-05;1.108045e-05;3.275136e-05;2.995844e-06;1.198900e-05;1.123654e-06;4.399274e-06;4.124801e-07,2;2;1;2;2;1;2;1;2;1;2;1,,,,,,,E1
1000,1,999,1.0,random,decoupled,1.0,7.73,delta,0.005,1,,0.0,0.9654475774238963,0.0291236421307704,7,105.50050050050051,0.6416530571848671,0.08300815746246663,153515.56060362654,168.41101227140865,0.004016064257025672,0.9942577413156589,0.15907007371471585,1.6420129046093126,False,0.0,60,11802,196.7,352.2847999993246,24015.793599999597,24376.749499999278,24015.793599999597,3.9235539739149647,11802,83.1848527476633,0.012482840279913233,84.15566790568838,64350.805841982496,29581.400807229646,26841963.467317954,,0.9995597649771673,4540945144.233608,0.15610423990479852,4.986391e-03;5.549760e+00;1.945030e+01;2.775443e+01;3.459732e+01;4.409953e+01;5.090056e+01;5.539424e+01;5.806203e+01;5.965900e+01;6.086512e+01;6.201212e+01;6.323591e+01;6.460129e+01;6.628455e+01;6.835452e+01;7.057522e+01;7.267727e+01;7.454023e+01;7.627176e+01;7.766225e+01;7.905899e+01;8.037918e+01;8.150477e+01;8.189136e+01;8.104485e+01;8.114218e+01;8.152717e+01;8.157497e+01;8.214912e+01;8.244195e+01;8.264449e+01;8.309367e+01;8.280818e+01;8.235256e+01;8.233370e+01;8.193789e+01;8.238525e+01;8.241757e+01;8.240522e+01;8.290619e+01;8.310885e+01;8.312986e+01;8.341740e+01;8.289930e+01;8.249473e+01;8.264255e+01;8.245525e+01;8.288806e+01;8.287158e+01;8.285122e+01;8.338117e+01;8.348270e+01;8.332730e+01;8.344452e+01;8.290784e+01;8.263714e+01;8.290174e+01;8.281522e+01;8.318485e+01,2;200;200;200;200;200;200;200;200;200;200;200;200;200;200;200;200;200;200;200;200;200;200;200;200;200;200;200;200;200;200;200;200;200;200;200;200;200;200;200;200;200;200;200;200;200;200;200;200;200;200;200;200;200;200;200;200;200;200;200,,,,,,,E1
1000,2,999,1.0,random,coupled,1.0,7.73,delta,0.005,1,,0.0,0.9652867177121642,0.0294462860921462,7,101.71671671671672,0.6416530571848671,0.08300815746246663,129492.20621019362,167.72082834560715,0.004016064257026002,0.9942346711144606,0.15866276959692474,1.5831219820851579,True,1.0,12,19,1.5833333333333333,394.9276999992435,57.73330000010901,464.6470000006957,57.73330000010901,2.6275330182011696,19,4.144204253098138e-07,0.9702863032917389,1.004692584417263,0.39452460460524014,3.7471332900282104e-06,1.5816820841581676,,,0.22266280252745,0.15613005291019288,4.986927e-03;8.105219e-04;1.003162e-04;2.544224e-04;9.527911e-05;1.113667e-05;3.276282e-05;3.010463e-06;1.199392e-05;1.129054e-06;4.401483e-06;4.144204e-07,2;2;1;2;2;1;2;1;2;1;2;1,,,,,,,E1
1000,2,999,1.0,random,decoupled,1.0,7.73,delta,0.005,1,,0.0,0.9652867177121642,0.0294462860921462,7,101.71671671671672,0.6416530571848671,0.08300815746246663,129492.20621019362,167.72082834560715,0.004016064257026002,0.9942346711144606,0.15866276959692474,1.5831219820851579,False,0.0,60,11802,196.7,341.80539999942994,21078.115500000422,21429.074600000604,21078.115500000422,4.470383626847386,11802,318.2003934073105,0.6856628903549338,319.1729026489197,1153244.5017753812,51395.76042485888,247915907.31284714,,0.9999153067437472,76548145550.13603,0.15613005291019288,4.986927e-03;1.885831e+00;2.836959e+02;3.057125e+02;3.102160e+02;3.123069e+02;3.135933e+02;3.144702e+02;3.150348e+02;3.153399e+02;3.154904e+02;3.156089e+02;3.157564e+02;3.159323e+02;3.161164e+02;3.163127e+02;3.165490e+02;3.168093e+02;3.170186e+02;3.171070e+02;3.170761e+02;3.170042e+02;3.169643e+02;3.169770e+02;3.170278e+02;3.171051e+02;3.172273e+02;3.174067e+02;3.175922e+02;3.177006e+02;3.176874e+02;3.175921e+02;3.174967e+02;3.174480e+02;3.174473e+02;3.174793e+02;3.175470e+02;3.176748e+02;3.178463e+02;3.179870e+02;3.180236e+02;3.179497e+02;3.178339e+02;3.177456e+02;3.177076e+02;3.177102e+02;3.177443e+02;3.178278e+02;3.179733e+02;3.181322e+02;3.182219e+02;3.181948e+02;3.180850e+02;3.179707e+02;3.178996e+02;3.178757e+02;3.178861e+02;3.179341e+02;3.180438e+02;3.182004e+02,2;200;200;200;200;200;200;200;200;200;200;200;200;200;200;200;200;200;200;200;200;200;200;200;200;200;200;200;200;200;200;200;200;200;200;200;200;200;200;200;200;200;200;200;200;200;200;200;200;200;200;200;200;200;200;200;200;200;200;200,,,,,,,E1
1000,3,999,1.0,random,coupled,1.0,7.73,delta,0.005,1,,0.0,0.9624319979237107,0.031677636907714316,7,105.16516516516516,0.6416530571848671,0.08300815746246663,138963.90286058473,169.31189668118307,0.004016064257026897,0.9942884001307467,0.16098174614939012,1.6367937355497701,True,1.0,12,19,1.5833333333333333,324.14369999969495,46.66699999870616,380.3559999978461,46.66699999870616,3.250608610028624,19,4.462427305451655e-07,0.9674315516809802,1.0046790125618377,0.39450201698853776,3.774829303806384e-06,1.5817013803215323,,,0.2224992266488754,0.15658957130241236,4.986335e-03;8.241958e-04;1.110328e-04;2.543503e-04;9.618292e-05;1.217225e-05;3.274699e-05;3.235269e-06;1.198694e-05;1.217111e-06;4.398412e-06;4.462427e-07,2;2;1;2;2;1;2;1;2;1;2;1,,,,,,,E1
1000,3,999,1.0,random,decoupled,1.0,7.73,delta,0.005,1,,0.0,0.9624319979237107,0.031677636907714316,7,105.16516516516516,0.6416530571848671,0.08300815746246663,138963.90286058473,169.31189668118307,0.004016064257026897,0.9942884001307467,0.16098174614939012,1.6367937355497701,False,0.0,60,11802,196.7,382.6745000005758,21292.595800001436,21685.866600000736,21292.595800001436,4.425353456246685,11802,90.76933930581816,0.7327072326633475,91.73677130374188,79378.941000274,44448.49032072575,38430783.752516724,,0.999833611300203,6072116927.913042,0.15658957130241236,4.986335e-03;4.477268e+00;2.392658e+01;3.016217e+01;3.348488e+01;5.181292e+01;6.636684e+01;7.273952e+01;7.709876e+01;8.061508e+01;8.378668e+01;8.594328e+01;8.729335e+01;8.843816e+01;8.840571e+01;8.758470e+01;8.770614e+01;8.768280e+01;8.849959e+01;8.870323e+01;8.888288e+01;8.973899e+01;9.012505e+01;9.009906e+01;9.050092e+01;8.995306e+01;8.947833e+01;8.979589e+01;8.953818e+01;9.012966e+01;9.022161e+01;9.024695e+01;9.092322e+01;9.102198e+01;9.078017e+01;9.102499e+01;9.048887e+01;9.011617e+01;9.047950e+01;9.034378e+01;9.085291e+01;9.079077e+01;9.096010e+01;9.152789e+01;9.138986e+01;9.105029e+01;9.122255e+01;9.074947e+01;9.049261e+01;9.089348e+01;9.080631e+01;9.073500e+01;9.130298e+01;9.138652e+01;9.183110e+01;9.153141e+01;9.112750e+01;9.130695e+01;9.095592e+01;9.076934e+01,2;200;200;200;200;200;200;200;200;200;200;200;200;200;200;200;200;200;200;200;200;200;200;200;200;200;200;200;200;200;200;200;200;200;200;200;200;200;200;200;200;200;200;200;200;200;200;200;200;200;200;200;200;200;200;200;200;200;200;200,,,,,,,E1
1000,4,999,1.0,random,coupled,1.0,7.73,delta,0.005,1,,0.0,0.9649348627287344,0.029759155503896566,7,105.83283283283284,0.6416530571848671,0.08300815746246663,137928.21326036958,168.88903770806579,0.004016064257026046,0.9942909016201379,0.16070930420422438,1.6471853348414869,True,1.0,12,19,1.5833333333333333,329.592699999921,49.50470000039786,389.1795000017737,49.50470000039786,3.064277775620918,19,4.189969796675186e-07,0.9699344437317547,1.0046980893711142,0.3945307193679506,3.5604125999215383e-06,1.5816270000882244,,,0.2227254638365662,0.15618654451452857,4.987190e-03;8.125271e-04;1.017170e-04;2.544470e-04;9.545002e-05;1.127567e-05;3.276799e-05;3.041967e-06;1.199614e-05;1.141528e-06;4.402475e-06;4.189970e-07,2;2;1;2;2;1;2;1;2;1;2;1,,,,,,,E1
1000,4,999,1.0,random,decoupled,1.0,7.73,delta,0.005,1,,0.0,0.9649348627287344,0.029759155503896566,7,105.83283283283284,0.6416530571848671,0.08300815746246663,137928.21326036958,168.88903770806579,0.004016064257026046,0.9942909016201379,0.16070930420422438,1.6471853348414869,False,0.0,60,11802,196.7,326.97710000138613,21777.21389999715,22113.20110000088,21777.21389999715,4.32687408263976,11802,88.84786046290445,1.0258968153012107,89.81779532563318,69246.27370772668,26867.438167923425,26049734.311990447,,0.9999901275059132,5233503235.342083,0.15618654451452857,4.987190e-03;1.486313e+00;9.527174e+00;1.639179e+01;2.203832e+01;3.798843e+01;4.828440e+01;5.475527e+01;5.879001e+01;6.136158e+01;6.317723e+01;6.468985e+01;6.607214e+01;6.738666e+01;6.874423e+01;7.025285e+01;7.191220e+01;7.358626e+01;7.514608e+01;7.649741e+01;7.769475e+01;7.887167e+01;8.005976e+01;8.119744e+01;8.221065e+01;8.328726e+01;8.449436e+01;8.592973e+01;8.734821e+01;8.892498e+01;8.938601e+01;8.987763e+01;9.036865e+01;8.986286e+01;8.869579e+01;8.932742e+01;8.967969e+01;8.978603e+01;8.981109e+01;8.524397e+01;8.626910e+01;8.722593e+01;8.821479e+01;9.021196e+01;9.008120e+01;9.046511e+01;9.068842e+01;9.052217e+01;8.929643e+01;8.970345e+01;9.014265e+01;9.048988e+01;9.053199e+01;9.041458e+01;8.953247e+01;9.011432e+01;9.042207e+01;9.054471e+01;8.946379e+01;8.884786e+01,2;200;200;200;200;200;200;200;200;200;200;200;200;200;200;200;200;200;200;200;200;200;200;200;200;200;200;200;200;200;200;200;200;200;200;200;200;200;200;200;200;200;200;200;200;200;200;200;200;200;200;200;200;200;200;200;200;200;200;200,,,,,,,E1
